[cfg] device=cuda:0 backbone=densenet121 roi=(128, 128, 128) crop_mode=tumor batch=16 feature_dim=256
[data] train subjects=995 iters/epoch=62
[data] val subjects=200 (label-free monitor every 5 ep)
[model] backbone_dim=1024 -> feature_dim=256 params=12.2M
[mlflow] tracking -> https://dagshub.com/alilivanturk/IDH-Classifier.mlflow (experiment=simsiam-brats-all, run=simsiam_densenet121_unified_seed42, run_id=3a557143da5846939b0b02665df528fa)
  e000 it0000/62 lr=0.0000 loss=+0.0181 z_std=0.0643
  e000 it0010/62 lr=0.0001 loss=+0.0057 z_std=0.0641
  e000 it0020/62 lr=0.0001 loss=+0.0067 z_std=0.0641
  e000 it0030/62 lr=0.0002 loss=+0.0034 z_std=0.0641
  e000 it0040/62 lr=0.0002 loss=+0.0006 z_std=0.0641
  e000 it0050/62 lr=0.0003 loss=-0.0023 z_std=0.0641
  e000 it0060/62 lr=0.0003 loss=-0.0032 z_std=0.0641
[epoch 000] loss=-0.0032 z_std=0.0641 (healthy~0.0625) time=229.4s
  e001 it0000/62 lr=0.0003 loss=-0.0277 z_std=0.0643
  e001 it0010/62 lr=0.0004 loss=-0.0194 z_std=0.0641
  e001 it0020/62 lr=0.0004 loss=-0.0221 z_std=0.0641
  e001 it0030/62 lr=0.0005 loss=-0.0249 z_std=0.0641
  e001 it0040/62 lr=0.0005 loss=-0.0280 z_std=0.0641
  e001 it0050/62 lr=0.0006 loss=-0.0310 z_std=0.0641
  e001 it0060/62 lr=0.0006 loss=-0.0336 z_std=0.0641
[epoch 001] loss=-0.0339 z_std=0.0641 (healthy~0.0625) time=229.7s
  e002 it0000/62 lr=0.0006 loss=-0.0562 z_std=0.0640
  e002 it0010/62 lr=0.0007 loss=-0.0619 z_std=0.0641
  e002 it0020/62 lr=0.0007 loss=-0.0654 z_std=0.0641
  e002 it0030/62 lr=0.0008 loss=-0.0680 z_std=0.0641
  e002 it0040/62 lr=0.0008 loss=-0.0724 z_std=0.0641
  e002 it0050/62 lr=0.0009 loss=-0.0758 z_std=0.0640
  e002 it0060/62 lr=0.0009 loss=-0.0801 z_std=0.0640
[epoch 002] loss=-0.0806 z_std=0.0640 (healthy~0.0625) time=228.9s
  e003 it0000/62 lr=0.0009 loss=-0.0883 z_std=0.0637
  e003 it0010/62 lr=0.0010 loss=-0.1038 z_std=0.0639
  e003 it0020/62 lr=0.0010 loss=-0.1095 z_std=0.0640
  e003 it0030/62 lr=0.0011 loss=-0.1130 z_std=0.0640
  e003 it0040/62 lr=0.0011 loss=-0.1162 z_std=0.0640
  e003 it0050/62 lr=0.0012 loss=-0.1209 z_std=0.0639
  e003 it0060/62 lr=0.0012 loss=-0.1253 z_std=0.0639
[epoch 003] loss=-0.1260 z_std=0.0639 (healthy~0.0625) time=227.6s
  e004 it0000/62 lr=0.0013 loss=-0.1835 z_std=0.0634
  e004 it0010/62 lr=0.0013 loss=-0.1627 z_std=0.0639
  e004 it0020/62 lr=0.0014 loss=-0.1707 z_std=0.0638
  e004 it0030/62 lr=0.0014 loss=-0.1759 z_std=0.0638
  e004 it0040/62 lr=0.0015 loss=-0.1795 z_std=0.0638
  e004 it0050/62 lr=0.0015 loss=-0.1834 z_std=0.0638
  e004 it0060/62 lr=0.0016 loss=-0.1880 z_std=0.0638
[epoch 004] loss=-0.1885 z_std=0.0638 (healthy~0.0625) time=227.8s
Traceback (most recent call last):
  File "/opt/ohpc/pub/compiler/conda/latest/lib/python3.12/multiprocessing/util.py", line 303, in _run_finalizers
    finalizer()
  File "/opt/ohpc/pub/compiler/conda/latest/lib/python3.12/multiprocessing/util.py", line 227, in __call__
    res = self._callback(*self._args, **self._kwargs)
          ^^^^^^^^^^^^^^^^^^^^^^^^^^^^^^^^^^^^^^^^^^^
  File "/opt/ohpc/pub/compiler/conda/latest/lib/python3.12/multiprocessing/util.py", line 136, in _remove_temp_dir
    rmtree(tempdir, onerror=onerror)
  File "/opt/ohpc/pub/compiler/conda/latest/lib/python3.12/shutil.py", line 759, in rmtree
    _rmtree_safe_fd(stack, onexc)
  File "/opt/ohpc/pub/compiler/conda/latest/lib/python3.12/shutil.py", line 703, in _rmtree_safe_fd
    onexc(func, path, err)
  File "/opt/ohpc/pub/compiler/conda/latest/lib/python3.12/shutil.py", line 750, in onexc
    return onerror(func, path, exc_info)
           ^^^^^^^^^^^^^^^^^^^^^^^^^^^^^
  File "/opt/ohpc/pub/compiler/conda/latest/lib/python3.12/shutil.py", line 700, in _rmtree_safe_fd
    onexc(os.unlink, fullname, err)
  File "/opt/ohpc/pub/compiler/conda/latest/lib/python3.12/shutil.py", line 750, in onexc
    return onerror(func, path, exc_info)
           ^^^^^^^^^^^^^^^^^^^^^^^^^^^^^
  File "/opt/ohpc/pub/compiler/conda/latest/lib/python3.12/shutil.py", line 698, in _rmtree_safe_fd
    os.unlink(entry.name, dir_fd=topfd)
OSError: [Errno 16] Device or resource busy: '/tmp/pymp-fni8avqk'
Traceback (most recent call last):
  File "/opt/ohpc/pub/compiler/conda/latest/lib/python3.12/multiprocessing/util.py", line 303, in _run_finalizers
    finalizer()
Traceback (most recent call last):
  File "/opt/ohpc/pub/compiler/conda/latest/lib/python3.12/multiprocessing/util.py", line 303, in _run_finalizers
    finalizer()
  File "/opt/ohpc/pub/compiler/conda/latest/lib/python3.12/multiprocessing/util.py", line 227, in __call__
    res = self._callback(*self._args, **self._kwargs)
          ^^^^^^^^^^^^^^^^^^^^^^^^^^^^^^^^^^^^^^^^^^^
  File "/opt/ohpc/pub/compiler/conda/latest/lib/python3.12/multiprocessing/util.py", line 136, in _remove_temp_dir
    rmtree(tempdir, onerror=onerror)
  File "/opt/ohpc/pub/compiler/conda/latest/lib/python3.12/shutil.py", line 759, in rmtree
    _rmtree_safe_fd(stack, onexc)
Traceback (most recent call last):
  File "/opt/ohpc/pub/compiler/conda/latest/lib/python3.12/multiprocessing/util.py", line 227, in __call__
    res = self._callback(*self._args, **self._kwargs)
          ^^^^^^^^^^^^^^^^^^^^^^^^^^^^^^^^^^^^^^^^^^^
  File "/opt/ohpc/pub/compiler/conda/latest/lib/python3.12/multiprocessing/util.py", line 136, in _remove_temp_dir
    rmtree(tempdir, onerror=onerror)
  File "/opt/ohpc/pub/compiler/conda/latest/lib/python3.12/shutil.py", line 703, in _rmtree_safe_fd
    onexc(func, path, err)
  File "/opt/ohpc/pub/compiler/conda/latest/lib/python3.12/shutil.py", line 750, in onexc
    return onerror(func, path, exc_info)
           ^^^^^^^^^^^^^^^^^^^^^^^^^^^^^
  File "/opt/ohpc/pub/compiler/conda/latest/lib/python3.12/multiprocessing/util.py", line 303, in _run_finalizers
    finalizer()
  File "/opt/ohpc/pub/compiler/conda/latest/lib/python3.12/shutil.py", line 759, in rmtree
    _rmtree_safe_fd(stack, onexc)
  File "/opt/ohpc/pub/compiler/conda/latest/lib/python3.12/shutil.py", line 703, in _rmtree_safe_fd
    onexc(func, path, err)
  File "/opt/ohpc/pub/compiler/conda/latest/lib/python3.12/shutil.py", line 700, in _rmtree_safe_fd
    onexc(os.unlink, fullname, err)
  File "/opt/ohpc/pub/compiler/conda/latest/lib/python3.12/shutil.py", line 750, in onexc
    return onerror(func, path, exc_info)
           ^^^^^^^^^^^^^^^^^^^^^^^^^^^^^
  File "/opt/ohpc/pub/compiler/conda/latest/lib/python3.12/multiprocessing/util.py", line 227, in __call__
    res = self._callback(*self._args, **self._kwargs)
          ^^^^^^^^^^^^^^^^^^^^^^^^^^^^^^^^^^^^^^^^^^^
  File "/opt/ohpc/pub/compiler/conda/latest/lib/python3.12/shutil.py", line 750, in onexc
    return onerror(func, path, exc_info)
           ^^^^^^^^^^^^^^^^^^^^^^^^^^^^^
  File "/opt/ohpc/pub/compiler/conda/latest/lib/python3.12/shutil.py", line 700, in _rmtree_safe_fd
    onexc(os.unlink, fullname, err)
  File "/opt/ohpc/pub/compiler/conda/latest/lib/python3.12/shutil.py", line 698, in _rmtree_safe_fd
    os.unlink(entry.name, dir_fd=topfd)
  File "/opt/ohpc/pub/compiler/conda/latest/lib/python3.12/multiprocessing/util.py", line 136, in _remove_temp_dir
    rmtree(tempdir, onerror=onerror)
  File "/opt/ohpc/pub/compiler/conda/latest/lib/python3.12/shutil.py", line 750, in onexc
    return onerror(func, path, exc_info)
           ^^^^^^^^^^^^^^^^^^^^^^^^^^^^^
  File "/opt/ohpc/pub/compiler/conda/latest/lib/python3.12/shutil.py", line 698, in _rmtree_safe_fd
    os.unlink(entry.name, dir_fd=topfd)
OSError: [Errno 16] Device or resource busy: '/tmp/pymp-tjg7a95k'
  File "/opt/ohpc/pub/compiler/conda/latest/lib/python3.12/shutil.py", line 759, in rmtree
    _rmtree_safe_fd(stack, onexc)
  File "/opt/ohpc/pub/compiler/conda/latest/lib/python3.12/shutil.py", line 703, in _rmtree_safe_fd
    onexc(func, path, err)
  File "/opt/ohpc/pub/compiler/conda/latest/lib/python3.12/shutil.py", line 750, in onexc
    return onerror(func, path, exc_info)
           ^^^^^^^^^^^^^^^^^^^^^^^^^^^^^
  File "/opt/ohpc/pub/compiler/conda/latest/lib/python3.12/shutil.py", line 700, in _rmtree_safe_fd
    onexc(os.unlink, fullname, err)
OSError: [Errno 16] Device or resource busy: '/tmp/pymp-b_tost_c'
  File "/opt/ohpc/pub/compiler/conda/latest/lib/python3.12/shutil.py", line 750, in onexc
    return onerror(func, path, exc_info)
           ^^^^^^^^^^^^^^^^^^^^^^^^^^^^^
  File "/opt/ohpc/pub/compiler/conda/latest/lib/python3.12/shutil.py", line 698, in _rmtree_safe_fd
    os.unlink(entry.name, dir_fd=topfd)
OSError: [Errno 16] Device or resource busy: '/tmp/pymp-asjk44fc'
Traceback (most recent call last):
Traceback (most recent call last):
Traceback (most recent call last):
  File "/opt/ohpc/pub/compiler/conda/latest/lib/python3.12/multiprocessing/util.py", line 303, in _run_finalizers
    finalizer()
Traceback (most recent call last):
  File "/opt/ohpc/pub/compiler/conda/latest/lib/python3.12/multiprocessing/util.py", line 303, in _run_finalizers
    finalizer()
  File "/opt/ohpc/pub/compiler/conda/latest/lib/python3.12/multiprocessing/util.py", line 303, in _run_finalizers
    finalizer()
  File "/opt/ohpc/pub/compiler/conda/latest/lib/python3.12/multiprocessing/util.py", line 227, in __call__
    res = self._callback(*self._args, **self._kwargs)
          ^^^^^^^^^^^^^^^^^^^^^^^^^^^^^^^^^^^^^^^^^^^
  File "/opt/ohpc/pub/compiler/conda/latest/lib/python3.12/multiprocessing/util.py", line 303, in _run_finalizers
    finalizer()
  File "/opt/ohpc/pub/compiler/conda/latest/lib/python3.12/multiprocessing/util.py", line 227, in __call__
    res = self._callback(*self._args, **self._kwargs)
          ^^^^^^^^^^^^^^^^^^^^^^^^^^^^^^^^^^^^^^^^^^^
  File "/opt/ohpc/pub/compiler/conda/latest/lib/python3.12/multiprocessing/util.py", line 227, in __call__
    res = self._callback(*self._args, **self._kwargs)
          ^^^^^^^^^^^^^^^^^^^^^^^^^^^^^^^^^^^^^^^^^^^
  File "/opt/ohpc/pub/compiler/conda/latest/lib/python3.12/multiprocessing/util.py", line 136, in _remove_temp_dir
    rmtree(tempdir, onerror=onerror)
  File "/opt/ohpc/pub/compiler/conda/latest/lib/python3.12/multiprocessing/util.py", line 136, in _remove_temp_dir
    rmtree(tempdir, onerror=onerror)
  File "/opt/ohpc/pub/compiler/conda/latest/lib/python3.12/multiprocessing/util.py", line 227, in __call__
    res = self._callback(*self._args, **self._kwargs)
          ^^^^^^^^^^^^^^^^^^^^^^^^^^^^^^^^^^^^^^^^^^^
  File "/opt/ohpc/pub/compiler/conda/latest/lib/python3.12/multiprocessing/util.py", line 136, in _remove_temp_dir
    rmtree(tempdir, onerror=onerror)
  File "/opt/ohpc/pub/compiler/conda/latest/lib/python3.12/multiprocessing/util.py", line 136, in _remove_temp_dir
    rmtree(tempdir, onerror=onerror)
  File "/opt/ohpc/pub/compiler/conda/latest/lib/python3.12/shutil.py", line 759, in rmtree
    _rmtree_safe_fd(stack, onexc)
  File "/opt/ohpc/pub/compiler/conda/latest/lib/python3.12/shutil.py", line 703, in _rmtree_safe_fd
    onexc(func, path, err)
  File "/opt/ohpc/pub/compiler/conda/latest/lib/python3.12/shutil.py", line 759, in rmtree
    _rmtree_safe_fd(stack, onexc)
  File "/opt/ohpc/pub/compiler/conda/latest/lib/python3.12/shutil.py", line 759, in rmtree
    _rmtree_safe_fd(stack, onexc)
  File "/opt/ohpc/pub/compiler/conda/latest/lib/python3.12/shutil.py", line 703, in _rmtree_safe_fd
    onexc(func, path, err)
  File "/opt/ohpc/pub/compiler/conda/latest/lib/python3.12/shutil.py", line 759, in rmtree
    _rmtree_safe_fd(stack, onexc)
  File "/opt/ohpc/pub/compiler/conda/latest/lib/python3.12/shutil.py", line 750, in onexc
    return onerror(func, path, exc_info)
           ^^^^^^^^^^^^^^^^^^^^^^^^^^^^^
  File "/opt/ohpc/pub/compiler/conda/latest/lib/python3.12/shutil.py", line 700, in _rmtree_safe_fd
    onexc(os.unlink, fullname, err)
  File "/opt/ohpc/pub/compiler/conda/latest/lib/python3.12/shutil.py", line 703, in _rmtree_safe_fd
    onexc(func, path, err)
  File "/opt/ohpc/pub/compiler/conda/latest/lib/python3.12/shutil.py", line 750, in onexc
    return onerror(func, path, exc_info)
           ^^^^^^^^^^^^^^^^^^^^^^^^^^^^^
  File "/opt/ohpc/pub/compiler/conda/latest/lib/python3.12/shutil.py", line 700, in _rmtree_safe_fd
    onexc(os.unlink, fullname, err)
  File "/opt/ohpc/pub/compiler/conda/latest/lib/python3.12/shutil.py", line 703, in _rmtree_safe_fd
    onexc(func, path, err)
  File "/opt/ohpc/pub/compiler/conda/latest/lib/python3.12/shutil.py", line 750, in onexc
    return onerror(func, path, exc_info)
           ^^^^^^^^^^^^^^^^^^^^^^^^^^^^^
  File "/opt/ohpc/pub/compiler/conda/latest/lib/python3.12/shutil.py", line 698, in _rmtree_safe_fd
    os.unlink(entry.name, dir_fd=topfd)
  File "/opt/ohpc/pub/compiler/conda/latest/lib/python3.12/shutil.py", line 750, in onexc
    return onerror(func, path, exc_info)
           ^^^^^^^^^^^^^^^^^^^^^^^^^^^^^
  File "/opt/ohpc/pub/compiler/conda/latest/lib/python3.12/shutil.py", line 700, in _rmtree_safe_fd
    onexc(os.unlink, fullname, err)
  File "/opt/ohpc/pub/compiler/conda/latest/lib/python3.12/shutil.py", line 750, in onexc
    return onerror(func, path, exc_info)
           ^^^^^^^^^^^^^^^^^^^^^^^^^^^^^
  File "/opt/ohpc/pub/compiler/conda/latest/lib/python3.12/shutil.py", line 698, in _rmtree_safe_fd
    os.unlink(entry.name, dir_fd=topfd)
  File "/opt/ohpc/pub/compiler/conda/latest/lib/python3.12/shutil.py", line 750, in onexc
    return onerror(func, path, exc_info)
           ^^^^^^^^^^^^^^^^^^^^^^^^^^^^^
OSError: [Errno 16] Device or resource busy: '/tmp/pymp-9lda05as'
  File "/opt/ohpc/pub/compiler/conda/latest/lib/python3.12/shutil.py", line 750, in onexc
    return onerror(func, path, exc_info)
           ^^^^^^^^^^^^^^^^^^^^^^^^^^^^^
OSError: [Errno 16] Device or resource busy: '/tmp/pymp-1l067g44'
  File "/opt/ohpc/pub/compiler/conda/latest/lib/python3.12/shutil.py", line 700, in _rmtree_safe_fd
    onexc(os.unlink, fullname, err)
  File "/opt/ohpc/pub/compiler/conda/latest/lib/python3.12/shutil.py", line 750, in onexc
    return onerror(func, path, exc_info)
           ^^^^^^^^^^^^^^^^^^^^^^^^^^^^^
  File "/opt/ohpc/pub/compiler/conda/latest/lib/python3.12/shutil.py", line 698, in _rmtree_safe_fd
    os.unlink(entry.name, dir_fd=topfd)
  File "/opt/ohpc/pub/compiler/conda/latest/lib/python3.12/shutil.py", line 698, in _rmtree_safe_fd
    os.unlink(entry.name, dir_fd=topfd)
OSError: [Errno 16] Device or resource busy: '/tmp/pymp-c_wwy_10'
OSError: [Errno 16] Device or resource busy: '/tmp/pymp-2afnwnv5'
Traceback (most recent call last):
Traceback (most recent call last):
  File "/opt/ohpc/pub/compiler/conda/latest/lib/python3.12/multiprocessing/util.py", line 303, in _run_finalizers
    finalizer()
  File "/opt/ohpc/pub/compiler/conda/latest/lib/python3.12/multiprocessing/util.py", line 227, in __call__
    res = self._callback(*self._args, **self._kwargs)
          ^^^^^^^^^^^^^^^^^^^^^^^^^^^^^^^^^^^^^^^^^^^
  File "/opt/ohpc/pub/compiler/conda/latest/lib/python3.12/multiprocessing/util.py", line 303, in _run_finalizers
    finalizer()
  File "/opt/ohpc/pub/compiler/conda/latest/lib/python3.12/multiprocessing/util.py", line 227, in __call__
    res = self._callback(*self._args, **self._kwargs)
          ^^^^^^^^^^^^^^^^^^^^^^^^^^^^^^^^^^^^^^^^^^^
  File "/opt/ohpc/pub/compiler/conda/latest/lib/python3.12/multiprocessing/util.py", line 136, in _remove_temp_dir
    rmtree(tempdir, onerror=onerror)
  File "/opt/ohpc/pub/compiler/conda/latest/lib/python3.12/shutil.py", line 759, in rmtree
    _rmtree_safe_fd(stack, onexc)
Traceback (most recent call last):
  File "/opt/ohpc/pub/compiler/conda/latest/lib/python3.12/multiprocessing/util.py", line 136, in _remove_temp_dir
    rmtree(tempdir, onerror=onerror)
  File "/opt/ohpc/pub/compiler/conda/latest/lib/python3.12/shutil.py", line 759, in rmtree
    _rmtree_safe_fd(stack, onexc)
Traceback (most recent call last):
  File "/opt/ohpc/pub/compiler/conda/latest/lib/python3.12/shutil.py", line 703, in _rmtree_safe_fd
    onexc(func, path, err)
  File "/opt/ohpc/pub/compiler/conda/latest/lib/python3.12/shutil.py", line 750, in onexc
    return onerror(func, path, exc_info)
           ^^^^^^^^^^^^^^^^^^^^^^^^^^^^^
  File "/opt/ohpc/pub/compiler/conda/latest/lib/python3.12/multiprocessing/util.py", line 303, in _run_finalizers
    finalizer()
  File "/opt/ohpc/pub/compiler/conda/latest/lib/python3.12/shutil.py", line 703, in _rmtree_safe_fd
    onexc(func, path, err)
  File "/opt/ohpc/pub/compiler/conda/latest/lib/python3.12/shutil.py", line 750, in onexc
    return onerror(func, path, exc_info)
           ^^^^^^^^^^^^^^^^^^^^^^^^^^^^^
  File "/opt/ohpc/pub/compiler/conda/latest/lib/python3.12/multiprocessing/util.py", line 303, in _run_finalizers
    finalizer()
  File "/opt/ohpc/pub/compiler/conda/latest/lib/python3.12/shutil.py", line 700, in _rmtree_safe_fd
    onexc(os.unlink, fullname, err)
  File "/opt/ohpc/pub/compiler/conda/latest/lib/python3.12/shutil.py", line 750, in onexc
    return onerror(func, path, exc_info)
           ^^^^^^^^^^^^^^^^^^^^^^^^^^^^^
  File "/opt/ohpc/pub/compiler/conda/latest/lib/python3.12/multiprocessing/util.py", line 227, in __call__
    res = self._callback(*self._args, **self._kwargs)
          ^^^^^^^^^^^^^^^^^^^^^^^^^^^^^^^^^^^^^^^^^^^
  File "/opt/ohpc/pub/compiler/conda/latest/lib/python3.12/shutil.py", line 700, in _rmtree_safe_fd
    onexc(os.unlink, fullname, err)
  File "/opt/ohpc/pub/compiler/conda/latest/lib/python3.12/shutil.py", line 750, in onexc
    return onerror(func, path, exc_info)
           ^^^^^^^^^^^^^^^^^^^^^^^^^^^^^
  File "/opt/ohpc/pub/compiler/conda/latest/lib/python3.12/multiprocessing/util.py", line 227, in __call__
    res = self._callback(*self._args, **self._kwargs)
          ^^^^^^^^^^^^^^^^^^^^^^^^^^^^^^^^^^^^^^^^^^^
  File "/opt/ohpc/pub/compiler/conda/latest/lib/python3.12/multiprocessing/util.py", line 136, in _remove_temp_dir
    rmtree(tempdir, onerror=onerror)
  File "/opt/ohpc/pub/compiler/conda/latest/lib/python3.12/shutil.py", line 698, in _rmtree_safe_fd
    os.unlink(entry.name, dir_fd=topfd)
  File "/opt/ohpc/pub/compiler/conda/latest/lib/python3.12/multiprocessing/util.py", line 136, in _remove_temp_dir
    rmtree(tempdir, onerror=onerror)
  File "/opt/ohpc/pub/compiler/conda/latest/lib/python3.12/shutil.py", line 759, in rmtree
    _rmtree_safe_fd(stack, onexc)
  File "/opt/ohpc/pub/compiler/conda/latest/lib/python3.12/shutil.py", line 698, in _rmtree_safe_fd
    os.unlink(entry.name, dir_fd=topfd)
  File "/opt/ohpc/pub/compiler/conda/latest/lib/python3.12/shutil.py", line 759, in rmtree
    _rmtree_safe_fd(stack, onexc)
  File "/opt/ohpc/pub/compiler/conda/latest/lib/python3.12/shutil.py", line 703, in _rmtree_safe_fd
    onexc(func, path, err)
OSError: [Errno 16] Device or resource busy: '/tmp/pymp-ziha7ik0'
  File "/opt/ohpc/pub/compiler/conda/latest/lib/python3.12/shutil.py", line 703, in _rmtree_safe_fd
    onexc(func, path, err)
  File "/opt/ohpc/pub/compiler/conda/latest/lib/python3.12/shutil.py", line 750, in onexc
    return onerror(func, path, exc_info)
           ^^^^^^^^^^^^^^^^^^^^^^^^^^^^^
  File "/opt/ohpc/pub/compiler/conda/latest/lib/python3.12/shutil.py", line 700, in _rmtree_safe_fd
    onexc(os.unlink, fullname, err)
  File "/opt/ohpc/pub/compiler/conda/latest/lib/python3.12/shutil.py", line 750, in onexc
    return onerror(func, path, exc_info)
           ^^^^^^^^^^^^^^^^^^^^^^^^^^^^^
  File "/opt/ohpc/pub/compiler/conda/latest/lib/python3.12/shutil.py", line 698, in _rmtree_safe_fd
    os.unlink(entry.name, dir_fd=topfd)
OSError: [Errno 16] Device or resource busy: '/tmp/pymp-tbwm7stf'
OSError: [Errno 16] Device or resource busy: '/tmp/pymp-1bhvw_8_'
  File "/opt/ohpc/pub/compiler/conda/latest/lib/python3.12/shutil.py", line 750, in onexc
    return onerror(func, path, exc_info)
           ^^^^^^^^^^^^^^^^^^^^^^^^^^^^^
  File "/opt/ohpc/pub/compiler/conda/latest/lib/python3.12/shutil.py", line 700, in _rmtree_safe_fd
    onexc(os.unlink, fullname, err)
  File "/opt/ohpc/pub/compiler/conda/latest/lib/python3.12/shutil.py", line 750, in onexc
    return onerror(func, path, exc_info)
           ^^^^^^^^^^^^^^^^^^^^^^^^^^^^^
  File "/opt/ohpc/pub/compiler/conda/latest/lib/python3.12/shutil.py", line 698, in _rmtree_safe_fd
    os.unlink(entry.name, dir_fd=topfd)
OSError: [Errno 16] Device or resource busy: '/tmp/pymp-_zb1t00j'
[val 004] loss=-0.2220 z_std=0.0484 rankme=81.926 lidar=44.598 areq=1.350 pr=2.60 align=0.4492 unif=-1.632 converged=False collapsed=False
  e005 it0000/62 lr=0.0016 loss=-0.2040 z_std=0.0636
  e005 it0010/62 lr=0.0016 loss=-0.2462 z_std=0.0637
  e005 it0020/62 lr=0.0017 loss=-0.2510 z_std=0.0638
  e005 it0030/62 lr=0.0017 loss=-0.2527 z_std=0.0637
  e005 it0040/62 lr=0.0018 loss=-0.2597 z_std=0.0637
  e005 it0050/62 lr=0.0018 loss=-0.2695 z_std=0.0636
  e005 it0060/62 lr=0.0019 loss=-0.2787 z_std=0.0636
[epoch 005] loss=-0.2791 z_std=0.0636 (healthy~0.0625) time=232.5s
  e006 it0000/62 lr=0.0019 loss=-0.2788 z_std=0.0644
  e006 it0010/62 lr=0.0019 loss=-0.3549 z_std=0.0636
  e006 it0020/62 lr=0.0020 loss=-0.3678 z_std=0.0635
  e006 it0030/62 lr=0.0020 loss=-0.3790 z_std=0.0634
  e006 it0040/62 lr=0.0021 loss=-0.3916 z_std=0.0634
  e006 it0050/62 lr=0.0021 loss=-0.4082 z_std=0.0633
  e006 it0060/62 lr=0.0022 loss=-0.4184 z_std=0.0633
[epoch 006] loss=-0.4195 z_std=0.0633 (healthy~0.0625) time=229.5s
  e007 it0000/62 lr=0.0022 loss=-0.4925 z_std=0.0625
  e007 it0010/62 lr=0.0022 loss=-0.5218 z_std=0.0630
  e007 it0020/62 lr=0.0023 loss=-0.5359 z_std=0.0630
  e007 it0030/62 lr=0.0023 loss=-0.5502 z_std=0.0630
  e007 it0040/62 lr=0.0024 loss=-0.5688 z_std=0.0629
  e007 it0050/62 lr=0.0024 loss=-0.5855 z_std=0.0627
  e007 it0060/62 lr=0.0025 loss=-0.5997 z_std=0.0626
[epoch 007] loss=-0.6006 z_std=0.0627 (healthy~0.0625) time=229.0s
  e008 it0000/62 lr=0.0025 loss=-0.7238 z_std=0.0622
  e008 it0010/62 lr=0.0026 loss=-0.7055 z_std=0.0624
  e008 it0020/62 lr=0.0026 loss=-0.7260 z_std=0.0625
  e008 it0030/62 lr=0.0027 loss=-0.7358 z_std=0.0625
  e008 it0040/62 lr=0.0027 loss=-0.7458 z_std=0.0625
  e008 it0050/62 lr=0.0028 loss=-0.7545 z_std=0.0624
  e008 it0060/62 lr=0.0028 loss=-0.7609 z_std=0.0624
[epoch 008] loss=-0.7623 z_std=0.0624 (healthy~0.0625) time=237.3s
  e009 it0000/62 lr=0.0028 loss=-0.8158 z_std=0.0617
  e009 it0010/62 lr=0.0029 loss=-0.8253 z_std=0.0617
  e009 it0020/62 lr=0.0029 loss=-0.8363 z_std=0.0619
  e009 it0030/62 lr=0.0030 loss=-0.8441 z_std=0.0618
  e009 it0040/62 lr=0.0030 loss=-0.8484 z_std=0.0618
  e009 it0050/62 lr=0.0031 loss=-0.8516 z_std=0.0619
  e009 it0060/62 lr=0.0031 loss=-0.8523 z_std=0.0620
[epoch 009] loss=-0.8528 z_std=0.0620 (healthy~0.0625) time=225.8s
Traceback (most recent call last):
Traceback (most recent call last):
Traceback (most recent call last):
Traceback (most recent call last):
  File "/opt/ohpc/pub/compiler/conda/latest/lib/python3.12/multiprocessing/util.py", line 303, in _run_finalizers
    finalizer()
  File "/opt/ohpc/pub/compiler/conda/latest/lib/python3.12/multiprocessing/util.py", line 303, in _run_finalizers
    finalizer()
  File "/opt/ohpc/pub/compiler/conda/latest/lib/python3.12/multiprocessing/util.py", line 303, in _run_finalizers
    finalizer()
  File "/opt/ohpc/pub/compiler/conda/latest/lib/python3.12/multiprocessing/util.py", line 303, in _run_finalizers
    finalizer()
  File "/opt/ohpc/pub/compiler/conda/latest/lib/python3.12/multiprocessing/util.py", line 227, in __call__
    res = self._callback(*self._args, **self._kwargs)
          ^^^^^^^^^^^^^^^^^^^^^^^^^^^^^^^^^^^^^^^^^^^
  File "/opt/ohpc/pub/compiler/conda/latest/lib/python3.12/multiprocessing/util.py", line 227, in __call__
    res = self._callback(*self._args, **self._kwargs)
          ^^^^^^^^^^^^^^^^^^^^^^^^^^^^^^^^^^^^^^^^^^^
  File "/opt/ohpc/pub/compiler/conda/latest/lib/python3.12/multiprocessing/util.py", line 136, in _remove_temp_dir
    rmtree(tempdir, onerror=onerror)
  File "/opt/ohpc/pub/compiler/conda/latest/lib/python3.12/multiprocessing/util.py", line 227, in __call__
    res = self._callback(*self._args, **self._kwargs)
          ^^^^^^^^^^^^^^^^^^^^^^^^^^^^^^^^^^^^^^^^^^^
  File "/opt/ohpc/pub/compiler/conda/latest/lib/python3.12/multiprocessing/util.py", line 136, in _remove_temp_dir
    rmtree(tempdir, onerror=onerror)
  File "/opt/ohpc/pub/compiler/conda/latest/lib/python3.12/multiprocessing/util.py", line 227, in __call__
    res = self._callback(*self._args, **self._kwargs)
          ^^^^^^^^^^^^^^^^^^^^^^^^^^^^^^^^^^^^^^^^^^^
  File "/opt/ohpc/pub/compiler/conda/latest/lib/python3.12/multiprocessing/util.py", line 136, in _remove_temp_dir
    rmtree(tempdir, onerror=onerror)
  File "/opt/ohpc/pub/compiler/conda/latest/lib/python3.12/multiprocessing/util.py", line 136, in _remove_temp_dir
    rmtree(tempdir, onerror=onerror)
  File "/opt/ohpc/pub/compiler/conda/latest/lib/python3.12/shutil.py", line 759, in rmtree
    _rmtree_safe_fd(stack, onexc)
  File "/opt/ohpc/pub/compiler/conda/latest/lib/python3.12/shutil.py", line 759, in rmtree
    _rmtree_safe_fd(stack, onexc)
  File "/opt/ohpc/pub/compiler/conda/latest/lib/python3.12/shutil.py", line 703, in _rmtree_safe_fd
    onexc(func, path, err)
  File "/opt/ohpc/pub/compiler/conda/latest/lib/python3.12/shutil.py", line 759, in rmtree
    _rmtree_safe_fd(stack, onexc)
  File "/opt/ohpc/pub/compiler/conda/latest/lib/python3.12/shutil.py", line 703, in _rmtree_safe_fd
    onexc(func, path, err)
  File "/opt/ohpc/pub/compiler/conda/latest/lib/python3.12/shutil.py", line 759, in rmtree
    _rmtree_safe_fd(stack, onexc)
  File "/opt/ohpc/pub/compiler/conda/latest/lib/python3.12/shutil.py", line 703, in _rmtree_safe_fd
    onexc(func, path, err)
  File "/opt/ohpc/pub/compiler/conda/latest/lib/python3.12/shutil.py", line 750, in onexc
    return onerror(func, path, exc_info)
           ^^^^^^^^^^^^^^^^^^^^^^^^^^^^^
  File "/opt/ohpc/pub/compiler/conda/latest/lib/python3.12/shutil.py", line 700, in _rmtree_safe_fd
    onexc(os.unlink, fullname, err)
  File "/opt/ohpc/pub/compiler/conda/latest/lib/python3.12/shutil.py", line 750, in onexc
    return onerror(func, path, exc_info)
           ^^^^^^^^^^^^^^^^^^^^^^^^^^^^^
  File "/opt/ohpc/pub/compiler/conda/latest/lib/python3.12/shutil.py", line 700, in _rmtree_safe_fd
    onexc(os.unlink, fullname, err)
  File "/opt/ohpc/pub/compiler/conda/latest/lib/python3.12/shutil.py", line 703, in _rmtree_safe_fd
    onexc(func, path, err)
  File "/opt/ohpc/pub/compiler/conda/latest/lib/python3.12/shutil.py", line 750, in onexc
    return onerror(func, path, exc_info)
           ^^^^^^^^^^^^^^^^^^^^^^^^^^^^^
  File "/opt/ohpc/pub/compiler/conda/latest/lib/python3.12/shutil.py", line 750, in onexc
    return onerror(func, path, exc_info)
           ^^^^^^^^^^^^^^^^^^^^^^^^^^^^^
  File "/opt/ohpc/pub/compiler/conda/latest/lib/python3.12/shutil.py", line 700, in _rmtree_safe_fd
    onexc(os.unlink, fullname, err)
  File "/opt/ohpc/pub/compiler/conda/latest/lib/python3.12/shutil.py", line 750, in onexc
    return onerror(func, path, exc_info)
           ^^^^^^^^^^^^^^^^^^^^^^^^^^^^^
  File "/opt/ohpc/pub/compiler/conda/latest/lib/python3.12/shutil.py", line 698, in _rmtree_safe_fd
    os.unlink(entry.name, dir_fd=topfd)
  File "/opt/ohpc/pub/compiler/conda/latest/lib/python3.12/shutil.py", line 750, in onexc
    return onerror(func, path, exc_info)
           ^^^^^^^^^^^^^^^^^^^^^^^^^^^^^
  File "/opt/ohpc/pub/compiler/conda/latest/lib/python3.12/shutil.py", line 698, in _rmtree_safe_fd
    os.unlink(entry.name, dir_fd=topfd)
  File "/opt/ohpc/pub/compiler/conda/latest/lib/python3.12/shutil.py", line 700, in _rmtree_safe_fd
    onexc(os.unlink, fullname, err)
  File "/opt/ohpc/pub/compiler/conda/latest/lib/python3.12/shutil.py", line 750, in onexc
    return onerror(func, path, exc_info)
           ^^^^^^^^^^^^^^^^^^^^^^^^^^^^^
  File "/opt/ohpc/pub/compiler/conda/latest/lib/python3.12/shutil.py", line 698, in _rmtree_safe_fd
    os.unlink(entry.name, dir_fd=topfd)
OSError: [Errno 16] Device or resource busy: '/tmp/pymp-lgw3ic3_'
OSError: [Errno 16] Device or resource busy: '/tmp/pymp-nkvm130k'
  File "/opt/ohpc/pub/compiler/conda/latest/lib/python3.12/shutil.py", line 750, in onexc
    return onerror(func, path, exc_info)
           ^^^^^^^^^^^^^^^^^^^^^^^^^^^^^
  File "/opt/ohpc/pub/compiler/conda/latest/lib/python3.12/shutil.py", line 698, in _rmtree_safe_fd
    os.unlink(entry.name, dir_fd=topfd)
OSError: [Errno 16] Device or resource busy: '/tmp/pymp-5_s4j1rr'
OSError: [Errno 16] Device or resource busy: '/tmp/pymp-lvwiux9_'
Traceback (most recent call last):
Traceback (most recent call last):
Traceback (most recent call last):
  File "/opt/ohpc/pub/compiler/conda/latest/lib/python3.12/multiprocessing/util.py", line 303, in _run_finalizers
    finalizer()
Traceback (most recent call last):
  File "/opt/ohpc/pub/compiler/conda/latest/lib/python3.12/multiprocessing/util.py", line 303, in _run_finalizers
    finalizer()
  File "/opt/ohpc/pub/compiler/conda/latest/lib/python3.12/multiprocessing/util.py", line 303, in _run_finalizers
    finalizer()
  File "/opt/ohpc/pub/compiler/conda/latest/lib/python3.12/multiprocessing/util.py", line 227, in __call__
    res = self._callback(*self._args, **self._kwargs)
          ^^^^^^^^^^^^^^^^^^^^^^^^^^^^^^^^^^^^^^^^^^^
  File "/opt/ohpc/pub/compiler/conda/latest/lib/python3.12/multiprocessing/util.py", line 136, in _remove_temp_dir
    rmtree(tempdir, onerror=onerror)
  File "/opt/ohpc/pub/compiler/conda/latest/lib/python3.12/multiprocessing/util.py", line 303, in _run_finalizers
    finalizer()
  File "/opt/ohpc/pub/compiler/conda/latest/lib/python3.12/multiprocessing/util.py", line 227, in __call__
    res = self._callback(*self._args, **self._kwargs)
          ^^^^^^^^^^^^^^^^^^^^^^^^^^^^^^^^^^^^^^^^^^^
  File "/opt/ohpc/pub/compiler/conda/latest/lib/python3.12/multiprocessing/util.py", line 136, in _remove_temp_dir
    rmtree(tempdir, onerror=onerror)
  File "/opt/ohpc/pub/compiler/conda/latest/lib/python3.12/multiprocessing/util.py", line 227, in __call__
    res = self._callback(*self._args, **self._kwargs)
          ^^^^^^^^^^^^^^^^^^^^^^^^^^^^^^^^^^^^^^^^^^^
  File "/opt/ohpc/pub/compiler/conda/latest/lib/python3.12/multiprocessing/util.py", line 136, in _remove_temp_dir
    rmtree(tempdir, onerror=onerror)
  File "/opt/ohpc/pub/compiler/conda/latest/lib/python3.12/shutil.py", line 759, in rmtree
    _rmtree_safe_fd(stack, onexc)
  File "/opt/ohpc/pub/compiler/conda/latest/lib/python3.12/shutil.py", line 703, in _rmtree_safe_fd
    onexc(func, path, err)
  File "/opt/ohpc/pub/compiler/conda/latest/lib/python3.12/multiprocessing/util.py", line 227, in __call__
    res = self._callback(*self._args, **self._kwargs)
          ^^^^^^^^^^^^^^^^^^^^^^^^^^^^^^^^^^^^^^^^^^^
  File "/opt/ohpc/pub/compiler/conda/latest/lib/python3.12/multiprocessing/util.py", line 136, in _remove_temp_dir
    rmtree(tempdir, onerror=onerror)
  File "/opt/ohpc/pub/compiler/conda/latest/lib/python3.12/shutil.py", line 759, in rmtree
    _rmtree_safe_fd(stack, onexc)
  File "/opt/ohpc/pub/compiler/conda/latest/lib/python3.12/shutil.py", line 703, in _rmtree_safe_fd
    onexc(func, path, err)
  File "/opt/ohpc/pub/compiler/conda/latest/lib/python3.12/shutil.py", line 759, in rmtree
    _rmtree_safe_fd(stack, onexc)
  File "/opt/ohpc/pub/compiler/conda/latest/lib/python3.12/shutil.py", line 703, in _rmtree_safe_fd
    onexc(func, path, err)
  File "/opt/ohpc/pub/compiler/conda/latest/lib/python3.12/shutil.py", line 750, in onexc
    return onerror(func, path, exc_info)
           ^^^^^^^^^^^^^^^^^^^^^^^^^^^^^
  File "/opt/ohpc/pub/compiler/conda/latest/lib/python3.12/shutil.py", line 700, in _rmtree_safe_fd
    onexc(os.unlink, fullname, err)
  File "/opt/ohpc/pub/compiler/conda/latest/lib/python3.12/shutil.py", line 759, in rmtree
    _rmtree_safe_fd(stack, onexc)
  File "/opt/ohpc/pub/compiler/conda/latest/lib/python3.12/shutil.py", line 703, in _rmtree_safe_fd
    onexc(func, path, err)
  File "/opt/ohpc/pub/compiler/conda/latest/lib/python3.12/shutil.py", line 750, in onexc
    return onerror(func, path, exc_info)
           ^^^^^^^^^^^^^^^^^^^^^^^^^^^^^
  File "/opt/ohpc/pub/compiler/conda/latest/lib/python3.12/shutil.py", line 700, in _rmtree_safe_fd
    onexc(os.unlink, fullname, err)
  File "/opt/ohpc/pub/compiler/conda/latest/lib/python3.12/shutil.py", line 750, in onexc
    return onerror(func, path, exc_info)
           ^^^^^^^^^^^^^^^^^^^^^^^^^^^^^
  File "/opt/ohpc/pub/compiler/conda/latest/lib/python3.12/shutil.py", line 700, in _rmtree_safe_fd
    onexc(os.unlink, fullname, err)
  File "/opt/ohpc/pub/compiler/conda/latest/lib/python3.12/shutil.py", line 750, in onexc
    return onerror(func, path, exc_info)
           ^^^^^^^^^^^^^^^^^^^^^^^^^^^^^
  File "/opt/ohpc/pub/compiler/conda/latest/lib/python3.12/shutil.py", line 698, in _rmtree_safe_fd
    os.unlink(entry.name, dir_fd=topfd)
  File "/opt/ohpc/pub/compiler/conda/latest/lib/python3.12/shutil.py", line 750, in onexc
    return onerror(func, path, exc_info)
           ^^^^^^^^^^^^^^^^^^^^^^^^^^^^^
  File "/opt/ohpc/pub/compiler/conda/latest/lib/python3.12/shutil.py", line 700, in _rmtree_safe_fd
    onexc(os.unlink, fullname, err)
  File "/opt/ohpc/pub/compiler/conda/latest/lib/python3.12/shutil.py", line 750, in onexc
    return onerror(func, path, exc_info)
           ^^^^^^^^^^^^^^^^^^^^^^^^^^^^^
  File "/opt/ohpc/pub/compiler/conda/latest/lib/python3.12/shutil.py", line 698, in _rmtree_safe_fd
    os.unlink(entry.name, dir_fd=topfd)
  File "/opt/ohpc/pub/compiler/conda/latest/lib/python3.12/shutil.py", line 750, in onexc
    return onerror(func, path, exc_info)
           ^^^^^^^^^^^^^^^^^^^^^^^^^^^^^
  File "/opt/ohpc/pub/compiler/conda/latest/lib/python3.12/shutil.py", line 698, in _rmtree_safe_fd
    os.unlink(entry.name, dir_fd=topfd)
OSError: [Errno 16] Device or resource busy: '/tmp/pymp-6xzvzq_x'
  File "/opt/ohpc/pub/compiler/conda/latest/lib/python3.12/shutil.py", line 750, in onexc
    return onerror(func, path, exc_info)
           ^^^^^^^^^^^^^^^^^^^^^^^^^^^^^
  File "/opt/ohpc/pub/compiler/conda/latest/lib/python3.12/shutil.py", line 698, in _rmtree_safe_fd
    os.unlink(entry.name, dir_fd=topfd)
OSError: [Errno 16] Device or resource busy: '/tmp/pymp-oavdchgu'
OSError: [Errno 16] Device or resource busy: '/tmp/pymp-dd2rrm2s'
OSError: [Errno 16] Device or resource busy: '/tmp/pymp-_kz522db'
Traceback (most recent call last):
Traceback (most recent call last):
Traceback (most recent call last):
Traceback (most recent call last):
  File "/opt/ohpc/pub/compiler/conda/latest/lib/python3.12/multiprocessing/util.py", line 303, in _run_finalizers
    finalizer()
  File "/opt/ohpc/pub/compiler/conda/latest/lib/python3.12/multiprocessing/util.py", line 303, in _run_finalizers
    finalizer()
  File "/opt/ohpc/pub/compiler/conda/latest/lib/python3.12/multiprocessing/util.py", line 303, in _run_finalizers
    finalizer()
  File "/opt/ohpc/pub/compiler/conda/latest/lib/python3.12/multiprocessing/util.py", line 227, in __call__
    res = self._callback(*self._args, **self._kwargs)
          ^^^^^^^^^^^^^^^^^^^^^^^^^^^^^^^^^^^^^^^^^^^
  File "/opt/ohpc/pub/compiler/conda/latest/lib/python3.12/multiprocessing/util.py", line 136, in _remove_temp_dir
    rmtree(tempdir, onerror=onerror)
  File "/opt/ohpc/pub/compiler/conda/latest/lib/python3.12/multiprocessing/util.py", line 303, in _run_finalizers
    finalizer()
  File "/opt/ohpc/pub/compiler/conda/latest/lib/python3.12/multiprocessing/util.py", line 227, in __call__
    res = self._callback(*self._args, **self._kwargs)
          ^^^^^^^^^^^^^^^^^^^^^^^^^^^^^^^^^^^^^^^^^^^
  File "/opt/ohpc/pub/compiler/conda/latest/lib/python3.12/multiprocessing/util.py", line 136, in _remove_temp_dir
    rmtree(tempdir, onerror=onerror)
  File "/opt/ohpc/pub/compiler/conda/latest/lib/python3.12/multiprocessing/util.py", line 227, in __call__
    res = self._callback(*self._args, **self._kwargs)
          ^^^^^^^^^^^^^^^^^^^^^^^^^^^^^^^^^^^^^^^^^^^
  File "/opt/ohpc/pub/compiler/conda/latest/lib/python3.12/multiprocessing/util.py", line 136, in _remove_temp_dir
    rmtree(tempdir, onerror=onerror)
  File "/opt/ohpc/pub/compiler/conda/latest/lib/python3.12/shutil.py", line 759, in rmtree
    _rmtree_safe_fd(stack, onexc)
  File "/opt/ohpc/pub/compiler/conda/latest/lib/python3.12/shutil.py", line 703, in _rmtree_safe_fd
    onexc(func, path, err)
  File "/opt/ohpc/pub/compiler/conda/latest/lib/python3.12/multiprocessing/util.py", line 227, in __call__
    res = self._callback(*self._args, **self._kwargs)
          ^^^^^^^^^^^^^^^^^^^^^^^^^^^^^^^^^^^^^^^^^^^
  File "/opt/ohpc/pub/compiler/conda/latest/lib/python3.12/multiprocessing/util.py", line 136, in _remove_temp_dir
    rmtree(tempdir, onerror=onerror)
  File "/opt/ohpc/pub/compiler/conda/latest/lib/python3.12/shutil.py", line 759, in rmtree
    _rmtree_safe_fd(stack, onexc)
  File "/opt/ohpc/pub/compiler/conda/latest/lib/python3.12/shutil.py", line 703, in _rmtree_safe_fd
    onexc(func, path, err)
  File "/opt/ohpc/pub/compiler/conda/latest/lib/python3.12/shutil.py", line 759, in rmtree
    _rmtree_safe_fd(stack, onexc)
  File "/opt/ohpc/pub/compiler/conda/latest/lib/python3.12/shutil.py", line 703, in _rmtree_safe_fd
    onexc(func, path, err)
  File "/opt/ohpc/pub/compiler/conda/latest/lib/python3.12/shutil.py", line 750, in onexc
    return onerror(func, path, exc_info)
           ^^^^^^^^^^^^^^^^^^^^^^^^^^^^^
  File "/opt/ohpc/pub/compiler/conda/latest/lib/python3.12/shutil.py", line 700, in _rmtree_safe_fd
    onexc(os.unlink, fullname, err)
  File "/opt/ohpc/pub/compiler/conda/latest/lib/python3.12/shutil.py", line 759, in rmtree
    _rmtree_safe_fd(stack, onexc)
  File "/opt/ohpc/pub/compiler/conda/latest/lib/python3.12/shutil.py", line 703, in _rmtree_safe_fd
    onexc(func, path, err)
  File "/opt/ohpc/pub/compiler/conda/latest/lib/python3.12/shutil.py", line 750, in onexc
    return onerror(func, path, exc_info)
           ^^^^^^^^^^^^^^^^^^^^^^^^^^^^^
  File "/opt/ohpc/pub/compiler/conda/latest/lib/python3.12/shutil.py", line 700, in _rmtree_safe_fd
    onexc(os.unlink, fullname, err)
  File "/opt/ohpc/pub/compiler/conda/latest/lib/python3.12/shutil.py", line 750, in onexc
    return onerror(func, path, exc_info)
           ^^^^^^^^^^^^^^^^^^^^^^^^^^^^^
  File "/opt/ohpc/pub/compiler/conda/latest/lib/python3.12/shutil.py", line 700, in _rmtree_safe_fd
    onexc(os.unlink, fullname, err)
  File "/opt/ohpc/pub/compiler/conda/latest/lib/python3.12/shutil.py", line 750, in onexc
    return onerror(func, path, exc_info)
           ^^^^^^^^^^^^^^^^^^^^^^^^^^^^^
  File "/opt/ohpc/pub/compiler/conda/latest/lib/python3.12/shutil.py", line 698, in _rmtree_safe_fd
    os.unlink(entry.name, dir_fd=topfd)
  File "/opt/ohpc/pub/compiler/conda/latest/lib/python3.12/shutil.py", line 750, in onexc
    return onerror(func, path, exc_info)
           ^^^^^^^^^^^^^^^^^^^^^^^^^^^^^
  File "/opt/ohpc/pub/compiler/conda/latest/lib/python3.12/shutil.py", line 700, in _rmtree_safe_fd
    onexc(os.unlink, fullname, err)
  File "/opt/ohpc/pub/compiler/conda/latest/lib/python3.12/shutil.py", line 750, in onexc
    return onerror(func, path, exc_info)
           ^^^^^^^^^^^^^^^^^^^^^^^^^^^^^
  File "/opt/ohpc/pub/compiler/conda/latest/lib/python3.12/shutil.py", line 698, in _rmtree_safe_fd
    os.unlink(entry.name, dir_fd=topfd)
  File "/opt/ohpc/pub/compiler/conda/latest/lib/python3.12/shutil.py", line 750, in onexc
    return onerror(func, path, exc_info)
           ^^^^^^^^^^^^^^^^^^^^^^^^^^^^^
  File "/opt/ohpc/pub/compiler/conda/latest/lib/python3.12/shutil.py", line 698, in _rmtree_safe_fd
    os.unlink(entry.name, dir_fd=topfd)
OSError: [Errno 16] Device or resource busy: '/tmp/pymp-_236jxk8'
  File "/opt/ohpc/pub/compiler/conda/latest/lib/python3.12/shutil.py", line 750, in onexc
    return onerror(func, path, exc_info)
           ^^^^^^^^^^^^^^^^^^^^^^^^^^^^^
  File "/opt/ohpc/pub/compiler/conda/latest/lib/python3.12/shutil.py", line 698, in _rmtree_safe_fd
    os.unlink(entry.name, dir_fd=topfd)
OSError: [Errno 16] Device or resource busy: '/tmp/pymp-o21ggo2d'
OSError: [Errno 16] Device or resource busy: '/tmp/pymp-cx9ou8as'
OSError: [Errno 16] Device or resource busy: '/tmp/pymp-58qj67h2'
[val 009] loss=-0.8836 z_std=0.0451 rankme=29.902 lidar=16.791 areq=1.798 pr=1.35 align=0.1632 unif=-1.011 converged=False collapsed=False
  e010 it0000/62 lr=0.0031 loss=-0.8711 z_std=0.0620
  e010 it0010/62 lr=0.0031 loss=-0.8778 z_std=0.0620
  e010 it0020/62 lr=0.0031 loss=-0.8845 z_std=0.0617
  e010 it0030/62 lr=0.0031 loss=-0.8864 z_std=0.0616
  e010 it0040/62 lr=0.0031 loss=-0.8883 z_std=0.0617
  e010 it0050/62 lr=0.0031 loss=-0.8890 z_std=0.0617
  e010 it0060/62 lr=0.0031 loss=-0.8924 z_std=0.0617
[epoch 010] loss=-0.8928 z_std=0.0617 (healthy~0.0625) time=235.0s
  e011 it0000/62 lr=0.0031 loss=-0.9287 z_std=0.0618
  e011 it0010/62 lr=0.0031 loss=-0.9049 z_std=0.0610
  e011 it0020/62 lr=0.0031 loss=-0.9076 z_std=0.0615
  e011 it0030/62 lr=0.0031 loss=-0.9065 z_std=0.0615
  e011 it0040/62 lr=0.0031 loss=-0.9073 z_std=0.0615
  e011 it0050/62 lr=0.0031 loss=-0.9097 z_std=0.0616
  e011 it0060/62 lr=0.0031 loss=-0.9109 z_std=0.0616
[epoch 011] loss=-0.9114 z_std=0.0616 (healthy~0.0625) time=233.0s
  e012 it0000/62 lr=0.0031 loss=-0.9271 z_std=0.0621
  e012 it0010/62 lr=0.0031 loss=-0.9146 z_std=0.0615
  e012 it0020/62 lr=0.0031 loss=-0.9192 z_std=0.0619
  e012 it0030/62 lr=0.0031 loss=-0.9191 z_std=0.0619
  e012 it0040/62 lr=0.0031 loss=-0.9238 z_std=0.0617
  e012 it0050/62 lr=0.0031 loss=-0.9247 z_std=0.0617
  e012 it0060/62 lr=0.0031 loss=-0.9278 z_std=0.0616
[epoch 012] loss=-0.9274 z_std=0.0617 (healthy~0.0625) time=235.7s
  e013 it0000/62 lr=0.0031 loss=-0.9357 z_std=0.0630
  e013 it0010/62 lr=0.0031 loss=-0.9193 z_std=0.0618
  e013 it0020/62 lr=0.0031 loss=-0.9244 z_std=0.0619
  e013 it0030/62 lr=0.0031 loss=-0.9255 z_std=0.0620
  e013 it0040/62 lr=0.0031 loss=-0.9292 z_std=0.0616
  e013 it0050/62 lr=0.0031 loss=-0.9314 z_std=0.0617
  e013 it0060/62 lr=0.0031 loss=-0.9326 z_std=0.0618
[epoch 013] loss=-0.9320 z_std=0.0618 (healthy~0.0625) time=225.6s
  e014 it0000/62 lr=0.0031 loss=-0.9368 z_std=0.0610
  e014 it0010/62 lr=0.0031 loss=-0.9366 z_std=0.0616
  e014 it0020/62 lr=0.0031 loss=-0.9379 z_std=0.0615
  e014 it0030/62 lr=0.0031 loss=-0.9373 z_std=0.0615
  e014 it0040/62 lr=0.0031 loss=-0.9375 z_std=0.0614
  e014 it0050/62 lr=0.0031 loss=-0.9383 z_std=0.0614
  e014 it0060/62 lr=0.0031 loss=-0.9372 z_std=0.0614
[epoch 014] loss=-0.9376 z_std=0.0614 (healthy~0.0625) time=232.8s
Traceback (most recent call last):
Traceback (most recent call last):
  File "/opt/ohpc/pub/compiler/conda/latest/lib/python3.12/multiprocessing/util.py", line 303, in _run_finalizers
    finalizer()
Traceback (most recent call last):
Traceback (most recent call last):
  File "/opt/ohpc/pub/compiler/conda/latest/lib/python3.12/multiprocessing/util.py", line 227, in __call__
    res = self._callback(*self._args, **self._kwargs)
          ^^^^^^^^^^^^^^^^^^^^^^^^^^^^^^^^^^^^^^^^^^^
  File "/opt/ohpc/pub/compiler/conda/latest/lib/python3.12/multiprocessing/util.py", line 136, in _remove_temp_dir
    rmtree(tempdir, onerror=onerror)
  File "/opt/ohpc/pub/compiler/conda/latest/lib/python3.12/multiprocessing/util.py", line 303, in _run_finalizers
    finalizer()
  File "/opt/ohpc/pub/compiler/conda/latest/lib/python3.12/multiprocessing/util.py", line 303, in _run_finalizers
    finalizer()
  File "/opt/ohpc/pub/compiler/conda/latest/lib/python3.12/multiprocessing/util.py", line 227, in __call__
    res = self._callback(*self._args, **self._kwargs)
          ^^^^^^^^^^^^^^^^^^^^^^^^^^^^^^^^^^^^^^^^^^^
  File "/opt/ohpc/pub/compiler/conda/latest/lib/python3.12/multiprocessing/util.py", line 303, in _run_finalizers
    finalizer()
  File "/opt/ohpc/pub/compiler/conda/latest/lib/python3.12/shutil.py", line 759, in rmtree
    _rmtree_safe_fd(stack, onexc)
  File "/opt/ohpc/pub/compiler/conda/latest/lib/python3.12/shutil.py", line 703, in _rmtree_safe_fd
    onexc(func, path, err)
  File "/opt/ohpc/pub/compiler/conda/latest/lib/python3.12/multiprocessing/util.py", line 227, in __call__
    res = self._callback(*self._args, **self._kwargs)
          ^^^^^^^^^^^^^^^^^^^^^^^^^^^^^^^^^^^^^^^^^^^
  File "/opt/ohpc/pub/compiler/conda/latest/lib/python3.12/multiprocessing/util.py", line 136, in _remove_temp_dir
    rmtree(tempdir, onerror=onerror)
  File "/opt/ohpc/pub/compiler/conda/latest/lib/python3.12/multiprocessing/util.py", line 136, in _remove_temp_dir
    rmtree(tempdir, onerror=onerror)
  File "/opt/ohpc/pub/compiler/conda/latest/lib/python3.12/shutil.py", line 759, in rmtree
    _rmtree_safe_fd(stack, onexc)
  File "/opt/ohpc/pub/compiler/conda/latest/lib/python3.12/multiprocessing/util.py", line 227, in __call__
    res = self._callback(*self._args, **self._kwargs)
          ^^^^^^^^^^^^^^^^^^^^^^^^^^^^^^^^^^^^^^^^^^^
  File "/opt/ohpc/pub/compiler/conda/latest/lib/python3.12/multiprocessing/util.py", line 136, in _remove_temp_dir
    rmtree(tempdir, onerror=onerror)
  File "/opt/ohpc/pub/compiler/conda/latest/lib/python3.12/shutil.py", line 750, in onexc
    return onerror(func, path, exc_info)
           ^^^^^^^^^^^^^^^^^^^^^^^^^^^^^
  File "/opt/ohpc/pub/compiler/conda/latest/lib/python3.12/shutil.py", line 700, in _rmtree_safe_fd
    onexc(os.unlink, fullname, err)
  File "/opt/ohpc/pub/compiler/conda/latest/lib/python3.12/shutil.py", line 759, in rmtree
    _rmtree_safe_fd(stack, onexc)
  File "/opt/ohpc/pub/compiler/conda/latest/lib/python3.12/shutil.py", line 703, in _rmtree_safe_fd
    onexc(func, path, err)
  File "/opt/ohpc/pub/compiler/conda/latest/lib/python3.12/shutil.py", line 703, in _rmtree_safe_fd
    onexc(func, path, err)
  File "/opt/ohpc/pub/compiler/conda/latest/lib/python3.12/shutil.py", line 750, in onexc
    return onerror(func, path, exc_info)
           ^^^^^^^^^^^^^^^^^^^^^^^^^^^^^
  File "/opt/ohpc/pub/compiler/conda/latest/lib/python3.12/shutil.py", line 759, in rmtree
    _rmtree_safe_fd(stack, onexc)
  File "/opt/ohpc/pub/compiler/conda/latest/lib/python3.12/shutil.py", line 703, in _rmtree_safe_fd
    onexc(func, path, err)
  File "/opt/ohpc/pub/compiler/conda/latest/lib/python3.12/shutil.py", line 750, in onexc
    return onerror(func, path, exc_info)
           ^^^^^^^^^^^^^^^^^^^^^^^^^^^^^
  File "/opt/ohpc/pub/compiler/conda/latest/lib/python3.12/shutil.py", line 698, in _rmtree_safe_fd
    os.unlink(entry.name, dir_fd=topfd)
  File "/opt/ohpc/pub/compiler/conda/latest/lib/python3.12/shutil.py", line 750, in onexc
    return onerror(func, path, exc_info)
           ^^^^^^^^^^^^^^^^^^^^^^^^^^^^^
  File "/opt/ohpc/pub/compiler/conda/latest/lib/python3.12/shutil.py", line 700, in _rmtree_safe_fd
    onexc(os.unlink, fullname, err)
  File "/opt/ohpc/pub/compiler/conda/latest/lib/python3.12/shutil.py", line 700, in _rmtree_safe_fd
    onexc(os.unlink, fullname, err)
  File "/opt/ohpc/pub/compiler/conda/latest/lib/python3.12/shutil.py", line 750, in onexc
    return onerror(func, path, exc_info)
           ^^^^^^^^^^^^^^^^^^^^^^^^^^^^^
  File "/opt/ohpc/pub/compiler/conda/latest/lib/python3.12/shutil.py", line 750, in onexc
    return onerror(func, path, exc_info)
           ^^^^^^^^^^^^^^^^^^^^^^^^^^^^^
  File "/opt/ohpc/pub/compiler/conda/latest/lib/python3.12/shutil.py", line 700, in _rmtree_safe_fd
    onexc(os.unlink, fullname, err)
OSError: [Errno 16] Device or resource busy: '/tmp/pymp-gu96i9z4'
  File "/opt/ohpc/pub/compiler/conda/latest/lib/python3.12/shutil.py", line 750, in onexc
    return onerror(func, path, exc_info)
           ^^^^^^^^^^^^^^^^^^^^^^^^^^^^^
  File "/opt/ohpc/pub/compiler/conda/latest/lib/python3.12/shutil.py", line 698, in _rmtree_safe_fd
    os.unlink(entry.name, dir_fd=topfd)
  File "/opt/ohpc/pub/compiler/conda/latest/lib/python3.12/shutil.py", line 698, in _rmtree_safe_fd
    os.unlink(entry.name, dir_fd=topfd)
  File "/opt/ohpc/pub/compiler/conda/latest/lib/python3.12/shutil.py", line 750, in onexc
    return onerror(func, path, exc_info)
           ^^^^^^^^^^^^^^^^^^^^^^^^^^^^^
  File "/opt/ohpc/pub/compiler/conda/latest/lib/python3.12/shutil.py", line 698, in _rmtree_safe_fd
    os.unlink(entry.name, dir_fd=topfd)
OSError: [Errno 16] Device or resource busy: '/tmp/pymp-v7z3f3ed'
OSError: [Errno 16] Device or resource busy: '/tmp/pymp-5xw1b7g7'
OSError: [Errno 16] Device or resource busy: '/tmp/pymp-ttig4c7i'
Traceback (most recent call last):
Traceback (most recent call last):
Traceback (most recent call last):
  File "/opt/ohpc/pub/compiler/conda/latest/lib/python3.12/multiprocessing/util.py", line 303, in _run_finalizers
    finalizer()
  File "/opt/ohpc/pub/compiler/conda/latest/lib/python3.12/multiprocessing/util.py", line 303, in _run_finalizers
    finalizer()
  File "/opt/ohpc/pub/compiler/conda/latest/lib/python3.12/multiprocessing/util.py", line 303, in _run_finalizers
    finalizer()
  File "/opt/ohpc/pub/compiler/conda/latest/lib/python3.12/multiprocessing/util.py", line 227, in __call__
    res = self._callback(*self._args, **self._kwargs)
          ^^^^^^^^^^^^^^^^^^^^^^^^^^^^^^^^^^^^^^^^^^^
  File "/opt/ohpc/pub/compiler/conda/latest/lib/python3.12/multiprocessing/util.py", line 136, in _remove_temp_dir
    rmtree(tempdir, onerror=onerror)
Traceback (most recent call last):
  File "/opt/ohpc/pub/compiler/conda/latest/lib/python3.12/multiprocessing/util.py", line 227, in __call__
    res = self._callback(*self._args, **self._kwargs)
          ^^^^^^^^^^^^^^^^^^^^^^^^^^^^^^^^^^^^^^^^^^^
  File "/opt/ohpc/pub/compiler/conda/latest/lib/python3.12/multiprocessing/util.py", line 136, in _remove_temp_dir
    rmtree(tempdir, onerror=onerror)
  File "/opt/ohpc/pub/compiler/conda/latest/lib/python3.12/multiprocessing/util.py", line 227, in __call__
    res = self._callback(*self._args, **self._kwargs)
          ^^^^^^^^^^^^^^^^^^^^^^^^^^^^^^^^^^^^^^^^^^^
  File "/opt/ohpc/pub/compiler/conda/latest/lib/python3.12/multiprocessing/util.py", line 136, in _remove_temp_dir
    rmtree(tempdir, onerror=onerror)
  File "/opt/ohpc/pub/compiler/conda/latest/lib/python3.12/shutil.py", line 759, in rmtree
    _rmtree_safe_fd(stack, onexc)
  File "/opt/ohpc/pub/compiler/conda/latest/lib/python3.12/shutil.py", line 703, in _rmtree_safe_fd
    onexc(func, path, err)
  File "/opt/ohpc/pub/compiler/conda/latest/lib/python3.12/multiprocessing/util.py", line 303, in _run_finalizers
    finalizer()
  File "/opt/ohpc/pub/compiler/conda/latest/lib/python3.12/shutil.py", line 759, in rmtree
    _rmtree_safe_fd(stack, onexc)
  File "/opt/ohpc/pub/compiler/conda/latest/lib/python3.12/shutil.py", line 703, in _rmtree_safe_fd
    onexc(func, path, err)
  File "/opt/ohpc/pub/compiler/conda/latest/lib/python3.12/shutil.py", line 759, in rmtree
    _rmtree_safe_fd(stack, onexc)
  File "/opt/ohpc/pub/compiler/conda/latest/lib/python3.12/shutil.py", line 703, in _rmtree_safe_fd
    onexc(func, path, err)
  File "/opt/ohpc/pub/compiler/conda/latest/lib/python3.12/shutil.py", line 750, in onexc
    return onerror(func, path, exc_info)
           ^^^^^^^^^^^^^^^^^^^^^^^^^^^^^
  File "/opt/ohpc/pub/compiler/conda/latest/lib/python3.12/shutil.py", line 700, in _rmtree_safe_fd
    onexc(os.unlink, fullname, err)
  File "/opt/ohpc/pub/compiler/conda/latest/lib/python3.12/multiprocessing/util.py", line 227, in __call__
    res = self._callback(*self._args, **self._kwargs)
          ^^^^^^^^^^^^^^^^^^^^^^^^^^^^^^^^^^^^^^^^^^^
  File "/opt/ohpc/pub/compiler/conda/latest/lib/python3.12/multiprocessing/util.py", line 136, in _remove_temp_dir
    rmtree(tempdir, onerror=onerror)
  File "/opt/ohpc/pub/compiler/conda/latest/lib/python3.12/shutil.py", line 750, in onexc
    return onerror(func, path, exc_info)
           ^^^^^^^^^^^^^^^^^^^^^^^^^^^^^
  File "/opt/ohpc/pub/compiler/conda/latest/lib/python3.12/shutil.py", line 700, in _rmtree_safe_fd
    onexc(os.unlink, fullname, err)
  File "/opt/ohpc/pub/compiler/conda/latest/lib/python3.12/shutil.py", line 750, in onexc
    return onerror(func, path, exc_info)
           ^^^^^^^^^^^^^^^^^^^^^^^^^^^^^
  File "/opt/ohpc/pub/compiler/conda/latest/lib/python3.12/shutil.py", line 700, in _rmtree_safe_fd
    onexc(os.unlink, fullname, err)
  File "/opt/ohpc/pub/compiler/conda/latest/lib/python3.12/shutil.py", line 750, in onexc
    return onerror(func, path, exc_info)
           ^^^^^^^^^^^^^^^^^^^^^^^^^^^^^
  File "/opt/ohpc/pub/compiler/conda/latest/lib/python3.12/shutil.py", line 698, in _rmtree_safe_fd
    os.unlink(entry.name, dir_fd=topfd)
  File "/opt/ohpc/pub/compiler/conda/latest/lib/python3.12/shutil.py", line 759, in rmtree
    _rmtree_safe_fd(stack, onexc)
  File "/opt/ohpc/pub/compiler/conda/latest/lib/python3.12/shutil.py", line 703, in _rmtree_safe_fd
    onexc(func, path, err)
  File "/opt/ohpc/pub/compiler/conda/latest/lib/python3.12/shutil.py", line 750, in onexc
    return onerror(func, path, exc_info)
           ^^^^^^^^^^^^^^^^^^^^^^^^^^^^^
  File "/opt/ohpc/pub/compiler/conda/latest/lib/python3.12/shutil.py", line 698, in _rmtree_safe_fd
    os.unlink(entry.name, dir_fd=topfd)
  File "/opt/ohpc/pub/compiler/conda/latest/lib/python3.12/shutil.py", line 750, in onexc
    return onerror(func, path, exc_info)
           ^^^^^^^^^^^^^^^^^^^^^^^^^^^^^
  File "/opt/ohpc/pub/compiler/conda/latest/lib/python3.12/shutil.py", line 698, in _rmtree_safe_fd
    os.unlink(entry.name, dir_fd=topfd)
OSError: [Errno 16] Device or resource busy: '/tmp/pymp-r53pstnl'
  File "/opt/ohpc/pub/compiler/conda/latest/lib/python3.12/shutil.py", line 750, in onexc
    return onerror(func, path, exc_info)
           ^^^^^^^^^^^^^^^^^^^^^^^^^^^^^
  File "/opt/ohpc/pub/compiler/conda/latest/lib/python3.12/shutil.py", line 700, in _rmtree_safe_fd
    onexc(os.unlink, fullname, err)
OSError: [Errno 16] Device or resource busy: '/tmp/pymp-6_qakkrg'
OSError: [Errno 16] Device or resource busy: '/tmp/pymp-z9d8ul81'
  File "/opt/ohpc/pub/compiler/conda/latest/lib/python3.12/shutil.py", line 750, in onexc
    return onerror(func, path, exc_info)
           ^^^^^^^^^^^^^^^^^^^^^^^^^^^^^
  File "/opt/ohpc/pub/compiler/conda/latest/lib/python3.12/shutil.py", line 698, in _rmtree_safe_fd
    os.unlink(entry.name, dir_fd=topfd)
OSError: [Errno 16] Device or resource busy: '/tmp/pymp-bksjcw2b'
Traceback (most recent call last):
Traceback (most recent call last):
Traceback (most recent call last):
  File "/opt/ohpc/pub/compiler/conda/latest/lib/python3.12/multiprocessing/util.py", line 303, in _run_finalizers
    finalizer()
  File "/opt/ohpc/pub/compiler/conda/latest/lib/python3.12/multiprocessing/util.py", line 303, in _run_finalizers
    finalizer()
Traceback (most recent call last):
  File "/opt/ohpc/pub/compiler/conda/latest/lib/python3.12/multiprocessing/util.py", line 303, in _run_finalizers
    finalizer()
  File "/opt/ohpc/pub/compiler/conda/latest/lib/python3.12/multiprocessing/util.py", line 227, in __call__
    res = self._callback(*self._args, **self._kwargs)
          ^^^^^^^^^^^^^^^^^^^^^^^^^^^^^^^^^^^^^^^^^^^
  File "/opt/ohpc/pub/compiler/conda/latest/lib/python3.12/multiprocessing/util.py", line 136, in _remove_temp_dir
    rmtree(tempdir, onerror=onerror)
  File "/opt/ohpc/pub/compiler/conda/latest/lib/python3.12/multiprocessing/util.py", line 227, in __call__
    res = self._callback(*self._args, **self._kwargs)
          ^^^^^^^^^^^^^^^^^^^^^^^^^^^^^^^^^^^^^^^^^^^
  File "/opt/ohpc/pub/compiler/conda/latest/lib/python3.12/multiprocessing/util.py", line 136, in _remove_temp_dir
    rmtree(tempdir, onerror=onerror)
  File "/opt/ohpc/pub/compiler/conda/latest/lib/python3.12/multiprocessing/util.py", line 303, in _run_finalizers
    finalizer()
  File "/opt/ohpc/pub/compiler/conda/latest/lib/python3.12/multiprocessing/util.py", line 227, in __call__
    res = self._callback(*self._args, **self._kwargs)
          ^^^^^^^^^^^^^^^^^^^^^^^^^^^^^^^^^^^^^^^^^^^
  File "/opt/ohpc/pub/compiler/conda/latest/lib/python3.12/multiprocessing/util.py", line 136, in _remove_temp_dir
    rmtree(tempdir, onerror=onerror)
  File "/opt/ohpc/pub/compiler/conda/latest/lib/python3.12/shutil.py", line 759, in rmtree
    _rmtree_safe_fd(stack, onexc)
  File "/opt/ohpc/pub/compiler/conda/latest/lib/python3.12/shutil.py", line 703, in _rmtree_safe_fd
    onexc(func, path, err)
  File "/opt/ohpc/pub/compiler/conda/latest/lib/python3.12/shutil.py", line 759, in rmtree
    _rmtree_safe_fd(stack, onexc)
  File "/opt/ohpc/pub/compiler/conda/latest/lib/python3.12/shutil.py", line 703, in _rmtree_safe_fd
    onexc(func, path, err)
  File "/opt/ohpc/pub/compiler/conda/latest/lib/python3.12/multiprocessing/util.py", line 227, in __call__
    res = self._callback(*self._args, **self._kwargs)
          ^^^^^^^^^^^^^^^^^^^^^^^^^^^^^^^^^^^^^^^^^^^
  File "/opt/ohpc/pub/compiler/conda/latest/lib/python3.12/multiprocessing/util.py", line 136, in _remove_temp_dir
    rmtree(tempdir, onerror=onerror)
  File "/opt/ohpc/pub/compiler/conda/latest/lib/python3.12/shutil.py", line 759, in rmtree
    _rmtree_safe_fd(stack, onexc)
  File "/opt/ohpc/pub/compiler/conda/latest/lib/python3.12/shutil.py", line 703, in _rmtree_safe_fd
    onexc(func, path, err)
  File "/opt/ohpc/pub/compiler/conda/latest/lib/python3.12/shutil.py", line 750, in onexc
    return onerror(func, path, exc_info)
           ^^^^^^^^^^^^^^^^^^^^^^^^^^^^^
  File "/opt/ohpc/pub/compiler/conda/latest/lib/python3.12/shutil.py", line 700, in _rmtree_safe_fd
    onexc(os.unlink, fullname, err)
  File "/opt/ohpc/pub/compiler/conda/latest/lib/python3.12/shutil.py", line 750, in onexc
    return onerror(func, path, exc_info)
           ^^^^^^^^^^^^^^^^^^^^^^^^^^^^^
  File "/opt/ohpc/pub/compiler/conda/latest/lib/python3.12/shutil.py", line 700, in _rmtree_safe_fd
    onexc(os.unlink, fullname, err)
  File "/opt/ohpc/pub/compiler/conda/latest/lib/python3.12/shutil.py", line 759, in rmtree
    _rmtree_safe_fd(stack, onexc)
  File "/opt/ohpc/pub/compiler/conda/latest/lib/python3.12/shutil.py", line 703, in _rmtree_safe_fd
    onexc(func, path, err)
  File "/opt/ohpc/pub/compiler/conda/latest/lib/python3.12/shutil.py", line 750, in onexc
    return onerror(func, path, exc_info)
           ^^^^^^^^^^^^^^^^^^^^^^^^^^^^^
  File "/opt/ohpc/pub/compiler/conda/latest/lib/python3.12/shutil.py", line 700, in _rmtree_safe_fd
    onexc(os.unlink, fullname, err)
  File "/opt/ohpc/pub/compiler/conda/latest/lib/python3.12/shutil.py", line 750, in onexc
    return onerror(func, path, exc_info)
           ^^^^^^^^^^^^^^^^^^^^^^^^^^^^^
  File "/opt/ohpc/pub/compiler/conda/latest/lib/python3.12/shutil.py", line 698, in _rmtree_safe_fd
    os.unlink(entry.name, dir_fd=topfd)
  File "/opt/ohpc/pub/compiler/conda/latest/lib/python3.12/shutil.py", line 750, in onexc
    return onerror(func, path, exc_info)
           ^^^^^^^^^^^^^^^^^^^^^^^^^^^^^
  File "/opt/ohpc/pub/compiler/conda/latest/lib/python3.12/shutil.py", line 698, in _rmtree_safe_fd
    os.unlink(entry.name, dir_fd=topfd)
  File "/opt/ohpc/pub/compiler/conda/latest/lib/python3.12/shutil.py", line 750, in onexc
    return onerror(func, path, exc_info)
           ^^^^^^^^^^^^^^^^^^^^^^^^^^^^^
  File "/opt/ohpc/pub/compiler/conda/latest/lib/python3.12/shutil.py", line 700, in _rmtree_safe_fd
    onexc(os.unlink, fullname, err)
  File "/opt/ohpc/pub/compiler/conda/latest/lib/python3.12/shutil.py", line 750, in onexc
    return onerror(func, path, exc_info)
           ^^^^^^^^^^^^^^^^^^^^^^^^^^^^^
  File "/opt/ohpc/pub/compiler/conda/latest/lib/python3.12/shutil.py", line 698, in _rmtree_safe_fd
    os.unlink(entry.name, dir_fd=topfd)
OSError: [Errno 16] Device or resource busy: '/tmp/pymp-ihjjod0x'
OSError: [Errno 16] Device or resource busy: '/tmp/pymp-9uh4oy6_'
  File "/opt/ohpc/pub/compiler/conda/latest/lib/python3.12/shutil.py", line 750, in onexc
    return onerror(func, path, exc_info)
           ^^^^^^^^^^^^^^^^^^^^^^^^^^^^^
  File "/opt/ohpc/pub/compiler/conda/latest/lib/python3.12/shutil.py", line 698, in _rmtree_safe_fd
    os.unlink(entry.name, dir_fd=topfd)
OSError: [Errno 16] Device or resource busy: '/tmp/pymp-m_4ad3s7'
OSError: [Errno 16] Device or resource busy: '/tmp/pymp-7bv348bn'
[val 014] loss=-0.9434 z_std=0.0446 rankme=24.835 lidar=13.856 areq=1.904 pr=1.33 align=0.1227 unif=-0.996 converged=True collapsed=False
  -> new best RankMe=24.8348 (smoothed 24.8348 over 1 evals, cleared +1.0868) @ epoch 14 (saved bestRankMe.pth)
  -> new best LiDAR=13.8561 (smoothed 13.8561 over 1 evals, cleared +1.3368) @ epoch 14 (saved bestLiDAR.pth)
  -> new best alpha-ReQ=1.9036 (smoothed -0.9036 over 1 evals, cleared +0.0197) @ epoch 14 (saved bestA-ReQ.pth)
  e015 it0000/62 lr=0.0031 loss=-0.9523 z_std=0.0621
  e015 it0010/62 lr=0.0031 loss=-0.9474 z_std=0.0616
  e015 it0020/62 lr=0.0031 loss=-0.9468 z_std=0.0617
  e015 it0030/62 lr=0.0031 loss=-0.9482 z_std=0.0616
  e015 it0040/62 lr=0.0031 loss=-0.9487 z_std=0.0615
  e015 it0050/62 lr=0.0031 loss=-0.9486 z_std=0.0616
  e015 it0060/62 lr=0.0031 loss=-0.9483 z_std=0.0615
[epoch 015] loss=-0.9485 z_std=0.0615 (healthy~0.0625) time=230.0s
  e016 it0000/62 lr=0.0031 loss=-0.9457 z_std=0.0622
  e016 it0010/62 lr=0.0031 loss=-0.9497 z_std=0.0611
  e016 it0020/62 lr=0.0031 loss=-0.9498 z_std=0.0611
  e016 it0030/62 lr=0.0031 loss=-0.9510 z_std=0.0613
  e016 it0040/62 lr=0.0031 loss=-0.9507 z_std=0.0613
  e016 it0050/62 lr=0.0031 loss=-0.9497 z_std=0.0613
  e016 it0060/62 lr=0.0031 loss=-0.9504 z_std=0.0614
[epoch 016] loss=-0.9503 z_std=0.0614 (healthy~0.0625) time=229.8s
  e017 it0000/62 lr=0.0031 loss=-0.9569 z_std=0.0606
  e017 it0010/62 lr=0.0031 loss=-0.9533 z_std=0.0609
  e017 it0020/62 lr=0.0031 loss=-0.9556 z_std=0.0611
  e017 it0030/62 lr=0.0031 loss=-0.9514 z_std=0.0614
  e017 it0040/62 lr=0.0031 loss=-0.9508 z_std=0.0615
  e017 it0050/62 lr=0.0031 loss=-0.9510 z_std=0.0615
  e017 it0060/62 lr=0.0031 loss=-0.9506 z_std=0.0616
[epoch 017] loss=-0.9504 z_std=0.0616 (healthy~0.0625) time=231.2s
  e018 it0000/62 lr=0.0031 loss=-0.9616 z_std=0.0606
  e018 it0010/62 lr=0.0031 loss=-0.9505 z_std=0.0616
  e018 it0020/62 lr=0.0031 loss=-0.9502 z_std=0.0617
  e018 it0030/62 lr=0.0031 loss=-0.9522 z_std=0.0617
  e018 it0040/62 lr=0.0031 loss=-0.9525 z_std=0.0616
  e018 it0050/62 lr=0.0031 loss=-0.9537 z_std=0.0614
  e018 it0060/62 lr=0.0030 loss=-0.9537 z_std=0.0614
[epoch 018] loss=-0.9536 z_std=0.0614 (healthy~0.0625) time=231.6s
  e019 it0000/62 lr=0.0030 loss=-0.9563 z_std=0.0601
  e019 it0010/62 lr=0.0030 loss=-0.9485 z_std=0.0618
  e019 it0020/62 lr=0.0030 loss=-0.9505 z_std=0.0617
  e019 it0030/62 lr=0.0030 loss=-0.9515 z_std=0.0617
  e019 it0040/62 lr=0.0030 loss=-0.9541 z_std=0.0615
  e019 it0050/62 lr=0.0030 loss=-0.9558 z_std=0.0615
  e019 it0060/62 lr=0.0030 loss=-0.9568 z_std=0.0615
[epoch 019] loss=-0.9567 z_std=0.0614 (healthy~0.0625) time=235.6s
Traceback (most recent call last):
Traceback (most recent call last):
Traceback (most recent call last):
Traceback (most recent call last):
  File "/opt/ohpc/pub/compiler/conda/latest/lib/python3.12/multiprocessing/util.py", line 303, in _run_finalizers
    finalizer()
  File "/opt/ohpc/pub/compiler/conda/latest/lib/python3.12/multiprocessing/util.py", line 303, in _run_finalizers
    finalizer()
  File "/opt/ohpc/pub/compiler/conda/latest/lib/python3.12/multiprocessing/util.py", line 303, in _run_finalizers
    finalizer()
  File "/opt/ohpc/pub/compiler/conda/latest/lib/python3.12/multiprocessing/util.py", line 303, in _run_finalizers
    finalizer()
  File "/opt/ohpc/pub/compiler/conda/latest/lib/python3.12/multiprocessing/util.py", line 227, in __call__
    res = self._callback(*self._args, **self._kwargs)
          ^^^^^^^^^^^^^^^^^^^^^^^^^^^^^^^^^^^^^^^^^^^
  File "/opt/ohpc/pub/compiler/conda/latest/lib/python3.12/multiprocessing/util.py", line 136, in _remove_temp_dir
    rmtree(tempdir, onerror=onerror)
  File "/opt/ohpc/pub/compiler/conda/latest/lib/python3.12/multiprocessing/util.py", line 227, in __call__
    res = self._callback(*self._args, **self._kwargs)
          ^^^^^^^^^^^^^^^^^^^^^^^^^^^^^^^^^^^^^^^^^^^
  File "/opt/ohpc/pub/compiler/conda/latest/lib/python3.12/multiprocessing/util.py", line 227, in __call__
    res = self._callback(*self._args, **self._kwargs)
          ^^^^^^^^^^^^^^^^^^^^^^^^^^^^^^^^^^^^^^^^^^^
  File "/opt/ohpc/pub/compiler/conda/latest/lib/python3.12/multiprocessing/util.py", line 136, in _remove_temp_dir
    rmtree(tempdir, onerror=onerror)
  File "/opt/ohpc/pub/compiler/conda/latest/lib/python3.12/multiprocessing/util.py", line 227, in __call__
    res = self._callback(*self._args, **self._kwargs)
          ^^^^^^^^^^^^^^^^^^^^^^^^^^^^^^^^^^^^^^^^^^^
  File "/opt/ohpc/pub/compiler/conda/latest/lib/python3.12/shutil.py", line 759, in rmtree
    _rmtree_safe_fd(stack, onexc)
  File "/opt/ohpc/pub/compiler/conda/latest/lib/python3.12/shutil.py", line 703, in _rmtree_safe_fd
    onexc(func, path, err)
  File "/opt/ohpc/pub/compiler/conda/latest/lib/python3.12/multiprocessing/util.py", line 136, in _remove_temp_dir
    rmtree(tempdir, onerror=onerror)
  File "/opt/ohpc/pub/compiler/conda/latest/lib/python3.12/shutil.py", line 759, in rmtree
    _rmtree_safe_fd(stack, onexc)
  File "/opt/ohpc/pub/compiler/conda/latest/lib/python3.12/shutil.py", line 759, in rmtree
    _rmtree_safe_fd(stack, onexc)
  File "/opt/ohpc/pub/compiler/conda/latest/lib/python3.12/shutil.py", line 703, in _rmtree_safe_fd
    onexc(func, path, err)
  File "/opt/ohpc/pub/compiler/conda/latest/lib/python3.12/multiprocessing/util.py", line 136, in _remove_temp_dir
    rmtree(tempdir, onerror=onerror)
  File "/opt/ohpc/pub/compiler/conda/latest/lib/python3.12/shutil.py", line 759, in rmtree
    _rmtree_safe_fd(stack, onexc)
  File "/opt/ohpc/pub/compiler/conda/latest/lib/python3.12/shutil.py", line 750, in onexc
    return onerror(func, path, exc_info)
           ^^^^^^^^^^^^^^^^^^^^^^^^^^^^^
  File "/opt/ohpc/pub/compiler/conda/latest/lib/python3.12/shutil.py", line 700, in _rmtree_safe_fd
    onexc(os.unlink, fullname, err)
  File "/opt/ohpc/pub/compiler/conda/latest/lib/python3.12/shutil.py", line 703, in _rmtree_safe_fd
    onexc(func, path, err)
  File "/opt/ohpc/pub/compiler/conda/latest/lib/python3.12/shutil.py", line 750, in onexc
    return onerror(func, path, exc_info)
           ^^^^^^^^^^^^^^^^^^^^^^^^^^^^^
  File "/opt/ohpc/pub/compiler/conda/latest/lib/python3.12/shutil.py", line 750, in onexc
    return onerror(func, path, exc_info)
           ^^^^^^^^^^^^^^^^^^^^^^^^^^^^^
  File "/opt/ohpc/pub/compiler/conda/latest/lib/python3.12/shutil.py", line 700, in _rmtree_safe_fd
    onexc(os.unlink, fullname, err)
  File "/opt/ohpc/pub/compiler/conda/latest/lib/python3.12/shutil.py", line 703, in _rmtree_safe_fd
    onexc(func, path, err)
  File "/opt/ohpc/pub/compiler/conda/latest/lib/python3.12/shutil.py", line 750, in onexc
    return onerror(func, path, exc_info)
           ^^^^^^^^^^^^^^^^^^^^^^^^^^^^^
  File "/opt/ohpc/pub/compiler/conda/latest/lib/python3.12/shutil.py", line 750, in onexc
    return onerror(func, path, exc_info)
           ^^^^^^^^^^^^^^^^^^^^^^^^^^^^^
  File "/opt/ohpc/pub/compiler/conda/latest/lib/python3.12/shutil.py", line 698, in _rmtree_safe_fd
    os.unlink(entry.name, dir_fd=topfd)
  File "/opt/ohpc/pub/compiler/conda/latest/lib/python3.12/shutil.py", line 700, in _rmtree_safe_fd
    onexc(os.unlink, fullname, err)
  File "/opt/ohpc/pub/compiler/conda/latest/lib/python3.12/shutil.py", line 750, in onexc
    return onerror(func, path, exc_info)
           ^^^^^^^^^^^^^^^^^^^^^^^^^^^^^
  File "/opt/ohpc/pub/compiler/conda/latest/lib/python3.12/shutil.py", line 750, in onexc
    return onerror(func, path, exc_info)
           ^^^^^^^^^^^^^^^^^^^^^^^^^^^^^
  File "/opt/ohpc/pub/compiler/conda/latest/lib/python3.12/shutil.py", line 698, in _rmtree_safe_fd
    os.unlink(entry.name, dir_fd=topfd)
  File "/opt/ohpc/pub/compiler/conda/latest/lib/python3.12/shutil.py", line 700, in _rmtree_safe_fd
    onexc(os.unlink, fullname, err)
  File "/opt/ohpc/pub/compiler/conda/latest/lib/python3.12/shutil.py", line 750, in onexc
    return onerror(func, path, exc_info)
           ^^^^^^^^^^^^^^^^^^^^^^^^^^^^^
OSError: [Errno 16] Device or resource busy: '/tmp/pymp-j_yyfkib'
  File "/opt/ohpc/pub/compiler/conda/latest/lib/python3.12/shutil.py", line 698, in _rmtree_safe_fd
    os.unlink(entry.name, dir_fd=topfd)
OSError: [Errno 16] Device or resource busy: '/tmp/pymp-147gaj4n'
  File "/opt/ohpc/pub/compiler/conda/latest/lib/python3.12/shutil.py", line 698, in _rmtree_safe_fd
    os.unlink(entry.name, dir_fd=topfd)
OSError: [Errno 16] Device or resource busy: '/tmp/pymp-zshhmto5'
OSError: [Errno 16] Device or resource busy: '/tmp/pymp-fjcnib6d'
Traceback (most recent call last):
Traceback (most recent call last):
Traceback (most recent call last):
  File "/opt/ohpc/pub/compiler/conda/latest/lib/python3.12/multiprocessing/util.py", line 303, in _run_finalizers
    finalizer()
Traceback (most recent call last):
  File "/opt/ohpc/pub/compiler/conda/latest/lib/python3.12/multiprocessing/util.py", line 303, in _run_finalizers
    finalizer()
  File "/opt/ohpc/pub/compiler/conda/latest/lib/python3.12/multiprocessing/util.py", line 303, in _run_finalizers
    finalizer()
  File "/opt/ohpc/pub/compiler/conda/latest/lib/python3.12/multiprocessing/util.py", line 227, in __call__
    res = self._callback(*self._args, **self._kwargs)
          ^^^^^^^^^^^^^^^^^^^^^^^^^^^^^^^^^^^^^^^^^^^
  File "/opt/ohpc/pub/compiler/conda/latest/lib/python3.12/multiprocessing/util.py", line 136, in _remove_temp_dir
    rmtree(tempdir, onerror=onerror)
  File "/opt/ohpc/pub/compiler/conda/latest/lib/python3.12/multiprocessing/util.py", line 227, in __call__
    res = self._callback(*self._args, **self._kwargs)
          ^^^^^^^^^^^^^^^^^^^^^^^^^^^^^^^^^^^^^^^^^^^
  File "/opt/ohpc/pub/compiler/conda/latest/lib/python3.12/multiprocessing/util.py", line 136, in _remove_temp_dir
    rmtree(tempdir, onerror=onerror)
  File "/opt/ohpc/pub/compiler/conda/latest/lib/python3.12/multiprocessing/util.py", line 303, in _run_finalizers
    finalizer()
  File "/opt/ohpc/pub/compiler/conda/latest/lib/python3.12/multiprocessing/util.py", line 227, in __call__
    res = self._callback(*self._args, **self._kwargs)
          ^^^^^^^^^^^^^^^^^^^^^^^^^^^^^^^^^^^^^^^^^^^
  File "/opt/ohpc/pub/compiler/conda/latest/lib/python3.12/multiprocessing/util.py", line 136, in _remove_temp_dir
    rmtree(tempdir, onerror=onerror)
  File "/opt/ohpc/pub/compiler/conda/latest/lib/python3.12/shutil.py", line 759, in rmtree
    _rmtree_safe_fd(stack, onexc)
  File "/opt/ohpc/pub/compiler/conda/latest/lib/python3.12/shutil.py", line 703, in _rmtree_safe_fd
    onexc(func, path, err)
  File "/opt/ohpc/pub/compiler/conda/latest/lib/python3.12/shutil.py", line 759, in rmtree
    _rmtree_safe_fd(stack, onexc)
  File "/opt/ohpc/pub/compiler/conda/latest/lib/python3.12/shutil.py", line 703, in _rmtree_safe_fd
    onexc(func, path, err)
  File "/opt/ohpc/pub/compiler/conda/latest/lib/python3.12/multiprocessing/util.py", line 227, in __call__
    res = self._callback(*self._args, **self._kwargs)
          ^^^^^^^^^^^^^^^^^^^^^^^^^^^^^^^^^^^^^^^^^^^
  File "/opt/ohpc/pub/compiler/conda/latest/lib/python3.12/multiprocessing/util.py", line 136, in _remove_temp_dir
    rmtree(tempdir, onerror=onerror)
  File "/opt/ohpc/pub/compiler/conda/latest/lib/python3.12/shutil.py", line 759, in rmtree
    _rmtree_safe_fd(stack, onexc)
  File "/opt/ohpc/pub/compiler/conda/latest/lib/python3.12/shutil.py", line 703, in _rmtree_safe_fd
    onexc(func, path, err)
  File "/opt/ohpc/pub/compiler/conda/latest/lib/python3.12/shutil.py", line 750, in onexc
    return onerror(func, path, exc_info)
           ^^^^^^^^^^^^^^^^^^^^^^^^^^^^^
  File "/opt/ohpc/pub/compiler/conda/latest/lib/python3.12/shutil.py", line 700, in _rmtree_safe_fd
    onexc(os.unlink, fullname, err)
  File "/opt/ohpc/pub/compiler/conda/latest/lib/python3.12/shutil.py", line 750, in onexc
    return onerror(func, path, exc_info)
           ^^^^^^^^^^^^^^^^^^^^^^^^^^^^^
  File "/opt/ohpc/pub/compiler/conda/latest/lib/python3.12/shutil.py", line 700, in _rmtree_safe_fd
    onexc(os.unlink, fullname, err)
  File "/opt/ohpc/pub/compiler/conda/latest/lib/python3.12/shutil.py", line 759, in rmtree
    _rmtree_safe_fd(stack, onexc)
  File "/opt/ohpc/pub/compiler/conda/latest/lib/python3.12/shutil.py", line 703, in _rmtree_safe_fd
    onexc(func, path, err)
  File "/opt/ohpc/pub/compiler/conda/latest/lib/python3.12/shutil.py", line 750, in onexc
    return onerror(func, path, exc_info)
           ^^^^^^^^^^^^^^^^^^^^^^^^^^^^^
  File "/opt/ohpc/pub/compiler/conda/latest/lib/python3.12/shutil.py", line 700, in _rmtree_safe_fd
    onexc(os.unlink, fullname, err)
  File "/opt/ohpc/pub/compiler/conda/latest/lib/python3.12/shutil.py", line 750, in onexc
    return onerror(func, path, exc_info)
           ^^^^^^^^^^^^^^^^^^^^^^^^^^^^^
  File "/opt/ohpc/pub/compiler/conda/latest/lib/python3.12/shutil.py", line 698, in _rmtree_safe_fd
    os.unlink(entry.name, dir_fd=topfd)
  File "/opt/ohpc/pub/compiler/conda/latest/lib/python3.12/shutil.py", line 750, in onexc
    return onerror(func, path, exc_info)
           ^^^^^^^^^^^^^^^^^^^^^^^^^^^^^
  File "/opt/ohpc/pub/compiler/conda/latest/lib/python3.12/shutil.py", line 698, in _rmtree_safe_fd
    os.unlink(entry.name, dir_fd=topfd)
  File "/opt/ohpc/pub/compiler/conda/latest/lib/python3.12/shutil.py", line 750, in onexc
    return onerror(func, path, exc_info)
           ^^^^^^^^^^^^^^^^^^^^^^^^^^^^^
  File "/opt/ohpc/pub/compiler/conda/latest/lib/python3.12/shutil.py", line 700, in _rmtree_safe_fd
    onexc(os.unlink, fullname, err)
  File "/opt/ohpc/pub/compiler/conda/latest/lib/python3.12/shutil.py", line 750, in onexc
    return onerror(func, path, exc_info)
           ^^^^^^^^^^^^^^^^^^^^^^^^^^^^^
  File "/opt/ohpc/pub/compiler/conda/latest/lib/python3.12/shutil.py", line 698, in _rmtree_safe_fd
    os.unlink(entry.name, dir_fd=topfd)
OSError: [Errno 16] Device or resource busy: '/tmp/pymp-i0ike2n1'
OSError: [Errno 16] Device or resource busy: '/tmp/pymp-8fjvntfz'
  File "/opt/ohpc/pub/compiler/conda/latest/lib/python3.12/shutil.py", line 750, in onexc
    return onerror(func, path, exc_info)
           ^^^^^^^^^^^^^^^^^^^^^^^^^^^^^
  File "/opt/ohpc/pub/compiler/conda/latest/lib/python3.12/shutil.py", line 698, in _rmtree_safe_fd
    os.unlink(entry.name, dir_fd=topfd)
OSError: [Errno 16] Device or resource busy: '/tmp/pymp-5soo27m1'
OSError: [Errno 16] Device or resource busy: '/tmp/pymp-x64b27r3'
Traceback (most recent call last):
Traceback (most recent call last):
Traceback (most recent call last):
  File "/opt/ohpc/pub/compiler/conda/latest/lib/python3.12/multiprocessing/util.py", line 303, in _run_finalizers
    finalizer()
  File "/opt/ohpc/pub/compiler/conda/latest/lib/python3.12/multiprocessing/util.py", line 303, in _run_finalizers
    finalizer()
Traceback (most recent call last):
  File "/opt/ohpc/pub/compiler/conda/latest/lib/python3.12/multiprocessing/util.py", line 303, in _run_finalizers
    finalizer()
  File "/opt/ohpc/pub/compiler/conda/latest/lib/python3.12/multiprocessing/util.py", line 227, in __call__
    res = self._callback(*self._args, **self._kwargs)
          ^^^^^^^^^^^^^^^^^^^^^^^^^^^^^^^^^^^^^^^^^^^
  File "/opt/ohpc/pub/compiler/conda/latest/lib/python3.12/multiprocessing/util.py", line 136, in _remove_temp_dir
    rmtree(tempdir, onerror=onerror)
  File "/opt/ohpc/pub/compiler/conda/latest/lib/python3.12/multiprocessing/util.py", line 227, in __call__
    res = self._callback(*self._args, **self._kwargs)
          ^^^^^^^^^^^^^^^^^^^^^^^^^^^^^^^^^^^^^^^^^^^
  File "/opt/ohpc/pub/compiler/conda/latest/lib/python3.12/multiprocessing/util.py", line 136, in _remove_temp_dir
    rmtree(tempdir, onerror=onerror)
  File "/opt/ohpc/pub/compiler/conda/latest/lib/python3.12/multiprocessing/util.py", line 303, in _run_finalizers
    finalizer()
  File "/opt/ohpc/pub/compiler/conda/latest/lib/python3.12/multiprocessing/util.py", line 227, in __call__
    res = self._callback(*self._args, **self._kwargs)
          ^^^^^^^^^^^^^^^^^^^^^^^^^^^^^^^^^^^^^^^^^^^
  File "/opt/ohpc/pub/compiler/conda/latest/lib/python3.12/multiprocessing/util.py", line 136, in _remove_temp_dir
    rmtree(tempdir, onerror=onerror)
  File "/opt/ohpc/pub/compiler/conda/latest/lib/python3.12/shutil.py", line 759, in rmtree
    _rmtree_safe_fd(stack, onexc)
  File "/opt/ohpc/pub/compiler/conda/latest/lib/python3.12/shutil.py", line 703, in _rmtree_safe_fd
    onexc(func, path, err)
  File "/opt/ohpc/pub/compiler/conda/latest/lib/python3.12/shutil.py", line 759, in rmtree
    _rmtree_safe_fd(stack, onexc)
  File "/opt/ohpc/pub/compiler/conda/latest/lib/python3.12/shutil.py", line 703, in _rmtree_safe_fd
    onexc(func, path, err)
  File "/opt/ohpc/pub/compiler/conda/latest/lib/python3.12/multiprocessing/util.py", line 227, in __call__
    res = self._callback(*self._args, **self._kwargs)
          ^^^^^^^^^^^^^^^^^^^^^^^^^^^^^^^^^^^^^^^^^^^
  File "/opt/ohpc/pub/compiler/conda/latest/lib/python3.12/shutil.py", line 759, in rmtree
    _rmtree_safe_fd(stack, onexc)
  File "/opt/ohpc/pub/compiler/conda/latest/lib/python3.12/shutil.py", line 703, in _rmtree_safe_fd
    onexc(func, path, err)
  File "/opt/ohpc/pub/compiler/conda/latest/lib/python3.12/shutil.py", line 750, in onexc
    return onerror(func, path, exc_info)
           ^^^^^^^^^^^^^^^^^^^^^^^^^^^^^
  File "/opt/ohpc/pub/compiler/conda/latest/lib/python3.12/shutil.py", line 700, in _rmtree_safe_fd
    onexc(os.unlink, fullname, err)
  File "/opt/ohpc/pub/compiler/conda/latest/lib/python3.12/shutil.py", line 750, in onexc
    return onerror(func, path, exc_info)
           ^^^^^^^^^^^^^^^^^^^^^^^^^^^^^
  File "/opt/ohpc/pub/compiler/conda/latest/lib/python3.12/shutil.py", line 700, in _rmtree_safe_fd
    onexc(os.unlink, fullname, err)
  File "/opt/ohpc/pub/compiler/conda/latest/lib/python3.12/multiprocessing/util.py", line 136, in _remove_temp_dir
    rmtree(tempdir, onerror=onerror)
  File "/opt/ohpc/pub/compiler/conda/latest/lib/python3.12/shutil.py", line 759, in rmtree
    _rmtree_safe_fd(stack, onexc)
  File "/opt/ohpc/pub/compiler/conda/latest/lib/python3.12/shutil.py", line 750, in onexc
    return onerror(func, path, exc_info)
           ^^^^^^^^^^^^^^^^^^^^^^^^^^^^^
  File "/opt/ohpc/pub/compiler/conda/latest/lib/python3.12/shutil.py", line 700, in _rmtree_safe_fd
    onexc(os.unlink, fullname, err)
  File "/opt/ohpc/pub/compiler/conda/latest/lib/python3.12/shutil.py", line 750, in onexc
    return onerror(func, path, exc_info)
           ^^^^^^^^^^^^^^^^^^^^^^^^^^^^^
  File "/opt/ohpc/pub/compiler/conda/latest/lib/python3.12/shutil.py", line 698, in _rmtree_safe_fd
    os.unlink(entry.name, dir_fd=topfd)
  File "/opt/ohpc/pub/compiler/conda/latest/lib/python3.12/shutil.py", line 750, in onexc
    return onerror(func, path, exc_info)
           ^^^^^^^^^^^^^^^^^^^^^^^^^^^^^
  File "/opt/ohpc/pub/compiler/conda/latest/lib/python3.12/shutil.py", line 698, in _rmtree_safe_fd
    os.unlink(entry.name, dir_fd=topfd)
  File "/opt/ohpc/pub/compiler/conda/latest/lib/python3.12/shutil.py", line 703, in _rmtree_safe_fd
    onexc(func, path, err)
  File "/opt/ohpc/pub/compiler/conda/latest/lib/python3.12/shutil.py", line 750, in onexc
    return onerror(func, path, exc_info)
           ^^^^^^^^^^^^^^^^^^^^^^^^^^^^^
  File "/opt/ohpc/pub/compiler/conda/latest/lib/python3.12/shutil.py", line 750, in onexc
    return onerror(func, path, exc_info)
           ^^^^^^^^^^^^^^^^^^^^^^^^^^^^^
  File "/opt/ohpc/pub/compiler/conda/latest/lib/python3.12/shutil.py", line 698, in _rmtree_safe_fd
    os.unlink(entry.name, dir_fd=topfd)
OSError: [Errno 16] Device or resource busy: '/tmp/pymp-4m4ygeeq'
OSError: [Errno 16] Device or resource busy: '/tmp/pymp-ee37748h'
  File "/opt/ohpc/pub/compiler/conda/latest/lib/python3.12/shutil.py", line 700, in _rmtree_safe_fd
    onexc(os.unlink, fullname, err)
  File "/opt/ohpc/pub/compiler/conda/latest/lib/python3.12/shutil.py", line 750, in onexc
    return onerror(func, path, exc_info)
           ^^^^^^^^^^^^^^^^^^^^^^^^^^^^^
OSError: [Errno 16] Device or resource busy: '/tmp/pymp-ui729f1_'
  File "/opt/ohpc/pub/compiler/conda/latest/lib/python3.12/shutil.py", line 698, in _rmtree_safe_fd
    os.unlink(entry.name, dir_fd=topfd)
OSError: [Errno 16] Device or resource busy: '/tmp/pymp-1j3_jmgd'
[val 019] loss=-0.9618 z_std=0.0444 rankme=21.501 lidar=10.049 areq=1.889 pr=1.28 align=0.1241 unif=-0.948 converged=True collapsed=False
  e020 it0000/62 lr=0.0030 loss=-0.9132 z_std=0.0612
  e020 it0010/62 lr=0.0030 loss=-0.9529 z_std=0.0613
  e020 it0020/62 lr=0.0030 loss=-0.9548 z_std=0.0613
  e020 it0030/62 lr=0.0030 loss=-0.9555 z_std=0.0616
  e020 it0040/62 lr=0.0030 loss=-0.9580 z_std=0.0616
  e020 it0050/62 lr=0.0030 loss=-0.9574 z_std=0.0616
  e020 it0060/62 lr=0.0030 loss=-0.9584 z_std=0.0615
[epoch 020] loss=-0.9585 z_std=0.0615 (healthy~0.0625) time=236.3s
  e021 it0000/62 lr=0.0030 loss=-0.9382 z_std=0.0631
  e021 it0010/62 lr=0.0030 loss=-0.9530 z_std=0.0620
  e021 it0020/62 lr=0.0030 loss=-0.9557 z_std=0.0619
  e021 it0030/62 lr=0.0030 loss=-0.9572 z_std=0.0617
  e021 it0040/62 lr=0.0030 loss=-0.9579 z_std=0.0615
  e021 it0050/62 lr=0.0030 loss=-0.9592 z_std=0.0615
  e021 it0060/62 lr=0.0030 loss=-0.9599 z_std=0.0613
[epoch 021] loss=-0.9599 z_std=0.0613 (healthy~0.0625) time=231.7s
  e022 it0000/62 lr=0.0030 loss=-0.9645 z_std=0.0632
  e022 it0010/62 lr=0.0030 loss=-0.9678 z_std=0.0611
  e022 it0020/62 lr=0.0030 loss=-0.9663 z_std=0.0615
  e022 it0030/62 lr=0.0030 loss=-0.9658 z_std=0.0615
  e022 it0040/62 lr=0.0030 loss=-0.9663 z_std=0.0613
  e022 it0050/62 lr=0.0030 loss=-0.9646 z_std=0.0613
  e022 it0060/62 lr=0.0030 loss=-0.9635 z_std=0.0614
[epoch 022] loss=-0.9632 z_std=0.0613 (healthy~0.0625) time=227.4s
  e023 it0000/62 lr=0.0030 loss=-0.9730 z_std=0.0608
  e023 it0010/62 lr=0.0030 loss=-0.9608 z_std=0.0614
  e023 it0020/62 lr=0.0030 loss=-0.9635 z_std=0.0614
  e023 it0030/62 lr=0.0030 loss=-0.9626 z_std=0.0612
  e023 it0040/62 lr=0.0030 loss=-0.9635 z_std=0.0613
  e023 it0050/62 lr=0.0029 loss=-0.9640 z_std=0.0612
  e023 it0060/62 lr=0.0029 loss=-0.9635 z_std=0.0612
[epoch 023] loss=-0.9634 z_std=0.0612 (healthy~0.0625) time=237.7s
  e024 it0000/62 lr=0.0029 loss=-0.9760 z_std=0.0615
  e024 it0010/62 lr=0.0029 loss=-0.9649 z_std=0.0607
  e024 it0020/62 lr=0.0029 loss=-0.9623 z_std=0.0610
  e024 it0030/62 lr=0.0029 loss=-0.9627 z_std=0.0613
  e024 it0040/62 lr=0.0029 loss=-0.9629 z_std=0.0613
  e024 it0050/62 lr=0.0029 loss=-0.9641 z_std=0.0614
  e024 it0060/62 lr=0.0029 loss=-0.9639 z_std=0.0613
[epoch 024] loss=-0.9638 z_std=0.0613 (healthy~0.0625) time=234.8s
Traceback (most recent call last):
Traceback (most recent call last):
Traceback (most recent call last):
  File "/opt/ohpc/pub/compiler/conda/latest/lib/python3.12/multiprocessing/util.py", line 303, in _run_finalizers
    finalizer()
  File "/opt/ohpc/pub/compiler/conda/latest/lib/python3.12/multiprocessing/util.py", line 303, in _run_finalizers
    finalizer()
Traceback (most recent call last):
  File "/opt/ohpc/pub/compiler/conda/latest/lib/python3.12/multiprocessing/util.py", line 227, in __call__
    res = self._callback(*self._args, **self._kwargs)
          ^^^^^^^^^^^^^^^^^^^^^^^^^^^^^^^^^^^^^^^^^^^
  File "/opt/ohpc/pub/compiler/conda/latest/lib/python3.12/multiprocessing/util.py", line 136, in _remove_temp_dir
    rmtree(tempdir, onerror=onerror)
  File "/opt/ohpc/pub/compiler/conda/latest/lib/python3.12/multiprocessing/util.py", line 303, in _run_finalizers
    finalizer()
  File "/opt/ohpc/pub/compiler/conda/latest/lib/python3.12/multiprocessing/util.py", line 227, in __call__
    res = self._callback(*self._args, **self._kwargs)
          ^^^^^^^^^^^^^^^^^^^^^^^^^^^^^^^^^^^^^^^^^^^
  File "/opt/ohpc/pub/compiler/conda/latest/lib/python3.12/multiprocessing/util.py", line 303, in _run_finalizers
    finalizer()
  File "/opt/ohpc/pub/compiler/conda/latest/lib/python3.12/shutil.py", line 759, in rmtree
    _rmtree_safe_fd(stack, onexc)
  File "/opt/ohpc/pub/compiler/conda/latest/lib/python3.12/shutil.py", line 703, in _rmtree_safe_fd
    onexc(func, path, err)
  File "/opt/ohpc/pub/compiler/conda/latest/lib/python3.12/multiprocessing/util.py", line 227, in __call__
    res = self._callback(*self._args, **self._kwargs)
          ^^^^^^^^^^^^^^^^^^^^^^^^^^^^^^^^^^^^^^^^^^^
  File "/opt/ohpc/pub/compiler/conda/latest/lib/python3.12/multiprocessing/util.py", line 136, in _remove_temp_dir
    rmtree(tempdir, onerror=onerror)
  File "/opt/ohpc/pub/compiler/conda/latest/lib/python3.12/shutil.py", line 759, in rmtree
    _rmtree_safe_fd(stack, onexc)
  File "/opt/ohpc/pub/compiler/conda/latest/lib/python3.12/multiprocessing/util.py", line 227, in __call__
    res = self._callback(*self._args, **self._kwargs)
          ^^^^^^^^^^^^^^^^^^^^^^^^^^^^^^^^^^^^^^^^^^^
  File "/opt/ohpc/pub/compiler/conda/latest/lib/python3.12/shutil.py", line 750, in onexc
    return onerror(func, path, exc_info)
           ^^^^^^^^^^^^^^^^^^^^^^^^^^^^^
  File "/opt/ohpc/pub/compiler/conda/latest/lib/python3.12/shutil.py", line 700, in _rmtree_safe_fd
    onexc(os.unlink, fullname, err)
  File "/opt/ohpc/pub/compiler/conda/latest/lib/python3.12/multiprocessing/util.py", line 136, in _remove_temp_dir
    rmtree(tempdir, onerror=onerror)
  File "/opt/ohpc/pub/compiler/conda/latest/lib/python3.12/shutil.py", line 759, in rmtree
    _rmtree_safe_fd(stack, onexc)
  File "/opt/ohpc/pub/compiler/conda/latest/lib/python3.12/shutil.py", line 703, in _rmtree_safe_fd
    onexc(func, path, err)
  File "/opt/ohpc/pub/compiler/conda/latest/lib/python3.12/shutil.py", line 750, in onexc
    return onerror(func, path, exc_info)
           ^^^^^^^^^^^^^^^^^^^^^^^^^^^^^
  File "/opt/ohpc/pub/compiler/conda/latest/lib/python3.12/multiprocessing/util.py", line 136, in _remove_temp_dir
    rmtree(tempdir, onerror=onerror)
  File "/opt/ohpc/pub/compiler/conda/latest/lib/python3.12/shutil.py", line 759, in rmtree
    _rmtree_safe_fd(stack, onexc)
  File "/opt/ohpc/pub/compiler/conda/latest/lib/python3.12/shutil.py", line 750, in onexc
    return onerror(func, path, exc_info)
           ^^^^^^^^^^^^^^^^^^^^^^^^^^^^^
  File "/opt/ohpc/pub/compiler/conda/latest/lib/python3.12/shutil.py", line 698, in _rmtree_safe_fd
    os.unlink(entry.name, dir_fd=topfd)
  File "/opt/ohpc/pub/compiler/conda/latest/lib/python3.12/shutil.py", line 703, in _rmtree_safe_fd
    onexc(func, path, err)
  File "/opt/ohpc/pub/compiler/conda/latest/lib/python3.12/shutil.py", line 750, in onexc
    return onerror(func, path, exc_info)
           ^^^^^^^^^^^^^^^^^^^^^^^^^^^^^
  File "/opt/ohpc/pub/compiler/conda/latest/lib/python3.12/shutil.py", line 700, in _rmtree_safe_fd
    onexc(os.unlink, fullname, err)
  File "/opt/ohpc/pub/compiler/conda/latest/lib/python3.12/shutil.py", line 703, in _rmtree_safe_fd
    onexc(func, path, err)
OSError: [Errno 16] Device or resource busy: '/tmp/pymp-hsml1v0d'
  File "/opt/ohpc/pub/compiler/conda/latest/lib/python3.12/shutil.py", line 700, in _rmtree_safe_fd
    onexc(os.unlink, fullname, err)
  File "/opt/ohpc/pub/compiler/conda/latest/lib/python3.12/shutil.py", line 750, in onexc
    return onerror(func, path, exc_info)
           ^^^^^^^^^^^^^^^^^^^^^^^^^^^^^
  File "/opt/ohpc/pub/compiler/conda/latest/lib/python3.12/shutil.py", line 750, in onexc
    return onerror(func, path, exc_info)
           ^^^^^^^^^^^^^^^^^^^^^^^^^^^^^
  File "/opt/ohpc/pub/compiler/conda/latest/lib/python3.12/shutil.py", line 698, in _rmtree_safe_fd
    os.unlink(entry.name, dir_fd=topfd)
  File "/opt/ohpc/pub/compiler/conda/latest/lib/python3.12/shutil.py", line 750, in onexc
    return onerror(func, path, exc_info)
           ^^^^^^^^^^^^^^^^^^^^^^^^^^^^^
  File "/opt/ohpc/pub/compiler/conda/latest/lib/python3.12/shutil.py", line 700, in _rmtree_safe_fd
    onexc(os.unlink, fullname, err)
  File "/opt/ohpc/pub/compiler/conda/latest/lib/python3.12/shutil.py", line 698, in _rmtree_safe_fd
    os.unlink(entry.name, dir_fd=topfd)
OSError: [Errno 16] Device or resource busy: '/tmp/pymp-l9u1f3xr'
  File "/opt/ohpc/pub/compiler/conda/latest/lib/python3.12/shutil.py", line 750, in onexc
    return onerror(func, path, exc_info)
           ^^^^^^^^^^^^^^^^^^^^^^^^^^^^^
  File "/opt/ohpc/pub/compiler/conda/latest/lib/python3.12/shutil.py", line 698, in _rmtree_safe_fd
    os.unlink(entry.name, dir_fd=topfd)
OSError: [Errno 16] Device or resource busy: '/tmp/pymp-46tm3pvu'
OSError: [Errno 16] Device or resource busy: '/tmp/pymp-xhdd1fxq'
Traceback (most recent call last):
Traceback (most recent call last):
  File "/opt/ohpc/pub/compiler/conda/latest/lib/python3.12/multiprocessing/util.py", line 303, in _run_finalizers
    finalizer()
  File "/opt/ohpc/pub/compiler/conda/latest/lib/python3.12/multiprocessing/util.py", line 303, in _run_finalizers
    finalizer()
  File "/opt/ohpc/pub/compiler/conda/latest/lib/python3.12/multiprocessing/util.py", line 227, in __call__
    res = self._callback(*self._args, **self._kwargs)
          ^^^^^^^^^^^^^^^^^^^^^^^^^^^^^^^^^^^^^^^^^^^
Traceback (most recent call last):
  File "/opt/ohpc/pub/compiler/conda/latest/lib/python3.12/multiprocessing/util.py", line 227, in __call__
    res = self._callback(*self._args, **self._kwargs)
          ^^^^^^^^^^^^^^^^^^^^^^^^^^^^^^^^^^^^^^^^^^^
  File "/opt/ohpc/pub/compiler/conda/latest/lib/python3.12/multiprocessing/util.py", line 136, in _remove_temp_dir
    rmtree(tempdir, onerror=onerror)
  File "/opt/ohpc/pub/compiler/conda/latest/lib/python3.12/shutil.py", line 759, in rmtree
    _rmtree_safe_fd(stack, onexc)
Traceback (most recent call last):
  File "/opt/ohpc/pub/compiler/conda/latest/lib/python3.12/multiprocessing/util.py", line 303, in _run_finalizers
    finalizer()
  File "/opt/ohpc/pub/compiler/conda/latest/lib/python3.12/multiprocessing/util.py", line 136, in _remove_temp_dir
    rmtree(tempdir, onerror=onerror)
  File "/opt/ohpc/pub/compiler/conda/latest/lib/python3.12/shutil.py", line 703, in _rmtree_safe_fd
    onexc(func, path, err)
  File "/opt/ohpc/pub/compiler/conda/latest/lib/python3.12/shutil.py", line 750, in onexc
    return onerror(func, path, exc_info)
           ^^^^^^^^^^^^^^^^^^^^^^^^^^^^^
  File "/opt/ohpc/pub/compiler/conda/latest/lib/python3.12/multiprocessing/util.py", line 303, in _run_finalizers
    finalizer()
  File "/opt/ohpc/pub/compiler/conda/latest/lib/python3.12/multiprocessing/util.py", line 227, in __call__
    res = self._callback(*self._args, **self._kwargs)
          ^^^^^^^^^^^^^^^^^^^^^^^^^^^^^^^^^^^^^^^^^^^
  File "/opt/ohpc/pub/compiler/conda/latest/lib/python3.12/multiprocessing/util.py", line 136, in _remove_temp_dir
    rmtree(tempdir, onerror=onerror)
  File "/opt/ohpc/pub/compiler/conda/latest/lib/python3.12/shutil.py", line 759, in rmtree
    _rmtree_safe_fd(stack, onexc)
  File "/opt/ohpc/pub/compiler/conda/latest/lib/python3.12/shutil.py", line 703, in _rmtree_safe_fd
    onexc(func, path, err)
  File "/opt/ohpc/pub/compiler/conda/latest/lib/python3.12/shutil.py", line 700, in _rmtree_safe_fd
    onexc(os.unlink, fullname, err)
  File "/opt/ohpc/pub/compiler/conda/latest/lib/python3.12/shutil.py", line 750, in onexc
    return onerror(func, path, exc_info)
           ^^^^^^^^^^^^^^^^^^^^^^^^^^^^^
  File "/opt/ohpc/pub/compiler/conda/latest/lib/python3.12/multiprocessing/util.py", line 227, in __call__
    res = self._callback(*self._args, **self._kwargs)
          ^^^^^^^^^^^^^^^^^^^^^^^^^^^^^^^^^^^^^^^^^^^
  File "/opt/ohpc/pub/compiler/conda/latest/lib/python3.12/multiprocessing/util.py", line 136, in _remove_temp_dir
    rmtree(tempdir, onerror=onerror)
  File "/opt/ohpc/pub/compiler/conda/latest/lib/python3.12/shutil.py", line 759, in rmtree
    _rmtree_safe_fd(stack, onexc)
  File "/opt/ohpc/pub/compiler/conda/latest/lib/python3.12/shutil.py", line 703, in _rmtree_safe_fd
    onexc(func, path, err)
  File "/opt/ohpc/pub/compiler/conda/latest/lib/python3.12/shutil.py", line 750, in onexc
    return onerror(func, path, exc_info)
           ^^^^^^^^^^^^^^^^^^^^^^^^^^^^^
  File "/opt/ohpc/pub/compiler/conda/latest/lib/python3.12/shutil.py", line 700, in _rmtree_safe_fd
    onexc(os.unlink, fullname, err)
  File "/opt/ohpc/pub/compiler/conda/latest/lib/python3.12/shutil.py", line 698, in _rmtree_safe_fd
    os.unlink(entry.name, dir_fd=topfd)
  File "/opt/ohpc/pub/compiler/conda/latest/lib/python3.12/shutil.py", line 759, in rmtree
    _rmtree_safe_fd(stack, onexc)
  File "/opt/ohpc/pub/compiler/conda/latest/lib/python3.12/shutil.py", line 703, in _rmtree_safe_fd
    onexc(func, path, err)
  File "/opt/ohpc/pub/compiler/conda/latest/lib/python3.12/shutil.py", line 750, in onexc
    return onerror(func, path, exc_info)
           ^^^^^^^^^^^^^^^^^^^^^^^^^^^^^
  File "/opt/ohpc/pub/compiler/conda/latest/lib/python3.12/shutil.py", line 700, in _rmtree_safe_fd
    onexc(os.unlink, fullname, err)
  File "/opt/ohpc/pub/compiler/conda/latest/lib/python3.12/shutil.py", line 750, in onexc
    return onerror(func, path, exc_info)
           ^^^^^^^^^^^^^^^^^^^^^^^^^^^^^
  File "/opt/ohpc/pub/compiler/conda/latest/lib/python3.12/shutil.py", line 698, in _rmtree_safe_fd
    os.unlink(entry.name, dir_fd=topfd)
OSError: [Errno 16] Device or resource busy: '/tmp/pymp-369bjz4f'
  File "/opt/ohpc/pub/compiler/conda/latest/lib/python3.12/shutil.py", line 750, in onexc
    return onerror(func, path, exc_info)
           ^^^^^^^^^^^^^^^^^^^^^^^^^^^^^
  File "/opt/ohpc/pub/compiler/conda/latest/lib/python3.12/shutil.py", line 700, in _rmtree_safe_fd
    onexc(os.unlink, fullname, err)
  File "/opt/ohpc/pub/compiler/conda/latest/lib/python3.12/shutil.py", line 750, in onexc
    return onerror(func, path, exc_info)
           ^^^^^^^^^^^^^^^^^^^^^^^^^^^^^
  File "/opt/ohpc/pub/compiler/conda/latest/lib/python3.12/shutil.py", line 698, in _rmtree_safe_fd
    os.unlink(entry.name, dir_fd=topfd)
OSError: [Errno 16] Device or resource busy: '/tmp/pymp-1nhgpki3'
  File "/opt/ohpc/pub/compiler/conda/latest/lib/python3.12/shutil.py", line 750, in onexc
    return onerror(func, path, exc_info)
           ^^^^^^^^^^^^^^^^^^^^^^^^^^^^^
  File "/opt/ohpc/pub/compiler/conda/latest/lib/python3.12/shutil.py", line 698, in _rmtree_safe_fd
    os.unlink(entry.name, dir_fd=topfd)
OSError: [Errno 16] Device or resource busy: '/tmp/pymp-76ai1onj'
OSError: [Errno 16] Device or resource busy: '/tmp/pymp-22cpso4j'
Traceback (most recent call last):
Traceback (most recent call last):
Traceback (most recent call last):
  File "/opt/ohpc/pub/compiler/conda/latest/lib/python3.12/multiprocessing/util.py", line 303, in _run_finalizers
    finalizer()
Traceback (most recent call last):
  File "/opt/ohpc/pub/compiler/conda/latest/lib/python3.12/multiprocessing/util.py", line 303, in _run_finalizers
    finalizer()
  File "/opt/ohpc/pub/compiler/conda/latest/lib/python3.12/multiprocessing/util.py", line 303, in _run_finalizers
    finalizer()
  File "/opt/ohpc/pub/compiler/conda/latest/lib/python3.12/multiprocessing/util.py", line 227, in __call__
    res = self._callback(*self._args, **self._kwargs)
          ^^^^^^^^^^^^^^^^^^^^^^^^^^^^^^^^^^^^^^^^^^^
  File "/opt/ohpc/pub/compiler/conda/latest/lib/python3.12/multiprocessing/util.py", line 136, in _remove_temp_dir
    rmtree(tempdir, onerror=onerror)
  File "/opt/ohpc/pub/compiler/conda/latest/lib/python3.12/multiprocessing/util.py", line 303, in _run_finalizers
    finalizer()
  File "/opt/ohpc/pub/compiler/conda/latest/lib/python3.12/multiprocessing/util.py", line 227, in __call__
    res = self._callback(*self._args, **self._kwargs)
          ^^^^^^^^^^^^^^^^^^^^^^^^^^^^^^^^^^^^^^^^^^^
  File "/opt/ohpc/pub/compiler/conda/latest/lib/python3.12/multiprocessing/util.py", line 136, in _remove_temp_dir
    rmtree(tempdir, onerror=onerror)
  File "/opt/ohpc/pub/compiler/conda/latest/lib/python3.12/multiprocessing/util.py", line 227, in __call__
    res = self._callback(*self._args, **self._kwargs)
          ^^^^^^^^^^^^^^^^^^^^^^^^^^^^^^^^^^^^^^^^^^^
  File "/opt/ohpc/pub/compiler/conda/latest/lib/python3.12/multiprocessing/util.py", line 136, in _remove_temp_dir
    rmtree(tempdir, onerror=onerror)
  File "/opt/ohpc/pub/compiler/conda/latest/lib/python3.12/shutil.py", line 759, in rmtree
    _rmtree_safe_fd(stack, onexc)
  File "/opt/ohpc/pub/compiler/conda/latest/lib/python3.12/shutil.py", line 703, in _rmtree_safe_fd
    onexc(func, path, err)
  File "/opt/ohpc/pub/compiler/conda/latest/lib/python3.12/multiprocessing/util.py", line 227, in __call__
    res = self._callback(*self._args, **self._kwargs)
          ^^^^^^^^^^^^^^^^^^^^^^^^^^^^^^^^^^^^^^^^^^^
  File "/opt/ohpc/pub/compiler/conda/latest/lib/python3.12/multiprocessing/util.py", line 136, in _remove_temp_dir
    rmtree(tempdir, onerror=onerror)
  File "/opt/ohpc/pub/compiler/conda/latest/lib/python3.12/shutil.py", line 759, in rmtree
    _rmtree_safe_fd(stack, onexc)
  File "/opt/ohpc/pub/compiler/conda/latest/lib/python3.12/shutil.py", line 703, in _rmtree_safe_fd
    onexc(func, path, err)
  File "/opt/ohpc/pub/compiler/conda/latest/lib/python3.12/shutil.py", line 759, in rmtree
    _rmtree_safe_fd(stack, onexc)
  File "/opt/ohpc/pub/compiler/conda/latest/lib/python3.12/shutil.py", line 703, in _rmtree_safe_fd
    onexc(func, path, err)
  File "/opt/ohpc/pub/compiler/conda/latest/lib/python3.12/shutil.py", line 750, in onexc
    return onerror(func, path, exc_info)
           ^^^^^^^^^^^^^^^^^^^^^^^^^^^^^
  File "/opt/ohpc/pub/compiler/conda/latest/lib/python3.12/shutil.py", line 700, in _rmtree_safe_fd
    onexc(os.unlink, fullname, err)
  File "/opt/ohpc/pub/compiler/conda/latest/lib/python3.12/shutil.py", line 759, in rmtree
    _rmtree_safe_fd(stack, onexc)
  File "/opt/ohpc/pub/compiler/conda/latest/lib/python3.12/shutil.py", line 703, in _rmtree_safe_fd
    onexc(func, path, err)
  File "/opt/ohpc/pub/compiler/conda/latest/lib/python3.12/shutil.py", line 750, in onexc
    return onerror(func, path, exc_info)
           ^^^^^^^^^^^^^^^^^^^^^^^^^^^^^
  File "/opt/ohpc/pub/compiler/conda/latest/lib/python3.12/shutil.py", line 750, in onexc
    return onerror(func, path, exc_info)
           ^^^^^^^^^^^^^^^^^^^^^^^^^^^^^
  File "/opt/ohpc/pub/compiler/conda/latest/lib/python3.12/shutil.py", line 700, in _rmtree_safe_fd
    onexc(os.unlink, fullname, err)
  File "/opt/ohpc/pub/compiler/conda/latest/lib/python3.12/shutil.py", line 750, in onexc
    return onerror(func, path, exc_info)
           ^^^^^^^^^^^^^^^^^^^^^^^^^^^^^
  File "/opt/ohpc/pub/compiler/conda/latest/lib/python3.12/shutil.py", line 698, in _rmtree_safe_fd
    os.unlink(entry.name, dir_fd=topfd)
  File "/opt/ohpc/pub/compiler/conda/latest/lib/python3.12/shutil.py", line 750, in onexc
    return onerror(func, path, exc_info)
           ^^^^^^^^^^^^^^^^^^^^^^^^^^^^^
  File "/opt/ohpc/pub/compiler/conda/latest/lib/python3.12/shutil.py", line 700, in _rmtree_safe_fd
    onexc(os.unlink, fullname, err)
  File "/opt/ohpc/pub/compiler/conda/latest/lib/python3.12/shutil.py", line 700, in _rmtree_safe_fd
    onexc(os.unlink, fullname, err)
  File "/opt/ohpc/pub/compiler/conda/latest/lib/python3.12/shutil.py", line 750, in onexc
    return onerror(func, path, exc_info)
           ^^^^^^^^^^^^^^^^^^^^^^^^^^^^^
  File "/opt/ohpc/pub/compiler/conda/latest/lib/python3.12/shutil.py", line 750, in onexc
    return onerror(func, path, exc_info)
           ^^^^^^^^^^^^^^^^^^^^^^^^^^^^^
  File "/opt/ohpc/pub/compiler/conda/latest/lib/python3.12/shutil.py", line 698, in _rmtree_safe_fd
    os.unlink(entry.name, dir_fd=topfd)
OSError: [Errno 16] Device or resource busy: '/tmp/pymp-p52oxqd3'
  File "/opt/ohpc/pub/compiler/conda/latest/lib/python3.12/shutil.py", line 750, in onexc
    return onerror(func, path, exc_info)
           ^^^^^^^^^^^^^^^^^^^^^^^^^^^^^
  File "/opt/ohpc/pub/compiler/conda/latest/lib/python3.12/shutil.py", line 698, in _rmtree_safe_fd
    os.unlink(entry.name, dir_fd=topfd)
  File "/opt/ohpc/pub/compiler/conda/latest/lib/python3.12/shutil.py", line 698, in _rmtree_safe_fd
    os.unlink(entry.name, dir_fd=topfd)
OSError: [Errno 16] Device or resource busy: '/tmp/pymp-h62nmcye'
OSError: [Errno 16] Device or resource busy: '/tmp/pymp-f33qnir1'
OSError: [Errno 16] Device or resource busy: '/tmp/pymp-k48ofx5s'
[val 024] loss=-0.9711 z_std=0.0445 rankme=21.110 lidar=8.940 areq=1.913 pr=1.29 align=0.1045 unif=-0.963 converged=True collapsed=False
  e025 it0000/62 lr=0.0029 loss=-0.9727 z_std=0.0605
  e025 it0010/62 lr=0.0029 loss=-0.9533 z_std=0.0615
  e025 it0020/62 lr=0.0029 loss=-0.9590 z_std=0.0614
  e025 it0030/62 lr=0.0029 loss=-0.9589 z_std=0.0616
  e025 it0040/62 lr=0.0029 loss=-0.9583 z_std=0.0616
  e025 it0050/62 lr=0.0029 loss=-0.9600 z_std=0.0616
  e025 it0060/62 lr=0.0029 loss=-0.9619 z_std=0.0615
[epoch 025] loss=-0.9616 z_std=0.0615 (healthy~0.0625) time=233.1s
  e026 it0000/62 lr=0.0029 loss=-0.9317 z_std=0.0620
  e026 it0010/62 lr=0.0029 loss=-0.9621 z_std=0.0615
  e026 it0020/62 lr=0.0029 loss=-0.9669 z_std=0.0615
  e026 it0030/62 lr=0.0029 loss=-0.9661 z_std=0.0614
  e026 it0040/62 lr=0.0029 loss=-0.9660 z_std=0.0615
  e026 it0050/62 lr=0.0029 loss=-0.9660 z_std=0.0614
  e026 it0060/62 lr=0.0029 loss=-0.9653 z_std=0.0615
[epoch 026] loss=-0.9654 z_std=0.0615 (healthy~0.0625) time=230.2s
  e027 it0000/62 lr=0.0029 loss=-0.9638 z_std=0.0616
  e027 it0010/62 lr=0.0029 loss=-0.9645 z_std=0.0618
  e027 it0020/62 lr=0.0028 loss=-0.9650 z_std=0.0616
  e027 it0030/62 lr=0.0028 loss=-0.9634 z_std=0.0617
  e027 it0040/62 lr=0.0028 loss=-0.9617 z_std=0.0615
  e027 it0050/62 lr=0.0028 loss=-0.9624 z_std=0.0614
  e027 it0060/62 lr=0.0028 loss=-0.9645 z_std=0.0614
[epoch 027] loss=-0.9642 z_std=0.0614 (healthy~0.0625) time=235.5s
  e028 it0000/62 lr=0.0028 loss=-0.9695 z_std=0.0594
  e028 it0010/62 lr=0.0028 loss=-0.9700 z_std=0.0613
  e028 it0020/62 lr=0.0028 loss=-0.9667 z_std=0.0613
  e028 it0030/62 lr=0.0028 loss=-0.9657 z_std=0.0614
  e028 it0040/62 lr=0.0028 loss=-0.9660 z_std=0.0615
  e028 it0050/62 lr=0.0028 loss=-0.9673 z_std=0.0614
  e028 it0060/62 lr=0.0028 loss=-0.9674 z_std=0.0613
[epoch 028] loss=-0.9676 z_std=0.0613 (healthy~0.0625) time=228.8s
  e029 it0000/62 lr=0.0028 loss=-0.9742 z_std=0.0629
  e029 it0010/62 lr=0.0028 loss=-0.9669 z_std=0.0619
  e029 it0020/62 lr=0.0028 loss=-0.9626 z_std=0.0616
  e029 it0030/62 lr=0.0028 loss=-0.9655 z_std=0.0616
  e029 it0040/62 lr=0.0028 loss=-0.9675 z_std=0.0615
  e029 it0050/62 lr=0.0028 loss=-0.9684 z_std=0.0614
  e029 it0060/62 lr=0.0028 loss=-0.9688 z_std=0.0614
[epoch 029] loss=-0.9689 z_std=0.0615 (healthy~0.0625) time=233.7s
Traceback (most recent call last):
  File "/opt/ohpc/pub/compiler/conda/latest/lib/python3.12/multiprocessing/util.py", line 303, in _run_finalizers
    finalizer()
Traceback (most recent call last):
Traceback (most recent call last):
  File "/opt/ohpc/pub/compiler/conda/latest/lib/python3.12/multiprocessing/util.py", line 227, in __call__
    res = self._callback(*self._args, **self._kwargs)
          ^^^^^^^^^^^^^^^^^^^^^^^^^^^^^^^^^^^^^^^^^^^
  File "/opt/ohpc/pub/compiler/conda/latest/lib/python3.12/multiprocessing/util.py", line 303, in _run_finalizers
    finalizer()
  File "/opt/ohpc/pub/compiler/conda/latest/lib/python3.12/multiprocessing/util.py", line 303, in _run_finalizers
    finalizer()
  File "/opt/ohpc/pub/compiler/conda/latest/lib/python3.12/multiprocessing/util.py", line 136, in _remove_temp_dir
    rmtree(tempdir, onerror=onerror)
Traceback (most recent call last):
  File "/opt/ohpc/pub/compiler/conda/latest/lib/python3.12/multiprocessing/util.py", line 227, in __call__
    res = self._callback(*self._args, **self._kwargs)
          ^^^^^^^^^^^^^^^^^^^^^^^^^^^^^^^^^^^^^^^^^^^
  File "/opt/ohpc/pub/compiler/conda/latest/lib/python3.12/multiprocessing/util.py", line 136, in _remove_temp_dir
    rmtree(tempdir, onerror=onerror)
  File "/opt/ohpc/pub/compiler/conda/latest/lib/python3.12/multiprocessing/util.py", line 227, in __call__
    res = self._callback(*self._args, **self._kwargs)
          ^^^^^^^^^^^^^^^^^^^^^^^^^^^^^^^^^^^^^^^^^^^
  File "/opt/ohpc/pub/compiler/conda/latest/lib/python3.12/shutil.py", line 759, in rmtree
    _rmtree_safe_fd(stack, onexc)
  File "/opt/ohpc/pub/compiler/conda/latest/lib/python3.12/shutil.py", line 703, in _rmtree_safe_fd
    onexc(func, path, err)
  File "/opt/ohpc/pub/compiler/conda/latest/lib/python3.12/multiprocessing/util.py", line 303, in _run_finalizers
    finalizer()
  File "/opt/ohpc/pub/compiler/conda/latest/lib/python3.12/shutil.py", line 759, in rmtree
    _rmtree_safe_fd(stack, onexc)
  File "/opt/ohpc/pub/compiler/conda/latest/lib/python3.12/shutil.py", line 703, in _rmtree_safe_fd
    onexc(func, path, err)
  File "/opt/ohpc/pub/compiler/conda/latest/lib/python3.12/multiprocessing/util.py", line 136, in _remove_temp_dir
    rmtree(tempdir, onerror=onerror)
  File "/opt/ohpc/pub/compiler/conda/latest/lib/python3.12/shutil.py", line 759, in rmtree
    _rmtree_safe_fd(stack, onexc)
  File "/opt/ohpc/pub/compiler/conda/latest/lib/python3.12/shutil.py", line 750, in onexc
    return onerror(func, path, exc_info)
           ^^^^^^^^^^^^^^^^^^^^^^^^^^^^^
  File "/opt/ohpc/pub/compiler/conda/latest/lib/python3.12/shutil.py", line 700, in _rmtree_safe_fd
    onexc(os.unlink, fullname, err)
  File "/opt/ohpc/pub/compiler/conda/latest/lib/python3.12/multiprocessing/util.py", line 227, in __call__
    res = self._callback(*self._args, **self._kwargs)
          ^^^^^^^^^^^^^^^^^^^^^^^^^^^^^^^^^^^^^^^^^^^
  File "/opt/ohpc/pub/compiler/conda/latest/lib/python3.12/multiprocessing/util.py", line 136, in _remove_temp_dir
    rmtree(tempdir, onerror=onerror)
  File "/opt/ohpc/pub/compiler/conda/latest/lib/python3.12/shutil.py", line 750, in onexc
    return onerror(func, path, exc_info)
           ^^^^^^^^^^^^^^^^^^^^^^^^^^^^^
  File "/opt/ohpc/pub/compiler/conda/latest/lib/python3.12/shutil.py", line 700, in _rmtree_safe_fd
    onexc(os.unlink, fullname, err)
  File "/opt/ohpc/pub/compiler/conda/latest/lib/python3.12/shutil.py", line 703, in _rmtree_safe_fd
    onexc(func, path, err)
  File "/opt/ohpc/pub/compiler/conda/latest/lib/python3.12/shutil.py", line 750, in onexc
    return onerror(func, path, exc_info)
           ^^^^^^^^^^^^^^^^^^^^^^^^^^^^^
  File "/opt/ohpc/pub/compiler/conda/latest/lib/python3.12/shutil.py", line 750, in onexc
    return onerror(func, path, exc_info)
           ^^^^^^^^^^^^^^^^^^^^^^^^^^^^^
  File "/opt/ohpc/pub/compiler/conda/latest/lib/python3.12/shutil.py", line 698, in _rmtree_safe_fd
    os.unlink(entry.name, dir_fd=topfd)
  File "/opt/ohpc/pub/compiler/conda/latest/lib/python3.12/shutil.py", line 759, in rmtree
    _rmtree_safe_fd(stack, onexc)
  File "/opt/ohpc/pub/compiler/conda/latest/lib/python3.12/shutil.py", line 703, in _rmtree_safe_fd
    onexc(func, path, err)
  File "/opt/ohpc/pub/compiler/conda/latest/lib/python3.12/shutil.py", line 750, in onexc
    return onerror(func, path, exc_info)
           ^^^^^^^^^^^^^^^^^^^^^^^^^^^^^
  File "/opt/ohpc/pub/compiler/conda/latest/lib/python3.12/shutil.py", line 698, in _rmtree_safe_fd
    os.unlink(entry.name, dir_fd=topfd)
  File "/opt/ohpc/pub/compiler/conda/latest/lib/python3.12/shutil.py", line 700, in _rmtree_safe_fd
    onexc(os.unlink, fullname, err)
  File "/opt/ohpc/pub/compiler/conda/latest/lib/python3.12/shutil.py", line 750, in onexc
    return onerror(func, path, exc_info)
           ^^^^^^^^^^^^^^^^^^^^^^^^^^^^^
OSError: [Errno 16] Device or resource busy: '/tmp/pymp-b9ofy5bn'
  File "/opt/ohpc/pub/compiler/conda/latest/lib/python3.12/shutil.py", line 750, in onexc
    return onerror(func, path, exc_info)
           ^^^^^^^^^^^^^^^^^^^^^^^^^^^^^
  File "/opt/ohpc/pub/compiler/conda/latest/lib/python3.12/shutil.py", line 700, in _rmtree_safe_fd
    onexc(os.unlink, fullname, err)
OSError: [Errno 16] Device or resource busy: '/tmp/pymp-q4wzci66'
  File "/opt/ohpc/pub/compiler/conda/latest/lib/python3.12/shutil.py", line 698, in _rmtree_safe_fd
    os.unlink(entry.name, dir_fd=topfd)
  File "/opt/ohpc/pub/compiler/conda/latest/lib/python3.12/shutil.py", line 750, in onexc
    return onerror(func, path, exc_info)
           ^^^^^^^^^^^^^^^^^^^^^^^^^^^^^
  File "/opt/ohpc/pub/compiler/conda/latest/lib/python3.12/shutil.py", line 698, in _rmtree_safe_fd
    os.unlink(entry.name, dir_fd=topfd)
OSError: [Errno 16] Device or resource busy: '/tmp/pymp-a62rqswc'
OSError: [Errno 16] Device or resource busy: '/tmp/pymp-54t0s0u8'
Traceback (most recent call last):
Traceback (most recent call last):
Traceback (most recent call last):
  File "/opt/ohpc/pub/compiler/conda/latest/lib/python3.12/multiprocessing/util.py", line 303, in _run_finalizers
    finalizer()
Traceback (most recent call last):
  File "/opt/ohpc/pub/compiler/conda/latest/lib/python3.12/multiprocessing/util.py", line 303, in _run_finalizers
    finalizer()
  File "/opt/ohpc/pub/compiler/conda/latest/lib/python3.12/multiprocessing/util.py", line 303, in _run_finalizers
    finalizer()
  File "/opt/ohpc/pub/compiler/conda/latest/lib/python3.12/multiprocessing/util.py", line 227, in __call__
    res = self._callback(*self._args, **self._kwargs)
          ^^^^^^^^^^^^^^^^^^^^^^^^^^^^^^^^^^^^^^^^^^^
  File "/opt/ohpc/pub/compiler/conda/latest/lib/python3.12/multiprocessing/util.py", line 227, in __call__
    res = self._callback(*self._args, **self._kwargs)
          ^^^^^^^^^^^^^^^^^^^^^^^^^^^^^^^^^^^^^^^^^^^
  File "/opt/ohpc/pub/compiler/conda/latest/lib/python3.12/multiprocessing/util.py", line 136, in _remove_temp_dir
    rmtree(tempdir, onerror=onerror)
  File "/opt/ohpc/pub/compiler/conda/latest/lib/python3.12/multiprocessing/util.py", line 303, in _run_finalizers
    finalizer()
  File "/opt/ohpc/pub/compiler/conda/latest/lib/python3.12/multiprocessing/util.py", line 227, in __call__
    res = self._callback(*self._args, **self._kwargs)
          ^^^^^^^^^^^^^^^^^^^^^^^^^^^^^^^^^^^^^^^^^^^
  File "/opt/ohpc/pub/compiler/conda/latest/lib/python3.12/multiprocessing/util.py", line 136, in _remove_temp_dir
    rmtree(tempdir, onerror=onerror)
  File "/opt/ohpc/pub/compiler/conda/latest/lib/python3.12/multiprocessing/util.py", line 136, in _remove_temp_dir
    rmtree(tempdir, onerror=onerror)
  File "/opt/ohpc/pub/compiler/conda/latest/lib/python3.12/shutil.py", line 759, in rmtree
    _rmtree_safe_fd(stack, onexc)
  File "/opt/ohpc/pub/compiler/conda/latest/lib/python3.12/shutil.py", line 759, in rmtree
    _rmtree_safe_fd(stack, onexc)
  File "/opt/ohpc/pub/compiler/conda/latest/lib/python3.12/shutil.py", line 703, in _rmtree_safe_fd
    onexc(func, path, err)
  File "/opt/ohpc/pub/compiler/conda/latest/lib/python3.12/multiprocessing/util.py", line 227, in __call__
    res = self._callback(*self._args, **self._kwargs)
          ^^^^^^^^^^^^^^^^^^^^^^^^^^^^^^^^^^^^^^^^^^^
  File "/opt/ohpc/pub/compiler/conda/latest/lib/python3.12/multiprocessing/util.py", line 136, in _remove_temp_dir
    rmtree(tempdir, onerror=onerror)
  File "/opt/ohpc/pub/compiler/conda/latest/lib/python3.12/shutil.py", line 759, in rmtree
    _rmtree_safe_fd(stack, onexc)
  File "/opt/ohpc/pub/compiler/conda/latest/lib/python3.12/shutil.py", line 703, in _rmtree_safe_fd
    onexc(func, path, err)
  File "/opt/ohpc/pub/compiler/conda/latest/lib/python3.12/shutil.py", line 703, in _rmtree_safe_fd
    onexc(func, path, err)
  File "/opt/ohpc/pub/compiler/conda/latest/lib/python3.12/shutil.py", line 750, in onexc
    return onerror(func, path, exc_info)
           ^^^^^^^^^^^^^^^^^^^^^^^^^^^^^
  File "/opt/ohpc/pub/compiler/conda/latest/lib/python3.12/shutil.py", line 750, in onexc
    return onerror(func, path, exc_info)
           ^^^^^^^^^^^^^^^^^^^^^^^^^^^^^
  File "/opt/ohpc/pub/compiler/conda/latest/lib/python3.12/shutil.py", line 700, in _rmtree_safe_fd
    onexc(os.unlink, fullname, err)
  File "/opt/ohpc/pub/compiler/conda/latest/lib/python3.12/shutil.py", line 759, in rmtree
    _rmtree_safe_fd(stack, onexc)
  File "/opt/ohpc/pub/compiler/conda/latest/lib/python3.12/shutil.py", line 703, in _rmtree_safe_fd
    onexc(func, path, err)
  File "/opt/ohpc/pub/compiler/conda/latest/lib/python3.12/shutil.py", line 750, in onexc
    return onerror(func, path, exc_info)
           ^^^^^^^^^^^^^^^^^^^^^^^^^^^^^
  File "/opt/ohpc/pub/compiler/conda/latest/lib/python3.12/shutil.py", line 700, in _rmtree_safe_fd
    onexc(os.unlink, fullname, err)
  File "/opt/ohpc/pub/compiler/conda/latest/lib/python3.12/shutil.py", line 700, in _rmtree_safe_fd
    onexc(os.unlink, fullname, err)
  File "/opt/ohpc/pub/compiler/conda/latest/lib/python3.12/shutil.py", line 750, in onexc
    return onerror(func, path, exc_info)
           ^^^^^^^^^^^^^^^^^^^^^^^^^^^^^
  File "/opt/ohpc/pub/compiler/conda/latest/lib/python3.12/shutil.py", line 750, in onexc
    return onerror(func, path, exc_info)
           ^^^^^^^^^^^^^^^^^^^^^^^^^^^^^
  File "/opt/ohpc/pub/compiler/conda/latest/lib/python3.12/shutil.py", line 698, in _rmtree_safe_fd
    os.unlink(entry.name, dir_fd=topfd)
  File "/opt/ohpc/pub/compiler/conda/latest/lib/python3.12/shutil.py", line 750, in onexc
    return onerror(func, path, exc_info)
           ^^^^^^^^^^^^^^^^^^^^^^^^^^^^^
  File "/opt/ohpc/pub/compiler/conda/latest/lib/python3.12/shutil.py", line 700, in _rmtree_safe_fd
    onexc(os.unlink, fullname, err)
  File "/opt/ohpc/pub/compiler/conda/latest/lib/python3.12/shutil.py", line 750, in onexc
    return onerror(func, path, exc_info)
           ^^^^^^^^^^^^^^^^^^^^^^^^^^^^^
  File "/opt/ohpc/pub/compiler/conda/latest/lib/python3.12/shutil.py", line 698, in _rmtree_safe_fd
    os.unlink(entry.name, dir_fd=topfd)
  File "/opt/ohpc/pub/compiler/conda/latest/lib/python3.12/shutil.py", line 698, in _rmtree_safe_fd
    os.unlink(entry.name, dir_fd=topfd)
OSError: [Errno 16] Device or resource busy: '/tmp/pymp-7xr1eli2'
  File "/opt/ohpc/pub/compiler/conda/latest/lib/python3.12/shutil.py", line 750, in onexc
    return onerror(func, path, exc_info)
           ^^^^^^^^^^^^^^^^^^^^^^^^^^^^^
  File "/opt/ohpc/pub/compiler/conda/latest/lib/python3.12/shutil.py", line 698, in _rmtree_safe_fd
    os.unlink(entry.name, dir_fd=topfd)
OSError: [Errno 16] Device or resource busy: '/tmp/pymp-64tp3_vq'
OSError: [Errno 16] Device or resource busy: '/tmp/pymp-hcfn1qxo'
OSError: [Errno 16] Device or resource busy: '/tmp/pymp-3ccnpnsu'
Traceback (most recent call last):
  File "/opt/ohpc/pub/compiler/conda/latest/lib/python3.12/multiprocessing/util.py", line 303, in _run_finalizers
    finalizer()
Traceback (most recent call last):
Traceback (most recent call last):
  File "/opt/ohpc/pub/compiler/conda/latest/lib/python3.12/multiprocessing/util.py", line 227, in __call__
    res = self._callback(*self._args, **self._kwargs)
          ^^^^^^^^^^^^^^^^^^^^^^^^^^^^^^^^^^^^^^^^^^^
Traceback (most recent call last):
  File "/opt/ohpc/pub/compiler/conda/latest/lib/python3.12/multiprocessing/util.py", line 303, in _run_finalizers
    finalizer()
  File "/opt/ohpc/pub/compiler/conda/latest/lib/python3.12/multiprocessing/util.py", line 303, in _run_finalizers
    finalizer()
  File "/opt/ohpc/pub/compiler/conda/latest/lib/python3.12/multiprocessing/util.py", line 136, in _remove_temp_dir
    rmtree(tempdir, onerror=onerror)
  File "/opt/ohpc/pub/compiler/conda/latest/lib/python3.12/shutil.py", line 759, in rmtree
    _rmtree_safe_fd(stack, onexc)
  File "/opt/ohpc/pub/compiler/conda/latest/lib/python3.12/multiprocessing/util.py", line 303, in _run_finalizers
    finalizer()
  File "/opt/ohpc/pub/compiler/conda/latest/lib/python3.12/multiprocessing/util.py", line 227, in __call__
    res = self._callback(*self._args, **self._kwargs)
          ^^^^^^^^^^^^^^^^^^^^^^^^^^^^^^^^^^^^^^^^^^^
  File "/opt/ohpc/pub/compiler/conda/latest/lib/python3.12/multiprocessing/util.py", line 136, in _remove_temp_dir
    rmtree(tempdir, onerror=onerror)
  File "/opt/ohpc/pub/compiler/conda/latest/lib/python3.12/multiprocessing/util.py", line 227, in __call__
    res = self._callback(*self._args, **self._kwargs)
          ^^^^^^^^^^^^^^^^^^^^^^^^^^^^^^^^^^^^^^^^^^^
  File "/opt/ohpc/pub/compiler/conda/latest/lib/python3.12/multiprocessing/util.py", line 136, in _remove_temp_dir
    rmtree(tempdir, onerror=onerror)
  File "/opt/ohpc/pub/compiler/conda/latest/lib/python3.12/shutil.py", line 703, in _rmtree_safe_fd
    onexc(func, path, err)
  File "/opt/ohpc/pub/compiler/conda/latest/lib/python3.12/shutil.py", line 750, in onexc
    return onerror(func, path, exc_info)
           ^^^^^^^^^^^^^^^^^^^^^^^^^^^^^
  File "/opt/ohpc/pub/compiler/conda/latest/lib/python3.12/multiprocessing/util.py", line 227, in __call__
    res = self._callback(*self._args, **self._kwargs)
          ^^^^^^^^^^^^^^^^^^^^^^^^^^^^^^^^^^^^^^^^^^^
  File "/opt/ohpc/pub/compiler/conda/latest/lib/python3.12/multiprocessing/util.py", line 136, in _remove_temp_dir
    rmtree(tempdir, onerror=onerror)
  File "/opt/ohpc/pub/compiler/conda/latest/lib/python3.12/shutil.py", line 759, in rmtree
    _rmtree_safe_fd(stack, onexc)
  File "/opt/ohpc/pub/compiler/conda/latest/lib/python3.12/shutil.py", line 703, in _rmtree_safe_fd
    onexc(func, path, err)
  File "/opt/ohpc/pub/compiler/conda/latest/lib/python3.12/shutil.py", line 759, in rmtree
    _rmtree_safe_fd(stack, onexc)
  File "/opt/ohpc/pub/compiler/conda/latest/lib/python3.12/shutil.py", line 703, in _rmtree_safe_fd
    onexc(func, path, err)
  File "/opt/ohpc/pub/compiler/conda/latest/lib/python3.12/shutil.py", line 700, in _rmtree_safe_fd
    onexc(os.unlink, fullname, err)
  File "/opt/ohpc/pub/compiler/conda/latest/lib/python3.12/shutil.py", line 750, in onexc
    return onerror(func, path, exc_info)
           ^^^^^^^^^^^^^^^^^^^^^^^^^^^^^
  File "/opt/ohpc/pub/compiler/conda/latest/lib/python3.12/shutil.py", line 759, in rmtree
    _rmtree_safe_fd(stack, onexc)
  File "/opt/ohpc/pub/compiler/conda/latest/lib/python3.12/shutil.py", line 703, in _rmtree_safe_fd
    onexc(func, path, err)
  File "/opt/ohpc/pub/compiler/conda/latest/lib/python3.12/shutil.py", line 750, in onexc
    return onerror(func, path, exc_info)
           ^^^^^^^^^^^^^^^^^^^^^^^^^^^^^
  File "/opt/ohpc/pub/compiler/conda/latest/lib/python3.12/shutil.py", line 700, in _rmtree_safe_fd
    onexc(os.unlink, fullname, err)
  File "/opt/ohpc/pub/compiler/conda/latest/lib/python3.12/shutil.py", line 750, in onexc
    return onerror(func, path, exc_info)
           ^^^^^^^^^^^^^^^^^^^^^^^^^^^^^
  File "/opt/ohpc/pub/compiler/conda/latest/lib/python3.12/shutil.py", line 700, in _rmtree_safe_fd
    onexc(os.unlink, fullname, err)
  File "/opt/ohpc/pub/compiler/conda/latest/lib/python3.12/shutil.py", line 698, in _rmtree_safe_fd
    os.unlink(entry.name, dir_fd=topfd)
  File "/opt/ohpc/pub/compiler/conda/latest/lib/python3.12/shutil.py", line 750, in onexc
    return onerror(func, path, exc_info)
           ^^^^^^^^^^^^^^^^^^^^^^^^^^^^^
  File "/opt/ohpc/pub/compiler/conda/latest/lib/python3.12/shutil.py", line 700, in _rmtree_safe_fd
    onexc(os.unlink, fullname, err)
  File "/opt/ohpc/pub/compiler/conda/latest/lib/python3.12/shutil.py", line 750, in onexc
    return onerror(func, path, exc_info)
           ^^^^^^^^^^^^^^^^^^^^^^^^^^^^^
  File "/opt/ohpc/pub/compiler/conda/latest/lib/python3.12/shutil.py", line 698, in _rmtree_safe_fd
    os.unlink(entry.name, dir_fd=topfd)
  File "/opt/ohpc/pub/compiler/conda/latest/lib/python3.12/shutil.py", line 750, in onexc
    return onerror(func, path, exc_info)
           ^^^^^^^^^^^^^^^^^^^^^^^^^^^^^
  File "/opt/ohpc/pub/compiler/conda/latest/lib/python3.12/shutil.py", line 698, in _rmtree_safe_fd
    os.unlink(entry.name, dir_fd=topfd)
OSError: [Errno 16] Device or resource busy: '/tmp/pymp-rl8e67uq'
  File "/opt/ohpc/pub/compiler/conda/latest/lib/python3.12/shutil.py", line 750, in onexc
    return onerror(func, path, exc_info)
           ^^^^^^^^^^^^^^^^^^^^^^^^^^^^^
  File "/opt/ohpc/pub/compiler/conda/latest/lib/python3.12/shutil.py", line 698, in _rmtree_safe_fd
    os.unlink(entry.name, dir_fd=topfd)
OSError: [Errno 16] Device or resource busy: '/tmp/pymp-exhnd62a'
OSError: [Errno 16] Device or resource busy: '/tmp/pymp-enfx0lfa'
OSError: [Errno 16] Device or resource busy: '/tmp/pymp-drqc62mj'
[val 029] loss=-0.9754 z_std=0.0443 rankme=19.697 lidar=7.787 areq=1.911 pr=1.27 align=0.1173 unif=-0.954 converged=True collapsed=False
  e030 it0000/62 lr=0.0028 loss=-0.9732 z_std=0.0626
  e030 it0010/62 lr=0.0028 loss=-0.9689 z_std=0.0611
  e030 it0020/62 lr=0.0027 loss=-0.9707 z_std=0.0611
  e030 it0030/62 lr=0.0027 loss=-0.9719 z_std=0.0612
  e030 it0040/62 lr=0.0027 loss=-0.9726 z_std=0.0612
  e030 it0050/62 lr=0.0027 loss=-0.9719 z_std=0.0613
  e030 it0060/62 lr=0.0027 loss=-0.9710 z_std=0.0613
[epoch 030] loss=-0.9710 z_std=0.0614 (healthy~0.0625) time=230.6s
  e031 it0000/62 lr=0.0027 loss=-0.9779 z_std=0.0598
  e031 it0010/62 lr=0.0027 loss=-0.9722 z_std=0.0616
  e031 it0020/62 lr=0.0027 loss=-0.9691 z_std=0.0616
  e031 it0030/62 lr=0.0027 loss=-0.9704 z_std=0.0615
  e031 it0040/62 lr=0.0027 loss=-0.9698 z_std=0.0614
  e031 it0050/62 lr=0.0027 loss=-0.9711 z_std=0.0614
  e031 it0060/62 lr=0.0027 loss=-0.9701 z_std=0.0614
[epoch 031] loss=-0.9701 z_std=0.0614 (healthy~0.0625) time=232.1s
  e032 it0000/62 lr=0.0027 loss=-0.9684 z_std=0.0635
  e032 it0010/62 lr=0.0027 loss=-0.9706 z_std=0.0617
  e032 it0020/62 lr=0.0027 loss=-0.9711 z_std=0.0611
  e032 it0030/62 lr=0.0027 loss=-0.9707 z_std=0.0609
  e032 it0040/62 lr=0.0027 loss=-0.9714 z_std=0.0611
  e032 it0050/62 lr=0.0027 loss=-0.9706 z_std=0.0610
  e032 it0060/62 lr=0.0026 loss=-0.9706 z_std=0.0610
[epoch 032] loss=-0.9706 z_std=0.0610 (healthy~0.0625) time=238.3s
  e033 it0000/62 lr=0.0026 loss=-0.9787 z_std=0.0611
  e033 it0010/62 lr=0.0026 loss=-0.9753 z_std=0.0615
  e033 it0020/62 lr=0.0026 loss=-0.9749 z_std=0.0614
  e033 it0030/62 lr=0.0026 loss=-0.9740 z_std=0.0615
  e033 it0040/62 lr=0.0026 loss=-0.9734 z_std=0.0616
  e033 it0050/62 lr=0.0026 loss=-0.9741 z_std=0.0616
  e033 it0060/62 lr=0.0026 loss=-0.9739 z_std=0.0614
[epoch 033] loss=-0.9740 z_std=0.0614 (healthy~0.0625) time=236.2s
  e034 it0000/62 lr=0.0026 loss=-0.9764 z_std=0.0596
  e034 it0010/62 lr=0.0026 loss=-0.9781 z_std=0.0606
  e034 it0020/62 lr=0.0026 loss=-0.9728 z_std=0.0610
  e034 it0030/62 lr=0.0026 loss=-0.9732 z_std=0.0611
  e034 it0040/62 lr=0.0026 loss=-0.9727 z_std=0.0611
  e034 it0050/62 lr=0.0026 loss=-0.9732 z_std=0.0610
  e034 it0060/62 lr=0.0026 loss=-0.9740 z_std=0.0611
[epoch 034] loss=-0.9740 z_std=0.0611 (healthy~0.0625) time=231.5s
Traceback (most recent call last):
Traceback (most recent call last):
Traceback (most recent call last):
Traceback (most recent call last):
  File "/opt/ohpc/pub/compiler/conda/latest/lib/python3.12/multiprocessing/util.py", line 303, in _run_finalizers
    finalizer()
  File "/opt/ohpc/pub/compiler/conda/latest/lib/python3.12/multiprocessing/util.py", line 303, in _run_finalizers
    finalizer()
  File "/opt/ohpc/pub/compiler/conda/latest/lib/python3.12/multiprocessing/util.py", line 303, in _run_finalizers
    finalizer()
  File "/opt/ohpc/pub/compiler/conda/latest/lib/python3.12/multiprocessing/util.py", line 303, in _run_finalizers
    finalizer()
  File "/opt/ohpc/pub/compiler/conda/latest/lib/python3.12/multiprocessing/util.py", line 227, in __call__
    res = self._callback(*self._args, **self._kwargs)
          ^^^^^^^^^^^^^^^^^^^^^^^^^^^^^^^^^^^^^^^^^^^
  File "/opt/ohpc/pub/compiler/conda/latest/lib/python3.12/multiprocessing/util.py", line 136, in _remove_temp_dir
    rmtree(tempdir, onerror=onerror)
  File "/opt/ohpc/pub/compiler/conda/latest/lib/python3.12/multiprocessing/util.py", line 227, in __call__
    res = self._callback(*self._args, **self._kwargs)
          ^^^^^^^^^^^^^^^^^^^^^^^^^^^^^^^^^^^^^^^^^^^
  File "/opt/ohpc/pub/compiler/conda/latest/lib/python3.12/multiprocessing/util.py", line 136, in _remove_temp_dir
    rmtree(tempdir, onerror=onerror)
  File "/opt/ohpc/pub/compiler/conda/latest/lib/python3.12/multiprocessing/util.py", line 227, in __call__
    res = self._callback(*self._args, **self._kwargs)
          ^^^^^^^^^^^^^^^^^^^^^^^^^^^^^^^^^^^^^^^^^^^
  File "/opt/ohpc/pub/compiler/conda/latest/lib/python3.12/multiprocessing/util.py", line 136, in _remove_temp_dir
    rmtree(tempdir, onerror=onerror)
  File "/opt/ohpc/pub/compiler/conda/latest/lib/python3.12/multiprocessing/util.py", line 227, in __call__
    res = self._callback(*self._args, **self._kwargs)
          ^^^^^^^^^^^^^^^^^^^^^^^^^^^^^^^^^^^^^^^^^^^
  File "/opt/ohpc/pub/compiler/conda/latest/lib/python3.12/multiprocessing/util.py", line 136, in _remove_temp_dir
    rmtree(tempdir, onerror=onerror)
  File "/opt/ohpc/pub/compiler/conda/latest/lib/python3.12/shutil.py", line 759, in rmtree
    _rmtree_safe_fd(stack, onexc)
  File "/opt/ohpc/pub/compiler/conda/latest/lib/python3.12/shutil.py", line 703, in _rmtree_safe_fd
    onexc(func, path, err)
  File "/opt/ohpc/pub/compiler/conda/latest/lib/python3.12/shutil.py", line 759, in rmtree
    _rmtree_safe_fd(stack, onexc)
  File "/opt/ohpc/pub/compiler/conda/latest/lib/python3.12/shutil.py", line 703, in _rmtree_safe_fd
    onexc(func, path, err)
  File "/opt/ohpc/pub/compiler/conda/latest/lib/python3.12/shutil.py", line 759, in rmtree
    _rmtree_safe_fd(stack, onexc)
  File "/opt/ohpc/pub/compiler/conda/latest/lib/python3.12/shutil.py", line 703, in _rmtree_safe_fd
    onexc(func, path, err)
  File "/opt/ohpc/pub/compiler/conda/latest/lib/python3.12/shutil.py", line 759, in rmtree
    _rmtree_safe_fd(stack, onexc)
  File "/opt/ohpc/pub/compiler/conda/latest/lib/python3.12/shutil.py", line 703, in _rmtree_safe_fd
    onexc(func, path, err)
  File "/opt/ohpc/pub/compiler/conda/latest/lib/python3.12/shutil.py", line 750, in onexc
    return onerror(func, path, exc_info)
           ^^^^^^^^^^^^^^^^^^^^^^^^^^^^^
  File "/opt/ohpc/pub/compiler/conda/latest/lib/python3.12/shutil.py", line 700, in _rmtree_safe_fd
    onexc(os.unlink, fullname, err)
  File "/opt/ohpc/pub/compiler/conda/latest/lib/python3.12/shutil.py", line 750, in onexc
    return onerror(func, path, exc_info)
           ^^^^^^^^^^^^^^^^^^^^^^^^^^^^^
  File "/opt/ohpc/pub/compiler/conda/latest/lib/python3.12/shutil.py", line 700, in _rmtree_safe_fd
    onexc(os.unlink, fullname, err)
  File "/opt/ohpc/pub/compiler/conda/latest/lib/python3.12/shutil.py", line 750, in onexc
    return onerror(func, path, exc_info)
           ^^^^^^^^^^^^^^^^^^^^^^^^^^^^^
  File "/opt/ohpc/pub/compiler/conda/latest/lib/python3.12/shutil.py", line 700, in _rmtree_safe_fd
    onexc(os.unlink, fullname, err)
  File "/opt/ohpc/pub/compiler/conda/latest/lib/python3.12/shutil.py", line 750, in onexc
    return onerror(func, path, exc_info)
           ^^^^^^^^^^^^^^^^^^^^^^^^^^^^^
  File "/opt/ohpc/pub/compiler/conda/latest/lib/python3.12/shutil.py", line 700, in _rmtree_safe_fd
    onexc(os.unlink, fullname, err)
  File "/opt/ohpc/pub/compiler/conda/latest/lib/python3.12/shutil.py", line 750, in onexc
    return onerror(func, path, exc_info)
           ^^^^^^^^^^^^^^^^^^^^^^^^^^^^^
  File "/opt/ohpc/pub/compiler/conda/latest/lib/python3.12/shutil.py", line 698, in _rmtree_safe_fd
    os.unlink(entry.name, dir_fd=topfd)
  File "/opt/ohpc/pub/compiler/conda/latest/lib/python3.12/shutil.py", line 750, in onexc
    return onerror(func, path, exc_info)
           ^^^^^^^^^^^^^^^^^^^^^^^^^^^^^
  File "/opt/ohpc/pub/compiler/conda/latest/lib/python3.12/shutil.py", line 698, in _rmtree_safe_fd
    os.unlink(entry.name, dir_fd=topfd)
  File "/opt/ohpc/pub/compiler/conda/latest/lib/python3.12/shutil.py", line 750, in onexc
    return onerror(func, path, exc_info)
           ^^^^^^^^^^^^^^^^^^^^^^^^^^^^^
  File "/opt/ohpc/pub/compiler/conda/latest/lib/python3.12/shutil.py", line 698, in _rmtree_safe_fd
    os.unlink(entry.name, dir_fd=topfd)
  File "/opt/ohpc/pub/compiler/conda/latest/lib/python3.12/shutil.py", line 750, in onexc
    return onerror(func, path, exc_info)
           ^^^^^^^^^^^^^^^^^^^^^^^^^^^^^
  File "/opt/ohpc/pub/compiler/conda/latest/lib/python3.12/shutil.py", line 698, in _rmtree_safe_fd
    os.unlink(entry.name, dir_fd=topfd)
OSError: [Errno 16] Device or resource busy: '/tmp/pymp-8wq8lbx1'
OSError: [Errno 16] Device or resource busy: '/tmp/pymp-5b56zogd'
OSError: [Errno 16] Device or resource busy: '/tmp/pymp-1w_vmcvq'
OSError: [Errno 16] Device or resource busy: '/tmp/pymp-gwo6r4_i'
Traceback (most recent call last):
Traceback (most recent call last):
Traceback (most recent call last):
  File "/opt/ohpc/pub/compiler/conda/latest/lib/python3.12/multiprocessing/util.py", line 303, in _run_finalizers
    finalizer()
  File "/opt/ohpc/pub/compiler/conda/latest/lib/python3.12/multiprocessing/util.py", line 303, in _run_finalizers
    finalizer()
  File "/opt/ohpc/pub/compiler/conda/latest/lib/python3.12/multiprocessing/util.py", line 303, in _run_finalizers
    finalizer()
  File "/opt/ohpc/pub/compiler/conda/latest/lib/python3.12/multiprocessing/util.py", line 227, in __call__
    res = self._callback(*self._args, **self._kwargs)
          ^^^^^^^^^^^^^^^^^^^^^^^^^^^^^^^^^^^^^^^^^^^
  File "/opt/ohpc/pub/compiler/conda/latest/lib/python3.12/multiprocessing/util.py", line 136, in _remove_temp_dir
    rmtree(tempdir, onerror=onerror)
  File "/opt/ohpc/pub/compiler/conda/latest/lib/python3.12/multiprocessing/util.py", line 227, in __call__
    res = self._callback(*self._args, **self._kwargs)
          ^^^^^^^^^^^^^^^^^^^^^^^^^^^^^^^^^^^^^^^^^^^
  File "/opt/ohpc/pub/compiler/conda/latest/lib/python3.12/multiprocessing/util.py", line 227, in __call__
    res = self._callback(*self._args, **self._kwargs)
          ^^^^^^^^^^^^^^^^^^^^^^^^^^^^^^^^^^^^^^^^^^^
  File "/opt/ohpc/pub/compiler/conda/latest/lib/python3.12/shutil.py", line 759, in rmtree
    _rmtree_safe_fd(stack, onexc)
Traceback (most recent call last):
  File "/opt/ohpc/pub/compiler/conda/latest/lib/python3.12/multiprocessing/util.py", line 136, in _remove_temp_dir
    rmtree(tempdir, onerror=onerror)
  File "/opt/ohpc/pub/compiler/conda/latest/lib/python3.12/multiprocessing/util.py", line 136, in _remove_temp_dir
    rmtree(tempdir, onerror=onerror)
  File "/opt/ohpc/pub/compiler/conda/latest/lib/python3.12/shutil.py", line 703, in _rmtree_safe_fd
    onexc(func, path, err)
  File "/opt/ohpc/pub/compiler/conda/latest/lib/python3.12/multiprocessing/util.py", line 303, in _run_finalizers
    finalizer()
  File "/opt/ohpc/pub/compiler/conda/latest/lib/python3.12/shutil.py", line 759, in rmtree
    _rmtree_safe_fd(stack, onexc)
  File "/opt/ohpc/pub/compiler/conda/latest/lib/python3.12/shutil.py", line 759, in rmtree
    _rmtree_safe_fd(stack, onexc)
  File "/opt/ohpc/pub/compiler/conda/latest/lib/python3.12/shutil.py", line 750, in onexc
    return onerror(func, path, exc_info)
           ^^^^^^^^^^^^^^^^^^^^^^^^^^^^^
  File "/opt/ohpc/pub/compiler/conda/latest/lib/python3.12/multiprocessing/util.py", line 227, in __call__
    res = self._callback(*self._args, **self._kwargs)
          ^^^^^^^^^^^^^^^^^^^^^^^^^^^^^^^^^^^^^^^^^^^
  File "/opt/ohpc/pub/compiler/conda/latest/lib/python3.12/shutil.py", line 703, in _rmtree_safe_fd
    onexc(func, path, err)
  File "/opt/ohpc/pub/compiler/conda/latest/lib/python3.12/shutil.py", line 703, in _rmtree_safe_fd
    onexc(func, path, err)
  File "/opt/ohpc/pub/compiler/conda/latest/lib/python3.12/shutil.py", line 700, in _rmtree_safe_fd
    onexc(os.unlink, fullname, err)
  File "/opt/ohpc/pub/compiler/conda/latest/lib/python3.12/multiprocessing/util.py", line 136, in _remove_temp_dir
    rmtree(tempdir, onerror=onerror)
  File "/opt/ohpc/pub/compiler/conda/latest/lib/python3.12/shutil.py", line 750, in onexc
    return onerror(func, path, exc_info)
           ^^^^^^^^^^^^^^^^^^^^^^^^^^^^^
  File "/opt/ohpc/pub/compiler/conda/latest/lib/python3.12/shutil.py", line 750, in onexc
    return onerror(func, path, exc_info)
           ^^^^^^^^^^^^^^^^^^^^^^^^^^^^^
  File "/opt/ohpc/pub/compiler/conda/latest/lib/python3.12/shutil.py", line 750, in onexc
    return onerror(func, path, exc_info)
           ^^^^^^^^^^^^^^^^^^^^^^^^^^^^^
  File "/opt/ohpc/pub/compiler/conda/latest/lib/python3.12/shutil.py", line 759, in rmtree
    _rmtree_safe_fd(stack, onexc)
  File "/opt/ohpc/pub/compiler/conda/latest/lib/python3.12/shutil.py", line 700, in _rmtree_safe_fd
    onexc(os.unlink, fullname, err)
  File "/opt/ohpc/pub/compiler/conda/latest/lib/python3.12/shutil.py", line 700, in _rmtree_safe_fd
    onexc(os.unlink, fullname, err)
  File "/opt/ohpc/pub/compiler/conda/latest/lib/python3.12/shutil.py", line 698, in _rmtree_safe_fd
    os.unlink(entry.name, dir_fd=topfd)
  File "/opt/ohpc/pub/compiler/conda/latest/lib/python3.12/shutil.py", line 703, in _rmtree_safe_fd
    onexc(func, path, err)
  File "/opt/ohpc/pub/compiler/conda/latest/lib/python3.12/shutil.py", line 750, in onexc
    return onerror(func, path, exc_info)
           ^^^^^^^^^^^^^^^^^^^^^^^^^^^^^
  File "/opt/ohpc/pub/compiler/conda/latest/lib/python3.12/shutil.py", line 750, in onexc
    return onerror(func, path, exc_info)
           ^^^^^^^^^^^^^^^^^^^^^^^^^^^^^
OSError: [Errno 16] Device or resource busy: '/tmp/pymp-8s4mo8dp'
  File "/opt/ohpc/pub/compiler/conda/latest/lib/python3.12/shutil.py", line 750, in onexc
    return onerror(func, path, exc_info)
           ^^^^^^^^^^^^^^^^^^^^^^^^^^^^^
  File "/opt/ohpc/pub/compiler/conda/latest/lib/python3.12/shutil.py", line 698, in _rmtree_safe_fd
    os.unlink(entry.name, dir_fd=topfd)
  File "/opt/ohpc/pub/compiler/conda/latest/lib/python3.12/shutil.py", line 698, in _rmtree_safe_fd
    os.unlink(entry.name, dir_fd=topfd)
  File "/opt/ohpc/pub/compiler/conda/latest/lib/python3.12/shutil.py", line 700, in _rmtree_safe_fd
    onexc(os.unlink, fullname, err)
OSError: [Errno 16] Device or resource busy: '/tmp/pymp-z678ye7m'
OSError: [Errno 16] Device or resource busy: '/tmp/pymp-ekls5kal'
  File "/opt/ohpc/pub/compiler/conda/latest/lib/python3.12/shutil.py", line 750, in onexc
    return onerror(func, path, exc_info)
           ^^^^^^^^^^^^^^^^^^^^^^^^^^^^^
  File "/opt/ohpc/pub/compiler/conda/latest/lib/python3.12/shutil.py", line 698, in _rmtree_safe_fd
    os.unlink(entry.name, dir_fd=topfd)
OSError: [Errno 16] Device or resource busy: '/tmp/pymp-k097wl8m'
Traceback (most recent call last):
Traceback (most recent call last):
Traceback (most recent call last):
  File "/opt/ohpc/pub/compiler/conda/latest/lib/python3.12/multiprocessing/util.py", line 303, in _run_finalizers
    finalizer()
Traceback (most recent call last):
  File "/opt/ohpc/pub/compiler/conda/latest/lib/python3.12/multiprocessing/util.py", line 303, in _run_finalizers
    finalizer()
  File "/opt/ohpc/pub/compiler/conda/latest/lib/python3.12/multiprocessing/util.py", line 227, in __call__
    res = self._callback(*self._args, **self._kwargs)
          ^^^^^^^^^^^^^^^^^^^^^^^^^^^^^^^^^^^^^^^^^^^
  File "/opt/ohpc/pub/compiler/conda/latest/lib/python3.12/multiprocessing/util.py", line 303, in _run_finalizers
    finalizer()
  File "/opt/ohpc/pub/compiler/conda/latest/lib/python3.12/multiprocessing/util.py", line 227, in __call__
    res = self._callback(*self._args, **self._kwargs)
          ^^^^^^^^^^^^^^^^^^^^^^^^^^^^^^^^^^^^^^^^^^^
  File "/opt/ohpc/pub/compiler/conda/latest/lib/python3.12/multiprocessing/util.py", line 303, in _run_finalizers
    finalizer()
  File "/opt/ohpc/pub/compiler/conda/latest/lib/python3.12/multiprocessing/util.py", line 136, in _remove_temp_dir
    rmtree(tempdir, onerror=onerror)
  File "/opt/ohpc/pub/compiler/conda/latest/lib/python3.12/shutil.py", line 759, in rmtree
    _rmtree_safe_fd(stack, onexc)
  File "/opt/ohpc/pub/compiler/conda/latest/lib/python3.12/multiprocessing/util.py", line 227, in __call__
    res = self._callback(*self._args, **self._kwargs)
          ^^^^^^^^^^^^^^^^^^^^^^^^^^^^^^^^^^^^^^^^^^^
  File "/opt/ohpc/pub/compiler/conda/latest/lib/python3.12/multiprocessing/util.py", line 136, in _remove_temp_dir
    rmtree(tempdir, onerror=onerror)
  File "/opt/ohpc/pub/compiler/conda/latest/lib/python3.12/multiprocessing/util.py", line 136, in _remove_temp_dir
    rmtree(tempdir, onerror=onerror)
  File "/opt/ohpc/pub/compiler/conda/latest/lib/python3.12/shutil.py", line 759, in rmtree
    _rmtree_safe_fd(stack, onexc)
  File "/opt/ohpc/pub/compiler/conda/latest/lib/python3.12/multiprocessing/util.py", line 227, in __call__
    res = self._callback(*self._args, **self._kwargs)
          ^^^^^^^^^^^^^^^^^^^^^^^^^^^^^^^^^^^^^^^^^^^
  File "/opt/ohpc/pub/compiler/conda/latest/lib/python3.12/shutil.py", line 703, in _rmtree_safe_fd
    onexc(func, path, err)
  File "/opt/ohpc/pub/compiler/conda/latest/lib/python3.12/shutil.py", line 750, in onexc
    return onerror(func, path, exc_info)
           ^^^^^^^^^^^^^^^^^^^^^^^^^^^^^
  File "/opt/ohpc/pub/compiler/conda/latest/lib/python3.12/shutil.py", line 759, in rmtree
    _rmtree_safe_fd(stack, onexc)
  File "/opt/ohpc/pub/compiler/conda/latest/lib/python3.12/shutil.py", line 703, in _rmtree_safe_fd
    onexc(func, path, err)
  File "/opt/ohpc/pub/compiler/conda/latest/lib/python3.12/shutil.py", line 703, in _rmtree_safe_fd
    onexc(func, path, err)
  File "/opt/ohpc/pub/compiler/conda/latest/lib/python3.12/shutil.py", line 750, in onexc
    return onerror(func, path, exc_info)
           ^^^^^^^^^^^^^^^^^^^^^^^^^^^^^
  File "/opt/ohpc/pub/compiler/conda/latest/lib/python3.12/multiprocessing/util.py", line 136, in _remove_temp_dir
    rmtree(tempdir, onerror=onerror)
  File "/opt/ohpc/pub/compiler/conda/latest/lib/python3.12/shutil.py", line 700, in _rmtree_safe_fd
    onexc(os.unlink, fullname, err)
  File "/opt/ohpc/pub/compiler/conda/latest/lib/python3.12/shutil.py", line 750, in onexc
    return onerror(func, path, exc_info)
           ^^^^^^^^^^^^^^^^^^^^^^^^^^^^^
  File "/opt/ohpc/pub/compiler/conda/latest/lib/python3.12/shutil.py", line 750, in onexc
    return onerror(func, path, exc_info)
           ^^^^^^^^^^^^^^^^^^^^^^^^^^^^^
  File "/opt/ohpc/pub/compiler/conda/latest/lib/python3.12/shutil.py", line 700, in _rmtree_safe_fd
    onexc(os.unlink, fullname, err)
  File "/opt/ohpc/pub/compiler/conda/latest/lib/python3.12/shutil.py", line 700, in _rmtree_safe_fd
    onexc(os.unlink, fullname, err)
  File "/opt/ohpc/pub/compiler/conda/latest/lib/python3.12/shutil.py", line 750, in onexc
    return onerror(func, path, exc_info)
           ^^^^^^^^^^^^^^^^^^^^^^^^^^^^^
  File "/opt/ohpc/pub/compiler/conda/latest/lib/python3.12/shutil.py", line 759, in rmtree
    _rmtree_safe_fd(stack, onexc)
  File "/opt/ohpc/pub/compiler/conda/latest/lib/python3.12/shutil.py", line 698, in _rmtree_safe_fd
    os.unlink(entry.name, dir_fd=topfd)
OSError: [Errno 16] Device or resource busy: '/tmp/pymp-tf3lb84z'
  File "/opt/ohpc/pub/compiler/conda/latest/lib/python3.12/shutil.py", line 750, in onexc
    return onerror(func, path, exc_info)
           ^^^^^^^^^^^^^^^^^^^^^^^^^^^^^
  File "/opt/ohpc/pub/compiler/conda/latest/lib/python3.12/shutil.py", line 698, in _rmtree_safe_fd
    os.unlink(entry.name, dir_fd=topfd)
  File "/opt/ohpc/pub/compiler/conda/latest/lib/python3.12/shutil.py", line 698, in _rmtree_safe_fd
    os.unlink(entry.name, dir_fd=topfd)
OSError: [Errno 16] Device or resource busy: '/tmp/pymp-q83z6zzk'
  File "/opt/ohpc/pub/compiler/conda/latest/lib/python3.12/shutil.py", line 703, in _rmtree_safe_fd
    onexc(func, path, err)
OSError: [Errno 16] Device or resource busy: '/tmp/pymp-b7zdludh'
  File "/opt/ohpc/pub/compiler/conda/latest/lib/python3.12/shutil.py", line 750, in onexc
    return onerror(func, path, exc_info)
           ^^^^^^^^^^^^^^^^^^^^^^^^^^^^^
  File "/opt/ohpc/pub/compiler/conda/latest/lib/python3.12/shutil.py", line 700, in _rmtree_safe_fd
    onexc(os.unlink, fullname, err)
  File "/opt/ohpc/pub/compiler/conda/latest/lib/python3.12/shutil.py", line 750, in onexc
    return onerror(func, path, exc_info)
           ^^^^^^^^^^^^^^^^^^^^^^^^^^^^^
  File "/opt/ohpc/pub/compiler/conda/latest/lib/python3.12/shutil.py", line 698, in _rmtree_safe_fd
    os.unlink(entry.name, dir_fd=topfd)
OSError: [Errno 16] Device or resource busy: '/tmp/pymp-5nhbvrna'
[val 034] loss=-0.9783 z_std=0.0443 rankme=19.008 lidar=7.624 areq=1.934 pr=1.26 align=0.1257 unif=-0.949 converged=True collapsed=False
  e035 it0000/62 lr=0.0026 loss=-0.9653 z_std=0.0600
  e035 it0010/62 lr=0.0026 loss=-0.9656 z_std=0.0610
  e035 it0020/62 lr=0.0026 loss=-0.9673 z_std=0.0613
  e035 it0030/62 lr=0.0025 loss=-0.9677 z_std=0.0612
  e035 it0040/62 lr=0.0025 loss=-0.9678 z_std=0.0613
  e035 it0050/62 lr=0.0025 loss=-0.9689 z_std=0.0614
  e035 it0060/62 lr=0.0025 loss=-0.9701 z_std=0.0615
[epoch 035] loss=-0.9701 z_std=0.0615 (healthy~0.0625) time=230.5s
  e036 it0000/62 lr=0.0025 loss=-0.9782 z_std=0.0624
  e036 it0010/62 lr=0.0025 loss=-0.9619 z_std=0.0612
  e036 it0020/62 lr=0.0025 loss=-0.9682 z_std=0.0613
  e036 it0030/62 lr=0.0025 loss=-0.9672 z_std=0.0611
  e036 it0040/62 lr=0.0025 loss=-0.9669 z_std=0.0613
  e036 it0050/62 lr=0.0025 loss=-0.9683 z_std=0.0613
  e036 it0060/62 lr=0.0025 loss=-0.9687 z_std=0.0614
[epoch 036] loss=-0.9689 z_std=0.0613 (healthy~0.0625) time=230.5s
  e037 it0000/62 lr=0.0025 loss=-0.9634 z_std=0.0598
  e037 it0010/62 lr=0.0025 loss=-0.9614 z_std=0.0617
  e037 it0020/62 lr=0.0025 loss=-0.9673 z_std=0.0611
  e037 it0030/62 lr=0.0025 loss=-0.9678 z_std=0.0614
  e037 it0040/62 lr=0.0025 loss=-0.9691 z_std=0.0613
  e037 it0050/62 lr=0.0024 loss=-0.9707 z_std=0.0613
  e037 it0060/62 lr=0.0024 loss=-0.9713 z_std=0.0613
[epoch 037] loss=-0.9712 z_std=0.0613 (healthy~0.0625) time=229.1s
  e038 it0000/62 lr=0.0024 loss=-0.9797 z_std=0.0611
  e038 it0010/62 lr=0.0024 loss=-0.9763 z_std=0.0617
  e038 it0020/62 lr=0.0024 loss=-0.9723 z_std=0.0617
  e038 it0030/62 lr=0.0024 loss=-0.9724 z_std=0.0616
  e038 it0040/62 lr=0.0024 loss=-0.9730 z_std=0.0615
  e038 it0050/62 lr=0.0024 loss=-0.9726 z_std=0.0615
  e038 it0060/62 lr=0.0024 loss=-0.9727 z_std=0.0615
[epoch 038] loss=-0.9727 z_std=0.0615 (healthy~0.0625) time=234.6s
  e039 it0000/62 lr=0.0024 loss=-0.9746 z_std=0.0599
  e039 it0010/62 lr=0.0024 loss=-0.9708 z_std=0.0614
  e039 it0020/62 lr=0.0024 loss=-0.9664 z_std=0.0613
  e039 it0030/62 lr=0.0024 loss=-0.9686 z_std=0.0613
  e039 it0040/62 lr=0.0024 loss=-0.9689 z_std=0.0614
  e039 it0050/62 lr=0.0024 loss=-0.9704 z_std=0.0613
  e039 it0060/62 lr=0.0023 loss=-0.9710 z_std=0.0613
[epoch 039] loss=-0.9706 z_std=0.0613 (healthy~0.0625) time=232.3s
Traceback (most recent call last):
Traceback (most recent call last):
  File "/opt/ohpc/pub/compiler/conda/latest/lib/python3.12/multiprocessing/util.py", line 303, in _run_finalizers
    finalizer()
  File "/opt/ohpc/pub/compiler/conda/latest/lib/python3.12/multiprocessing/util.py", line 303, in _run_finalizers
    finalizer()
  File "/opt/ohpc/pub/compiler/conda/latest/lib/python3.12/multiprocessing/util.py", line 227, in __call__
    res = self._callback(*self._args, **self._kwargs)
          ^^^^^^^^^^^^^^^^^^^^^^^^^^^^^^^^^^^^^^^^^^^
  File "/opt/ohpc/pub/compiler/conda/latest/lib/python3.12/multiprocessing/util.py", line 136, in _remove_temp_dir
    rmtree(tempdir, onerror=onerror)
  File "/opt/ohpc/pub/compiler/conda/latest/lib/python3.12/multiprocessing/util.py", line 227, in __call__
    res = self._callback(*self._args, **self._kwargs)
          ^^^^^^^^^^^^^^^^^^^^^^^^^^^^^^^^^^^^^^^^^^^
Traceback (most recent call last):
Traceback (most recent call last):
  File "/opt/ohpc/pub/compiler/conda/latest/lib/python3.12/shutil.py", line 759, in rmtree
    _rmtree_safe_fd(stack, onexc)
  File "/opt/ohpc/pub/compiler/conda/latest/lib/python3.12/multiprocessing/util.py", line 136, in _remove_temp_dir
    rmtree(tempdir, onerror=onerror)
  File "/opt/ohpc/pub/compiler/conda/latest/lib/python3.12/multiprocessing/util.py", line 303, in _run_finalizers
    finalizer()
  File "/opt/ohpc/pub/compiler/conda/latest/lib/python3.12/multiprocessing/util.py", line 303, in _run_finalizers
    finalizer()
  File "/opt/ohpc/pub/compiler/conda/latest/lib/python3.12/shutil.py", line 703, in _rmtree_safe_fd
    onexc(func, path, err)
  File "/opt/ohpc/pub/compiler/conda/latest/lib/python3.12/shutil.py", line 759, in rmtree
    _rmtree_safe_fd(stack, onexc)
  File "/opt/ohpc/pub/compiler/conda/latest/lib/python3.12/multiprocessing/util.py", line 227, in __call__
    res = self._callback(*self._args, **self._kwargs)
          ^^^^^^^^^^^^^^^^^^^^^^^^^^^^^^^^^^^^^^^^^^^
  File "/opt/ohpc/pub/compiler/conda/latest/lib/python3.12/multiprocessing/util.py", line 227, in __call__
    res = self._callback(*self._args, **self._kwargs)
          ^^^^^^^^^^^^^^^^^^^^^^^^^^^^^^^^^^^^^^^^^^^
  File "/opt/ohpc/pub/compiler/conda/latest/lib/python3.12/shutil.py", line 750, in onexc
    return onerror(func, path, exc_info)
           ^^^^^^^^^^^^^^^^^^^^^^^^^^^^^
  File "/opt/ohpc/pub/compiler/conda/latest/lib/python3.12/shutil.py", line 700, in _rmtree_safe_fd
    onexc(os.unlink, fullname, err)
  File "/opt/ohpc/pub/compiler/conda/latest/lib/python3.12/shutil.py", line 703, in _rmtree_safe_fd
    onexc(func, path, err)
  File "/opt/ohpc/pub/compiler/conda/latest/lib/python3.12/multiprocessing/util.py", line 136, in _remove_temp_dir
    rmtree(tempdir, onerror=onerror)
  File "/opt/ohpc/pub/compiler/conda/latest/lib/python3.12/multiprocessing/util.py", line 136, in _remove_temp_dir
    rmtree(tempdir, onerror=onerror)
  File "/opt/ohpc/pub/compiler/conda/latest/lib/python3.12/shutil.py", line 750, in onexc
    return onerror(func, path, exc_info)
           ^^^^^^^^^^^^^^^^^^^^^^^^^^^^^
  File "/opt/ohpc/pub/compiler/conda/latest/lib/python3.12/shutil.py", line 750, in onexc
    return onerror(func, path, exc_info)
           ^^^^^^^^^^^^^^^^^^^^^^^^^^^^^
  File "/opt/ohpc/pub/compiler/conda/latest/lib/python3.12/shutil.py", line 700, in _rmtree_safe_fd
    onexc(os.unlink, fullname, err)
  File "/opt/ohpc/pub/compiler/conda/latest/lib/python3.12/shutil.py", line 759, in rmtree
    _rmtree_safe_fd(stack, onexc)
  File "/opt/ohpc/pub/compiler/conda/latest/lib/python3.12/shutil.py", line 759, in rmtree
    _rmtree_safe_fd(stack, onexc)
  File "/opt/ohpc/pub/compiler/conda/latest/lib/python3.12/shutil.py", line 698, in _rmtree_safe_fd
    os.unlink(entry.name, dir_fd=topfd)
  File "/opt/ohpc/pub/compiler/conda/latest/lib/python3.12/shutil.py", line 750, in onexc
    return onerror(func, path, exc_info)
           ^^^^^^^^^^^^^^^^^^^^^^^^^^^^^
  File "/opt/ohpc/pub/compiler/conda/latest/lib/python3.12/shutil.py", line 698, in _rmtree_safe_fd
    os.unlink(entry.name, dir_fd=topfd)
  File "/opt/ohpc/pub/compiler/conda/latest/lib/python3.12/shutil.py", line 703, in _rmtree_safe_fd
    onexc(func, path, err)
  File "/opt/ohpc/pub/compiler/conda/latest/lib/python3.12/shutil.py", line 703, in _rmtree_safe_fd
    onexc(func, path, err)
OSError: [Errno 16] Device or resource busy: '/tmp/pymp-6_d55r7a'
OSError: [Errno 16] Device or resource busy: '/tmp/pymp-blzcrk3m'
  File "/opt/ohpc/pub/compiler/conda/latest/lib/python3.12/shutil.py", line 750, in onexc
    return onerror(func, path, exc_info)
           ^^^^^^^^^^^^^^^^^^^^^^^^^^^^^
  File "/opt/ohpc/pub/compiler/conda/latest/lib/python3.12/shutil.py", line 700, in _rmtree_safe_fd
    onexc(os.unlink, fullname, err)
  File "/opt/ohpc/pub/compiler/conda/latest/lib/python3.12/shutil.py", line 750, in onexc
    return onerror(func, path, exc_info)
           ^^^^^^^^^^^^^^^^^^^^^^^^^^^^^
  File "/opt/ohpc/pub/compiler/conda/latest/lib/python3.12/shutil.py", line 698, in _rmtree_safe_fd
    os.unlink(entry.name, dir_fd=topfd)
OSError: [Errno 16] Device or resource busy: '/tmp/pymp-4niwxd9d'
  File "/opt/ohpc/pub/compiler/conda/latest/lib/python3.12/shutil.py", line 750, in onexc
    return onerror(func, path, exc_info)
           ^^^^^^^^^^^^^^^^^^^^^^^^^^^^^
  File "/opt/ohpc/pub/compiler/conda/latest/lib/python3.12/shutil.py", line 700, in _rmtree_safe_fd
    onexc(os.unlink, fullname, err)
  File "/opt/ohpc/pub/compiler/conda/latest/lib/python3.12/shutil.py", line 750, in onexc
    return onerror(func, path, exc_info)
           ^^^^^^^^^^^^^^^^^^^^^^^^^^^^^
  File "/opt/ohpc/pub/compiler/conda/latest/lib/python3.12/shutil.py", line 698, in _rmtree_safe_fd
    os.unlink(entry.name, dir_fd=topfd)
OSError: [Errno 16] Device or resource busy: '/tmp/pymp-d8vw0kv7'
Traceback (most recent call last):
Traceback (most recent call last):
Traceback (most recent call last):
Traceback (most recent call last):
  File "/opt/ohpc/pub/compiler/conda/latest/lib/python3.12/multiprocessing/util.py", line 303, in _run_finalizers
    finalizer()
  File "/opt/ohpc/pub/compiler/conda/latest/lib/python3.12/multiprocessing/util.py", line 303, in _run_finalizers
    finalizer()
  File "/opt/ohpc/pub/compiler/conda/latest/lib/python3.12/multiprocessing/util.py", line 303, in _run_finalizers
    finalizer()
  File "/opt/ohpc/pub/compiler/conda/latest/lib/python3.12/multiprocessing/util.py", line 303, in _run_finalizers
    finalizer()
  File "/opt/ohpc/pub/compiler/conda/latest/lib/python3.12/multiprocessing/util.py", line 227, in __call__
    res = self._callback(*self._args, **self._kwargs)
          ^^^^^^^^^^^^^^^^^^^^^^^^^^^^^^^^^^^^^^^^^^^
  File "/opt/ohpc/pub/compiler/conda/latest/lib/python3.12/multiprocessing/util.py", line 227, in __call__
    res = self._callback(*self._args, **self._kwargs)
          ^^^^^^^^^^^^^^^^^^^^^^^^^^^^^^^^^^^^^^^^^^^
  File "/opt/ohpc/pub/compiler/conda/latest/lib/python3.12/multiprocessing/util.py", line 227, in __call__
    res = self._callback(*self._args, **self._kwargs)
          ^^^^^^^^^^^^^^^^^^^^^^^^^^^^^^^^^^^^^^^^^^^
  File "/opt/ohpc/pub/compiler/conda/latest/lib/python3.12/multiprocessing/util.py", line 136, in _remove_temp_dir
    rmtree(tempdir, onerror=onerror)
  File "/opt/ohpc/pub/compiler/conda/latest/lib/python3.12/multiprocessing/util.py", line 227, in __call__
    res = self._callback(*self._args, **self._kwargs)
          ^^^^^^^^^^^^^^^^^^^^^^^^^^^^^^^^^^^^^^^^^^^
  File "/opt/ohpc/pub/compiler/conda/latest/lib/python3.12/multiprocessing/util.py", line 136, in _remove_temp_dir
    rmtree(tempdir, onerror=onerror)
  File "/opt/ohpc/pub/compiler/conda/latest/lib/python3.12/multiprocessing/util.py", line 136, in _remove_temp_dir
    rmtree(tempdir, onerror=onerror)
  File "/opt/ohpc/pub/compiler/conda/latest/lib/python3.12/shutil.py", line 759, in rmtree
    _rmtree_safe_fd(stack, onexc)
  File "/opt/ohpc/pub/compiler/conda/latest/lib/python3.12/multiprocessing/util.py", line 136, in _remove_temp_dir
    rmtree(tempdir, onerror=onerror)
  File "/opt/ohpc/pub/compiler/conda/latest/lib/python3.12/shutil.py", line 759, in rmtree
    _rmtree_safe_fd(stack, onexc)
  File "/opt/ohpc/pub/compiler/conda/latest/lib/python3.12/shutil.py", line 759, in rmtree
    _rmtree_safe_fd(stack, onexc)
  File "/opt/ohpc/pub/compiler/conda/latest/lib/python3.12/shutil.py", line 759, in rmtree
    _rmtree_safe_fd(stack, onexc)
  File "/opt/ohpc/pub/compiler/conda/latest/lib/python3.12/shutil.py", line 703, in _rmtree_safe_fd
    onexc(func, path, err)
  File "/opt/ohpc/pub/compiler/conda/latest/lib/python3.12/shutil.py", line 703, in _rmtree_safe_fd
    onexc(func, path, err)
  File "/opt/ohpc/pub/compiler/conda/latest/lib/python3.12/shutil.py", line 750, in onexc
    return onerror(func, path, exc_info)
           ^^^^^^^^^^^^^^^^^^^^^^^^^^^^^
  File "/opt/ohpc/pub/compiler/conda/latest/lib/python3.12/shutil.py", line 703, in _rmtree_safe_fd
    onexc(func, path, err)
  File "/opt/ohpc/pub/compiler/conda/latest/lib/python3.12/shutil.py", line 703, in _rmtree_safe_fd
    onexc(func, path, err)
  File "/opt/ohpc/pub/compiler/conda/latest/lib/python3.12/shutil.py", line 750, in onexc
    return onerror(func, path, exc_info)
           ^^^^^^^^^^^^^^^^^^^^^^^^^^^^^
  File "/opt/ohpc/pub/compiler/conda/latest/lib/python3.12/shutil.py", line 700, in _rmtree_safe_fd
    onexc(os.unlink, fullname, err)
  File "/opt/ohpc/pub/compiler/conda/latest/lib/python3.12/shutil.py", line 750, in onexc
    return onerror(func, path, exc_info)
           ^^^^^^^^^^^^^^^^^^^^^^^^^^^^^
  File "/opt/ohpc/pub/compiler/conda/latest/lib/python3.12/shutil.py", line 750, in onexc
    return onerror(func, path, exc_info)
           ^^^^^^^^^^^^^^^^^^^^^^^^^^^^^
  File "/opt/ohpc/pub/compiler/conda/latest/lib/python3.12/shutil.py", line 700, in _rmtree_safe_fd
    onexc(os.unlink, fullname, err)
  File "/opt/ohpc/pub/compiler/conda/latest/lib/python3.12/shutil.py", line 700, in _rmtree_safe_fd
    onexc(os.unlink, fullname, err)
  File "/opt/ohpc/pub/compiler/conda/latest/lib/python3.12/shutil.py", line 750, in onexc
    return onerror(func, path, exc_info)
           ^^^^^^^^^^^^^^^^^^^^^^^^^^^^^
  File "/opt/ohpc/pub/compiler/conda/latest/lib/python3.12/shutil.py", line 700, in _rmtree_safe_fd
    onexc(os.unlink, fullname, err)
  File "/opt/ohpc/pub/compiler/conda/latest/lib/python3.12/shutil.py", line 750, in onexc
    return onerror(func, path, exc_info)
           ^^^^^^^^^^^^^^^^^^^^^^^^^^^^^
  File "/opt/ohpc/pub/compiler/conda/latest/lib/python3.12/shutil.py", line 750, in onexc
    return onerror(func, path, exc_info)
           ^^^^^^^^^^^^^^^^^^^^^^^^^^^^^
  File "/opt/ohpc/pub/compiler/conda/latest/lib/python3.12/shutil.py", line 698, in _rmtree_safe_fd
    os.unlink(entry.name, dir_fd=topfd)
  File "/opt/ohpc/pub/compiler/conda/latest/lib/python3.12/shutil.py", line 750, in onexc
    return onerror(func, path, exc_info)
           ^^^^^^^^^^^^^^^^^^^^^^^^^^^^^
  File "/opt/ohpc/pub/compiler/conda/latest/lib/python3.12/shutil.py", line 698, in _rmtree_safe_fd
    os.unlink(entry.name, dir_fd=topfd)
  File "/opt/ohpc/pub/compiler/conda/latest/lib/python3.12/shutil.py", line 698, in _rmtree_safe_fd
    os.unlink(entry.name, dir_fd=topfd)
OSError: [Errno 16] Device or resource busy: '/tmp/pymp-xbwytk0s'
  File "/opt/ohpc/pub/compiler/conda/latest/lib/python3.12/shutil.py", line 698, in _rmtree_safe_fd
    os.unlink(entry.name, dir_fd=topfd)
OSError: [Errno 16] Device or resource busy: '/tmp/pymp-c0jqbn1s'
OSError: [Errno 16] Device or resource busy: '/tmp/pymp-9f0n7s0s'
OSError: [Errno 16] Device or resource busy: '/tmp/pymp-sg_pmdk8'
Traceback (most recent call last):
Traceback (most recent call last):
Traceback (most recent call last):
Traceback (most recent call last):
  File "/opt/ohpc/pub/compiler/conda/latest/lib/python3.12/multiprocessing/util.py", line 303, in _run_finalizers
    finalizer()
  File "/opt/ohpc/pub/compiler/conda/latest/lib/python3.12/multiprocessing/util.py", line 303, in _run_finalizers
    finalizer()
  File "/opt/ohpc/pub/compiler/conda/latest/lib/python3.12/multiprocessing/util.py", line 303, in _run_finalizers
    finalizer()
  File "/opt/ohpc/pub/compiler/conda/latest/lib/python3.12/multiprocessing/util.py", line 303, in _run_finalizers
    finalizer()
  File "/opt/ohpc/pub/compiler/conda/latest/lib/python3.12/multiprocessing/util.py", line 227, in __call__
    res = self._callback(*self._args, **self._kwargs)
          ^^^^^^^^^^^^^^^^^^^^^^^^^^^^^^^^^^^^^^^^^^^
  File "/opt/ohpc/pub/compiler/conda/latest/lib/python3.12/multiprocessing/util.py", line 136, in _remove_temp_dir
    rmtree(tempdir, onerror=onerror)
  File "/opt/ohpc/pub/compiler/conda/latest/lib/python3.12/multiprocessing/util.py", line 227, in __call__
    res = self._callback(*self._args, **self._kwargs)
          ^^^^^^^^^^^^^^^^^^^^^^^^^^^^^^^^^^^^^^^^^^^
  File "/opt/ohpc/pub/compiler/conda/latest/lib/python3.12/multiprocessing/util.py", line 227, in __call__
    res = self._callback(*self._args, **self._kwargs)
          ^^^^^^^^^^^^^^^^^^^^^^^^^^^^^^^^^^^^^^^^^^^
  File "/opt/ohpc/pub/compiler/conda/latest/lib/python3.12/multiprocessing/util.py", line 227, in __call__
    res = self._callback(*self._args, **self._kwargs)
          ^^^^^^^^^^^^^^^^^^^^^^^^^^^^^^^^^^^^^^^^^^^
  File "/opt/ohpc/pub/compiler/conda/latest/lib/python3.12/shutil.py", line 759, in rmtree
    _rmtree_safe_fd(stack, onexc)
  File "/opt/ohpc/pub/compiler/conda/latest/lib/python3.12/shutil.py", line 703, in _rmtree_safe_fd
    onexc(func, path, err)
  File "/opt/ohpc/pub/compiler/conda/latest/lib/python3.12/multiprocessing/util.py", line 136, in _remove_temp_dir
    rmtree(tempdir, onerror=onerror)
  File "/opt/ohpc/pub/compiler/conda/latest/lib/python3.12/multiprocessing/util.py", line 136, in _remove_temp_dir
    rmtree(tempdir, onerror=onerror)
  File "/opt/ohpc/pub/compiler/conda/latest/lib/python3.12/multiprocessing/util.py", line 136, in _remove_temp_dir
    rmtree(tempdir, onerror=onerror)
  File "/opt/ohpc/pub/compiler/conda/latest/lib/python3.12/shutil.py", line 750, in onexc
    return onerror(func, path, exc_info)
           ^^^^^^^^^^^^^^^^^^^^^^^^^^^^^
  File "/opt/ohpc/pub/compiler/conda/latest/lib/python3.12/shutil.py", line 700, in _rmtree_safe_fd
    onexc(os.unlink, fullname, err)
  File "/opt/ohpc/pub/compiler/conda/latest/lib/python3.12/shutil.py", line 759, in rmtree
    _rmtree_safe_fd(stack, onexc)
  File "/opt/ohpc/pub/compiler/conda/latest/lib/python3.12/shutil.py", line 703, in _rmtree_safe_fd
    onexc(func, path, err)
  File "/opt/ohpc/pub/compiler/conda/latest/lib/python3.12/shutil.py", line 759, in rmtree
    _rmtree_safe_fd(stack, onexc)
  File "/opt/ohpc/pub/compiler/conda/latest/lib/python3.12/shutil.py", line 703, in _rmtree_safe_fd
    onexc(func, path, err)
  File "/opt/ohpc/pub/compiler/conda/latest/lib/python3.12/shutil.py", line 759, in rmtree
    _rmtree_safe_fd(stack, onexc)
  File "/opt/ohpc/pub/compiler/conda/latest/lib/python3.12/shutil.py", line 703, in _rmtree_safe_fd
    onexc(func, path, err)
  File "/opt/ohpc/pub/compiler/conda/latest/lib/python3.12/shutil.py", line 750, in onexc
    return onerror(func, path, exc_info)
           ^^^^^^^^^^^^^^^^^^^^^^^^^^^^^
  File "/opt/ohpc/pub/compiler/conda/latest/lib/python3.12/shutil.py", line 698, in _rmtree_safe_fd
    os.unlink(entry.name, dir_fd=topfd)
  File "/opt/ohpc/pub/compiler/conda/latest/lib/python3.12/shutil.py", line 750, in onexc
    return onerror(func, path, exc_info)
           ^^^^^^^^^^^^^^^^^^^^^^^^^^^^^
  File "/opt/ohpc/pub/compiler/conda/latest/lib/python3.12/shutil.py", line 700, in _rmtree_safe_fd
    onexc(os.unlink, fullname, err)
  File "/opt/ohpc/pub/compiler/conda/latest/lib/python3.12/shutil.py", line 750, in onexc
    return onerror(func, path, exc_info)
           ^^^^^^^^^^^^^^^^^^^^^^^^^^^^^
  File "/opt/ohpc/pub/compiler/conda/latest/lib/python3.12/shutil.py", line 750, in onexc
    return onerror(func, path, exc_info)
           ^^^^^^^^^^^^^^^^^^^^^^^^^^^^^
OSError: [Errno 16] Device or resource busy: '/tmp/pymp-bimvhqyj'
  File "/opt/ohpc/pub/compiler/conda/latest/lib/python3.12/shutil.py", line 750, in onexc
    return onerror(func, path, exc_info)
           ^^^^^^^^^^^^^^^^^^^^^^^^^^^^^
  File "/opt/ohpc/pub/compiler/conda/latest/lib/python3.12/shutil.py", line 700, in _rmtree_safe_fd
    onexc(os.unlink, fullname, err)
  File "/opt/ohpc/pub/compiler/conda/latest/lib/python3.12/shutil.py", line 700, in _rmtree_safe_fd
    onexc(os.unlink, fullname, err)
  File "/opt/ohpc/pub/compiler/conda/latest/lib/python3.12/shutil.py", line 698, in _rmtree_safe_fd
    os.unlink(entry.name, dir_fd=topfd)
  File "/opt/ohpc/pub/compiler/conda/latest/lib/python3.12/shutil.py", line 750, in onexc
    return onerror(func, path, exc_info)
           ^^^^^^^^^^^^^^^^^^^^^^^^^^^^^
  File "/opt/ohpc/pub/compiler/conda/latest/lib/python3.12/shutil.py", line 750, in onexc
    return onerror(func, path, exc_info)
           ^^^^^^^^^^^^^^^^^^^^^^^^^^^^^
  File "/opt/ohpc/pub/compiler/conda/latest/lib/python3.12/shutil.py", line 698, in _rmtree_safe_fd
    os.unlink(entry.name, dir_fd=topfd)
OSError: [Errno 16] Device or resource busy: '/tmp/pymp-ukcp1d5y'
  File "/opt/ohpc/pub/compiler/conda/latest/lib/python3.12/shutil.py", line 698, in _rmtree_safe_fd
    os.unlink(entry.name, dir_fd=topfd)
OSError: [Errno 16] Device or resource busy: '/tmp/pymp-4y8nfpu1'
OSError: [Errno 16] Device or resource busy: '/tmp/pymp-tukgjlrm'
[val 039] loss=-0.9745 z_std=0.0442 rankme=18.577 lidar=8.068 areq=1.921 pr=1.26 align=0.0954 unif=-0.933 converged=True collapsed=False
  e040 it0000/62 lr=0.0023 loss=-0.9716 z_std=0.0622
  e040 it0010/62 lr=0.0023 loss=-0.9711 z_std=0.0614
  e040 it0020/62 lr=0.0023 loss=-0.9718 z_std=0.0612
  e040 it0030/62 lr=0.0023 loss=-0.9734 z_std=0.0611
  e040 it0040/62 lr=0.0023 loss=-0.9740 z_std=0.0611
  e040 it0050/62 lr=0.0023 loss=-0.9740 z_std=0.0613
  e040 it0060/62 lr=0.0023 loss=-0.9738 z_std=0.0613
[epoch 040] loss=-0.9737 z_std=0.0613 (healthy~0.0625) time=230.1s
  e041 it0000/62 lr=0.0023 loss=-0.9754 z_std=0.0595
  e041 it0010/62 lr=0.0023 loss=-0.9774 z_std=0.0606
  e041 it0020/62 lr=0.0023 loss=-0.9757 z_std=0.0611
  e041 it0030/62 lr=0.0023 loss=-0.9758 z_std=0.0615
  e041 it0040/62 lr=0.0023 loss=-0.9756 z_std=0.0613
  e041 it0050/62 lr=0.0023 loss=-0.9757 z_std=0.0613
  e041 it0060/62 lr=0.0022 loss=-0.9761 z_std=0.0613
[epoch 041] loss=-0.9760 z_std=0.0613 (healthy~0.0625) time=235.6s
  e042 it0000/62 lr=0.0022 loss=-0.9816 z_std=0.0617
  e042 it0010/62 lr=0.0022 loss=-0.9800 z_std=0.0608
  e042 it0020/62 lr=0.0022 loss=-0.9779 z_std=0.0610
  e042 it0030/62 lr=0.0022 loss=-0.9764 z_std=0.0611
  e042 it0040/62 lr=0.0022 loss=-0.9772 z_std=0.0611
  e042 it0050/62 lr=0.0022 loss=-0.9764 z_std=0.0611
  e042 it0060/62 lr=0.0022 loss=-0.9758 z_std=0.0612
[epoch 042] loss=-0.9750 z_std=0.0612 (healthy~0.0625) time=229.8s
  e043 it0000/62 lr=0.0022 loss=-0.9617 z_std=0.0630
  e043 it0010/62 lr=0.0022 loss=-0.9745 z_std=0.0615
  e043 it0020/62 lr=0.0022 loss=-0.9742 z_std=0.0614
  e043 it0030/62 lr=0.0022 loss=-0.9734 z_std=0.0614
  e043 it0040/62 lr=0.0022 loss=-0.9730 z_std=0.0614
  e043 it0050/62 lr=0.0022 loss=-0.9741 z_std=0.0613
  e043 it0060/62 lr=0.0021 loss=-0.9746 z_std=0.0612
[epoch 043] loss=-0.9744 z_std=0.0612 (healthy~0.0625) time=230.1s
  e044 it0000/62 lr=0.0021 loss=-0.9871 z_std=0.0618
  e044 it0010/62 lr=0.0021 loss=-0.9774 z_std=0.0610
  e044 it0020/62 lr=0.0021 loss=-0.9765 z_std=0.0611
  e044 it0030/62 lr=0.0021 loss=-0.9772 z_std=0.0610
  e044 it0040/62 lr=0.0021 loss=-0.9747 z_std=0.0609
  e044 it0050/62 lr=0.0021 loss=-0.9743 z_std=0.0610
  e044 it0060/62 lr=0.0021 loss=-0.9741 z_std=0.0612
[epoch 044] loss=-0.9741 z_std=0.0612 (healthy~0.0625) time=232.0s
Traceback (most recent call last):
Traceback (most recent call last):
Traceback (most recent call last):
Traceback (most recent call last):
  File "/opt/ohpc/pub/compiler/conda/latest/lib/python3.12/multiprocessing/util.py", line 303, in _run_finalizers
    finalizer()
  File "/opt/ohpc/pub/compiler/conda/latest/lib/python3.12/multiprocessing/util.py", line 303, in _run_finalizers
    finalizer()
  File "/opt/ohpc/pub/compiler/conda/latest/lib/python3.12/multiprocessing/util.py", line 227, in __call__
    res = self._callback(*self._args, **self._kwargs)
          ^^^^^^^^^^^^^^^^^^^^^^^^^^^^^^^^^^^^^^^^^^^
  File "/opt/ohpc/pub/compiler/conda/latest/lib/python3.12/multiprocessing/util.py", line 303, in _run_finalizers
    finalizer()
  File "/opt/ohpc/pub/compiler/conda/latest/lib/python3.12/multiprocessing/util.py", line 303, in _run_finalizers
    finalizer()
  File "/opt/ohpc/pub/compiler/conda/latest/lib/python3.12/multiprocessing/util.py", line 227, in __call__
    res = self._callback(*self._args, **self._kwargs)
          ^^^^^^^^^^^^^^^^^^^^^^^^^^^^^^^^^^^^^^^^^^^
  File "/opt/ohpc/pub/compiler/conda/latest/lib/python3.12/multiprocessing/util.py", line 136, in _remove_temp_dir
    rmtree(tempdir, onerror=onerror)
  File "/opt/ohpc/pub/compiler/conda/latest/lib/python3.12/multiprocessing/util.py", line 136, in _remove_temp_dir
    rmtree(tempdir, onerror=onerror)
  File "/opt/ohpc/pub/compiler/conda/latest/lib/python3.12/shutil.py", line 759, in rmtree
    _rmtree_safe_fd(stack, onexc)
  File "/opt/ohpc/pub/compiler/conda/latest/lib/python3.12/multiprocessing/util.py", line 227, in __call__
    res = self._callback(*self._args, **self._kwargs)
          ^^^^^^^^^^^^^^^^^^^^^^^^^^^^^^^^^^^^^^^^^^^
  File "/opt/ohpc/pub/compiler/conda/latest/lib/python3.12/multiprocessing/util.py", line 227, in __call__
    res = self._callback(*self._args, **self._kwargs)
          ^^^^^^^^^^^^^^^^^^^^^^^^^^^^^^^^^^^^^^^^^^^
  File "/opt/ohpc/pub/compiler/conda/latest/lib/python3.12/shutil.py", line 759, in rmtree
    _rmtree_safe_fd(stack, onexc)
  File "/opt/ohpc/pub/compiler/conda/latest/lib/python3.12/shutil.py", line 703, in _rmtree_safe_fd
    onexc(func, path, err)
  File "/opt/ohpc/pub/compiler/conda/latest/lib/python3.12/shutil.py", line 703, in _rmtree_safe_fd
    onexc(func, path, err)
  File "/opt/ohpc/pub/compiler/conda/latest/lib/python3.12/shutil.py", line 750, in onexc
    return onerror(func, path, exc_info)
           ^^^^^^^^^^^^^^^^^^^^^^^^^^^^^
  File "/opt/ohpc/pub/compiler/conda/latest/lib/python3.12/multiprocessing/util.py", line 136, in _remove_temp_dir
    rmtree(tempdir, onerror=onerror)
  File "/opt/ohpc/pub/compiler/conda/latest/lib/python3.12/multiprocessing/util.py", line 136, in _remove_temp_dir
    rmtree(tempdir, onerror=onerror)
  File "/opt/ohpc/pub/compiler/conda/latest/lib/python3.12/shutil.py", line 750, in onexc
    return onerror(func, path, exc_info)
           ^^^^^^^^^^^^^^^^^^^^^^^^^^^^^
  File "/opt/ohpc/pub/compiler/conda/latest/lib/python3.12/shutil.py", line 700, in _rmtree_safe_fd
    onexc(os.unlink, fullname, err)
  File "/opt/ohpc/pub/compiler/conda/latest/lib/python3.12/shutil.py", line 700, in _rmtree_safe_fd
    onexc(os.unlink, fullname, err)
  File "/opt/ohpc/pub/compiler/conda/latest/lib/python3.12/shutil.py", line 750, in onexc
    return onerror(func, path, exc_info)
           ^^^^^^^^^^^^^^^^^^^^^^^^^^^^^
  File "/opt/ohpc/pub/compiler/conda/latest/lib/python3.12/shutil.py", line 759, in rmtree
    _rmtree_safe_fd(stack, onexc)
  File "/opt/ohpc/pub/compiler/conda/latest/lib/python3.12/shutil.py", line 759, in rmtree
    _rmtree_safe_fd(stack, onexc)
  File "/opt/ohpc/pub/compiler/conda/latest/lib/python3.12/shutil.py", line 750, in onexc
    return onerror(func, path, exc_info)
           ^^^^^^^^^^^^^^^^^^^^^^^^^^^^^
  File "/opt/ohpc/pub/compiler/conda/latest/lib/python3.12/shutil.py", line 698, in _rmtree_safe_fd
    os.unlink(entry.name, dir_fd=topfd)
  File "/opt/ohpc/pub/compiler/conda/latest/lib/python3.12/shutil.py", line 698, in _rmtree_safe_fd
    os.unlink(entry.name, dir_fd=topfd)
OSError: [Errno 16] Device or resource busy: '/tmp/pymp-4ksv3s_z'
  File "/opt/ohpc/pub/compiler/conda/latest/lib/python3.12/shutil.py", line 703, in _rmtree_safe_fd
    onexc(func, path, err)
  File "/opt/ohpc/pub/compiler/conda/latest/lib/python3.12/shutil.py", line 703, in _rmtree_safe_fd
    onexc(func, path, err)
OSError: [Errno 16] Device or resource busy: '/tmp/pymp-urn24ng_'
  File "/opt/ohpc/pub/compiler/conda/latest/lib/python3.12/shutil.py", line 750, in onexc
    return onerror(func, path, exc_info)
           ^^^^^^^^^^^^^^^^^^^^^^^^^^^^^
  File "/opt/ohpc/pub/compiler/conda/latest/lib/python3.12/shutil.py", line 700, in _rmtree_safe_fd
    onexc(os.unlink, fullname, err)
  File "/opt/ohpc/pub/compiler/conda/latest/lib/python3.12/shutil.py", line 750, in onexc
    return onerror(func, path, exc_info)
           ^^^^^^^^^^^^^^^^^^^^^^^^^^^^^
  File "/opt/ohpc/pub/compiler/conda/latest/lib/python3.12/shutil.py", line 698, in _rmtree_safe_fd
    os.unlink(entry.name, dir_fd=topfd)
OSError: [Errno 16] Device or resource busy: '/tmp/pymp-aqbpqphp'
  File "/opt/ohpc/pub/compiler/conda/latest/lib/python3.12/shutil.py", line 750, in onexc
    return onerror(func, path, exc_info)
           ^^^^^^^^^^^^^^^^^^^^^^^^^^^^^
  File "/opt/ohpc/pub/compiler/conda/latest/lib/python3.12/shutil.py", line 700, in _rmtree_safe_fd
    onexc(os.unlink, fullname, err)
  File "/opt/ohpc/pub/compiler/conda/latest/lib/python3.12/shutil.py", line 750, in onexc
    return onerror(func, path, exc_info)
           ^^^^^^^^^^^^^^^^^^^^^^^^^^^^^
  File "/opt/ohpc/pub/compiler/conda/latest/lib/python3.12/shutil.py", line 698, in _rmtree_safe_fd
    os.unlink(entry.name, dir_fd=topfd)
OSError: [Errno 16] Device or resource busy: '/tmp/pymp-fk_owrho'
Traceback (most recent call last):
Traceback (most recent call last):
  File "/opt/ohpc/pub/compiler/conda/latest/lib/python3.12/multiprocessing/util.py", line 303, in _run_finalizers
    finalizer()
  File "/opt/ohpc/pub/compiler/conda/latest/lib/python3.12/multiprocessing/util.py", line 227, in __call__
    res = self._callback(*self._args, **self._kwargs)
          ^^^^^^^^^^^^^^^^^^^^^^^^^^^^^^^^^^^^^^^^^^^
  File "/opt/ohpc/pub/compiler/conda/latest/lib/python3.12/multiprocessing/util.py", line 303, in _run_finalizers
    finalizer()
Traceback (most recent call last):
  File "/opt/ohpc/pub/compiler/conda/latest/lib/python3.12/multiprocessing/util.py", line 303, in _run_finalizers
    finalizer()
Traceback (most recent call last):
  File "/opt/ohpc/pub/compiler/conda/latest/lib/python3.12/multiprocessing/util.py", line 136, in _remove_temp_dir
    rmtree(tempdir, onerror=onerror)
  File "/opt/ohpc/pub/compiler/conda/latest/lib/python3.12/shutil.py", line 759, in rmtree
    _rmtree_safe_fd(stack, onexc)
  File "/opt/ohpc/pub/compiler/conda/latest/lib/python3.12/multiprocessing/util.py", line 227, in __call__
    res = self._callback(*self._args, **self._kwargs)
          ^^^^^^^^^^^^^^^^^^^^^^^^^^^^^^^^^^^^^^^^^^^
  File "/opt/ohpc/pub/compiler/conda/latest/lib/python3.12/multiprocessing/util.py", line 136, in _remove_temp_dir
    rmtree(tempdir, onerror=onerror)
  File "/opt/ohpc/pub/compiler/conda/latest/lib/python3.12/multiprocessing/util.py", line 227, in __call__
    res = self._callback(*self._args, **self._kwargs)
          ^^^^^^^^^^^^^^^^^^^^^^^^^^^^^^^^^^^^^^^^^^^
  File "/opt/ohpc/pub/compiler/conda/latest/lib/python3.12/multiprocessing/util.py", line 303, in _run_finalizers
    finalizer()
  File "/opt/ohpc/pub/compiler/conda/latest/lib/python3.12/shutil.py", line 703, in _rmtree_safe_fd
    onexc(func, path, err)
  File "/opt/ohpc/pub/compiler/conda/latest/lib/python3.12/shutil.py", line 750, in onexc
    return onerror(func, path, exc_info)
           ^^^^^^^^^^^^^^^^^^^^^^^^^^^^^
  File "/opt/ohpc/pub/compiler/conda/latest/lib/python3.12/shutil.py", line 759, in rmtree
    _rmtree_safe_fd(stack, onexc)
  File "/opt/ohpc/pub/compiler/conda/latest/lib/python3.12/shutil.py", line 703, in _rmtree_safe_fd
    onexc(func, path, err)
  File "/opt/ohpc/pub/compiler/conda/latest/lib/python3.12/multiprocessing/util.py", line 136, in _remove_temp_dir
    rmtree(tempdir, onerror=onerror)
  File "/opt/ohpc/pub/compiler/conda/latest/lib/python3.12/multiprocessing/util.py", line 227, in __call__
    res = self._callback(*self._args, **self._kwargs)
          ^^^^^^^^^^^^^^^^^^^^^^^^^^^^^^^^^^^^^^^^^^^
  File "/opt/ohpc/pub/compiler/conda/latest/lib/python3.12/shutil.py", line 700, in _rmtree_safe_fd
    onexc(os.unlink, fullname, err)
  File "/opt/ohpc/pub/compiler/conda/latest/lib/python3.12/shutil.py", line 750, in onexc
    return onerror(func, path, exc_info)
           ^^^^^^^^^^^^^^^^^^^^^^^^^^^^^
  File "/opt/ohpc/pub/compiler/conda/latest/lib/python3.12/shutil.py", line 750, in onexc
    return onerror(func, path, exc_info)
           ^^^^^^^^^^^^^^^^^^^^^^^^^^^^^
  File "/opt/ohpc/pub/compiler/conda/latest/lib/python3.12/shutil.py", line 700, in _rmtree_safe_fd
    onexc(os.unlink, fullname, err)
  File "/opt/ohpc/pub/compiler/conda/latest/lib/python3.12/shutil.py", line 759, in rmtree
    _rmtree_safe_fd(stack, onexc)
  File "/opt/ohpc/pub/compiler/conda/latest/lib/python3.12/shutil.py", line 703, in _rmtree_safe_fd
    onexc(func, path, err)
  File "/opt/ohpc/pub/compiler/conda/latest/lib/python3.12/multiprocessing/util.py", line 136, in _remove_temp_dir
    rmtree(tempdir, onerror=onerror)
  File "/opt/ohpc/pub/compiler/conda/latest/lib/python3.12/shutil.py", line 698, in _rmtree_safe_fd
    os.unlink(entry.name, dir_fd=topfd)
OSError: [Errno 16] Device or resource busy: '/tmp/pymp-e7z27vev'
  File "/opt/ohpc/pub/compiler/conda/latest/lib/python3.12/shutil.py", line 750, in onexc
    return onerror(func, path, exc_info)
           ^^^^^^^^^^^^^^^^^^^^^^^^^^^^^
  File "/opt/ohpc/pub/compiler/conda/latest/lib/python3.12/shutil.py", line 698, in _rmtree_safe_fd
    os.unlink(entry.name, dir_fd=topfd)
  File "/opt/ohpc/pub/compiler/conda/latest/lib/python3.12/shutil.py", line 750, in onexc
    return onerror(func, path, exc_info)
           ^^^^^^^^^^^^^^^^^^^^^^^^^^^^^
  File "/opt/ohpc/pub/compiler/conda/latest/lib/python3.12/shutil.py", line 700, in _rmtree_safe_fd
    onexc(os.unlink, fullname, err)
  File "/opt/ohpc/pub/compiler/conda/latest/lib/python3.12/shutil.py", line 759, in rmtree
    _rmtree_safe_fd(stack, onexc)
  File "/opt/ohpc/pub/compiler/conda/latest/lib/python3.12/shutil.py", line 703, in _rmtree_safe_fd
    onexc(func, path, err)
OSError: [Errno 16] Device or resource busy: '/tmp/pymp-y521_fy3'
  File "/opt/ohpc/pub/compiler/conda/latest/lib/python3.12/shutil.py", line 750, in onexc
    return onerror(func, path, exc_info)
           ^^^^^^^^^^^^^^^^^^^^^^^^^^^^^
  File "/opt/ohpc/pub/compiler/conda/latest/lib/python3.12/shutil.py", line 698, in _rmtree_safe_fd
    os.unlink(entry.name, dir_fd=topfd)
  File "/opt/ohpc/pub/compiler/conda/latest/lib/python3.12/shutil.py", line 750, in onexc
    return onerror(func, path, exc_info)
           ^^^^^^^^^^^^^^^^^^^^^^^^^^^^^
  File "/opt/ohpc/pub/compiler/conda/latest/lib/python3.12/shutil.py", line 700, in _rmtree_safe_fd
    onexc(os.unlink, fullname, err)
OSError: [Errno 16] Device or resource busy: '/tmp/pymp-fdss4qg5'
  File "/opt/ohpc/pub/compiler/conda/latest/lib/python3.12/shutil.py", line 750, in onexc
    return onerror(func, path, exc_info)
           ^^^^^^^^^^^^^^^^^^^^^^^^^^^^^
  File "/opt/ohpc/pub/compiler/conda/latest/lib/python3.12/shutil.py", line 698, in _rmtree_safe_fd
    os.unlink(entry.name, dir_fd=topfd)
OSError: [Errno 16] Device or resource busy: '/tmp/pymp-tzuf8gim'
Traceback (most recent call last):
  File "/opt/ohpc/pub/compiler/conda/latest/lib/python3.12/multiprocessing/util.py", line 303, in _run_finalizers
    finalizer()
Traceback (most recent call last):
  File "/opt/ohpc/pub/compiler/conda/latest/lib/python3.12/multiprocessing/util.py", line 303, in _run_finalizers
    finalizer()
Traceback (most recent call last):
  File "/opt/ohpc/pub/compiler/conda/latest/lib/python3.12/multiprocessing/util.py", line 303, in _run_finalizers
    finalizer()
  File "/opt/ohpc/pub/compiler/conda/latest/lib/python3.12/multiprocessing/util.py", line 227, in __call__
    res = self._callback(*self._args, **self._kwargs)
          ^^^^^^^^^^^^^^^^^^^^^^^^^^^^^^^^^^^^^^^^^^^
  File "/opt/ohpc/pub/compiler/conda/latest/lib/python3.12/multiprocessing/util.py", line 136, in _remove_temp_dir
    rmtree(tempdir, onerror=onerror)
Traceback (most recent call last):
  File "/opt/ohpc/pub/compiler/conda/latest/lib/python3.12/multiprocessing/util.py", line 303, in _run_finalizers
    finalizer()
  File "/opt/ohpc/pub/compiler/conda/latest/lib/python3.12/multiprocessing/util.py", line 227, in __call__
    res = self._callback(*self._args, **self._kwargs)
          ^^^^^^^^^^^^^^^^^^^^^^^^^^^^^^^^^^^^^^^^^^^
  File "/opt/ohpc/pub/compiler/conda/latest/lib/python3.12/multiprocessing/util.py", line 136, in _remove_temp_dir
    rmtree(tempdir, onerror=onerror)
  File "/opt/ohpc/pub/compiler/conda/latest/lib/python3.12/multiprocessing/util.py", line 227, in __call__
    res = self._callback(*self._args, **self._kwargs)
          ^^^^^^^^^^^^^^^^^^^^^^^^^^^^^^^^^^^^^^^^^^^
  File "/opt/ohpc/pub/compiler/conda/latest/lib/python3.12/multiprocessing/util.py", line 136, in _remove_temp_dir
    rmtree(tempdir, onerror=onerror)
  File "/opt/ohpc/pub/compiler/conda/latest/lib/python3.12/shutil.py", line 759, in rmtree
    _rmtree_safe_fd(stack, onexc)
  File "/opt/ohpc/pub/compiler/conda/latest/lib/python3.12/shutil.py", line 703, in _rmtree_safe_fd
    onexc(func, path, err)
  File "/opt/ohpc/pub/compiler/conda/latest/lib/python3.12/multiprocessing/util.py", line 227, in __call__
    res = self._callback(*self._args, **self._kwargs)
          ^^^^^^^^^^^^^^^^^^^^^^^^^^^^^^^^^^^^^^^^^^^
  File "/opt/ohpc/pub/compiler/conda/latest/lib/python3.12/shutil.py", line 759, in rmtree
    _rmtree_safe_fd(stack, onexc)
  File "/opt/ohpc/pub/compiler/conda/latest/lib/python3.12/shutil.py", line 703, in _rmtree_safe_fd
    onexc(func, path, err)
  File "/opt/ohpc/pub/compiler/conda/latest/lib/python3.12/shutil.py", line 759, in rmtree
    _rmtree_safe_fd(stack, onexc)
  File "/opt/ohpc/pub/compiler/conda/latest/lib/python3.12/shutil.py", line 750, in onexc
    return onerror(func, path, exc_info)
           ^^^^^^^^^^^^^^^^^^^^^^^^^^^^^
  File "/opt/ohpc/pub/compiler/conda/latest/lib/python3.12/multiprocessing/util.py", line 136, in _remove_temp_dir
    rmtree(tempdir, onerror=onerror)
  File "/opt/ohpc/pub/compiler/conda/latest/lib/python3.12/shutil.py", line 750, in onexc
    return onerror(func, path, exc_info)
           ^^^^^^^^^^^^^^^^^^^^^^^^^^^^^
  File "/opt/ohpc/pub/compiler/conda/latest/lib/python3.12/shutil.py", line 700, in _rmtree_safe_fd
    onexc(os.unlink, fullname, err)
  File "/opt/ohpc/pub/compiler/conda/latest/lib/python3.12/shutil.py", line 703, in _rmtree_safe_fd
    onexc(func, path, err)
  File "/opt/ohpc/pub/compiler/conda/latest/lib/python3.12/shutil.py", line 700, in _rmtree_safe_fd
    onexc(os.unlink, fullname, err)
  File "/opt/ohpc/pub/compiler/conda/latest/lib/python3.12/shutil.py", line 759, in rmtree
    _rmtree_safe_fd(stack, onexc)
  File "/opt/ohpc/pub/compiler/conda/latest/lib/python3.12/shutil.py", line 750, in onexc
    return onerror(func, path, exc_info)
           ^^^^^^^^^^^^^^^^^^^^^^^^^^^^^
  File "/opt/ohpc/pub/compiler/conda/latest/lib/python3.12/shutil.py", line 698, in _rmtree_safe_fd
    os.unlink(entry.name, dir_fd=topfd)
  File "/opt/ohpc/pub/compiler/conda/latest/lib/python3.12/shutil.py", line 750, in onexc
    return onerror(func, path, exc_info)
           ^^^^^^^^^^^^^^^^^^^^^^^^^^^^^
  File "/opt/ohpc/pub/compiler/conda/latest/lib/python3.12/shutil.py", line 750, in onexc
    return onerror(func, path, exc_info)
           ^^^^^^^^^^^^^^^^^^^^^^^^^^^^^
  File "/opt/ohpc/pub/compiler/conda/latest/lib/python3.12/shutil.py", line 703, in _rmtree_safe_fd
    onexc(func, path, err)
OSError: [Errno 16] Device or resource busy: '/tmp/pymp-0s3oqdb6'
  File "/opt/ohpc/pub/compiler/conda/latest/lib/python3.12/shutil.py", line 700, in _rmtree_safe_fd
    onexc(os.unlink, fullname, err)
  File "/opt/ohpc/pub/compiler/conda/latest/lib/python3.12/shutil.py", line 698, in _rmtree_safe_fd
    os.unlink(entry.name, dir_fd=topfd)
  File "/opt/ohpc/pub/compiler/conda/latest/lib/python3.12/shutil.py", line 750, in onexc
    return onerror(func, path, exc_info)
           ^^^^^^^^^^^^^^^^^^^^^^^^^^^^^
  File "/opt/ohpc/pub/compiler/conda/latest/lib/python3.12/shutil.py", line 750, in onexc
    return onerror(func, path, exc_info)
           ^^^^^^^^^^^^^^^^^^^^^^^^^^^^^
OSError: [Errno 16] Device or resource busy: '/tmp/pymp-yltgh4zp'
  File "/opt/ohpc/pub/compiler/conda/latest/lib/python3.12/shutil.py", line 700, in _rmtree_safe_fd
    onexc(os.unlink, fullname, err)
  File "/opt/ohpc/pub/compiler/conda/latest/lib/python3.12/shutil.py", line 698, in _rmtree_safe_fd
    os.unlink(entry.name, dir_fd=topfd)
  File "/opt/ohpc/pub/compiler/conda/latest/lib/python3.12/shutil.py", line 750, in onexc
    return onerror(func, path, exc_info)
           ^^^^^^^^^^^^^^^^^^^^^^^^^^^^^
OSError: [Errno 16] Device or resource busy: '/tmp/pymp-55nq5rz9'
  File "/opt/ohpc/pub/compiler/conda/latest/lib/python3.12/shutil.py", line 698, in _rmtree_safe_fd
    os.unlink(entry.name, dir_fd=topfd)
OSError: [Errno 16] Device or resource busy: '/tmp/pymp-mmgig3e0'
[val 044] loss=-0.9797 z_std=0.0441 rankme=18.179 lidar=7.021 areq=1.929 pr=1.25 align=0.0977 unif=-0.920 converged=True collapsed=False
  e045 it0000/62 lr=0.0021 loss=-0.9729 z_std=0.0626
  e045 it0010/62 lr=0.0021 loss=-0.9746 z_std=0.0610
  e045 it0020/62 lr=0.0021 loss=-0.9746 z_std=0.0610
  e045 it0030/62 lr=0.0021 loss=-0.9735 z_std=0.0609
  e045 it0040/62 lr=0.0021 loss=-0.9743 z_std=0.0609
  e045 it0050/62 lr=0.0021 loss=-0.9748 z_std=0.0610
  e045 it0060/62 lr=0.0020 loss=-0.9757 z_std=0.0610
[epoch 045] loss=-0.9759 z_std=0.0610 (healthy~0.0625) time=231.6s
  e046 it0000/62 lr=0.0020 loss=-0.9822 z_std=0.0618
  e046 it0010/62 lr=0.0020 loss=-0.9748 z_std=0.0607
  e046 it0020/62 lr=0.0020 loss=-0.9767 z_std=0.0611
  e046 it0030/62 lr=0.0020 loss=-0.9788 z_std=0.0611
  e046 it0040/62 lr=0.0020 loss=-0.9770 z_std=0.0611
  e046 it0050/62 lr=0.0020 loss=-0.9771 z_std=0.0611
  e046 it0060/62 lr=0.0020 loss=-0.9771 z_std=0.0612
[epoch 046] loss=-0.9771 z_std=0.0612 (healthy~0.0625) time=232.3s
  e047 it0000/62 lr=0.0020 loss=-0.9799 z_std=0.0621
  e047 it0010/62 lr=0.0020 loss=-0.9783 z_std=0.0610
  e047 it0020/62 lr=0.0020 loss=-0.9763 z_std=0.0611
  e047 it0030/62 lr=0.0020 loss=-0.9731 z_std=0.0611
  e047 it0040/62 lr=0.0020 loss=-0.9734 z_std=0.0613
  e047 it0050/62 lr=0.0020 loss=-0.9742 z_std=0.0612
  e047 it0060/62 lr=0.0019 loss=-0.9744 z_std=0.0613
[epoch 047] loss=-0.9746 z_std=0.0613 (healthy~0.0625) time=236.1s
  e048 it0000/62 lr=0.0019 loss=-0.9731 z_std=0.0607
  e048 it0010/62 lr=0.0019 loss=-0.9790 z_std=0.0613
  e048 it0020/62 lr=0.0019 loss=-0.9782 z_std=0.0615
  e048 it0030/62 lr=0.0019 loss=-0.9789 z_std=0.0611
  e048 it0040/62 lr=0.0019 loss=-0.9791 z_std=0.0610
  e048 it0050/62 lr=0.0019 loss=-0.9793 z_std=0.0610
  e048 it0060/62 lr=0.0019 loss=-0.9790 z_std=0.0611
[epoch 048] loss=-0.9787 z_std=0.0611 (healthy~0.0625) time=233.2s
  e049 it0000/62 lr=0.0019 loss=-0.9841 z_std=0.0621
  e049 it0010/62 lr=0.0019 loss=-0.9772 z_std=0.0607
  e049 it0020/62 lr=0.0019 loss=-0.9741 z_std=0.0609
  e049 it0030/62 lr=0.0019 loss=-0.9770 z_std=0.0610
  e049 it0040/62 lr=0.0019 loss=-0.9770 z_std=0.0612
  e049 it0050/62 lr=0.0018 loss=-0.9767 z_std=0.0611
  e049 it0060/62 lr=0.0018 loss=-0.9767 z_std=0.0611
[epoch 049] loss=-0.9762 z_std=0.0612 (healthy~0.0625) time=227.4s
Traceback (most recent call last):
Traceback (most recent call last):
Traceback (most recent call last):
  File "/opt/ohpc/pub/compiler/conda/latest/lib/python3.12/multiprocessing/util.py", line 303, in _run_finalizers
    finalizer()
Traceback (most recent call last):
  File "/opt/ohpc/pub/compiler/conda/latest/lib/python3.12/multiprocessing/util.py", line 303, in _run_finalizers
    finalizer()
  File "/opt/ohpc/pub/compiler/conda/latest/lib/python3.12/multiprocessing/util.py", line 303, in _run_finalizers
    finalizer()
  File "/opt/ohpc/pub/compiler/conda/latest/lib/python3.12/multiprocessing/util.py", line 227, in __call__
    res = self._callback(*self._args, **self._kwargs)
          ^^^^^^^^^^^^^^^^^^^^^^^^^^^^^^^^^^^^^^^^^^^
  File "/opt/ohpc/pub/compiler/conda/latest/lib/python3.12/multiprocessing/util.py", line 227, in __call__
    res = self._callback(*self._args, **self._kwargs)
          ^^^^^^^^^^^^^^^^^^^^^^^^^^^^^^^^^^^^^^^^^^^
  File "/opt/ohpc/pub/compiler/conda/latest/lib/python3.12/multiprocessing/util.py", line 136, in _remove_temp_dir
    rmtree(tempdir, onerror=onerror)
  File "/opt/ohpc/pub/compiler/conda/latest/lib/python3.12/multiprocessing/util.py", line 303, in _run_finalizers
    finalizer()
  File "/opt/ohpc/pub/compiler/conda/latest/lib/python3.12/multiprocessing/util.py", line 227, in __call__
    res = self._callback(*self._args, **self._kwargs)
          ^^^^^^^^^^^^^^^^^^^^^^^^^^^^^^^^^^^^^^^^^^^
  File "/opt/ohpc/pub/compiler/conda/latest/lib/python3.12/multiprocessing/util.py", line 136, in _remove_temp_dir
    rmtree(tempdir, onerror=onerror)
  File "/opt/ohpc/pub/compiler/conda/latest/lib/python3.12/multiprocessing/util.py", line 136, in _remove_temp_dir
    rmtree(tempdir, onerror=onerror)
  File "/opt/ohpc/pub/compiler/conda/latest/lib/python3.12/shutil.py", line 759, in rmtree
    _rmtree_safe_fd(stack, onexc)
  File "/opt/ohpc/pub/compiler/conda/latest/lib/python3.12/shutil.py", line 759, in rmtree
    _rmtree_safe_fd(stack, onexc)
  File "/opt/ohpc/pub/compiler/conda/latest/lib/python3.12/shutil.py", line 703, in _rmtree_safe_fd
    onexc(func, path, err)
  File "/opt/ohpc/pub/compiler/conda/latest/lib/python3.12/multiprocessing/util.py", line 227, in __call__
    res = self._callback(*self._args, **self._kwargs)
          ^^^^^^^^^^^^^^^^^^^^^^^^^^^^^^^^^^^^^^^^^^^
  File "/opt/ohpc/pub/compiler/conda/latest/lib/python3.12/multiprocessing/util.py", line 136, in _remove_temp_dir
    rmtree(tempdir, onerror=onerror)
  File "/opt/ohpc/pub/compiler/conda/latest/lib/python3.12/shutil.py", line 759, in rmtree
    _rmtree_safe_fd(stack, onexc)
  File "/opt/ohpc/pub/compiler/conda/latest/lib/python3.12/shutil.py", line 703, in _rmtree_safe_fd
    onexc(func, path, err)
  File "/opt/ohpc/pub/compiler/conda/latest/lib/python3.12/shutil.py", line 703, in _rmtree_safe_fd
    onexc(func, path, err)
  File "/opt/ohpc/pub/compiler/conda/latest/lib/python3.12/shutil.py", line 750, in onexc
    return onerror(func, path, exc_info)
           ^^^^^^^^^^^^^^^^^^^^^^^^^^^^^
  File "/opt/ohpc/pub/compiler/conda/latest/lib/python3.12/shutil.py", line 750, in onexc
    return onerror(func, path, exc_info)
           ^^^^^^^^^^^^^^^^^^^^^^^^^^^^^
  File "/opt/ohpc/pub/compiler/conda/latest/lib/python3.12/shutil.py", line 700, in _rmtree_safe_fd
    onexc(os.unlink, fullname, err)
  File "/opt/ohpc/pub/compiler/conda/latest/lib/python3.12/shutil.py", line 759, in rmtree
    _rmtree_safe_fd(stack, onexc)
  File "/opt/ohpc/pub/compiler/conda/latest/lib/python3.12/shutil.py", line 703, in _rmtree_safe_fd
    onexc(func, path, err)
  File "/opt/ohpc/pub/compiler/conda/latest/lib/python3.12/shutil.py", line 750, in onexc
    return onerror(func, path, exc_info)
           ^^^^^^^^^^^^^^^^^^^^^^^^^^^^^
  File "/opt/ohpc/pub/compiler/conda/latest/lib/python3.12/shutil.py", line 700, in _rmtree_safe_fd
    onexc(os.unlink, fullname, err)
  File "/opt/ohpc/pub/compiler/conda/latest/lib/python3.12/shutil.py", line 700, in _rmtree_safe_fd
    onexc(os.unlink, fullname, err)
  File "/opt/ohpc/pub/compiler/conda/latest/lib/python3.12/shutil.py", line 750, in onexc
    return onerror(func, path, exc_info)
           ^^^^^^^^^^^^^^^^^^^^^^^^^^^^^
  File "/opt/ohpc/pub/compiler/conda/latest/lib/python3.12/shutil.py", line 750, in onexc
    return onerror(func, path, exc_info)
           ^^^^^^^^^^^^^^^^^^^^^^^^^^^^^
  File "/opt/ohpc/pub/compiler/conda/latest/lib/python3.12/shutil.py", line 698, in _rmtree_safe_fd
    os.unlink(entry.name, dir_fd=topfd)
  File "/opt/ohpc/pub/compiler/conda/latest/lib/python3.12/shutil.py", line 750, in onexc
    return onerror(func, path, exc_info)
           ^^^^^^^^^^^^^^^^^^^^^^^^^^^^^
  File "/opt/ohpc/pub/compiler/conda/latest/lib/python3.12/shutil.py", line 700, in _rmtree_safe_fd
    onexc(os.unlink, fullname, err)
  File "/opt/ohpc/pub/compiler/conda/latest/lib/python3.12/shutil.py", line 750, in onexc
    return onerror(func, path, exc_info)
           ^^^^^^^^^^^^^^^^^^^^^^^^^^^^^
  File "/opt/ohpc/pub/compiler/conda/latest/lib/python3.12/shutil.py", line 698, in _rmtree_safe_fd
    os.unlink(entry.name, dir_fd=topfd)
  File "/opt/ohpc/pub/compiler/conda/latest/lib/python3.12/shutil.py", line 698, in _rmtree_safe_fd
    os.unlink(entry.name, dir_fd=topfd)
OSError: [Errno 16] Device or resource busy: '/tmp/pymp-z93wh6gb'
  File "/opt/ohpc/pub/compiler/conda/latest/lib/python3.12/shutil.py", line 750, in onexc
    return onerror(func, path, exc_info)
           ^^^^^^^^^^^^^^^^^^^^^^^^^^^^^
  File "/opt/ohpc/pub/compiler/conda/latest/lib/python3.12/shutil.py", line 698, in _rmtree_safe_fd
    os.unlink(entry.name, dir_fd=topfd)
OSError: [Errno 16] Device or resource busy: '/tmp/pymp-62kwhmz2'
OSError: [Errno 16] Device or resource busy: '/tmp/pymp-jelz7dbh'
OSError: [Errno 16] Device or resource busy: '/tmp/pymp-kq5yt_m8'
Traceback (most recent call last):
Traceback (most recent call last):
Traceback (most recent call last):
  File "/opt/ohpc/pub/compiler/conda/latest/lib/python3.12/multiprocessing/util.py", line 303, in _run_finalizers
    finalizer()
Traceback (most recent call last):
  File "/opt/ohpc/pub/compiler/conda/latest/lib/python3.12/multiprocessing/util.py", line 303, in _run_finalizers
    finalizer()
  File "/opt/ohpc/pub/compiler/conda/latest/lib/python3.12/multiprocessing/util.py", line 303, in _run_finalizers
    finalizer()
  File "/opt/ohpc/pub/compiler/conda/latest/lib/python3.12/multiprocessing/util.py", line 227, in __call__
    res = self._callback(*self._args, **self._kwargs)
          ^^^^^^^^^^^^^^^^^^^^^^^^^^^^^^^^^^^^^^^^^^^
  File "/opt/ohpc/pub/compiler/conda/latest/lib/python3.12/multiprocessing/util.py", line 136, in _remove_temp_dir
    rmtree(tempdir, onerror=onerror)
  File "/opt/ohpc/pub/compiler/conda/latest/lib/python3.12/multiprocessing/util.py", line 303, in _run_finalizers
    finalizer()
  File "/opt/ohpc/pub/compiler/conda/latest/lib/python3.12/multiprocessing/util.py", line 227, in __call__
    res = self._callback(*self._args, **self._kwargs)
          ^^^^^^^^^^^^^^^^^^^^^^^^^^^^^^^^^^^^^^^^^^^
  File "/opt/ohpc/pub/compiler/conda/latest/lib/python3.12/multiprocessing/util.py", line 136, in _remove_temp_dir
    rmtree(tempdir, onerror=onerror)
  File "/opt/ohpc/pub/compiler/conda/latest/lib/python3.12/multiprocessing/util.py", line 227, in __call__
    res = self._callback(*self._args, **self._kwargs)
          ^^^^^^^^^^^^^^^^^^^^^^^^^^^^^^^^^^^^^^^^^^^
  File "/opt/ohpc/pub/compiler/conda/latest/lib/python3.12/multiprocessing/util.py", line 136, in _remove_temp_dir
    rmtree(tempdir, onerror=onerror)
  File "/opt/ohpc/pub/compiler/conda/latest/lib/python3.12/shutil.py", line 759, in rmtree
    _rmtree_safe_fd(stack, onexc)
  File "/opt/ohpc/pub/compiler/conda/latest/lib/python3.12/shutil.py", line 703, in _rmtree_safe_fd
    onexc(func, path, err)
  File "/opt/ohpc/pub/compiler/conda/latest/lib/python3.12/multiprocessing/util.py", line 227, in __call__
    res = self._callback(*self._args, **self._kwargs)
          ^^^^^^^^^^^^^^^^^^^^^^^^^^^^^^^^^^^^^^^^^^^
  File "/opt/ohpc/pub/compiler/conda/latest/lib/python3.12/multiprocessing/util.py", line 136, in _remove_temp_dir
    rmtree(tempdir, onerror=onerror)
  File "/opt/ohpc/pub/compiler/conda/latest/lib/python3.12/shutil.py", line 759, in rmtree
    _rmtree_safe_fd(stack, onexc)
  File "/opt/ohpc/pub/compiler/conda/latest/lib/python3.12/shutil.py", line 703, in _rmtree_safe_fd
    onexc(func, path, err)
  File "/opt/ohpc/pub/compiler/conda/latest/lib/python3.12/shutil.py", line 759, in rmtree
    _rmtree_safe_fd(stack, onexc)
  File "/opt/ohpc/pub/compiler/conda/latest/lib/python3.12/shutil.py", line 703, in _rmtree_safe_fd
    onexc(func, path, err)
  File "/opt/ohpc/pub/compiler/conda/latest/lib/python3.12/shutil.py", line 750, in onexc
    return onerror(func, path, exc_info)
           ^^^^^^^^^^^^^^^^^^^^^^^^^^^^^
  File "/opt/ohpc/pub/compiler/conda/latest/lib/python3.12/shutil.py", line 700, in _rmtree_safe_fd
    onexc(os.unlink, fullname, err)
  File "/opt/ohpc/pub/compiler/conda/latest/lib/python3.12/shutil.py", line 759, in rmtree
    _rmtree_safe_fd(stack, onexc)
  File "/opt/ohpc/pub/compiler/conda/latest/lib/python3.12/shutil.py", line 703, in _rmtree_safe_fd
    onexc(func, path, err)
  File "/opt/ohpc/pub/compiler/conda/latest/lib/python3.12/shutil.py", line 750, in onexc
    return onerror(func, path, exc_info)
           ^^^^^^^^^^^^^^^^^^^^^^^^^^^^^
  File "/opt/ohpc/pub/compiler/conda/latest/lib/python3.12/shutil.py", line 700, in _rmtree_safe_fd
    onexc(os.unlink, fullname, err)
  File "/opt/ohpc/pub/compiler/conda/latest/lib/python3.12/shutil.py", line 750, in onexc
    return onerror(func, path, exc_info)
           ^^^^^^^^^^^^^^^^^^^^^^^^^^^^^
  File "/opt/ohpc/pub/compiler/conda/latest/lib/python3.12/shutil.py", line 700, in _rmtree_safe_fd
    onexc(os.unlink, fullname, err)
  File "/opt/ohpc/pub/compiler/conda/latest/lib/python3.12/shutil.py", line 750, in onexc
    return onerror(func, path, exc_info)
           ^^^^^^^^^^^^^^^^^^^^^^^^^^^^^
  File "/opt/ohpc/pub/compiler/conda/latest/lib/python3.12/shutil.py", line 698, in _rmtree_safe_fd
    os.unlink(entry.name, dir_fd=topfd)
  File "/opt/ohpc/pub/compiler/conda/latest/lib/python3.12/shutil.py", line 750, in onexc
    return onerror(func, path, exc_info)
           ^^^^^^^^^^^^^^^^^^^^^^^^^^^^^
  File "/opt/ohpc/pub/compiler/conda/latest/lib/python3.12/shutil.py", line 700, in _rmtree_safe_fd
    onexc(os.unlink, fullname, err)
  File "/opt/ohpc/pub/compiler/conda/latest/lib/python3.12/shutil.py", line 750, in onexc
    return onerror(func, path, exc_info)
           ^^^^^^^^^^^^^^^^^^^^^^^^^^^^^
  File "/opt/ohpc/pub/compiler/conda/latest/lib/python3.12/shutil.py", line 698, in _rmtree_safe_fd
    os.unlink(entry.name, dir_fd=topfd)
  File "/opt/ohpc/pub/compiler/conda/latest/lib/python3.12/shutil.py", line 750, in onexc
    return onerror(func, path, exc_info)
           ^^^^^^^^^^^^^^^^^^^^^^^^^^^^^
  File "/opt/ohpc/pub/compiler/conda/latest/lib/python3.12/shutil.py", line 698, in _rmtree_safe_fd
    os.unlink(entry.name, dir_fd=topfd)
OSError: [Errno 16] Device or resource busy: '/tmp/pymp-yb5qyw84'
  File "/opt/ohpc/pub/compiler/conda/latest/lib/python3.12/shutil.py", line 750, in onexc
    return onerror(func, path, exc_info)
           ^^^^^^^^^^^^^^^^^^^^^^^^^^^^^
  File "/opt/ohpc/pub/compiler/conda/latest/lib/python3.12/shutil.py", line 698, in _rmtree_safe_fd
    os.unlink(entry.name, dir_fd=topfd)
OSError: [Errno 16] Device or resource busy: '/tmp/pymp-ii9un739'
OSError: [Errno 16] Device or resource busy: '/tmp/pymp-gcppawtn'
OSError: [Errno 16] Device or resource busy: '/tmp/pymp-32pgvrv9'
Traceback (most recent call last):
Traceback (most recent call last):
Traceback (most recent call last):
Traceback (most recent call last):
  File "/opt/ohpc/pub/compiler/conda/latest/lib/python3.12/multiprocessing/util.py", line 303, in _run_finalizers
    finalizer()
  File "/opt/ohpc/pub/compiler/conda/latest/lib/python3.12/multiprocessing/util.py", line 303, in _run_finalizers
    finalizer()
  File "/opt/ohpc/pub/compiler/conda/latest/lib/python3.12/multiprocessing/util.py", line 303, in _run_finalizers
    finalizer()
  File "/opt/ohpc/pub/compiler/conda/latest/lib/python3.12/multiprocessing/util.py", line 303, in _run_finalizers
    finalizer()
  File "/opt/ohpc/pub/compiler/conda/latest/lib/python3.12/multiprocessing/util.py", line 227, in __call__
    res = self._callback(*self._args, **self._kwargs)
          ^^^^^^^^^^^^^^^^^^^^^^^^^^^^^^^^^^^^^^^^^^^
  File "/opt/ohpc/pub/compiler/conda/latest/lib/python3.12/multiprocessing/util.py", line 136, in _remove_temp_dir
    rmtree(tempdir, onerror=onerror)
  File "/opt/ohpc/pub/compiler/conda/latest/lib/python3.12/multiprocessing/util.py", line 227, in __call__
    res = self._callback(*self._args, **self._kwargs)
          ^^^^^^^^^^^^^^^^^^^^^^^^^^^^^^^^^^^^^^^^^^^
  File "/opt/ohpc/pub/compiler/conda/latest/lib/python3.12/multiprocessing/util.py", line 136, in _remove_temp_dir
    rmtree(tempdir, onerror=onerror)
  File "/opt/ohpc/pub/compiler/conda/latest/lib/python3.12/multiprocessing/util.py", line 227, in __call__
    res = self._callback(*self._args, **self._kwargs)
          ^^^^^^^^^^^^^^^^^^^^^^^^^^^^^^^^^^^^^^^^^^^
  File "/opt/ohpc/pub/compiler/conda/latest/lib/python3.12/multiprocessing/util.py", line 136, in _remove_temp_dir
    rmtree(tempdir, onerror=onerror)
  File "/opt/ohpc/pub/compiler/conda/latest/lib/python3.12/multiprocessing/util.py", line 227, in __call__
    res = self._callback(*self._args, **self._kwargs)
          ^^^^^^^^^^^^^^^^^^^^^^^^^^^^^^^^^^^^^^^^^^^
  File "/opt/ohpc/pub/compiler/conda/latest/lib/python3.12/multiprocessing/util.py", line 136, in _remove_temp_dir
    rmtree(tempdir, onerror=onerror)
  File "/opt/ohpc/pub/compiler/conda/latest/lib/python3.12/shutil.py", line 759, in rmtree
    _rmtree_safe_fd(stack, onexc)
  File "/opt/ohpc/pub/compiler/conda/latest/lib/python3.12/shutil.py", line 703, in _rmtree_safe_fd
    onexc(func, path, err)
  File "/opt/ohpc/pub/compiler/conda/latest/lib/python3.12/shutil.py", line 759, in rmtree
    _rmtree_safe_fd(stack, onexc)
  File "/opt/ohpc/pub/compiler/conda/latest/lib/python3.12/shutil.py", line 703, in _rmtree_safe_fd
    onexc(func, path, err)
  File "/opt/ohpc/pub/compiler/conda/latest/lib/python3.12/shutil.py", line 759, in rmtree
    _rmtree_safe_fd(stack, onexc)
  File "/opt/ohpc/pub/compiler/conda/latest/lib/python3.12/shutil.py", line 703, in _rmtree_safe_fd
    onexc(func, path, err)
  File "/opt/ohpc/pub/compiler/conda/latest/lib/python3.12/shutil.py", line 759, in rmtree
    _rmtree_safe_fd(stack, onexc)
  File "/opt/ohpc/pub/compiler/conda/latest/lib/python3.12/shutil.py", line 703, in _rmtree_safe_fd
    onexc(func, path, err)
  File "/opt/ohpc/pub/compiler/conda/latest/lib/python3.12/shutil.py", line 750, in onexc
    return onerror(func, path, exc_info)
           ^^^^^^^^^^^^^^^^^^^^^^^^^^^^^
  File "/opt/ohpc/pub/compiler/conda/latest/lib/python3.12/shutil.py", line 700, in _rmtree_safe_fd
    onexc(os.unlink, fullname, err)
  File "/opt/ohpc/pub/compiler/conda/latest/lib/python3.12/shutil.py", line 750, in onexc
    return onerror(func, path, exc_info)
           ^^^^^^^^^^^^^^^^^^^^^^^^^^^^^
  File "/opt/ohpc/pub/compiler/conda/latest/lib/python3.12/shutil.py", line 700, in _rmtree_safe_fd
    onexc(os.unlink, fullname, err)
  File "/opt/ohpc/pub/compiler/conda/latest/lib/python3.12/shutil.py", line 750, in onexc
    return onerror(func, path, exc_info)
           ^^^^^^^^^^^^^^^^^^^^^^^^^^^^^
  File "/opt/ohpc/pub/compiler/conda/latest/lib/python3.12/shutil.py", line 700, in _rmtree_safe_fd
    onexc(os.unlink, fullname, err)
  File "/opt/ohpc/pub/compiler/conda/latest/lib/python3.12/shutil.py", line 750, in onexc
    return onerror(func, path, exc_info)
           ^^^^^^^^^^^^^^^^^^^^^^^^^^^^^
  File "/opt/ohpc/pub/compiler/conda/latest/lib/python3.12/shutil.py", line 700, in _rmtree_safe_fd
    onexc(os.unlink, fullname, err)
  File "/opt/ohpc/pub/compiler/conda/latest/lib/python3.12/shutil.py", line 750, in onexc
    return onerror(func, path, exc_info)
           ^^^^^^^^^^^^^^^^^^^^^^^^^^^^^
  File "/opt/ohpc/pub/compiler/conda/latest/lib/python3.12/shutil.py", line 698, in _rmtree_safe_fd
    os.unlink(entry.name, dir_fd=topfd)
  File "/opt/ohpc/pub/compiler/conda/latest/lib/python3.12/shutil.py", line 750, in onexc
    return onerror(func, path, exc_info)
           ^^^^^^^^^^^^^^^^^^^^^^^^^^^^^
  File "/opt/ohpc/pub/compiler/conda/latest/lib/python3.12/shutil.py", line 698, in _rmtree_safe_fd
    os.unlink(entry.name, dir_fd=topfd)
  File "/opt/ohpc/pub/compiler/conda/latest/lib/python3.12/shutil.py", line 750, in onexc
    return onerror(func, path, exc_info)
           ^^^^^^^^^^^^^^^^^^^^^^^^^^^^^
  File "/opt/ohpc/pub/compiler/conda/latest/lib/python3.12/shutil.py", line 698, in _rmtree_safe_fd
    os.unlink(entry.name, dir_fd=topfd)
  File "/opt/ohpc/pub/compiler/conda/latest/lib/python3.12/shutil.py", line 750, in onexc
    return onerror(func, path, exc_info)
           ^^^^^^^^^^^^^^^^^^^^^^^^^^^^^
  File "/opt/ohpc/pub/compiler/conda/latest/lib/python3.12/shutil.py", line 698, in _rmtree_safe_fd
    os.unlink(entry.name, dir_fd=topfd)
OSError: [Errno 16] Device or resource busy: '/tmp/pymp-3l9depa1'
OSError: [Errno 16] Device or resource busy: '/tmp/pymp-9bzp88vz'
OSError: [Errno 16] Device or resource busy: '/tmp/pymp-53xuoabs'
OSError: [Errno 16] Device or resource busy: '/tmp/pymp-5pl619ra'
[val 049] loss=-0.9827 z_std=0.0442 rankme=18.185 lidar=6.227 areq=1.945 pr=1.26 align=0.0954 unif=-0.922 converged=True collapsed=False
  e050 it0000/62 lr=0.0018 loss=-0.9860 z_std=0.0609
  e050 it0010/62 lr=0.0018 loss=-0.9763 z_std=0.0619
  e050 it0020/62 lr=0.0018 loss=-0.9789 z_std=0.0615
  e050 it0030/62 lr=0.0018 loss=-0.9783 z_std=0.0613
  e050 it0040/62 lr=0.0018 loss=-0.9773 z_std=0.0613
  e050 it0050/62 lr=0.0018 loss=-0.9777 z_std=0.0612
  e050 it0060/62 lr=0.0018 loss=-0.9764 z_std=0.0612
[epoch 050] loss=-0.9764 z_std=0.0612 (healthy~0.0625) time=232.8s
  e051 it0000/62 lr=0.0018 loss=-0.9752 z_std=0.0612
  e051 it0010/62 lr=0.0018 loss=-0.9783 z_std=0.0605
  e051 it0020/62 lr=0.0018 loss=-0.9736 z_std=0.0612
  e051 it0030/62 lr=0.0018 loss=-0.9754 z_std=0.0611
  e051 it0040/62 lr=0.0017 loss=-0.9773 z_std=0.0612
  e051 it0050/62 lr=0.0017 loss=-0.9770 z_std=0.0613
  e051 it0060/62 lr=0.0017 loss=-0.9768 z_std=0.0612
[epoch 051] loss=-0.9768 z_std=0.0612 (healthy~0.0625) time=233.2s
  e052 it0000/62 lr=0.0017 loss=-0.9879 z_std=0.0616
  e052 it0010/62 lr=0.0017 loss=-0.9778 z_std=0.0614
  e052 it0020/62 lr=0.0017 loss=-0.9767 z_std=0.0612
  e052 it0030/62 lr=0.0017 loss=-0.9761 z_std=0.0613
  e052 it0040/62 lr=0.0017 loss=-0.9758 z_std=0.0610
  e052 it0050/62 lr=0.0017 loss=-0.9759 z_std=0.0611
  e052 it0060/62 lr=0.0017 loss=-0.9761 z_std=0.0611
[epoch 052] loss=-0.9763 z_std=0.0611 (healthy~0.0625) time=230.4s
  e053 it0000/62 lr=0.0017 loss=-0.9753 z_std=0.0598
  e053 it0010/62 lr=0.0017 loss=-0.9747 z_std=0.0608
  e053 it0020/62 lr=0.0017 loss=-0.9758 z_std=0.0608
  e053 it0030/62 lr=0.0016 loss=-0.9766 z_std=0.0610
  e053 it0040/62 lr=0.0016 loss=-0.9763 z_std=0.0611
  e053 it0050/62 lr=0.0016 loss=-0.9771 z_std=0.0612
  e053 it0060/62 lr=0.0016 loss=-0.9773 z_std=0.0613
[epoch 053] loss=-0.9773 z_std=0.0613 (healthy~0.0625) time=227.3s
  e054 it0000/62 lr=0.0016 loss=-0.9765 z_std=0.0608
  e054 it0010/62 lr=0.0016 loss=-0.9750 z_std=0.0613
  e054 it0020/62 lr=0.0016 loss=-0.9723 z_std=0.0612
  e054 it0030/62 lr=0.0016 loss=-0.9713 z_std=0.0613
  e054 it0040/62 lr=0.0016 loss=-0.9731 z_std=0.0612
  e054 it0050/62 lr=0.0016 loss=-0.9750 z_std=0.0611
  e054 it0060/62 lr=0.0016 loss=-0.9756 z_std=0.0610
[epoch 054] loss=-0.9756 z_std=0.0610 (healthy~0.0625) time=234.6s
Traceback (most recent call last):
Traceback (most recent call last):
Traceback (most recent call last):
Traceback (most recent call last):
  File "/opt/ohpc/pub/compiler/conda/latest/lib/python3.12/multiprocessing/util.py", line 303, in _run_finalizers
    finalizer()
  File "/opt/ohpc/pub/compiler/conda/latest/lib/python3.12/multiprocessing/util.py", line 303, in _run_finalizers
    finalizer()
  File "/opt/ohpc/pub/compiler/conda/latest/lib/python3.12/multiprocessing/util.py", line 303, in _run_finalizers
    finalizer()
  File "/opt/ohpc/pub/compiler/conda/latest/lib/python3.12/multiprocessing/util.py", line 303, in _run_finalizers
    finalizer()
  File "/opt/ohpc/pub/compiler/conda/latest/lib/python3.12/multiprocessing/util.py", line 227, in __call__
    res = self._callback(*self._args, **self._kwargs)
          ^^^^^^^^^^^^^^^^^^^^^^^^^^^^^^^^^^^^^^^^^^^
  File "/opt/ohpc/pub/compiler/conda/latest/lib/python3.12/multiprocessing/util.py", line 136, in _remove_temp_dir
    rmtree(tempdir, onerror=onerror)
  File "/opt/ohpc/pub/compiler/conda/latest/lib/python3.12/multiprocessing/util.py", line 227, in __call__
    res = self._callback(*self._args, **self._kwargs)
          ^^^^^^^^^^^^^^^^^^^^^^^^^^^^^^^^^^^^^^^^^^^
  File "/opt/ohpc/pub/compiler/conda/latest/lib/python3.12/multiprocessing/util.py", line 227, in __call__
    res = self._callback(*self._args, **self._kwargs)
          ^^^^^^^^^^^^^^^^^^^^^^^^^^^^^^^^^^^^^^^^^^^
  File "/opt/ohpc/pub/compiler/conda/latest/lib/python3.12/multiprocessing/util.py", line 136, in _remove_temp_dir
    rmtree(tempdir, onerror=onerror)
  File "/opt/ohpc/pub/compiler/conda/latest/lib/python3.12/multiprocessing/util.py", line 227, in __call__
    res = self._callback(*self._args, **self._kwargs)
          ^^^^^^^^^^^^^^^^^^^^^^^^^^^^^^^^^^^^^^^^^^^
  File "/opt/ohpc/pub/compiler/conda/latest/lib/python3.12/multiprocessing/util.py", line 136, in _remove_temp_dir
    rmtree(tempdir, onerror=onerror)
  File "/opt/ohpc/pub/compiler/conda/latest/lib/python3.12/shutil.py", line 759, in rmtree
    _rmtree_safe_fd(stack, onexc)
  File "/opt/ohpc/pub/compiler/conda/latest/lib/python3.12/shutil.py", line 703, in _rmtree_safe_fd
    onexc(func, path, err)
  File "/opt/ohpc/pub/compiler/conda/latest/lib/python3.12/multiprocessing/util.py", line 136, in _remove_temp_dir
    rmtree(tempdir, onerror=onerror)
  File "/opt/ohpc/pub/compiler/conda/latest/lib/python3.12/shutil.py", line 759, in rmtree
    _rmtree_safe_fd(stack, onexc)
  File "/opt/ohpc/pub/compiler/conda/latest/lib/python3.12/shutil.py", line 759, in rmtree
    _rmtree_safe_fd(stack, onexc)
  File "/opt/ohpc/pub/compiler/conda/latest/lib/python3.12/shutil.py", line 703, in _rmtree_safe_fd
    onexc(func, path, err)
  File "/opt/ohpc/pub/compiler/conda/latest/lib/python3.12/shutil.py", line 759, in rmtree
    _rmtree_safe_fd(stack, onexc)
  File "/opt/ohpc/pub/compiler/conda/latest/lib/python3.12/shutil.py", line 703, in _rmtree_safe_fd
    onexc(func, path, err)
  File "/opt/ohpc/pub/compiler/conda/latest/lib/python3.12/shutil.py", line 750, in onexc
    return onerror(func, path, exc_info)
           ^^^^^^^^^^^^^^^^^^^^^^^^^^^^^
  File "/opt/ohpc/pub/compiler/conda/latest/lib/python3.12/shutil.py", line 700, in _rmtree_safe_fd
    onexc(os.unlink, fullname, err)
  File "/opt/ohpc/pub/compiler/conda/latest/lib/python3.12/shutil.py", line 703, in _rmtree_safe_fd
    onexc(func, path, err)
  File "/opt/ohpc/pub/compiler/conda/latest/lib/python3.12/shutil.py", line 750, in onexc
    return onerror(func, path, exc_info)
           ^^^^^^^^^^^^^^^^^^^^^^^^^^^^^
  File "/opt/ohpc/pub/compiler/conda/latest/lib/python3.12/shutil.py", line 750, in onexc
    return onerror(func, path, exc_info)
           ^^^^^^^^^^^^^^^^^^^^^^^^^^^^^
  File "/opt/ohpc/pub/compiler/conda/latest/lib/python3.12/shutil.py", line 700, in _rmtree_safe_fd
    onexc(os.unlink, fullname, err)
  File "/opt/ohpc/pub/compiler/conda/latest/lib/python3.12/shutil.py", line 750, in onexc
    return onerror(func, path, exc_info)
           ^^^^^^^^^^^^^^^^^^^^^^^^^^^^^
  File "/opt/ohpc/pub/compiler/conda/latest/lib/python3.12/shutil.py", line 700, in _rmtree_safe_fd
    onexc(os.unlink, fullname, err)
  File "/opt/ohpc/pub/compiler/conda/latest/lib/python3.12/shutil.py", line 750, in onexc
    return onerror(func, path, exc_info)
           ^^^^^^^^^^^^^^^^^^^^^^^^^^^^^
  File "/opt/ohpc/pub/compiler/conda/latest/lib/python3.12/shutil.py", line 698, in _rmtree_safe_fd
    os.unlink(entry.name, dir_fd=topfd)
  File "/opt/ohpc/pub/compiler/conda/latest/lib/python3.12/shutil.py", line 700, in _rmtree_safe_fd
    onexc(os.unlink, fullname, err)
  File "/opt/ohpc/pub/compiler/conda/latest/lib/python3.12/shutil.py", line 750, in onexc
    return onerror(func, path, exc_info)
           ^^^^^^^^^^^^^^^^^^^^^^^^^^^^^
  File "/opt/ohpc/pub/compiler/conda/latest/lib/python3.12/shutil.py", line 750, in onexc
    return onerror(func, path, exc_info)
           ^^^^^^^^^^^^^^^^^^^^^^^^^^^^^
  File "/opt/ohpc/pub/compiler/conda/latest/lib/python3.12/shutil.py", line 698, in _rmtree_safe_fd
    os.unlink(entry.name, dir_fd=topfd)
  File "/opt/ohpc/pub/compiler/conda/latest/lib/python3.12/shutil.py", line 750, in onexc
    return onerror(func, path, exc_info)
           ^^^^^^^^^^^^^^^^^^^^^^^^^^^^^
  File "/opt/ohpc/pub/compiler/conda/latest/lib/python3.12/shutil.py", line 698, in _rmtree_safe_fd
    os.unlink(entry.name, dir_fd=topfd)
OSError: [Errno 16] Device or resource busy: '/tmp/pymp-wlqtk_a1'
  File "/opt/ohpc/pub/compiler/conda/latest/lib/python3.12/shutil.py", line 698, in _rmtree_safe_fd
    os.unlink(entry.name, dir_fd=topfd)
OSError: [Errno 16] Device or resource busy: '/tmp/pymp-ty1xpfno'
OSError: [Errno 16] Device or resource busy: '/tmp/pymp-bcy3rcu1'
OSError: [Errno 16] Device or resource busy: '/tmp/pymp-8at0e65h'
Traceback (most recent call last):
Traceback (most recent call last):
Traceback (most recent call last):
Traceback (most recent call last):
  File "/opt/ohpc/pub/compiler/conda/latest/lib/python3.12/multiprocessing/util.py", line 303, in _run_finalizers
    finalizer()
  File "/opt/ohpc/pub/compiler/conda/latest/lib/python3.12/multiprocessing/util.py", line 303, in _run_finalizers
    finalizer()
  File "/opt/ohpc/pub/compiler/conda/latest/lib/python3.12/multiprocessing/util.py", line 303, in _run_finalizers
    finalizer()
  File "/opt/ohpc/pub/compiler/conda/latest/lib/python3.12/multiprocessing/util.py", line 303, in _run_finalizers
    finalizer()
  File "/opt/ohpc/pub/compiler/conda/latest/lib/python3.12/multiprocessing/util.py", line 227, in __call__
    res = self._callback(*self._args, **self._kwargs)
          ^^^^^^^^^^^^^^^^^^^^^^^^^^^^^^^^^^^^^^^^^^^
  File "/opt/ohpc/pub/compiler/conda/latest/lib/python3.12/multiprocessing/util.py", line 136, in _remove_temp_dir
    rmtree(tempdir, onerror=onerror)
  File "/opt/ohpc/pub/compiler/conda/latest/lib/python3.12/multiprocessing/util.py", line 227, in __call__
    res = self._callback(*self._args, **self._kwargs)
          ^^^^^^^^^^^^^^^^^^^^^^^^^^^^^^^^^^^^^^^^^^^
  File "/opt/ohpc/pub/compiler/conda/latest/lib/python3.12/multiprocessing/util.py", line 136, in _remove_temp_dir
    rmtree(tempdir, onerror=onerror)
  File "/opt/ohpc/pub/compiler/conda/latest/lib/python3.12/multiprocessing/util.py", line 227, in __call__
    res = self._callback(*self._args, **self._kwargs)
          ^^^^^^^^^^^^^^^^^^^^^^^^^^^^^^^^^^^^^^^^^^^
  File "/opt/ohpc/pub/compiler/conda/latest/lib/python3.12/multiprocessing/util.py", line 136, in _remove_temp_dir
    rmtree(tempdir, onerror=onerror)
  File "/opt/ohpc/pub/compiler/conda/latest/lib/python3.12/multiprocessing/util.py", line 227, in __call__
    res = self._callback(*self._args, **self._kwargs)
          ^^^^^^^^^^^^^^^^^^^^^^^^^^^^^^^^^^^^^^^^^^^
  File "/opt/ohpc/pub/compiler/conda/latest/lib/python3.12/multiprocessing/util.py", line 136, in _remove_temp_dir
    rmtree(tempdir, onerror=onerror)
  File "/opt/ohpc/pub/compiler/conda/latest/lib/python3.12/shutil.py", line 759, in rmtree
    _rmtree_safe_fd(stack, onexc)
  File "/opt/ohpc/pub/compiler/conda/latest/lib/python3.12/shutil.py", line 703, in _rmtree_safe_fd
    onexc(func, path, err)
  File "/opt/ohpc/pub/compiler/conda/latest/lib/python3.12/shutil.py", line 759, in rmtree
    _rmtree_safe_fd(stack, onexc)
  File "/opt/ohpc/pub/compiler/conda/latest/lib/python3.12/shutil.py", line 703, in _rmtree_safe_fd
    onexc(func, path, err)
  File "/opt/ohpc/pub/compiler/conda/latest/lib/python3.12/shutil.py", line 759, in rmtree
    _rmtree_safe_fd(stack, onexc)
  File "/opt/ohpc/pub/compiler/conda/latest/lib/python3.12/shutil.py", line 703, in _rmtree_safe_fd
    onexc(func, path, err)
  File "/opt/ohpc/pub/compiler/conda/latest/lib/python3.12/shutil.py", line 759, in rmtree
    _rmtree_safe_fd(stack, onexc)
  File "/opt/ohpc/pub/compiler/conda/latest/lib/python3.12/shutil.py", line 703, in _rmtree_safe_fd
    onexc(func, path, err)
  File "/opt/ohpc/pub/compiler/conda/latest/lib/python3.12/shutil.py", line 750, in onexc
    return onerror(func, path, exc_info)
           ^^^^^^^^^^^^^^^^^^^^^^^^^^^^^
  File "/opt/ohpc/pub/compiler/conda/latest/lib/python3.12/shutil.py", line 700, in _rmtree_safe_fd
    onexc(os.unlink, fullname, err)
  File "/opt/ohpc/pub/compiler/conda/latest/lib/python3.12/shutil.py", line 750, in onexc
    return onerror(func, path, exc_info)
           ^^^^^^^^^^^^^^^^^^^^^^^^^^^^^
  File "/opt/ohpc/pub/compiler/conda/latest/lib/python3.12/shutil.py", line 700, in _rmtree_safe_fd
    onexc(os.unlink, fullname, err)
  File "/opt/ohpc/pub/compiler/conda/latest/lib/python3.12/shutil.py", line 750, in onexc
    return onerror(func, path, exc_info)
           ^^^^^^^^^^^^^^^^^^^^^^^^^^^^^
  File "/opt/ohpc/pub/compiler/conda/latest/lib/python3.12/shutil.py", line 700, in _rmtree_safe_fd
    onexc(os.unlink, fullname, err)
  File "/opt/ohpc/pub/compiler/conda/latest/lib/python3.12/shutil.py", line 750, in onexc
    return onerror(func, path, exc_info)
           ^^^^^^^^^^^^^^^^^^^^^^^^^^^^^
  File "/opt/ohpc/pub/compiler/conda/latest/lib/python3.12/shutil.py", line 700, in _rmtree_safe_fd
    onexc(os.unlink, fullname, err)
  File "/opt/ohpc/pub/compiler/conda/latest/lib/python3.12/shutil.py", line 750, in onexc
    return onerror(func, path, exc_info)
           ^^^^^^^^^^^^^^^^^^^^^^^^^^^^^
  File "/opt/ohpc/pub/compiler/conda/latest/lib/python3.12/shutil.py", line 698, in _rmtree_safe_fd
    os.unlink(entry.name, dir_fd=topfd)
  File "/opt/ohpc/pub/compiler/conda/latest/lib/python3.12/shutil.py", line 750, in onexc
    return onerror(func, path, exc_info)
           ^^^^^^^^^^^^^^^^^^^^^^^^^^^^^
  File "/opt/ohpc/pub/compiler/conda/latest/lib/python3.12/shutil.py", line 698, in _rmtree_safe_fd
    os.unlink(entry.name, dir_fd=topfd)
  File "/opt/ohpc/pub/compiler/conda/latest/lib/python3.12/shutil.py", line 750, in onexc
    return onerror(func, path, exc_info)
           ^^^^^^^^^^^^^^^^^^^^^^^^^^^^^
  File "/opt/ohpc/pub/compiler/conda/latest/lib/python3.12/shutil.py", line 698, in _rmtree_safe_fd
    os.unlink(entry.name, dir_fd=topfd)
  File "/opt/ohpc/pub/compiler/conda/latest/lib/python3.12/shutil.py", line 750, in onexc
    return onerror(func, path, exc_info)
           ^^^^^^^^^^^^^^^^^^^^^^^^^^^^^
  File "/opt/ohpc/pub/compiler/conda/latest/lib/python3.12/shutil.py", line 698, in _rmtree_safe_fd
    os.unlink(entry.name, dir_fd=topfd)
OSError: [Errno 16] Device or resource busy: '/tmp/pymp-qi167oqn'
OSError: [Errno 16] Device or resource busy: '/tmp/pymp-51k_0b5c'
OSError: [Errno 16] Device or resource busy: '/tmp/pymp-akjyy99l'
OSError: [Errno 16] Device or resource busy: '/tmp/pymp-7eva4hho'
Traceback (most recent call last):
Traceback (most recent call last):
Traceback (most recent call last):
  File "/opt/ohpc/pub/compiler/conda/latest/lib/python3.12/multiprocessing/util.py", line 303, in _run_finalizers
    finalizer()
Traceback (most recent call last):
  File "/opt/ohpc/pub/compiler/conda/latest/lib/python3.12/multiprocessing/util.py", line 303, in _run_finalizers
    finalizer()
  File "/opt/ohpc/pub/compiler/conda/latest/lib/python3.12/multiprocessing/util.py", line 303, in _run_finalizers
    finalizer()
  File "/opt/ohpc/pub/compiler/conda/latest/lib/python3.12/multiprocessing/util.py", line 227, in __call__
    res = self._callback(*self._args, **self._kwargs)
          ^^^^^^^^^^^^^^^^^^^^^^^^^^^^^^^^^^^^^^^^^^^
  File "/opt/ohpc/pub/compiler/conda/latest/lib/python3.12/multiprocessing/util.py", line 136, in _remove_temp_dir
    rmtree(tempdir, onerror=onerror)
  File "/opt/ohpc/pub/compiler/conda/latest/lib/python3.12/multiprocessing/util.py", line 303, in _run_finalizers
    finalizer()
  File "/opt/ohpc/pub/compiler/conda/latest/lib/python3.12/multiprocessing/util.py", line 227, in __call__
    res = self._callback(*self._args, **self._kwargs)
          ^^^^^^^^^^^^^^^^^^^^^^^^^^^^^^^^^^^^^^^^^^^
  File "/opt/ohpc/pub/compiler/conda/latest/lib/python3.12/multiprocessing/util.py", line 136, in _remove_temp_dir
    rmtree(tempdir, onerror=onerror)
  File "/opt/ohpc/pub/compiler/conda/latest/lib/python3.12/multiprocessing/util.py", line 227, in __call__
    res = self._callback(*self._args, **self._kwargs)
          ^^^^^^^^^^^^^^^^^^^^^^^^^^^^^^^^^^^^^^^^^^^
  File "/opt/ohpc/pub/compiler/conda/latest/lib/python3.12/multiprocessing/util.py", line 136, in _remove_temp_dir
    rmtree(tempdir, onerror=onerror)
  File "/opt/ohpc/pub/compiler/conda/latest/lib/python3.12/shutil.py", line 759, in rmtree
    _rmtree_safe_fd(stack, onexc)
  File "/opt/ohpc/pub/compiler/conda/latest/lib/python3.12/shutil.py", line 703, in _rmtree_safe_fd
    onexc(func, path, err)
  File "/opt/ohpc/pub/compiler/conda/latest/lib/python3.12/multiprocessing/util.py", line 227, in __call__
    res = self._callback(*self._args, **self._kwargs)
          ^^^^^^^^^^^^^^^^^^^^^^^^^^^^^^^^^^^^^^^^^^^
  File "/opt/ohpc/pub/compiler/conda/latest/lib/python3.12/multiprocessing/util.py", line 136, in _remove_temp_dir
    rmtree(tempdir, onerror=onerror)
  File "/opt/ohpc/pub/compiler/conda/latest/lib/python3.12/shutil.py", line 759, in rmtree
    _rmtree_safe_fd(stack, onexc)
  File "/opt/ohpc/pub/compiler/conda/latest/lib/python3.12/shutil.py", line 703, in _rmtree_safe_fd
    onexc(func, path, err)
  File "/opt/ohpc/pub/compiler/conda/latest/lib/python3.12/shutil.py", line 759, in rmtree
    _rmtree_safe_fd(stack, onexc)
  File "/opt/ohpc/pub/compiler/conda/latest/lib/python3.12/shutil.py", line 703, in _rmtree_safe_fd
    onexc(func, path, err)
  File "/opt/ohpc/pub/compiler/conda/latest/lib/python3.12/shutil.py", line 750, in onexc
    return onerror(func, path, exc_info)
           ^^^^^^^^^^^^^^^^^^^^^^^^^^^^^
  File "/opt/ohpc/pub/compiler/conda/latest/lib/python3.12/shutil.py", line 700, in _rmtree_safe_fd
    onexc(os.unlink, fullname, err)
  File "/opt/ohpc/pub/compiler/conda/latest/lib/python3.12/shutil.py", line 759, in rmtree
    _rmtree_safe_fd(stack, onexc)
  File "/opt/ohpc/pub/compiler/conda/latest/lib/python3.12/shutil.py", line 703, in _rmtree_safe_fd
    onexc(func, path, err)
  File "/opt/ohpc/pub/compiler/conda/latest/lib/python3.12/shutil.py", line 750, in onexc
    return onerror(func, path, exc_info)
           ^^^^^^^^^^^^^^^^^^^^^^^^^^^^^
  File "/opt/ohpc/pub/compiler/conda/latest/lib/python3.12/shutil.py", line 700, in _rmtree_safe_fd
    onexc(os.unlink, fullname, err)
  File "/opt/ohpc/pub/compiler/conda/latest/lib/python3.12/shutil.py", line 750, in onexc
    return onerror(func, path, exc_info)
           ^^^^^^^^^^^^^^^^^^^^^^^^^^^^^
  File "/opt/ohpc/pub/compiler/conda/latest/lib/python3.12/shutil.py", line 700, in _rmtree_safe_fd
    onexc(os.unlink, fullname, err)
  File "/opt/ohpc/pub/compiler/conda/latest/lib/python3.12/shutil.py", line 750, in onexc
    return onerror(func, path, exc_info)
           ^^^^^^^^^^^^^^^^^^^^^^^^^^^^^
  File "/opt/ohpc/pub/compiler/conda/latest/lib/python3.12/shutil.py", line 698, in _rmtree_safe_fd
    os.unlink(entry.name, dir_fd=topfd)
  File "/opt/ohpc/pub/compiler/conda/latest/lib/python3.12/shutil.py", line 750, in onexc
    return onerror(func, path, exc_info)
           ^^^^^^^^^^^^^^^^^^^^^^^^^^^^^
  File "/opt/ohpc/pub/compiler/conda/latest/lib/python3.12/shutil.py", line 700, in _rmtree_safe_fd
    onexc(os.unlink, fullname, err)
  File "/opt/ohpc/pub/compiler/conda/latest/lib/python3.12/shutil.py", line 750, in onexc
    return onerror(func, path, exc_info)
           ^^^^^^^^^^^^^^^^^^^^^^^^^^^^^
  File "/opt/ohpc/pub/compiler/conda/latest/lib/python3.12/shutil.py", line 698, in _rmtree_safe_fd
    os.unlink(entry.name, dir_fd=topfd)
  File "/opt/ohpc/pub/compiler/conda/latest/lib/python3.12/shutil.py", line 750, in onexc
    return onerror(func, path, exc_info)
           ^^^^^^^^^^^^^^^^^^^^^^^^^^^^^
  File "/opt/ohpc/pub/compiler/conda/latest/lib/python3.12/shutil.py", line 698, in _rmtree_safe_fd
    os.unlink(entry.name, dir_fd=topfd)
OSError: [Errno 16] Device or resource busy: '/tmp/pymp-mfgo1vm0'
  File "/opt/ohpc/pub/compiler/conda/latest/lib/python3.12/shutil.py", line 750, in onexc
    return onerror(func, path, exc_info)
           ^^^^^^^^^^^^^^^^^^^^^^^^^^^^^
  File "/opt/ohpc/pub/compiler/conda/latest/lib/python3.12/shutil.py", line 698, in _rmtree_safe_fd
    os.unlink(entry.name, dir_fd=topfd)
OSError: [Errno 16] Device or resource busy: '/tmp/pymp-dw5vmzp1'
OSError: [Errno 16] Device or resource busy: '/tmp/pymp-g_pe_ozc'
OSError: [Errno 16] Device or resource busy: '/tmp/pymp-n7w8so3d'
[val 054] loss=-0.9802 z_std=0.0441 rankme=18.112 lidar=5.832 areq=1.946 pr=1.26 align=0.0918 unif=-0.928 converged=True collapsed=False
  e055 it0000/62 lr=0.0016 loss=-0.9889 z_std=0.0603
  e055 it0010/62 lr=0.0016 loss=-0.9741 z_std=0.0615
  e055 it0020/62 lr=0.0015 loss=-0.9757 z_std=0.0615
  e055 it0030/62 lr=0.0015 loss=-0.9755 z_std=0.0614
  e055 it0040/62 lr=0.0015 loss=-0.9773 z_std=0.0614
  e055 it0050/62 lr=0.0015 loss=-0.9771 z_std=0.0613
  e055 it0060/62 lr=0.0015 loss=-0.9759 z_std=0.0613
[epoch 055] loss=-0.9760 z_std=0.0613 (healthy~0.0625) time=232.0s
  e056 it0000/62 lr=0.0015 loss=-0.9670 z_std=0.0622
  e056 it0010/62 lr=0.0015 loss=-0.9779 z_std=0.0614
  e056 it0020/62 lr=0.0015 loss=-0.9759 z_std=0.0614
  e056 it0030/62 lr=0.0015 loss=-0.9759 z_std=0.0613
  e056 it0040/62 lr=0.0015 loss=-0.9772 z_std=0.0612
  e056 it0050/62 lr=0.0015 loss=-0.9777 z_std=0.0613
  e056 it0060/62 lr=0.0015 loss=-0.9774 z_std=0.0612
[epoch 056] loss=-0.9776 z_std=0.0613 (healthy~0.0625) time=234.7s
  e057 it0000/62 lr=0.0015 loss=-0.9766 z_std=0.0626
  e057 it0010/62 lr=0.0014 loss=-0.9779 z_std=0.0604
  e057 it0020/62 lr=0.0014 loss=-0.9779 z_std=0.0606
  e057 it0030/62 lr=0.0014 loss=-0.9789 z_std=0.0607
  e057 it0040/62 lr=0.0014 loss=-0.9787 z_std=0.0608
  e057 it0050/62 lr=0.0014 loss=-0.9789 z_std=0.0610
  e057 it0060/62 lr=0.0014 loss=-0.9790 z_std=0.0611
[epoch 057] loss=-0.9790 z_std=0.0611 (healthy~0.0625) time=232.4s
  e058 it0000/62 lr=0.0014 loss=-0.9809 z_std=0.0613
  e058 it0010/62 lr=0.0014 loss=-0.9814 z_std=0.0607
  e058 it0020/62 lr=0.0014 loss=-0.9810 z_std=0.0609
  e058 it0030/62 lr=0.0014 loss=-0.9787 z_std=0.0609
  e058 it0040/62 lr=0.0014 loss=-0.9789 z_std=0.0610
  e058 it0050/62 lr=0.0014 loss=-0.9780 z_std=0.0611
  e058 it0060/62 lr=0.0013 loss=-0.9770 z_std=0.0612
[epoch 058] loss=-0.9770 z_std=0.0612 (healthy~0.0625) time=234.7s
  e059 it0000/62 lr=0.0013 loss=-0.9787 z_std=0.0602
  e059 it0010/62 lr=0.0013 loss=-0.9755 z_std=0.0608
  e059 it0020/62 lr=0.0013 loss=-0.9778 z_std=0.0608
  e059 it0030/62 lr=0.0013 loss=-0.9792 z_std=0.0609
  e059 it0040/62 lr=0.0013 loss=-0.9781 z_std=0.0610
  e059 it0050/62 lr=0.0013 loss=-0.9784 z_std=0.0611
  e059 it0060/62 lr=0.0013 loss=-0.9783 z_std=0.0611
[epoch 059] loss=-0.9783 z_std=0.0611 (healthy~0.0625) time=237.4s
Traceback (most recent call last):
Traceback (most recent call last):
Traceback (most recent call last):
Traceback (most recent call last):
  File "/opt/ohpc/pub/compiler/conda/latest/lib/python3.12/multiprocessing/util.py", line 303, in _run_finalizers
    finalizer()
  File "/opt/ohpc/pub/compiler/conda/latest/lib/python3.12/multiprocessing/util.py", line 303, in _run_finalizers
    finalizer()
  File "/opt/ohpc/pub/compiler/conda/latest/lib/python3.12/multiprocessing/util.py", line 303, in _run_finalizers
    finalizer()
  File "/opt/ohpc/pub/compiler/conda/latest/lib/python3.12/multiprocessing/util.py", line 227, in __call__
    res = self._callback(*self._args, **self._kwargs)
          ^^^^^^^^^^^^^^^^^^^^^^^^^^^^^^^^^^^^^^^^^^^
  File "/opt/ohpc/pub/compiler/conda/latest/lib/python3.12/multiprocessing/util.py", line 136, in _remove_temp_dir
    rmtree(tempdir, onerror=onerror)
  File "/opt/ohpc/pub/compiler/conda/latest/lib/python3.12/multiprocessing/util.py", line 303, in _run_finalizers
    finalizer()
  File "/opt/ohpc/pub/compiler/conda/latest/lib/python3.12/multiprocessing/util.py", line 227, in __call__
    res = self._callback(*self._args, **self._kwargs)
          ^^^^^^^^^^^^^^^^^^^^^^^^^^^^^^^^^^^^^^^^^^^
  File "/opt/ohpc/pub/compiler/conda/latest/lib/python3.12/multiprocessing/util.py", line 136, in _remove_temp_dir
    rmtree(tempdir, onerror=onerror)
  File "/opt/ohpc/pub/compiler/conda/latest/lib/python3.12/multiprocessing/util.py", line 227, in __call__
    res = self._callback(*self._args, **self._kwargs)
          ^^^^^^^^^^^^^^^^^^^^^^^^^^^^^^^^^^^^^^^^^^^
  File "/opt/ohpc/pub/compiler/conda/latest/lib/python3.12/multiprocessing/util.py", line 136, in _remove_temp_dir
    rmtree(tempdir, onerror=onerror)
  File "/opt/ohpc/pub/compiler/conda/latest/lib/python3.12/shutil.py", line 759, in rmtree
    _rmtree_safe_fd(stack, onexc)
  File "/opt/ohpc/pub/compiler/conda/latest/lib/python3.12/shutil.py", line 703, in _rmtree_safe_fd
    onexc(func, path, err)
  File "/opt/ohpc/pub/compiler/conda/latest/lib/python3.12/multiprocessing/util.py", line 227, in __call__
    res = self._callback(*self._args, **self._kwargs)
          ^^^^^^^^^^^^^^^^^^^^^^^^^^^^^^^^^^^^^^^^^^^
  File "/opt/ohpc/pub/compiler/conda/latest/lib/python3.12/multiprocessing/util.py", line 136, in _remove_temp_dir
    rmtree(tempdir, onerror=onerror)
  File "/opt/ohpc/pub/compiler/conda/latest/lib/python3.12/shutil.py", line 759, in rmtree
    _rmtree_safe_fd(stack, onexc)
  File "/opt/ohpc/pub/compiler/conda/latest/lib/python3.12/shutil.py", line 703, in _rmtree_safe_fd
    onexc(func, path, err)
  File "/opt/ohpc/pub/compiler/conda/latest/lib/python3.12/shutil.py", line 759, in rmtree
    _rmtree_safe_fd(stack, onexc)
  File "/opt/ohpc/pub/compiler/conda/latest/lib/python3.12/shutil.py", line 703, in _rmtree_safe_fd
    onexc(func, path, err)
  File "/opt/ohpc/pub/compiler/conda/latest/lib/python3.12/shutil.py", line 750, in onexc
    return onerror(func, path, exc_info)
           ^^^^^^^^^^^^^^^^^^^^^^^^^^^^^
  File "/opt/ohpc/pub/compiler/conda/latest/lib/python3.12/shutil.py", line 700, in _rmtree_safe_fd
    onexc(os.unlink, fullname, err)
  File "/opt/ohpc/pub/compiler/conda/latest/lib/python3.12/shutil.py", line 759, in rmtree
    _rmtree_safe_fd(stack, onexc)
  File "/opt/ohpc/pub/compiler/conda/latest/lib/python3.12/shutil.py", line 703, in _rmtree_safe_fd
    onexc(func, path, err)
  File "/opt/ohpc/pub/compiler/conda/latest/lib/python3.12/shutil.py", line 750, in onexc
    return onerror(func, path, exc_info)
           ^^^^^^^^^^^^^^^^^^^^^^^^^^^^^
  File "/opt/ohpc/pub/compiler/conda/latest/lib/python3.12/shutil.py", line 750, in onexc
    return onerror(func, path, exc_info)
           ^^^^^^^^^^^^^^^^^^^^^^^^^^^^^
  File "/opt/ohpc/pub/compiler/conda/latest/lib/python3.12/shutil.py", line 750, in onexc
    return onerror(func, path, exc_info)
           ^^^^^^^^^^^^^^^^^^^^^^^^^^^^^
  File "/opt/ohpc/pub/compiler/conda/latest/lib/python3.12/shutil.py", line 698, in _rmtree_safe_fd
    os.unlink(entry.name, dir_fd=topfd)
  File "/opt/ohpc/pub/compiler/conda/latest/lib/python3.12/shutil.py", line 750, in onexc
    return onerror(func, path, exc_info)
           ^^^^^^^^^^^^^^^^^^^^^^^^^^^^^
  File "/opt/ohpc/pub/compiler/conda/latest/lib/python3.12/shutil.py", line 700, in _rmtree_safe_fd
    onexc(os.unlink, fullname, err)
  File "/opt/ohpc/pub/compiler/conda/latest/lib/python3.12/shutil.py", line 700, in _rmtree_safe_fd
    onexc(os.unlink, fullname, err)
  File "/opt/ohpc/pub/compiler/conda/latest/lib/python3.12/shutil.py", line 750, in onexc
    return onerror(func, path, exc_info)
           ^^^^^^^^^^^^^^^^^^^^^^^^^^^^^
  File "/opt/ohpc/pub/compiler/conda/latest/lib/python3.12/shutil.py", line 700, in _rmtree_safe_fd
    onexc(os.unlink, fullname, err)
OSError: [Errno 16] Device or resource busy: '/tmp/pymp-lpt1h76y'
  File "/opt/ohpc/pub/compiler/conda/latest/lib/python3.12/shutil.py", line 750, in onexc
    return onerror(func, path, exc_info)
           ^^^^^^^^^^^^^^^^^^^^^^^^^^^^^
  File "/opt/ohpc/pub/compiler/conda/latest/lib/python3.12/shutil.py", line 698, in _rmtree_safe_fd
    os.unlink(entry.name, dir_fd=topfd)
  File "/opt/ohpc/pub/compiler/conda/latest/lib/python3.12/shutil.py", line 698, in _rmtree_safe_fd
    os.unlink(entry.name, dir_fd=topfd)
  File "/opt/ohpc/pub/compiler/conda/latest/lib/python3.12/shutil.py", line 750, in onexc
    return onerror(func, path, exc_info)
           ^^^^^^^^^^^^^^^^^^^^^^^^^^^^^
  File "/opt/ohpc/pub/compiler/conda/latest/lib/python3.12/shutil.py", line 698, in _rmtree_safe_fd
    os.unlink(entry.name, dir_fd=topfd)
OSError: [Errno 16] Device or resource busy: '/tmp/pymp-sualhrbl'
OSError: [Errno 16] Device or resource busy: '/tmp/pymp-bfwoq7cw'
OSError: [Errno 16] Device or resource busy: '/tmp/pymp-ft__8ufl'
Traceback (most recent call last):
Traceback (most recent call last):
Traceback (most recent call last):
  File "/opt/ohpc/pub/compiler/conda/latest/lib/python3.12/multiprocessing/util.py", line 303, in _run_finalizers
    finalizer()
Traceback (most recent call last):
  File "/opt/ohpc/pub/compiler/conda/latest/lib/python3.12/multiprocessing/util.py", line 303, in _run_finalizers
    finalizer()
  File "/opt/ohpc/pub/compiler/conda/latest/lib/python3.12/multiprocessing/util.py", line 303, in _run_finalizers
    finalizer()
  File "/opt/ohpc/pub/compiler/conda/latest/lib/python3.12/multiprocessing/util.py", line 227, in __call__
    res = self._callback(*self._args, **self._kwargs)
          ^^^^^^^^^^^^^^^^^^^^^^^^^^^^^^^^^^^^^^^^^^^
  File "/opt/ohpc/pub/compiler/conda/latest/lib/python3.12/multiprocessing/util.py", line 136, in _remove_temp_dir
    rmtree(tempdir, onerror=onerror)
  File "/opt/ohpc/pub/compiler/conda/latest/lib/python3.12/multiprocessing/util.py", line 303, in _run_finalizers
    finalizer()
  File "/opt/ohpc/pub/compiler/conda/latest/lib/python3.12/multiprocessing/util.py", line 227, in __call__
    res = self._callback(*self._args, **self._kwargs)
          ^^^^^^^^^^^^^^^^^^^^^^^^^^^^^^^^^^^^^^^^^^^
  File "/opt/ohpc/pub/compiler/conda/latest/lib/python3.12/multiprocessing/util.py", line 136, in _remove_temp_dir
    rmtree(tempdir, onerror=onerror)
  File "/opt/ohpc/pub/compiler/conda/latest/lib/python3.12/multiprocessing/util.py", line 227, in __call__
    res = self._callback(*self._args, **self._kwargs)
          ^^^^^^^^^^^^^^^^^^^^^^^^^^^^^^^^^^^^^^^^^^^
  File "/opt/ohpc/pub/compiler/conda/latest/lib/python3.12/multiprocessing/util.py", line 136, in _remove_temp_dir
    rmtree(tempdir, onerror=onerror)
  File "/opt/ohpc/pub/compiler/conda/latest/lib/python3.12/shutil.py", line 759, in rmtree
    _rmtree_safe_fd(stack, onexc)
  File "/opt/ohpc/pub/compiler/conda/latest/lib/python3.12/shutil.py", line 703, in _rmtree_safe_fd
    onexc(func, path, err)
  File "/opt/ohpc/pub/compiler/conda/latest/lib/python3.12/multiprocessing/util.py", line 227, in __call__
    res = self._callback(*self._args, **self._kwargs)
          ^^^^^^^^^^^^^^^^^^^^^^^^^^^^^^^^^^^^^^^^^^^
  File "/opt/ohpc/pub/compiler/conda/latest/lib/python3.12/multiprocessing/util.py", line 136, in _remove_temp_dir
    rmtree(tempdir, onerror=onerror)
  File "/opt/ohpc/pub/compiler/conda/latest/lib/python3.12/shutil.py", line 759, in rmtree
    _rmtree_safe_fd(stack, onexc)
  File "/opt/ohpc/pub/compiler/conda/latest/lib/python3.12/shutil.py", line 703, in _rmtree_safe_fd
    onexc(func, path, err)
  File "/opt/ohpc/pub/compiler/conda/latest/lib/python3.12/shutil.py", line 759, in rmtree
    _rmtree_safe_fd(stack, onexc)
  File "/opt/ohpc/pub/compiler/conda/latest/lib/python3.12/shutil.py", line 703, in _rmtree_safe_fd
    onexc(func, path, err)
  File "/opt/ohpc/pub/compiler/conda/latest/lib/python3.12/shutil.py", line 750, in onexc
    return onerror(func, path, exc_info)
           ^^^^^^^^^^^^^^^^^^^^^^^^^^^^^
  File "/opt/ohpc/pub/compiler/conda/latest/lib/python3.12/shutil.py", line 700, in _rmtree_safe_fd
    onexc(os.unlink, fullname, err)
  File "/opt/ohpc/pub/compiler/conda/latest/lib/python3.12/shutil.py", line 759, in rmtree
    _rmtree_safe_fd(stack, onexc)
  File "/opt/ohpc/pub/compiler/conda/latest/lib/python3.12/shutil.py", line 703, in _rmtree_safe_fd
    onexc(func, path, err)
  File "/opt/ohpc/pub/compiler/conda/latest/lib/python3.12/shutil.py", line 750, in onexc
    return onerror(func, path, exc_info)
           ^^^^^^^^^^^^^^^^^^^^^^^^^^^^^
  File "/opt/ohpc/pub/compiler/conda/latest/lib/python3.12/shutil.py", line 700, in _rmtree_safe_fd
    onexc(os.unlink, fullname, err)
  File "/opt/ohpc/pub/compiler/conda/latest/lib/python3.12/shutil.py", line 750, in onexc
    return onerror(func, path, exc_info)
           ^^^^^^^^^^^^^^^^^^^^^^^^^^^^^
  File "/opt/ohpc/pub/compiler/conda/latest/lib/python3.12/shutil.py", line 700, in _rmtree_safe_fd
    onexc(os.unlink, fullname, err)
  File "/opt/ohpc/pub/compiler/conda/latest/lib/python3.12/shutil.py", line 750, in onexc
    return onerror(func, path, exc_info)
           ^^^^^^^^^^^^^^^^^^^^^^^^^^^^^
  File "/opt/ohpc/pub/compiler/conda/latest/lib/python3.12/shutil.py", line 698, in _rmtree_safe_fd
    os.unlink(entry.name, dir_fd=topfd)
  File "/opt/ohpc/pub/compiler/conda/latest/lib/python3.12/shutil.py", line 750, in onexc
    return onerror(func, path, exc_info)
           ^^^^^^^^^^^^^^^^^^^^^^^^^^^^^
  File "/opt/ohpc/pub/compiler/conda/latest/lib/python3.12/shutil.py", line 700, in _rmtree_safe_fd
    onexc(os.unlink, fullname, err)
  File "/opt/ohpc/pub/compiler/conda/latest/lib/python3.12/shutil.py", line 750, in onexc
    return onerror(func, path, exc_info)
           ^^^^^^^^^^^^^^^^^^^^^^^^^^^^^
  File "/opt/ohpc/pub/compiler/conda/latest/lib/python3.12/shutil.py", line 698, in _rmtree_safe_fd
    os.unlink(entry.name, dir_fd=topfd)
  File "/opt/ohpc/pub/compiler/conda/latest/lib/python3.12/shutil.py", line 750, in onexc
    return onerror(func, path, exc_info)
           ^^^^^^^^^^^^^^^^^^^^^^^^^^^^^
  File "/opt/ohpc/pub/compiler/conda/latest/lib/python3.12/shutil.py", line 698, in _rmtree_safe_fd
    os.unlink(entry.name, dir_fd=topfd)
OSError: [Errno 16] Device or resource busy: '/tmp/pymp-blqbb6dh'
  File "/opt/ohpc/pub/compiler/conda/latest/lib/python3.12/shutil.py", line 750, in onexc
    return onerror(func, path, exc_info)
           ^^^^^^^^^^^^^^^^^^^^^^^^^^^^^
  File "/opt/ohpc/pub/compiler/conda/latest/lib/python3.12/shutil.py", line 698, in _rmtree_safe_fd
    os.unlink(entry.name, dir_fd=topfd)
OSError: [Errno 16] Device or resource busy: '/tmp/pymp-gd5wdjm6'
OSError: [Errno 16] Device or resource busy: '/tmp/pymp-3yo_7ht2'
OSError: [Errno 16] Device or resource busy: '/tmp/pymp-2jw6p3au'
Traceback (most recent call last):
Traceback (most recent call last):
Traceback (most recent call last):
Traceback (most recent call last):
  File "/opt/ohpc/pub/compiler/conda/latest/lib/python3.12/multiprocessing/util.py", line 303, in _run_finalizers
    finalizer()
  File "/opt/ohpc/pub/compiler/conda/latest/lib/python3.12/multiprocessing/util.py", line 303, in _run_finalizers
    finalizer()
  File "/opt/ohpc/pub/compiler/conda/latest/lib/python3.12/multiprocessing/util.py", line 303, in _run_finalizers
    finalizer()
  File "/opt/ohpc/pub/compiler/conda/latest/lib/python3.12/multiprocessing/util.py", line 227, in __call__
    res = self._callback(*self._args, **self._kwargs)
          ^^^^^^^^^^^^^^^^^^^^^^^^^^^^^^^^^^^^^^^^^^^
  File "/opt/ohpc/pub/compiler/conda/latest/lib/python3.12/multiprocessing/util.py", line 136, in _remove_temp_dir
    rmtree(tempdir, onerror=onerror)
  File "/opt/ohpc/pub/compiler/conda/latest/lib/python3.12/multiprocessing/util.py", line 303, in _run_finalizers
    finalizer()
  File "/opt/ohpc/pub/compiler/conda/latest/lib/python3.12/multiprocessing/util.py", line 227, in __call__
    res = self._callback(*self._args, **self._kwargs)
          ^^^^^^^^^^^^^^^^^^^^^^^^^^^^^^^^^^^^^^^^^^^
  File "/opt/ohpc/pub/compiler/conda/latest/lib/python3.12/multiprocessing/util.py", line 136, in _remove_temp_dir
    rmtree(tempdir, onerror=onerror)
  File "/opt/ohpc/pub/compiler/conda/latest/lib/python3.12/multiprocessing/util.py", line 227, in __call__
    res = self._callback(*self._args, **self._kwargs)
          ^^^^^^^^^^^^^^^^^^^^^^^^^^^^^^^^^^^^^^^^^^^
  File "/opt/ohpc/pub/compiler/conda/latest/lib/python3.12/multiprocessing/util.py", line 136, in _remove_temp_dir
    rmtree(tempdir, onerror=onerror)
  File "/opt/ohpc/pub/compiler/conda/latest/lib/python3.12/shutil.py", line 759, in rmtree
    _rmtree_safe_fd(stack, onexc)
  File "/opt/ohpc/pub/compiler/conda/latest/lib/python3.12/shutil.py", line 703, in _rmtree_safe_fd
    onexc(func, path, err)
  File "/opt/ohpc/pub/compiler/conda/latest/lib/python3.12/multiprocessing/util.py", line 227, in __call__
    res = self._callback(*self._args, **self._kwargs)
          ^^^^^^^^^^^^^^^^^^^^^^^^^^^^^^^^^^^^^^^^^^^
  File "/opt/ohpc/pub/compiler/conda/latest/lib/python3.12/multiprocessing/util.py", line 136, in _remove_temp_dir
    rmtree(tempdir, onerror=onerror)
  File "/opt/ohpc/pub/compiler/conda/latest/lib/python3.12/shutil.py", line 759, in rmtree
    _rmtree_safe_fd(stack, onexc)
  File "/opt/ohpc/pub/compiler/conda/latest/lib/python3.12/shutil.py", line 703, in _rmtree_safe_fd
    onexc(func, path, err)
  File "/opt/ohpc/pub/compiler/conda/latest/lib/python3.12/shutil.py", line 759, in rmtree
    _rmtree_safe_fd(stack, onexc)
  File "/opt/ohpc/pub/compiler/conda/latest/lib/python3.12/shutil.py", line 703, in _rmtree_safe_fd
    onexc(func, path, err)
  File "/opt/ohpc/pub/compiler/conda/latest/lib/python3.12/shutil.py", line 750, in onexc
    return onerror(func, path, exc_info)
           ^^^^^^^^^^^^^^^^^^^^^^^^^^^^^
  File "/opt/ohpc/pub/compiler/conda/latest/lib/python3.12/shutil.py", line 759, in rmtree
    _rmtree_safe_fd(stack, onexc)
  File "/opt/ohpc/pub/compiler/conda/latest/lib/python3.12/shutil.py", line 703, in _rmtree_safe_fd
    onexc(func, path, err)
  File "/opt/ohpc/pub/compiler/conda/latest/lib/python3.12/shutil.py", line 750, in onexc
    return onerror(func, path, exc_info)
           ^^^^^^^^^^^^^^^^^^^^^^^^^^^^^
  File "/opt/ohpc/pub/compiler/conda/latest/lib/python3.12/shutil.py", line 700, in _rmtree_safe_fd
    onexc(os.unlink, fullname, err)
  File "/opt/ohpc/pub/compiler/conda/latest/lib/python3.12/shutil.py", line 750, in onexc
    return onerror(func, path, exc_info)
           ^^^^^^^^^^^^^^^^^^^^^^^^^^^^^
  File "/opt/ohpc/pub/compiler/conda/latest/lib/python3.12/shutil.py", line 700, in _rmtree_safe_fd
    onexc(os.unlink, fullname, err)
  File "/opt/ohpc/pub/compiler/conda/latest/lib/python3.12/shutil.py", line 700, in _rmtree_safe_fd
    onexc(os.unlink, fullname, err)
  File "/opt/ohpc/pub/compiler/conda/latest/lib/python3.12/shutil.py", line 750, in onexc
    return onerror(func, path, exc_info)
           ^^^^^^^^^^^^^^^^^^^^^^^^^^^^^
  File "/opt/ohpc/pub/compiler/conda/latest/lib/python3.12/shutil.py", line 750, in onexc
    return onerror(func, path, exc_info)
           ^^^^^^^^^^^^^^^^^^^^^^^^^^^^^
  File "/opt/ohpc/pub/compiler/conda/latest/lib/python3.12/shutil.py", line 700, in _rmtree_safe_fd
    onexc(os.unlink, fullname, err)
  File "/opt/ohpc/pub/compiler/conda/latest/lib/python3.12/shutil.py", line 750, in onexc
    return onerror(func, path, exc_info)
           ^^^^^^^^^^^^^^^^^^^^^^^^^^^^^
  File "/opt/ohpc/pub/compiler/conda/latest/lib/python3.12/shutil.py", line 698, in _rmtree_safe_fd
    os.unlink(entry.name, dir_fd=topfd)
  File "/opt/ohpc/pub/compiler/conda/latest/lib/python3.12/shutil.py", line 750, in onexc
    return onerror(func, path, exc_info)
           ^^^^^^^^^^^^^^^^^^^^^^^^^^^^^
  File "/opt/ohpc/pub/compiler/conda/latest/lib/python3.12/shutil.py", line 698, in _rmtree_safe_fd
    os.unlink(entry.name, dir_fd=topfd)
  File "/opt/ohpc/pub/compiler/conda/latest/lib/python3.12/shutil.py", line 698, in _rmtree_safe_fd
    os.unlink(entry.name, dir_fd=topfd)
  File "/opt/ohpc/pub/compiler/conda/latest/lib/python3.12/shutil.py", line 750, in onexc
    return onerror(func, path, exc_info)
           ^^^^^^^^^^^^^^^^^^^^^^^^^^^^^
OSError: [Errno 16] Device or resource busy: '/tmp/pymp-jlp5l5bc'
OSError: [Errno 16] Device or resource busy: '/tmp/pymp-e3om5ncj'
OSError: [Errno 16] Device or resource busy: '/tmp/pymp-1tgwid_1'
  File "/opt/ohpc/pub/compiler/conda/latest/lib/python3.12/shutil.py", line 698, in _rmtree_safe_fd
    os.unlink(entry.name, dir_fd=topfd)
OSError: [Errno 16] Device or resource busy: '/tmp/pymp-uos3edpn'
[val 059] loss=-0.9840 z_std=0.0441 rankme=17.867 lidar=6.129 areq=1.947 pr=1.25 align=0.0902 unif=-0.920 converged=True collapsed=False
  e060 it0000/62 lr=0.0013 loss=-0.9774 z_std=0.0607
  e060 it0010/62 lr=0.0013 loss=-0.9741 z_std=0.0609
  e060 it0020/62 lr=0.0013 loss=-0.9770 z_std=0.0611
  e060 it0030/62 lr=0.0013 loss=-0.9777 z_std=0.0612
  e060 it0040/62 lr=0.0013 loss=-0.9770 z_std=0.0612
  e060 it0050/62 lr=0.0012 loss=-0.9773 z_std=0.0613
  e060 it0060/62 lr=0.0012 loss=-0.9780 z_std=0.0612
[epoch 060] loss=-0.9780 z_std=0.0612 (healthy~0.0625) time=234.5s
  e061 it0000/62 lr=0.0012 loss=-0.9705 z_std=0.0611
  e061 it0010/62 lr=0.0012 loss=-0.9771 z_std=0.0611
  e061 it0020/62 lr=0.0012 loss=-0.9784 z_std=0.0613
  e061 it0030/62 lr=0.0012 loss=-0.9768 z_std=0.0613
  e061 it0040/62 lr=0.0012 loss=-0.9765 z_std=0.0612
  e061 it0050/62 lr=0.0012 loss=-0.9770 z_std=0.0612
  e061 it0060/62 lr=0.0012 loss=-0.9771 z_std=0.0612
[epoch 061] loss=-0.9772 z_std=0.0611 (healthy~0.0625) time=229.4s
  e062 it0000/62 lr=0.0012 loss=-0.9799 z_std=0.0617
  e062 it0010/62 lr=0.0012 loss=-0.9790 z_std=0.0602
  e062 it0020/62 lr=0.0012 loss=-0.9779 z_std=0.0605
  e062 it0030/62 lr=0.0012 loss=-0.9782 z_std=0.0609
  e062 it0040/62 lr=0.0012 loss=-0.9794 z_std=0.0610
  e062 it0050/62 lr=0.0011 loss=-0.9795 z_std=0.0610
  e062 it0060/62 lr=0.0011 loss=-0.9795 z_std=0.0611
[epoch 062] loss=-0.9796 z_std=0.0611 (healthy~0.0625) time=234.6s
  e063 it0000/62 lr=0.0011 loss=-0.9694 z_std=0.0628
  e063 it0010/62 lr=0.0011 loss=-0.9776 z_std=0.0611
  e063 it0020/62 lr=0.0011 loss=-0.9786 z_std=0.0610
  e063 it0030/62 lr=0.0011 loss=-0.9771 z_std=0.0613
  e063 it0040/62 lr=0.0011 loss=-0.9778 z_std=0.0612
  e063 it0050/62 lr=0.0011 loss=-0.9784 z_std=0.0611
  e063 it0060/62 lr=0.0011 loss=-0.9781 z_std=0.0612
[epoch 063] loss=-0.9779 z_std=0.0611 (healthy~0.0625) time=235.0s
  e064 it0000/62 lr=0.0011 loss=-0.9604 z_std=0.0603
  e064 it0010/62 lr=0.0011 loss=-0.9769 z_std=0.0611
  e064 it0020/62 lr=0.0011 loss=-0.9763 z_std=0.0614
  e064 it0030/62 lr=0.0011 loss=-0.9765 z_std=0.0616
  e064 it0040/62 lr=0.0010 loss=-0.9765 z_std=0.0615
  e064 it0050/62 lr=0.0010 loss=-0.9776 z_std=0.0614
  e064 it0060/62 lr=0.0010 loss=-0.9778 z_std=0.0612
[epoch 064] loss=-0.9779 z_std=0.0612 (healthy~0.0625) time=227.6s
Traceback (most recent call last):
Traceback (most recent call last):
Traceback (most recent call last):
Traceback (most recent call last):
  File "/opt/ohpc/pub/compiler/conda/latest/lib/python3.12/multiprocessing/util.py", line 303, in _run_finalizers
    finalizer()
  File "/opt/ohpc/pub/compiler/conda/latest/lib/python3.12/multiprocessing/util.py", line 303, in _run_finalizers
    finalizer()
  File "/opt/ohpc/pub/compiler/conda/latest/lib/python3.12/multiprocessing/util.py", line 303, in _run_finalizers
    finalizer()
  File "/opt/ohpc/pub/compiler/conda/latest/lib/python3.12/multiprocessing/util.py", line 303, in _run_finalizers
    finalizer()
  File "/opt/ohpc/pub/compiler/conda/latest/lib/python3.12/multiprocessing/util.py", line 227, in __call__
    res = self._callback(*self._args, **self._kwargs)
          ^^^^^^^^^^^^^^^^^^^^^^^^^^^^^^^^^^^^^^^^^^^
  File "/opt/ohpc/pub/compiler/conda/latest/lib/python3.12/multiprocessing/util.py", line 136, in _remove_temp_dir
    rmtree(tempdir, onerror=onerror)
  File "/opt/ohpc/pub/compiler/conda/latest/lib/python3.12/multiprocessing/util.py", line 227, in __call__
    res = self._callback(*self._args, **self._kwargs)
          ^^^^^^^^^^^^^^^^^^^^^^^^^^^^^^^^^^^^^^^^^^^
  File "/opt/ohpc/pub/compiler/conda/latest/lib/python3.12/multiprocessing/util.py", line 136, in _remove_temp_dir
    rmtree(tempdir, onerror=onerror)
  File "/opt/ohpc/pub/compiler/conda/latest/lib/python3.12/multiprocessing/util.py", line 227, in __call__
    res = self._callback(*self._args, **self._kwargs)
          ^^^^^^^^^^^^^^^^^^^^^^^^^^^^^^^^^^^^^^^^^^^
  File "/opt/ohpc/pub/compiler/conda/latest/lib/python3.12/multiprocessing/util.py", line 136, in _remove_temp_dir
    rmtree(tempdir, onerror=onerror)
  File "/opt/ohpc/pub/compiler/conda/latest/lib/python3.12/multiprocessing/util.py", line 227, in __call__
    res = self._callback(*self._args, **self._kwargs)
          ^^^^^^^^^^^^^^^^^^^^^^^^^^^^^^^^^^^^^^^^^^^
  File "/opt/ohpc/pub/compiler/conda/latest/lib/python3.12/multiprocessing/util.py", line 136, in _remove_temp_dir
    rmtree(tempdir, onerror=onerror)
  File "/opt/ohpc/pub/compiler/conda/latest/lib/python3.12/shutil.py", line 759, in rmtree
    _rmtree_safe_fd(stack, onexc)
  File "/opt/ohpc/pub/compiler/conda/latest/lib/python3.12/shutil.py", line 703, in _rmtree_safe_fd
    onexc(func, path, err)
  File "/opt/ohpc/pub/compiler/conda/latest/lib/python3.12/shutil.py", line 759, in rmtree
    _rmtree_safe_fd(stack, onexc)
  File "/opt/ohpc/pub/compiler/conda/latest/lib/python3.12/shutil.py", line 703, in _rmtree_safe_fd
    onexc(func, path, err)
  File "/opt/ohpc/pub/compiler/conda/latest/lib/python3.12/shutil.py", line 759, in rmtree
    _rmtree_safe_fd(stack, onexc)
  File "/opt/ohpc/pub/compiler/conda/latest/lib/python3.12/shutil.py", line 703, in _rmtree_safe_fd
    onexc(func, path, err)
  File "/opt/ohpc/pub/compiler/conda/latest/lib/python3.12/shutil.py", line 759, in rmtree
    _rmtree_safe_fd(stack, onexc)
  File "/opt/ohpc/pub/compiler/conda/latest/lib/python3.12/shutil.py", line 703, in _rmtree_safe_fd
    onexc(func, path, err)
  File "/opt/ohpc/pub/compiler/conda/latest/lib/python3.12/shutil.py", line 750, in onexc
    return onerror(func, path, exc_info)
           ^^^^^^^^^^^^^^^^^^^^^^^^^^^^^
  File "/opt/ohpc/pub/compiler/conda/latest/lib/python3.12/shutil.py", line 750, in onexc
    return onerror(func, path, exc_info)
           ^^^^^^^^^^^^^^^^^^^^^^^^^^^^^
  File "/opt/ohpc/pub/compiler/conda/latest/lib/python3.12/shutil.py", line 750, in onexc
    return onerror(func, path, exc_info)
           ^^^^^^^^^^^^^^^^^^^^^^^^^^^^^
  File "/opt/ohpc/pub/compiler/conda/latest/lib/python3.12/shutil.py", line 700, in _rmtree_safe_fd
    onexc(os.unlink, fullname, err)
  File "/opt/ohpc/pub/compiler/conda/latest/lib/python3.12/shutil.py", line 750, in onexc
    return onerror(func, path, exc_info)
           ^^^^^^^^^^^^^^^^^^^^^^^^^^^^^
  File "/opt/ohpc/pub/compiler/conda/latest/lib/python3.12/shutil.py", line 700, in _rmtree_safe_fd
    onexc(os.unlink, fullname, err)
  File "/opt/ohpc/pub/compiler/conda/latest/lib/python3.12/shutil.py", line 700, in _rmtree_safe_fd
    onexc(os.unlink, fullname, err)
  File "/opt/ohpc/pub/compiler/conda/latest/lib/python3.12/shutil.py", line 750, in onexc
    return onerror(func, path, exc_info)
           ^^^^^^^^^^^^^^^^^^^^^^^^^^^^^
  File "/opt/ohpc/pub/compiler/conda/latest/lib/python3.12/shutil.py", line 700, in _rmtree_safe_fd
    onexc(os.unlink, fullname, err)
  File "/opt/ohpc/pub/compiler/conda/latest/lib/python3.12/shutil.py", line 750, in onexc
    return onerror(func, path, exc_info)
           ^^^^^^^^^^^^^^^^^^^^^^^^^^^^^
  File "/opt/ohpc/pub/compiler/conda/latest/lib/python3.12/shutil.py", line 750, in onexc
    return onerror(func, path, exc_info)
           ^^^^^^^^^^^^^^^^^^^^^^^^^^^^^
  File "/opt/ohpc/pub/compiler/conda/latest/lib/python3.12/shutil.py", line 698, in _rmtree_safe_fd
    os.unlink(entry.name, dir_fd=topfd)
  File "/opt/ohpc/pub/compiler/conda/latest/lib/python3.12/shutil.py", line 698, in _rmtree_safe_fd
    os.unlink(entry.name, dir_fd=topfd)
  File "/opt/ohpc/pub/compiler/conda/latest/lib/python3.12/shutil.py", line 750, in onexc
    return onerror(func, path, exc_info)
           ^^^^^^^^^^^^^^^^^^^^^^^^^^^^^
  File "/opt/ohpc/pub/compiler/conda/latest/lib/python3.12/shutil.py", line 698, in _rmtree_safe_fd
    os.unlink(entry.name, dir_fd=topfd)
  File "/opt/ohpc/pub/compiler/conda/latest/lib/python3.12/shutil.py", line 698, in _rmtree_safe_fd
    os.unlink(entry.name, dir_fd=topfd)
OSError: [Errno 16] Device or resource busy: '/tmp/pymp-9yslsdmz'
OSError: [Errno 16] Device or resource busy: '/tmp/pymp-2m8euunm'
OSError: [Errno 16] Device or resource busy: '/tmp/pymp-p_dj4p47'
OSError: [Errno 16] Device or resource busy: '/tmp/pymp-_f3eh0e4'
Traceback (most recent call last):
Traceback (most recent call last):
Traceback (most recent call last):
Traceback (most recent call last):
  File "/opt/ohpc/pub/compiler/conda/latest/lib/python3.12/multiprocessing/util.py", line 303, in _run_finalizers
    finalizer()
  File "/opt/ohpc/pub/compiler/conda/latest/lib/python3.12/multiprocessing/util.py", line 303, in _run_finalizers
    finalizer()
  File "/opt/ohpc/pub/compiler/conda/latest/lib/python3.12/multiprocessing/util.py", line 303, in _run_finalizers
    finalizer()
  File "/opt/ohpc/pub/compiler/conda/latest/lib/python3.12/multiprocessing/util.py", line 303, in _run_finalizers
    finalizer()
  File "/opt/ohpc/pub/compiler/conda/latest/lib/python3.12/multiprocessing/util.py", line 227, in __call__
    res = self._callback(*self._args, **self._kwargs)
          ^^^^^^^^^^^^^^^^^^^^^^^^^^^^^^^^^^^^^^^^^^^
  File "/opt/ohpc/pub/compiler/conda/latest/lib/python3.12/multiprocessing/util.py", line 227, in __call__
    res = self._callback(*self._args, **self._kwargs)
          ^^^^^^^^^^^^^^^^^^^^^^^^^^^^^^^^^^^^^^^^^^^
  File "/opt/ohpc/pub/compiler/conda/latest/lib/python3.12/multiprocessing/util.py", line 136, in _remove_temp_dir
    rmtree(tempdir, onerror=onerror)
  File "/opt/ohpc/pub/compiler/conda/latest/lib/python3.12/multiprocessing/util.py", line 227, in __call__
    res = self._callback(*self._args, **self._kwargs)
          ^^^^^^^^^^^^^^^^^^^^^^^^^^^^^^^^^^^^^^^^^^^
  File "/opt/ohpc/pub/compiler/conda/latest/lib/python3.12/multiprocessing/util.py", line 136, in _remove_temp_dir
    rmtree(tempdir, onerror=onerror)
  File "/opt/ohpc/pub/compiler/conda/latest/lib/python3.12/multiprocessing/util.py", line 227, in __call__
    res = self._callback(*self._args, **self._kwargs)
          ^^^^^^^^^^^^^^^^^^^^^^^^^^^^^^^^^^^^^^^^^^^
  File "/opt/ohpc/pub/compiler/conda/latest/lib/python3.12/multiprocessing/util.py", line 136, in _remove_temp_dir
    rmtree(tempdir, onerror=onerror)
  File "/opt/ohpc/pub/compiler/conda/latest/lib/python3.12/multiprocessing/util.py", line 136, in _remove_temp_dir
    rmtree(tempdir, onerror=onerror)
  File "/opt/ohpc/pub/compiler/conda/latest/lib/python3.12/shutil.py", line 759, in rmtree
    _rmtree_safe_fd(stack, onexc)
  File "/opt/ohpc/pub/compiler/conda/latest/lib/python3.12/shutil.py", line 759, in rmtree
    _rmtree_safe_fd(stack, onexc)
  File "/opt/ohpc/pub/compiler/conda/latest/lib/python3.12/shutil.py", line 703, in _rmtree_safe_fd
    onexc(func, path, err)
  File "/opt/ohpc/pub/compiler/conda/latest/lib/python3.12/shutil.py", line 759, in rmtree
    _rmtree_safe_fd(stack, onexc)
  File "/opt/ohpc/pub/compiler/conda/latest/lib/python3.12/shutil.py", line 703, in _rmtree_safe_fd
    onexc(func, path, err)
  File "/opt/ohpc/pub/compiler/conda/latest/lib/python3.12/shutil.py", line 759, in rmtree
    _rmtree_safe_fd(stack, onexc)
  File "/opt/ohpc/pub/compiler/conda/latest/lib/python3.12/shutil.py", line 703, in _rmtree_safe_fd
    onexc(func, path, err)
  File "/opt/ohpc/pub/compiler/conda/latest/lib/python3.12/shutil.py", line 703, in _rmtree_safe_fd
    onexc(func, path, err)
  File "/opt/ohpc/pub/compiler/conda/latest/lib/python3.12/shutil.py", line 750, in onexc
    return onerror(func, path, exc_info)
           ^^^^^^^^^^^^^^^^^^^^^^^^^^^^^
  File "/opt/ohpc/pub/compiler/conda/latest/lib/python3.12/shutil.py", line 750, in onexc
    return onerror(func, path, exc_info)
           ^^^^^^^^^^^^^^^^^^^^^^^^^^^^^
  File "/opt/ohpc/pub/compiler/conda/latest/lib/python3.12/shutil.py", line 750, in onexc
    return onerror(func, path, exc_info)
           ^^^^^^^^^^^^^^^^^^^^^^^^^^^^^
  File "/opt/ohpc/pub/compiler/conda/latest/lib/python3.12/shutil.py", line 700, in _rmtree_safe_fd
    onexc(os.unlink, fullname, err)
  File "/opt/ohpc/pub/compiler/conda/latest/lib/python3.12/shutil.py", line 750, in onexc
    return onerror(func, path, exc_info)
           ^^^^^^^^^^^^^^^^^^^^^^^^^^^^^
  File "/opt/ohpc/pub/compiler/conda/latest/lib/python3.12/shutil.py", line 700, in _rmtree_safe_fd
    onexc(os.unlink, fullname, err)
  File "/opt/ohpc/pub/compiler/conda/latest/lib/python3.12/shutil.py", line 700, in _rmtree_safe_fd
    onexc(os.unlink, fullname, err)
  File "/opt/ohpc/pub/compiler/conda/latest/lib/python3.12/shutil.py", line 750, in onexc
    return onerror(func, path, exc_info)
           ^^^^^^^^^^^^^^^^^^^^^^^^^^^^^
  File "/opt/ohpc/pub/compiler/conda/latest/lib/python3.12/shutil.py", line 700, in _rmtree_safe_fd
    onexc(os.unlink, fullname, err)
  File "/opt/ohpc/pub/compiler/conda/latest/lib/python3.12/shutil.py", line 750, in onexc
    return onerror(func, path, exc_info)
           ^^^^^^^^^^^^^^^^^^^^^^^^^^^^^
  File "/opt/ohpc/pub/compiler/conda/latest/lib/python3.12/shutil.py", line 750, in onexc
    return onerror(func, path, exc_info)
           ^^^^^^^^^^^^^^^^^^^^^^^^^^^^^
  File "/opt/ohpc/pub/compiler/conda/latest/lib/python3.12/shutil.py", line 698, in _rmtree_safe_fd
    os.unlink(entry.name, dir_fd=topfd)
  File "/opt/ohpc/pub/compiler/conda/latest/lib/python3.12/shutil.py", line 750, in onexc
    return onerror(func, path, exc_info)
           ^^^^^^^^^^^^^^^^^^^^^^^^^^^^^
  File "/opt/ohpc/pub/compiler/conda/latest/lib/python3.12/shutil.py", line 698, in _rmtree_safe_fd
    os.unlink(entry.name, dir_fd=topfd)
  File "/opt/ohpc/pub/compiler/conda/latest/lib/python3.12/shutil.py", line 698, in _rmtree_safe_fd
    os.unlink(entry.name, dir_fd=topfd)
  File "/opt/ohpc/pub/compiler/conda/latest/lib/python3.12/shutil.py", line 698, in _rmtree_safe_fd
    os.unlink(entry.name, dir_fd=topfd)
OSError: [Errno 16] Device or resource busy: '/tmp/pymp-7tht91vp'
OSError: [Errno 16] Device or resource busy: '/tmp/pymp-tt_89uib'
OSError: [Errno 16] Device or resource busy: '/tmp/pymp-5ejmm5c8'
OSError: [Errno 16] Device or resource busy: '/tmp/pymp-wukcng1g'
Traceback (most recent call last):
Traceback (most recent call last):
Traceback (most recent call last):
Traceback (most recent call last):
  File "/opt/ohpc/pub/compiler/conda/latest/lib/python3.12/multiprocessing/util.py", line 303, in _run_finalizers
    finalizer()
  File "/opt/ohpc/pub/compiler/conda/latest/lib/python3.12/multiprocessing/util.py", line 303, in _run_finalizers
    finalizer()
  File "/opt/ohpc/pub/compiler/conda/latest/lib/python3.12/multiprocessing/util.py", line 303, in _run_finalizers
    finalizer()
  File "/opt/ohpc/pub/compiler/conda/latest/lib/python3.12/multiprocessing/util.py", line 303, in _run_finalizers
    finalizer()
  File "/opt/ohpc/pub/compiler/conda/latest/lib/python3.12/multiprocessing/util.py", line 227, in __call__
    res = self._callback(*self._args, **self._kwargs)
          ^^^^^^^^^^^^^^^^^^^^^^^^^^^^^^^^^^^^^^^^^^^
  File "/opt/ohpc/pub/compiler/conda/latest/lib/python3.12/multiprocessing/util.py", line 136, in _remove_temp_dir
    rmtree(tempdir, onerror=onerror)
  File "/opt/ohpc/pub/compiler/conda/latest/lib/python3.12/multiprocessing/util.py", line 227, in __call__
    res = self._callback(*self._args, **self._kwargs)
          ^^^^^^^^^^^^^^^^^^^^^^^^^^^^^^^^^^^^^^^^^^^
  File "/opt/ohpc/pub/compiler/conda/latest/lib/python3.12/multiprocessing/util.py", line 227, in __call__
    res = self._callback(*self._args, **self._kwargs)
          ^^^^^^^^^^^^^^^^^^^^^^^^^^^^^^^^^^^^^^^^^^^
  File "/opt/ohpc/pub/compiler/conda/latest/lib/python3.12/multiprocessing/util.py", line 136, in _remove_temp_dir
    rmtree(tempdir, onerror=onerror)
  File "/opt/ohpc/pub/compiler/conda/latest/lib/python3.12/multiprocessing/util.py", line 227, in __call__
    res = self._callback(*self._args, **self._kwargs)
          ^^^^^^^^^^^^^^^^^^^^^^^^^^^^^^^^^^^^^^^^^^^
  File "/opt/ohpc/pub/compiler/conda/latest/lib/python3.12/multiprocessing/util.py", line 136, in _remove_temp_dir
    rmtree(tempdir, onerror=onerror)
  File "/opt/ohpc/pub/compiler/conda/latest/lib/python3.12/shutil.py", line 759, in rmtree
    _rmtree_safe_fd(stack, onexc)
  File "/opt/ohpc/pub/compiler/conda/latest/lib/python3.12/shutil.py", line 703, in _rmtree_safe_fd
    onexc(func, path, err)
  File "/opt/ohpc/pub/compiler/conda/latest/lib/python3.12/multiprocessing/util.py", line 136, in _remove_temp_dir
    rmtree(tempdir, onerror=onerror)
  File "/opt/ohpc/pub/compiler/conda/latest/lib/python3.12/shutil.py", line 759, in rmtree
    _rmtree_safe_fd(stack, onexc)
  File "/opt/ohpc/pub/compiler/conda/latest/lib/python3.12/shutil.py", line 759, in rmtree
    _rmtree_safe_fd(stack, onexc)
  File "/opt/ohpc/pub/compiler/conda/latest/lib/python3.12/shutil.py", line 703, in _rmtree_safe_fd
    onexc(func, path, err)
  File "/opt/ohpc/pub/compiler/conda/latest/lib/python3.12/shutil.py", line 759, in rmtree
    _rmtree_safe_fd(stack, onexc)
  File "/opt/ohpc/pub/compiler/conda/latest/lib/python3.12/shutil.py", line 703, in _rmtree_safe_fd
    onexc(func, path, err)
  File "/opt/ohpc/pub/compiler/conda/latest/lib/python3.12/shutil.py", line 750, in onexc
    return onerror(func, path, exc_info)
           ^^^^^^^^^^^^^^^^^^^^^^^^^^^^^
  File "/opt/ohpc/pub/compiler/conda/latest/lib/python3.12/shutil.py", line 700, in _rmtree_safe_fd
    onexc(os.unlink, fullname, err)
  File "/opt/ohpc/pub/compiler/conda/latest/lib/python3.12/shutil.py", line 703, in _rmtree_safe_fd
    onexc(func, path, err)
  File "/opt/ohpc/pub/compiler/conda/latest/lib/python3.12/shutil.py", line 750, in onexc
    return onerror(func, path, exc_info)
           ^^^^^^^^^^^^^^^^^^^^^^^^^^^^^
  File "/opt/ohpc/pub/compiler/conda/latest/lib/python3.12/shutil.py", line 750, in onexc
    return onerror(func, path, exc_info)
           ^^^^^^^^^^^^^^^^^^^^^^^^^^^^^
  File "/opt/ohpc/pub/compiler/conda/latest/lib/python3.12/shutil.py", line 700, in _rmtree_safe_fd
    onexc(os.unlink, fullname, err)
  File "/opt/ohpc/pub/compiler/conda/latest/lib/python3.12/shutil.py", line 750, in onexc
    return onerror(func, path, exc_info)
           ^^^^^^^^^^^^^^^^^^^^^^^^^^^^^
  File "/opt/ohpc/pub/compiler/conda/latest/lib/python3.12/shutil.py", line 700, in _rmtree_safe_fd
    onexc(os.unlink, fullname, err)
  File "/opt/ohpc/pub/compiler/conda/latest/lib/python3.12/shutil.py", line 750, in onexc
    return onerror(func, path, exc_info)
           ^^^^^^^^^^^^^^^^^^^^^^^^^^^^^
  File "/opt/ohpc/pub/compiler/conda/latest/lib/python3.12/shutil.py", line 698, in _rmtree_safe_fd
    os.unlink(entry.name, dir_fd=topfd)
  File "/opt/ohpc/pub/compiler/conda/latest/lib/python3.12/shutil.py", line 700, in _rmtree_safe_fd
    onexc(os.unlink, fullname, err)
  File "/opt/ohpc/pub/compiler/conda/latest/lib/python3.12/shutil.py", line 750, in onexc
    return onerror(func, path, exc_info)
           ^^^^^^^^^^^^^^^^^^^^^^^^^^^^^
  File "/opt/ohpc/pub/compiler/conda/latest/lib/python3.12/shutil.py", line 750, in onexc
    return onerror(func, path, exc_info)
           ^^^^^^^^^^^^^^^^^^^^^^^^^^^^^
  File "/opt/ohpc/pub/compiler/conda/latest/lib/python3.12/shutil.py", line 698, in _rmtree_safe_fd
    os.unlink(entry.name, dir_fd=topfd)
  File "/opt/ohpc/pub/compiler/conda/latest/lib/python3.12/shutil.py", line 750, in onexc
    return onerror(func, path, exc_info)
           ^^^^^^^^^^^^^^^^^^^^^^^^^^^^^
  File "/opt/ohpc/pub/compiler/conda/latest/lib/python3.12/shutil.py", line 698, in _rmtree_safe_fd
    os.unlink(entry.name, dir_fd=topfd)
OSError: [Errno 16] Device or resource busy: '/tmp/pymp-rao6mynu'
  File "/opt/ohpc/pub/compiler/conda/latest/lib/python3.12/shutil.py", line 698, in _rmtree_safe_fd
    os.unlink(entry.name, dir_fd=topfd)
OSError: [Errno 16] Device or resource busy: '/tmp/pymp-dqjpjrw3'
OSError: [Errno 16] Device or resource busy: '/tmp/pymp-_g83z3bx'
OSError: [Errno 16] Device or resource busy: '/tmp/pymp-b019tdnc'
[val 064] loss=-0.9836 z_std=0.0441 rankme=17.668 lidar=5.888 areq=1.943 pr=1.25 align=0.1032 unif=-0.919 converged=True collapsed=False
  e065 it0000/62 lr=0.0010 loss=-0.9828 z_std=0.0624
  e065 it0010/62 lr=0.0010 loss=-0.9816 z_std=0.0611
  e065 it0020/62 lr=0.0010 loss=-0.9813 z_std=0.0613
  e065 it0030/62 lr=0.0010 loss=-0.9812 z_std=0.0611
  e065 it0040/62 lr=0.0010 loss=-0.9808 z_std=0.0610
  e065 it0050/62 lr=0.0010 loss=-0.9806 z_std=0.0610
  e065 it0060/62 lr=0.0010 loss=-0.9805 z_std=0.0611
[epoch 065] loss=-0.9804 z_std=0.0611 (healthy~0.0625) time=230.4s
  e066 it0000/62 lr=0.0010 loss=-0.9847 z_std=0.0615
  e066 it0010/62 lr=0.0010 loss=-0.9794 z_std=0.0615
  e066 it0020/62 lr=0.0010 loss=-0.9812 z_std=0.0614
  e066 it0030/62 lr=0.0010 loss=-0.9805 z_std=0.0611
  e066 it0040/62 lr=0.0009 loss=-0.9796 z_std=0.0612
  e066 it0050/62 lr=0.0009 loss=-0.9790 z_std=0.0612
  e066 it0060/62 lr=0.0009 loss=-0.9789 z_std=0.0612
[epoch 066] loss=-0.9790 z_std=0.0612 (healthy~0.0625) time=236.8s
  e067 it0000/62 lr=0.0009 loss=-0.9729 z_std=0.0610
  e067 it0010/62 lr=0.0009 loss=-0.9803 z_std=0.0605
  e067 it0020/62 lr=0.0009 loss=-0.9784 z_std=0.0607
  e067 it0030/62 lr=0.0009 loss=-0.9784 z_std=0.0607
  e067 it0040/62 lr=0.0009 loss=-0.9777 z_std=0.0608
  e067 it0050/62 lr=0.0009 loss=-0.9779 z_std=0.0609
  e067 it0060/62 lr=0.0009 loss=-0.9782 z_std=0.0610
[epoch 067] loss=-0.9784 z_std=0.0610 (healthy~0.0625) time=229.6s
  e068 it0000/62 lr=0.0009 loss=-0.9864 z_std=0.0621
  e068 it0010/62 lr=0.0009 loss=-0.9781 z_std=0.0613
  e068 it0020/62 lr=0.0009 loss=-0.9797 z_std=0.0611
  e068 it0030/62 lr=0.0009 loss=-0.9792 z_std=0.0610
  e068 it0040/62 lr=0.0008 loss=-0.9792 z_std=0.0610
  e068 it0050/62 lr=0.0008 loss=-0.9787 z_std=0.0610
  e068 it0060/62 lr=0.0008 loss=-0.9782 z_std=0.0611
[epoch 068] loss=-0.9783 z_std=0.0611 (healthy~0.0625) time=231.2s
  e069 it0000/62 lr=0.0008 loss=-0.9694 z_std=0.0628
  e069 it0010/62 lr=0.0008 loss=-0.9744 z_std=0.0618
  e069 it0020/62 lr=0.0008 loss=-0.9770 z_std=0.0613
  e069 it0030/62 lr=0.0008 loss=-0.9782 z_std=0.0612
  e069 it0040/62 lr=0.0008 loss=-0.9785 z_std=0.0613
  e069 it0050/62 lr=0.0008 loss=-0.9794 z_std=0.0612
  e069 it0060/62 lr=0.0008 loss=-0.9796 z_std=0.0612
[epoch 069] loss=-0.9795 z_std=0.0612 (healthy~0.0625) time=235.2s
Traceback (most recent call last):
Traceback (most recent call last):
Traceback (most recent call last):
  File "/opt/ohpc/pub/compiler/conda/latest/lib/python3.12/multiprocessing/util.py", line 303, in _run_finalizers
    finalizer()
  File "/opt/ohpc/pub/compiler/conda/latest/lib/python3.12/multiprocessing/util.py", line 303, in _run_finalizers
    finalizer()
  File "/opt/ohpc/pub/compiler/conda/latest/lib/python3.12/multiprocessing/util.py", line 303, in _run_finalizers
    finalizer()
Traceback (most recent call last):
  File "/opt/ohpc/pub/compiler/conda/latest/lib/python3.12/multiprocessing/util.py", line 227, in __call__
    res = self._callback(*self._args, **self._kwargs)
          ^^^^^^^^^^^^^^^^^^^^^^^^^^^^^^^^^^^^^^^^^^^
  File "/opt/ohpc/pub/compiler/conda/latest/lib/python3.12/multiprocessing/util.py", line 136, in _remove_temp_dir
    rmtree(tempdir, onerror=onerror)
  File "/opt/ohpc/pub/compiler/conda/latest/lib/python3.12/multiprocessing/util.py", line 227, in __call__
    res = self._callback(*self._args, **self._kwargs)
          ^^^^^^^^^^^^^^^^^^^^^^^^^^^^^^^^^^^^^^^^^^^
  File "/opt/ohpc/pub/compiler/conda/latest/lib/python3.12/multiprocessing/util.py", line 136, in _remove_temp_dir
    rmtree(tempdir, onerror=onerror)
  File "/opt/ohpc/pub/compiler/conda/latest/lib/python3.12/multiprocessing/util.py", line 227, in __call__
    res = self._callback(*self._args, **self._kwargs)
          ^^^^^^^^^^^^^^^^^^^^^^^^^^^^^^^^^^^^^^^^^^^
  File "/opt/ohpc/pub/compiler/conda/latest/lib/python3.12/multiprocessing/util.py", line 136, in _remove_temp_dir
    rmtree(tempdir, onerror=onerror)
  File "/opt/ohpc/pub/compiler/conda/latest/lib/python3.12/multiprocessing/util.py", line 303, in _run_finalizers
    finalizer()
  File "/opt/ohpc/pub/compiler/conda/latest/lib/python3.12/shutil.py", line 759, in rmtree
    _rmtree_safe_fd(stack, onexc)
  File "/opt/ohpc/pub/compiler/conda/latest/lib/python3.12/shutil.py", line 703, in _rmtree_safe_fd
    onexc(func, path, err)
  File "/opt/ohpc/pub/compiler/conda/latest/lib/python3.12/shutil.py", line 759, in rmtree
    _rmtree_safe_fd(stack, onexc)
  File "/opt/ohpc/pub/compiler/conda/latest/lib/python3.12/shutil.py", line 703, in _rmtree_safe_fd
    onexc(func, path, err)
  File "/opt/ohpc/pub/compiler/conda/latest/lib/python3.12/shutil.py", line 759, in rmtree
    _rmtree_safe_fd(stack, onexc)
  File "/opt/ohpc/pub/compiler/conda/latest/lib/python3.12/shutil.py", line 703, in _rmtree_safe_fd
    onexc(func, path, err)
  File "/opt/ohpc/pub/compiler/conda/latest/lib/python3.12/multiprocessing/util.py", line 227, in __call__
    res = self._callback(*self._args, **self._kwargs)
          ^^^^^^^^^^^^^^^^^^^^^^^^^^^^^^^^^^^^^^^^^^^
  File "/opt/ohpc/pub/compiler/conda/latest/lib/python3.12/multiprocessing/util.py", line 136, in _remove_temp_dir
    rmtree(tempdir, onerror=onerror)
  File "/opt/ohpc/pub/compiler/conda/latest/lib/python3.12/shutil.py", line 750, in onexc
    return onerror(func, path, exc_info)
           ^^^^^^^^^^^^^^^^^^^^^^^^^^^^^
  File "/opt/ohpc/pub/compiler/conda/latest/lib/python3.12/shutil.py", line 700, in _rmtree_safe_fd
    onexc(os.unlink, fullname, err)
  File "/opt/ohpc/pub/compiler/conda/latest/lib/python3.12/shutil.py", line 750, in onexc
    return onerror(func, path, exc_info)
           ^^^^^^^^^^^^^^^^^^^^^^^^^^^^^
  File "/opt/ohpc/pub/compiler/conda/latest/lib/python3.12/shutil.py", line 700, in _rmtree_safe_fd
    onexc(os.unlink, fullname, err)
  File "/opt/ohpc/pub/compiler/conda/latest/lib/python3.12/shutil.py", line 750, in onexc
    return onerror(func, path, exc_info)
           ^^^^^^^^^^^^^^^^^^^^^^^^^^^^^
  File "/opt/ohpc/pub/compiler/conda/latest/lib/python3.12/shutil.py", line 700, in _rmtree_safe_fd
    onexc(os.unlink, fullname, err)
  File "/opt/ohpc/pub/compiler/conda/latest/lib/python3.12/shutil.py", line 759, in rmtree
    _rmtree_safe_fd(stack, onexc)
  File "/opt/ohpc/pub/compiler/conda/latest/lib/python3.12/shutil.py", line 703, in _rmtree_safe_fd
    onexc(func, path, err)
  File "/opt/ohpc/pub/compiler/conda/latest/lib/python3.12/shutil.py", line 750, in onexc
    return onerror(func, path, exc_info)
           ^^^^^^^^^^^^^^^^^^^^^^^^^^^^^
  File "/opt/ohpc/pub/compiler/conda/latest/lib/python3.12/shutil.py", line 698, in _rmtree_safe_fd
    os.unlink(entry.name, dir_fd=topfd)
  File "/opt/ohpc/pub/compiler/conda/latest/lib/python3.12/shutil.py", line 750, in onexc
    return onerror(func, path, exc_info)
           ^^^^^^^^^^^^^^^^^^^^^^^^^^^^^
  File "/opt/ohpc/pub/compiler/conda/latest/lib/python3.12/shutil.py", line 698, in _rmtree_safe_fd
    os.unlink(entry.name, dir_fd=topfd)
  File "/opt/ohpc/pub/compiler/conda/latest/lib/python3.12/shutil.py", line 750, in onexc
    return onerror(func, path, exc_info)
           ^^^^^^^^^^^^^^^^^^^^^^^^^^^^^
  File "/opt/ohpc/pub/compiler/conda/latest/lib/python3.12/shutil.py", line 698, in _rmtree_safe_fd
    os.unlink(entry.name, dir_fd=topfd)
  File "/opt/ohpc/pub/compiler/conda/latest/lib/python3.12/shutil.py", line 750, in onexc
    return onerror(func, path, exc_info)
           ^^^^^^^^^^^^^^^^^^^^^^^^^^^^^
  File "/opt/ohpc/pub/compiler/conda/latest/lib/python3.12/shutil.py", line 700, in _rmtree_safe_fd
    onexc(os.unlink, fullname, err)
OSError: [Errno 16] Device or resource busy: '/tmp/pymp-v2ngecr4'
OSError: [Errno 16] Device or resource busy: '/tmp/pymp-pqnemj66'
OSError: [Errno 16] Device or resource busy: '/tmp/pymp-tvap0cac'
  File "/opt/ohpc/pub/compiler/conda/latest/lib/python3.12/shutil.py", line 750, in onexc
    return onerror(func, path, exc_info)
           ^^^^^^^^^^^^^^^^^^^^^^^^^^^^^
  File "/opt/ohpc/pub/compiler/conda/latest/lib/python3.12/shutil.py", line 698, in _rmtree_safe_fd
    os.unlink(entry.name, dir_fd=topfd)
OSError: [Errno 16] Device or resource busy: '/tmp/pymp-da972yoq'
Traceback (most recent call last):
Traceback (most recent call last):
Traceback (most recent call last):
Traceback (most recent call last):
  File "/opt/ohpc/pub/compiler/conda/latest/lib/python3.12/multiprocessing/util.py", line 303, in _run_finalizers
    finalizer()
  File "/opt/ohpc/pub/compiler/conda/latest/lib/python3.12/multiprocessing/util.py", line 303, in _run_finalizers
    finalizer()
  File "/opt/ohpc/pub/compiler/conda/latest/lib/python3.12/multiprocessing/util.py", line 303, in _run_finalizers
    finalizer()
  File "/opt/ohpc/pub/compiler/conda/latest/lib/python3.12/multiprocessing/util.py", line 303, in _run_finalizers
    finalizer()
  File "/opt/ohpc/pub/compiler/conda/latest/lib/python3.12/multiprocessing/util.py", line 227, in __call__
    res = self._callback(*self._args, **self._kwargs)
          ^^^^^^^^^^^^^^^^^^^^^^^^^^^^^^^^^^^^^^^^^^^
  File "/opt/ohpc/pub/compiler/conda/latest/lib/python3.12/multiprocessing/util.py", line 136, in _remove_temp_dir
    rmtree(tempdir, onerror=onerror)
  File "/opt/ohpc/pub/compiler/conda/latest/lib/python3.12/multiprocessing/util.py", line 227, in __call__
    res = self._callback(*self._args, **self._kwargs)
          ^^^^^^^^^^^^^^^^^^^^^^^^^^^^^^^^^^^^^^^^^^^
  File "/opt/ohpc/pub/compiler/conda/latest/lib/python3.12/multiprocessing/util.py", line 136, in _remove_temp_dir
    rmtree(tempdir, onerror=onerror)
  File "/opt/ohpc/pub/compiler/conda/latest/lib/python3.12/multiprocessing/util.py", line 227, in __call__
    res = self._callback(*self._args, **self._kwargs)
          ^^^^^^^^^^^^^^^^^^^^^^^^^^^^^^^^^^^^^^^^^^^
  File "/opt/ohpc/pub/compiler/conda/latest/lib/python3.12/multiprocessing/util.py", line 136, in _remove_temp_dir
    rmtree(tempdir, onerror=onerror)
  File "/opt/ohpc/pub/compiler/conda/latest/lib/python3.12/multiprocessing/util.py", line 227, in __call__
    res = self._callback(*self._args, **self._kwargs)
          ^^^^^^^^^^^^^^^^^^^^^^^^^^^^^^^^^^^^^^^^^^^
  File "/opt/ohpc/pub/compiler/conda/latest/lib/python3.12/multiprocessing/util.py", line 136, in _remove_temp_dir
    rmtree(tempdir, onerror=onerror)
  File "/opt/ohpc/pub/compiler/conda/latest/lib/python3.12/shutil.py", line 759, in rmtree
    _rmtree_safe_fd(stack, onexc)
  File "/opt/ohpc/pub/compiler/conda/latest/lib/python3.12/shutil.py", line 703, in _rmtree_safe_fd
    onexc(func, path, err)
  File "/opt/ohpc/pub/compiler/conda/latest/lib/python3.12/shutil.py", line 759, in rmtree
    _rmtree_safe_fd(stack, onexc)
  File "/opt/ohpc/pub/compiler/conda/latest/lib/python3.12/shutil.py", line 703, in _rmtree_safe_fd
    onexc(func, path, err)
  File "/opt/ohpc/pub/compiler/conda/latest/lib/python3.12/shutil.py", line 759, in rmtree
    _rmtree_safe_fd(stack, onexc)
  File "/opt/ohpc/pub/compiler/conda/latest/lib/python3.12/shutil.py", line 703, in _rmtree_safe_fd
    onexc(func, path, err)
  File "/opt/ohpc/pub/compiler/conda/latest/lib/python3.12/shutil.py", line 759, in rmtree
    _rmtree_safe_fd(stack, onexc)
  File "/opt/ohpc/pub/compiler/conda/latest/lib/python3.12/shutil.py", line 703, in _rmtree_safe_fd
    onexc(func, path, err)
  File "/opt/ohpc/pub/compiler/conda/latest/lib/python3.12/shutil.py", line 750, in onexc
    return onerror(func, path, exc_info)
           ^^^^^^^^^^^^^^^^^^^^^^^^^^^^^
  File "/opt/ohpc/pub/compiler/conda/latest/lib/python3.12/shutil.py", line 700, in _rmtree_safe_fd
    onexc(os.unlink, fullname, err)
  File "/opt/ohpc/pub/compiler/conda/latest/lib/python3.12/shutil.py", line 750, in onexc
    return onerror(func, path, exc_info)
           ^^^^^^^^^^^^^^^^^^^^^^^^^^^^^
  File "/opt/ohpc/pub/compiler/conda/latest/lib/python3.12/shutil.py", line 700, in _rmtree_safe_fd
    onexc(os.unlink, fullname, err)
  File "/opt/ohpc/pub/compiler/conda/latest/lib/python3.12/shutil.py", line 750, in onexc
    return onerror(func, path, exc_info)
           ^^^^^^^^^^^^^^^^^^^^^^^^^^^^^
  File "/opt/ohpc/pub/compiler/conda/latest/lib/python3.12/shutil.py", line 700, in _rmtree_safe_fd
    onexc(os.unlink, fullname, err)
  File "/opt/ohpc/pub/compiler/conda/latest/lib/python3.12/shutil.py", line 750, in onexc
    return onerror(func, path, exc_info)
           ^^^^^^^^^^^^^^^^^^^^^^^^^^^^^
  File "/opt/ohpc/pub/compiler/conda/latest/lib/python3.12/shutil.py", line 700, in _rmtree_safe_fd
    onexc(os.unlink, fullname, err)
  File "/opt/ohpc/pub/compiler/conda/latest/lib/python3.12/shutil.py", line 750, in onexc
    return onerror(func, path, exc_info)
           ^^^^^^^^^^^^^^^^^^^^^^^^^^^^^
  File "/opt/ohpc/pub/compiler/conda/latest/lib/python3.12/shutil.py", line 698, in _rmtree_safe_fd
    os.unlink(entry.name, dir_fd=topfd)
  File "/opt/ohpc/pub/compiler/conda/latest/lib/python3.12/shutil.py", line 750, in onexc
    return onerror(func, path, exc_info)
           ^^^^^^^^^^^^^^^^^^^^^^^^^^^^^
  File "/opt/ohpc/pub/compiler/conda/latest/lib/python3.12/shutil.py", line 698, in _rmtree_safe_fd
    os.unlink(entry.name, dir_fd=topfd)
  File "/opt/ohpc/pub/compiler/conda/latest/lib/python3.12/shutil.py", line 750, in onexc
    return onerror(func, path, exc_info)
           ^^^^^^^^^^^^^^^^^^^^^^^^^^^^^
  File "/opt/ohpc/pub/compiler/conda/latest/lib/python3.12/shutil.py", line 698, in _rmtree_safe_fd
    os.unlink(entry.name, dir_fd=topfd)
  File "/opt/ohpc/pub/compiler/conda/latest/lib/python3.12/shutil.py", line 750, in onexc
    return onerror(func, path, exc_info)
           ^^^^^^^^^^^^^^^^^^^^^^^^^^^^^
  File "/opt/ohpc/pub/compiler/conda/latest/lib/python3.12/shutil.py", line 698, in _rmtree_safe_fd
    os.unlink(entry.name, dir_fd=topfd)
OSError: [Errno 16] Device or resource busy: '/tmp/pymp-buk467qe'
OSError: [Errno 16] Device or resource busy: '/tmp/pymp-7senftew'
OSError: [Errno 16] Device or resource busy: '/tmp/pymp-8yv6o4vp'
OSError: [Errno 16] Device or resource busy: '/tmp/pymp-y44ssb3a'
Traceback (most recent call last):
Traceback (most recent call last):
  File "/opt/ohpc/pub/compiler/conda/latest/lib/python3.12/multiprocessing/util.py", line 303, in _run_finalizers
    finalizer()
Traceback (most recent call last):
  File "/opt/ohpc/pub/compiler/conda/latest/lib/python3.12/multiprocessing/util.py", line 303, in _run_finalizers
    finalizer()
  File "/opt/ohpc/pub/compiler/conda/latest/lib/python3.12/multiprocessing/util.py", line 227, in __call__
    res = self._callback(*self._args, **self._kwargs)
          ^^^^^^^^^^^^^^^^^^^^^^^^^^^^^^^^^^^^^^^^^^^
  File "/opt/ohpc/pub/compiler/conda/latest/lib/python3.12/multiprocessing/util.py", line 303, in _run_finalizers
    finalizer()
  File "/opt/ohpc/pub/compiler/conda/latest/lib/python3.12/multiprocessing/util.py", line 227, in __call__
    res = self._callback(*self._args, **self._kwargs)
          ^^^^^^^^^^^^^^^^^^^^^^^^^^^^^^^^^^^^^^^^^^^
  File "/opt/ohpc/pub/compiler/conda/latest/lib/python3.12/multiprocessing/util.py", line 136, in _remove_temp_dir
    rmtree(tempdir, onerror=onerror)
  File "/opt/ohpc/pub/compiler/conda/latest/lib/python3.12/multiprocessing/util.py", line 227, in __call__
    res = self._callback(*self._args, **self._kwargs)
          ^^^^^^^^^^^^^^^^^^^^^^^^^^^^^^^^^^^^^^^^^^^
  File "/opt/ohpc/pub/compiler/conda/latest/lib/python3.12/multiprocessing/util.py", line 136, in _remove_temp_dir
    rmtree(tempdir, onerror=onerror)
Traceback (most recent call last):
  File "/opt/ohpc/pub/compiler/conda/latest/lib/python3.12/multiprocessing/util.py", line 136, in _remove_temp_dir
    rmtree(tempdir, onerror=onerror)
  File "/opt/ohpc/pub/compiler/conda/latest/lib/python3.12/shutil.py", line 759, in rmtree
    _rmtree_safe_fd(stack, onexc)
  File "/opt/ohpc/pub/compiler/conda/latest/lib/python3.12/shutil.py", line 759, in rmtree
    _rmtree_safe_fd(stack, onexc)
  File "/opt/ohpc/pub/compiler/conda/latest/lib/python3.12/shutil.py", line 703, in _rmtree_safe_fd
    onexc(func, path, err)
  File "/opt/ohpc/pub/compiler/conda/latest/lib/python3.12/multiprocessing/util.py", line 303, in _run_finalizers
    finalizer()
  File "/opt/ohpc/pub/compiler/conda/latest/lib/python3.12/shutil.py", line 759, in rmtree
    _rmtree_safe_fd(stack, onexc)
  File "/opt/ohpc/pub/compiler/conda/latest/lib/python3.12/shutil.py", line 703, in _rmtree_safe_fd
    onexc(func, path, err)
  File "/opt/ohpc/pub/compiler/conda/latest/lib/python3.12/shutil.py", line 750, in onexc
    return onerror(func, path, exc_info)
           ^^^^^^^^^^^^^^^^^^^^^^^^^^^^^
  File "/opt/ohpc/pub/compiler/conda/latest/lib/python3.12/shutil.py", line 700, in _rmtree_safe_fd
    onexc(os.unlink, fullname, err)
  File "/opt/ohpc/pub/compiler/conda/latest/lib/python3.12/multiprocessing/util.py", line 227, in __call__
    res = self._callback(*self._args, **self._kwargs)
          ^^^^^^^^^^^^^^^^^^^^^^^^^^^^^^^^^^^^^^^^^^^
  File "/opt/ohpc/pub/compiler/conda/latest/lib/python3.12/shutil.py", line 703, in _rmtree_safe_fd
    onexc(func, path, err)
  File "/opt/ohpc/pub/compiler/conda/latest/lib/python3.12/shutil.py", line 750, in onexc
    return onerror(func, path, exc_info)
           ^^^^^^^^^^^^^^^^^^^^^^^^^^^^^
  File "/opt/ohpc/pub/compiler/conda/latest/lib/python3.12/shutil.py", line 750, in onexc
    return onerror(func, path, exc_info)
           ^^^^^^^^^^^^^^^^^^^^^^^^^^^^^
  File "/opt/ohpc/pub/compiler/conda/latest/lib/python3.12/shutil.py", line 698, in _rmtree_safe_fd
    os.unlink(entry.name, dir_fd=topfd)
  File "/opt/ohpc/pub/compiler/conda/latest/lib/python3.12/multiprocessing/util.py", line 136, in _remove_temp_dir
    rmtree(tempdir, onerror=onerror)
  File "/opt/ohpc/pub/compiler/conda/latest/lib/python3.12/shutil.py", line 750, in onexc
    return onerror(func, path, exc_info)
           ^^^^^^^^^^^^^^^^^^^^^^^^^^^^^
  File "/opt/ohpc/pub/compiler/conda/latest/lib/python3.12/shutil.py", line 700, in _rmtree_safe_fd
    onexc(os.unlink, fullname, err)
OSError: [Errno 16] Device or resource busy: '/tmp/pymp-zwkkfmp1'
  File "/opt/ohpc/pub/compiler/conda/latest/lib/python3.12/shutil.py", line 759, in rmtree
    _rmtree_safe_fd(stack, onexc)
  File "/opt/ohpc/pub/compiler/conda/latest/lib/python3.12/shutil.py", line 703, in _rmtree_safe_fd
    onexc(func, path, err)
  File "/opt/ohpc/pub/compiler/conda/latest/lib/python3.12/shutil.py", line 700, in _rmtree_safe_fd
    onexc(os.unlink, fullname, err)
  File "/opt/ohpc/pub/compiler/conda/latest/lib/python3.12/shutil.py", line 750, in onexc
    return onerror(func, path, exc_info)
           ^^^^^^^^^^^^^^^^^^^^^^^^^^^^^
  File "/opt/ohpc/pub/compiler/conda/latest/lib/python3.12/shutil.py", line 698, in _rmtree_safe_fd
    os.unlink(entry.name, dir_fd=topfd)
  File "/opt/ohpc/pub/compiler/conda/latest/lib/python3.12/shutil.py", line 750, in onexc
    return onerror(func, path, exc_info)
           ^^^^^^^^^^^^^^^^^^^^^^^^^^^^^
  File "/opt/ohpc/pub/compiler/conda/latest/lib/python3.12/shutil.py", line 750, in onexc
    return onerror(func, path, exc_info)
           ^^^^^^^^^^^^^^^^^^^^^^^^^^^^^
OSError: [Errno 16] Device or resource busy: '/tmp/pymp-1r0g57x0'
  File "/opt/ohpc/pub/compiler/conda/latest/lib/python3.12/shutil.py", line 700, in _rmtree_safe_fd
    onexc(os.unlink, fullname, err)
  File "/opt/ohpc/pub/compiler/conda/latest/lib/python3.12/shutil.py", line 698, in _rmtree_safe_fd
    os.unlink(entry.name, dir_fd=topfd)
OSError: [Errno 16] Device or resource busy: '/tmp/pymp-x87q01i1'
  File "/opt/ohpc/pub/compiler/conda/latest/lib/python3.12/shutil.py", line 750, in onexc
    return onerror(func, path, exc_info)
           ^^^^^^^^^^^^^^^^^^^^^^^^^^^^^
  File "/opt/ohpc/pub/compiler/conda/latest/lib/python3.12/shutil.py", line 698, in _rmtree_safe_fd
    os.unlink(entry.name, dir_fd=topfd)
OSError: [Errno 16] Device or resource busy: '/tmp/pymp-82gud_6o'
[val 069] loss=-0.9835 z_std=0.0441 rankme=17.811 lidar=5.968 areq=1.951 pr=1.25 align=0.0888 unif=-0.926 converged=True collapsed=False
  e070 it0000/62 lr=0.0008 loss=-0.9862 z_std=0.0626
  e070 it0010/62 lr=0.0008 loss=-0.9779 z_std=0.0610
  e070 it0020/62 lr=0.0008 loss=-0.9775 z_std=0.0611
  e070 it0030/62 lr=0.0008 loss=-0.9786 z_std=0.0613
  e070 it0040/62 lr=0.0008 loss=-0.9784 z_std=0.0614
  e070 it0050/62 lr=0.0007 loss=-0.9789 z_std=0.0613
  e070 it0060/62 lr=0.0007 loss=-0.9790 z_std=0.0611
[epoch 070] loss=-0.9787 z_std=0.0611 (healthy~0.0625) time=229.2s
  e071 it0000/62 lr=0.0007 loss=-0.9870 z_std=0.0609
  e071 it0010/62 lr=0.0007 loss=-0.9829 z_std=0.0605
  e071 it0020/62 lr=0.0007 loss=-0.9830 z_std=0.0607
  e071 it0030/62 lr=0.0007 loss=-0.9832 z_std=0.0608
  e071 it0040/62 lr=0.0007 loss=-0.9828 z_std=0.0608
  e071 it0050/62 lr=0.0007 loss=-0.9822 z_std=0.0609
  e071 it0060/62 lr=0.0007 loss=-0.9811 z_std=0.0609
[epoch 071] loss=-0.9811 z_std=0.0609 (healthy~0.0625) time=232.4s
  e072 it0000/62 lr=0.0007 loss=-0.9696 z_std=0.0599
  e072 it0010/62 lr=0.0007 loss=-0.9762 z_std=0.0613
  e072 it0020/62 lr=0.0007 loss=-0.9792 z_std=0.0609
  e072 it0030/62 lr=0.0007 loss=-0.9780 z_std=0.0607
  e072 it0040/62 lr=0.0007 loss=-0.9784 z_std=0.0608
  e072 it0050/62 lr=0.0007 loss=-0.9792 z_std=0.0609
  e072 it0060/62 lr=0.0006 loss=-0.9795 z_std=0.0610
[epoch 072] loss=-0.9795 z_std=0.0610 (healthy~0.0625) time=232.4s
  e073 it0000/62 lr=0.0006 loss=-0.9851 z_std=0.0604
  e073 it0010/62 lr=0.0006 loss=-0.9798 z_std=0.0611
  e073 it0020/62 lr=0.0006 loss=-0.9776 z_std=0.0614
  e073 it0030/62 lr=0.0006 loss=-0.9775 z_std=0.0614
  e073 it0040/62 lr=0.0006 loss=-0.9780 z_std=0.0612
  e073 it0050/62 lr=0.0006 loss=-0.9782 z_std=0.0612
  e073 it0060/62 lr=0.0006 loss=-0.9779 z_std=0.0610
[epoch 073] loss=-0.9779 z_std=0.0611 (healthy~0.0625) time=235.6s
  e074 it0000/62 lr=0.0006 loss=-0.9826 z_std=0.0599
  e074 it0010/62 lr=0.0006 loss=-0.9780 z_std=0.0610
  e074 it0020/62 lr=0.0006 loss=-0.9797 z_std=0.0610
  e074 it0030/62 lr=0.0006 loss=-0.9801 z_std=0.0610
  e074 it0040/62 lr=0.0006 loss=-0.9792 z_std=0.0609
  e074 it0050/62 lr=0.0006 loss=-0.9796 z_std=0.0608
  e074 it0060/62 lr=0.0006 loss=-0.9800 z_std=0.0609
[epoch 074] loss=-0.9801 z_std=0.0610 (healthy~0.0625) time=233.0s
Traceback (most recent call last):
  File "/opt/ohpc/pub/compiler/conda/latest/lib/python3.12/multiprocessing/util.py", line 303, in _run_finalizers
    finalizer()
  File "/opt/ohpc/pub/compiler/conda/latest/lib/python3.12/multiprocessing/util.py", line 227, in __call__
    res = self._callback(*self._args, **self._kwargs)
          ^^^^^^^^^^^^^^^^^^^^^^^^^^^^^^^^^^^^^^^^^^^
  File "/opt/ohpc/pub/compiler/conda/latest/lib/python3.12/multiprocessing/util.py", line 136, in _remove_temp_dir
    rmtree(tempdir, onerror=onerror)
  File "/opt/ohpc/pub/compiler/conda/latest/lib/python3.12/shutil.py", line 759, in rmtree
    _rmtree_safe_fd(stack, onexc)
  File "/opt/ohpc/pub/compiler/conda/latest/lib/python3.12/shutil.py", line 703, in _rmtree_safe_fd
    onexc(func, path, err)
Traceback (most recent call last):
Traceback (most recent call last):
Traceback (most recent call last):
  File "/opt/ohpc/pub/compiler/conda/latest/lib/python3.12/shutil.py", line 750, in onexc
    return onerror(func, path, exc_info)
           ^^^^^^^^^^^^^^^^^^^^^^^^^^^^^
  File "/opt/ohpc/pub/compiler/conda/latest/lib/python3.12/multiprocessing/util.py", line 303, in _run_finalizers
    finalizer()
  File "/opt/ohpc/pub/compiler/conda/latest/lib/python3.12/multiprocessing/util.py", line 303, in _run_finalizers
    finalizer()
  File "/opt/ohpc/pub/compiler/conda/latest/lib/python3.12/multiprocessing/util.py", line 303, in _run_finalizers
    finalizer()
  File "/opt/ohpc/pub/compiler/conda/latest/lib/python3.12/shutil.py", line 700, in _rmtree_safe_fd
    onexc(os.unlink, fullname, err)
  File "/opt/ohpc/pub/compiler/conda/latest/lib/python3.12/multiprocessing/util.py", line 227, in __call__
    res = self._callback(*self._args, **self._kwargs)
          ^^^^^^^^^^^^^^^^^^^^^^^^^^^^^^^^^^^^^^^^^^^
  File "/opt/ohpc/pub/compiler/conda/latest/lib/python3.12/multiprocessing/util.py", line 136, in _remove_temp_dir
    rmtree(tempdir, onerror=onerror)
  File "/opt/ohpc/pub/compiler/conda/latest/lib/python3.12/multiprocessing/util.py", line 227, in __call__
    res = self._callback(*self._args, **self._kwargs)
          ^^^^^^^^^^^^^^^^^^^^^^^^^^^^^^^^^^^^^^^^^^^
  File "/opt/ohpc/pub/compiler/conda/latest/lib/python3.12/multiprocessing/util.py", line 227, in __call__
    res = self._callback(*self._args, **self._kwargs)
          ^^^^^^^^^^^^^^^^^^^^^^^^^^^^^^^^^^^^^^^^^^^
  File "/opt/ohpc/pub/compiler/conda/latest/lib/python3.12/shutil.py", line 750, in onexc
    return onerror(func, path, exc_info)
           ^^^^^^^^^^^^^^^^^^^^^^^^^^^^^
  File "/opt/ohpc/pub/compiler/conda/latest/lib/python3.12/shutil.py", line 698, in _rmtree_safe_fd
    os.unlink(entry.name, dir_fd=topfd)
  File "/opt/ohpc/pub/compiler/conda/latest/lib/python3.12/shutil.py", line 759, in rmtree
    _rmtree_safe_fd(stack, onexc)
  File "/opt/ohpc/pub/compiler/conda/latest/lib/python3.12/multiprocessing/util.py", line 136, in _remove_temp_dir
    rmtree(tempdir, onerror=onerror)
  File "/opt/ohpc/pub/compiler/conda/latest/lib/python3.12/multiprocessing/util.py", line 136, in _remove_temp_dir
    rmtree(tempdir, onerror=onerror)
  File "/opt/ohpc/pub/compiler/conda/latest/lib/python3.12/shutil.py", line 759, in rmtree
    _rmtree_safe_fd(stack, onexc)
OSError: [Errno 16] Device or resource busy: '/tmp/pymp-f2fvqr4b'
  File "/opt/ohpc/pub/compiler/conda/latest/lib/python3.12/shutil.py", line 703, in _rmtree_safe_fd
    onexc(func, path, err)
  File "/opt/ohpc/pub/compiler/conda/latest/lib/python3.12/shutil.py", line 759, in rmtree
    _rmtree_safe_fd(stack, onexc)
  File "/opt/ohpc/pub/compiler/conda/latest/lib/python3.12/shutil.py", line 703, in _rmtree_safe_fd
    onexc(func, path, err)
  File "/opt/ohpc/pub/compiler/conda/latest/lib/python3.12/shutil.py", line 750, in onexc
    return onerror(func, path, exc_info)
           ^^^^^^^^^^^^^^^^^^^^^^^^^^^^^
  File "/opt/ohpc/pub/compiler/conda/latest/lib/python3.12/shutil.py", line 703, in _rmtree_safe_fd
    onexc(func, path, err)
  File "/opt/ohpc/pub/compiler/conda/latest/lib/python3.12/shutil.py", line 750, in onexc
    return onerror(func, path, exc_info)
           ^^^^^^^^^^^^^^^^^^^^^^^^^^^^^
  File "/opt/ohpc/pub/compiler/conda/latest/lib/python3.12/shutil.py", line 700, in _rmtree_safe_fd
    onexc(os.unlink, fullname, err)
  File "/opt/ohpc/pub/compiler/conda/latest/lib/python3.12/shutil.py", line 750, in onexc
    return onerror(func, path, exc_info)
           ^^^^^^^^^^^^^^^^^^^^^^^^^^^^^
  File "/opt/ohpc/pub/compiler/conda/latest/lib/python3.12/shutil.py", line 700, in _rmtree_safe_fd
    onexc(os.unlink, fullname, err)
  File "/opt/ohpc/pub/compiler/conda/latest/lib/python3.12/shutil.py", line 750, in onexc
    return onerror(func, path, exc_info)
           ^^^^^^^^^^^^^^^^^^^^^^^^^^^^^
  File "/opt/ohpc/pub/compiler/conda/latest/lib/python3.12/shutil.py", line 700, in _rmtree_safe_fd
    onexc(os.unlink, fullname, err)
  File "/opt/ohpc/pub/compiler/conda/latest/lib/python3.12/shutil.py", line 750, in onexc
    return onerror(func, path, exc_info)
           ^^^^^^^^^^^^^^^^^^^^^^^^^^^^^
  File "/opt/ohpc/pub/compiler/conda/latest/lib/python3.12/shutil.py", line 698, in _rmtree_safe_fd
    os.unlink(entry.name, dir_fd=topfd)
  File "/opt/ohpc/pub/compiler/conda/latest/lib/python3.12/shutil.py", line 750, in onexc
    return onerror(func, path, exc_info)
           ^^^^^^^^^^^^^^^^^^^^^^^^^^^^^
  File "/opt/ohpc/pub/compiler/conda/latest/lib/python3.12/shutil.py", line 698, in _rmtree_safe_fd
    os.unlink(entry.name, dir_fd=topfd)
OSError: [Errno 16] Device or resource busy: '/tmp/pymp-ufhi07rt'
  File "/opt/ohpc/pub/compiler/conda/latest/lib/python3.12/shutil.py", line 698, in _rmtree_safe_fd
    os.unlink(entry.name, dir_fd=topfd)
OSError: [Errno 16] Device or resource busy: '/tmp/pymp-0z7sziau'
OSError: [Errno 16] Device or resource busy: '/tmp/pymp-wo0vl_7g'
Traceback (most recent call last):
  File "/opt/ohpc/pub/compiler/conda/latest/lib/python3.12/multiprocessing/util.py", line 303, in _run_finalizers
    finalizer()
Traceback (most recent call last):
Traceback (most recent call last):
  File "/opt/ohpc/pub/compiler/conda/latest/lib/python3.12/multiprocessing/util.py", line 227, in __call__
    res = self._callback(*self._args, **self._kwargs)
          ^^^^^^^^^^^^^^^^^^^^^^^^^^^^^^^^^^^^^^^^^^^
Traceback (most recent call last):
  File "/opt/ohpc/pub/compiler/conda/latest/lib/python3.12/multiprocessing/util.py", line 303, in _run_finalizers
    finalizer()
  File "/opt/ohpc/pub/compiler/conda/latest/lib/python3.12/multiprocessing/util.py", line 227, in __call__
    res = self._callback(*self._args, **self._kwargs)
          ^^^^^^^^^^^^^^^^^^^^^^^^^^^^^^^^^^^^^^^^^^^
  File "/opt/ohpc/pub/compiler/conda/latest/lib/python3.12/multiprocessing/util.py", line 303, in _run_finalizers
    finalizer()
  File "/opt/ohpc/pub/compiler/conda/latest/lib/python3.12/multiprocessing/util.py", line 136, in _remove_temp_dir
    rmtree(tempdir, onerror=onerror)
  File "/opt/ohpc/pub/compiler/conda/latest/lib/python3.12/multiprocessing/util.py", line 303, in _run_finalizers
    finalizer()
  File "/opt/ohpc/pub/compiler/conda/latest/lib/python3.12/multiprocessing/util.py", line 227, in __call__
    res = self._callback(*self._args, **self._kwargs)
          ^^^^^^^^^^^^^^^^^^^^^^^^^^^^^^^^^^^^^^^^^^^
  File "/opt/ohpc/pub/compiler/conda/latest/lib/python3.12/multiprocessing/util.py", line 136, in _remove_temp_dir
    rmtree(tempdir, onerror=onerror)
  File "/opt/ohpc/pub/compiler/conda/latest/lib/python3.12/multiprocessing/util.py", line 227, in __call__
    res = self._callback(*self._args, **self._kwargs)
          ^^^^^^^^^^^^^^^^^^^^^^^^^^^^^^^^^^^^^^^^^^^
  File "/opt/ohpc/pub/compiler/conda/latest/lib/python3.12/shutil.py", line 759, in rmtree
    _rmtree_safe_fd(stack, onexc)
  File "/opt/ohpc/pub/compiler/conda/latest/lib/python3.12/multiprocessing/util.py", line 136, in _remove_temp_dir
    rmtree(tempdir, onerror=onerror)
  File "/opt/ohpc/pub/compiler/conda/latest/lib/python3.12/shutil.py", line 759, in rmtree
    _rmtree_safe_fd(stack, onexc)
  File "/opt/ohpc/pub/compiler/conda/latest/lib/python3.12/shutil.py", line 759, in rmtree
    _rmtree_safe_fd(stack, onexc)
  File "/opt/ohpc/pub/compiler/conda/latest/lib/python3.12/multiprocessing/util.py", line 136, in _remove_temp_dir
    rmtree(tempdir, onerror=onerror)
  File "/opt/ohpc/pub/compiler/conda/latest/lib/python3.12/shutil.py", line 703, in _rmtree_safe_fd
    onexc(func, path, err)
  File "/opt/ohpc/pub/compiler/conda/latest/lib/python3.12/shutil.py", line 750, in onexc
    return onerror(func, path, exc_info)
           ^^^^^^^^^^^^^^^^^^^^^^^^^^^^^
  File "/opt/ohpc/pub/compiler/conda/latest/lib/python3.12/shutil.py", line 703, in _rmtree_safe_fd
    onexc(func, path, err)
  File "/opt/ohpc/pub/compiler/conda/latest/lib/python3.12/shutil.py", line 750, in onexc
    return onerror(func, path, exc_info)
           ^^^^^^^^^^^^^^^^^^^^^^^^^^^^^
  File "/opt/ohpc/pub/compiler/conda/latest/lib/python3.12/shutil.py", line 703, in _rmtree_safe_fd
    onexc(func, path, err)
  File "/opt/ohpc/pub/compiler/conda/latest/lib/python3.12/shutil.py", line 759, in rmtree
    _rmtree_safe_fd(stack, onexc)
  File "/opt/ohpc/pub/compiler/conda/latest/lib/python3.12/shutil.py", line 700, in _rmtree_safe_fd
    onexc(os.unlink, fullname, err)
  File "/opt/ohpc/pub/compiler/conda/latest/lib/python3.12/shutil.py", line 750, in onexc
    return onerror(func, path, exc_info)
           ^^^^^^^^^^^^^^^^^^^^^^^^^^^^^
  File "/opt/ohpc/pub/compiler/conda/latest/lib/python3.12/shutil.py", line 698, in _rmtree_safe_fd
    os.unlink(entry.name, dir_fd=topfd)
  File "/opt/ohpc/pub/compiler/conda/latest/lib/python3.12/shutil.py", line 700, in _rmtree_safe_fd
    onexc(os.unlink, fullname, err)
  File "/opt/ohpc/pub/compiler/conda/latest/lib/python3.12/shutil.py", line 750, in onexc
    return onerror(func, path, exc_info)
           ^^^^^^^^^^^^^^^^^^^^^^^^^^^^^
  File "/opt/ohpc/pub/compiler/conda/latest/lib/python3.12/shutil.py", line 750, in onexc
    return onerror(func, path, exc_info)
           ^^^^^^^^^^^^^^^^^^^^^^^^^^^^^
  File "/opt/ohpc/pub/compiler/conda/latest/lib/python3.12/shutil.py", line 703, in _rmtree_safe_fd
    onexc(func, path, err)
OSError: [Errno 16] Device or resource busy: '/tmp/pymp-fw1hud1h'
  File "/opt/ohpc/pub/compiler/conda/latest/lib/python3.12/shutil.py", line 698, in _rmtree_safe_fd
    os.unlink(entry.name, dir_fd=topfd)
OSError: [Errno 16] Device or resource busy: '/tmp/pymp-474xe44g'
  File "/opt/ohpc/pub/compiler/conda/latest/lib/python3.12/shutil.py", line 700, in _rmtree_safe_fd
    onexc(os.unlink, fullname, err)
  File "/opt/ohpc/pub/compiler/conda/latest/lib/python3.12/shutil.py", line 750, in onexc
    return onerror(func, path, exc_info)
           ^^^^^^^^^^^^^^^^^^^^^^^^^^^^^
  File "/opt/ohpc/pub/compiler/conda/latest/lib/python3.12/shutil.py", line 698, in _rmtree_safe_fd
    os.unlink(entry.name, dir_fd=topfd)
OSError: [Errno 16] Device or resource busy: '/tmp/pymp-x38kxyox'
  File "/opt/ohpc/pub/compiler/conda/latest/lib/python3.12/shutil.py", line 750, in onexc
    return onerror(func, path, exc_info)
           ^^^^^^^^^^^^^^^^^^^^^^^^^^^^^
  File "/opt/ohpc/pub/compiler/conda/latest/lib/python3.12/shutil.py", line 700, in _rmtree_safe_fd
    onexc(os.unlink, fullname, err)
  File "/opt/ohpc/pub/compiler/conda/latest/lib/python3.12/shutil.py", line 750, in onexc
    return onerror(func, path, exc_info)
           ^^^^^^^^^^^^^^^^^^^^^^^^^^^^^
  File "/opt/ohpc/pub/compiler/conda/latest/lib/python3.12/shutil.py", line 698, in _rmtree_safe_fd
    os.unlink(entry.name, dir_fd=topfd)
OSError: [Errno 16] Device or resource busy: '/tmp/pymp-2hqn_iek'
Traceback (most recent call last):
Traceback (most recent call last):
  File "/opt/ohpc/pub/compiler/conda/latest/lib/python3.12/multiprocessing/util.py", line 303, in _run_finalizers
    finalizer()
Traceback (most recent call last):
  File "/opt/ohpc/pub/compiler/conda/latest/lib/python3.12/multiprocessing/util.py", line 303, in _run_finalizers
    finalizer()
  File "/opt/ohpc/pub/compiler/conda/latest/lib/python3.12/multiprocessing/util.py", line 227, in __call__
    res = self._callback(*self._args, **self._kwargs)
          ^^^^^^^^^^^^^^^^^^^^^^^^^^^^^^^^^^^^^^^^^^^
  File "/opt/ohpc/pub/compiler/conda/latest/lib/python3.12/multiprocessing/util.py", line 303, in _run_finalizers
    finalizer()
  File "/opt/ohpc/pub/compiler/conda/latest/lib/python3.12/multiprocessing/util.py", line 227, in __call__
    res = self._callback(*self._args, **self._kwargs)
          ^^^^^^^^^^^^^^^^^^^^^^^^^^^^^^^^^^^^^^^^^^^
  File "/opt/ohpc/pub/compiler/conda/latest/lib/python3.12/multiprocessing/util.py", line 136, in _remove_temp_dir
    rmtree(tempdir, onerror=onerror)
Traceback (most recent call last):
  File "/opt/ohpc/pub/compiler/conda/latest/lib/python3.12/multiprocessing/util.py", line 136, in _remove_temp_dir
    rmtree(tempdir, onerror=onerror)
  File "/opt/ohpc/pub/compiler/conda/latest/lib/python3.12/multiprocessing/util.py", line 227, in __call__
    res = self._callback(*self._args, **self._kwargs)
          ^^^^^^^^^^^^^^^^^^^^^^^^^^^^^^^^^^^^^^^^^^^
  File "/opt/ohpc/pub/compiler/conda/latest/lib/python3.12/multiprocessing/util.py", line 136, in _remove_temp_dir
    rmtree(tempdir, onerror=onerror)
  File "/opt/ohpc/pub/compiler/conda/latest/lib/python3.12/shutil.py", line 759, in rmtree
    _rmtree_safe_fd(stack, onexc)
  File "/opt/ohpc/pub/compiler/conda/latest/lib/python3.12/shutil.py", line 703, in _rmtree_safe_fd
    onexc(func, path, err)
  File "/opt/ohpc/pub/compiler/conda/latest/lib/python3.12/multiprocessing/util.py", line 303, in _run_finalizers
    finalizer()
  File "/opt/ohpc/pub/compiler/conda/latest/lib/python3.12/shutil.py", line 759, in rmtree
    _rmtree_safe_fd(stack, onexc)
  File "/opt/ohpc/pub/compiler/conda/latest/lib/python3.12/shutil.py", line 759, in rmtree
    _rmtree_safe_fd(stack, onexc)
  File "/opt/ohpc/pub/compiler/conda/latest/lib/python3.12/shutil.py", line 703, in _rmtree_safe_fd
    onexc(func, path, err)
  File "/opt/ohpc/pub/compiler/conda/latest/lib/python3.12/shutil.py", line 750, in onexc
    return onerror(func, path, exc_info)
           ^^^^^^^^^^^^^^^^^^^^^^^^^^^^^
  File "/opt/ohpc/pub/compiler/conda/latest/lib/python3.12/multiprocessing/util.py", line 227, in __call__
    res = self._callback(*self._args, **self._kwargs)
          ^^^^^^^^^^^^^^^^^^^^^^^^^^^^^^^^^^^^^^^^^^^
  File "/opt/ohpc/pub/compiler/conda/latest/lib/python3.12/shutil.py", line 703, in _rmtree_safe_fd
    onexc(func, path, err)
  File "/opt/ohpc/pub/compiler/conda/latest/lib/python3.12/shutil.py", line 750, in onexc
    return onerror(func, path, exc_info)
           ^^^^^^^^^^^^^^^^^^^^^^^^^^^^^
  File "/opt/ohpc/pub/compiler/conda/latest/lib/python3.12/shutil.py", line 700, in _rmtree_safe_fd
    onexc(os.unlink, fullname, err)
  File "/opt/ohpc/pub/compiler/conda/latest/lib/python3.12/shutil.py", line 700, in _rmtree_safe_fd
    onexc(os.unlink, fullname, err)
  File "/opt/ohpc/pub/compiler/conda/latest/lib/python3.12/multiprocessing/util.py", line 136, in _remove_temp_dir
    rmtree(tempdir, onerror=onerror)
  File "/opt/ohpc/pub/compiler/conda/latest/lib/python3.12/shutil.py", line 750, in onexc
    return onerror(func, path, exc_info)
           ^^^^^^^^^^^^^^^^^^^^^^^^^^^^^
  File "/opt/ohpc/pub/compiler/conda/latest/lib/python3.12/shutil.py", line 750, in onexc
    return onerror(func, path, exc_info)
           ^^^^^^^^^^^^^^^^^^^^^^^^^^^^^
  File "/opt/ohpc/pub/compiler/conda/latest/lib/python3.12/shutil.py", line 698, in _rmtree_safe_fd
    os.unlink(entry.name, dir_fd=topfd)
  File "/opt/ohpc/pub/compiler/conda/latest/lib/python3.12/shutil.py", line 750, in onexc
    return onerror(func, path, exc_info)
           ^^^^^^^^^^^^^^^^^^^^^^^^^^^^^
  File "/opt/ohpc/pub/compiler/conda/latest/lib/python3.12/shutil.py", line 698, in _rmtree_safe_fd
    os.unlink(entry.name, dir_fd=topfd)
  File "/opt/ohpc/pub/compiler/conda/latest/lib/python3.12/shutil.py", line 759, in rmtree
    _rmtree_safe_fd(stack, onexc)
  File "/opt/ohpc/pub/compiler/conda/latest/lib/python3.12/shutil.py", line 700, in _rmtree_safe_fd
    onexc(os.unlink, fullname, err)
OSError: [Errno 16] Device or resource busy: '/tmp/pymp-6fma0s_f'
OSError: [Errno 16] Device or resource busy: '/tmp/pymp-3l5g_oyv'
  File "/opt/ohpc/pub/compiler/conda/latest/lib/python3.12/shutil.py", line 703, in _rmtree_safe_fd
    onexc(func, path, err)
  File "/opt/ohpc/pub/compiler/conda/latest/lib/python3.12/shutil.py", line 750, in onexc
    return onerror(func, path, exc_info)
           ^^^^^^^^^^^^^^^^^^^^^^^^^^^^^
  File "/opt/ohpc/pub/compiler/conda/latest/lib/python3.12/shutil.py", line 750, in onexc
    return onerror(func, path, exc_info)
           ^^^^^^^^^^^^^^^^^^^^^^^^^^^^^
  File "/opt/ohpc/pub/compiler/conda/latest/lib/python3.12/shutil.py", line 700, in _rmtree_safe_fd
    onexc(os.unlink, fullname, err)
  File "/opt/ohpc/pub/compiler/conda/latest/lib/python3.12/shutil.py", line 750, in onexc
    return onerror(func, path, exc_info)
           ^^^^^^^^^^^^^^^^^^^^^^^^^^^^^
  File "/opt/ohpc/pub/compiler/conda/latest/lib/python3.12/shutil.py", line 698, in _rmtree_safe_fd
    os.unlink(entry.name, dir_fd=topfd)
  File "/opt/ohpc/pub/compiler/conda/latest/lib/python3.12/shutil.py", line 698, in _rmtree_safe_fd
    os.unlink(entry.name, dir_fd=topfd)
OSError: [Errno 16] Device or resource busy: '/tmp/pymp-7a7qdt6x'
OSError: [Errno 16] Device or resource busy: '/tmp/pymp-cmseiz22'
[val 074] loss=-0.9834 z_std=0.0441 rankme=17.710 lidar=5.878 areq=1.951 pr=1.25 align=0.0988 unif=-0.926 converged=True collapsed=False
  e075 it0000/62 lr=0.0006 loss=-0.9632 z_std=0.0574
  e075 it0010/62 lr=0.0006 loss=-0.9765 z_std=0.0605
  e075 it0020/62 lr=0.0005 loss=-0.9796 z_std=0.0607
  e075 it0030/62 lr=0.0005 loss=-0.9801 z_std=0.0608
  e075 it0040/62 lr=0.0005 loss=-0.9806 z_std=0.0608
  e075 it0050/62 lr=0.0005 loss=-0.9810 z_std=0.0609
  e075 it0060/62 lr=0.0005 loss=-0.9803 z_std=0.0610
[epoch 075] loss=-0.9804 z_std=0.0610 (healthy~0.0625) time=235.6s
  e076 it0000/62 lr=0.0005 loss=-0.9817 z_std=0.0620
  e076 it0010/62 lr=0.0005 loss=-0.9834 z_std=0.0607
  e076 it0020/62 lr=0.0005 loss=-0.9818 z_std=0.0608
  e076 it0030/62 lr=0.0005 loss=-0.9809 z_std=0.0610
  e076 it0040/62 lr=0.0005 loss=-0.9805 z_std=0.0610
  e076 it0050/62 lr=0.0005 loss=-0.9796 z_std=0.0610
  e076 it0060/62 lr=0.0005 loss=-0.9797 z_std=0.0609
[epoch 076] loss=-0.9798 z_std=0.0610 (healthy~0.0625) time=232.2s
  e077 it0000/62 lr=0.0005 loss=-0.9740 z_std=0.0573
  e077 it0010/62 lr=0.0005 loss=-0.9775 z_std=0.0610
  e077 it0020/62 lr=0.0005 loss=-0.9756 z_std=0.0614
  e077 it0030/62 lr=0.0005 loss=-0.9772 z_std=0.0610
  e077 it0040/62 lr=0.0005 loss=-0.9784 z_std=0.0610
  e077 it0050/62 lr=0.0004 loss=-0.9781 z_std=0.0610
  e077 it0060/62 lr=0.0004 loss=-0.9784 z_std=0.0609
[epoch 077] loss=-0.9786 z_std=0.0609 (healthy~0.0625) time=232.6s
  e078 it0000/62 lr=0.0004 loss=-0.9770 z_std=0.0623
  e078 it0010/62 lr=0.0004 loss=-0.9798 z_std=0.0612
  e078 it0020/62 lr=0.0004 loss=-0.9799 z_std=0.0612
  e078 it0030/62 lr=0.0004 loss=-0.9790 z_std=0.0611
  e078 it0040/62 lr=0.0004 loss=-0.9774 z_std=0.0611
  e078 it0050/62 lr=0.0004 loss=-0.9781 z_std=0.0612
  e078 it0060/62 lr=0.0004 loss=-0.9779 z_std=0.0611
[epoch 078] loss=-0.9779 z_std=0.0611 (healthy~0.0625) time=232.3s
  e079 it0000/62 lr=0.0004 loss=-0.9616 z_std=0.0581
  e079 it0010/62 lr=0.0004 loss=-0.9775 z_std=0.0607
  e079 it0020/62 lr=0.0004 loss=-0.9765 z_std=0.0607
  e079 it0030/62 lr=0.0004 loss=-0.9780 z_std=0.0607
  e079 it0040/62 lr=0.0004 loss=-0.9785 z_std=0.0609
  e079 it0050/62 lr=0.0004 loss=-0.9785 z_std=0.0609
  e079 it0060/62 lr=0.0004 loss=-0.9791 z_std=0.0609
[epoch 079] loss=-0.9793 z_std=0.0610 (healthy~0.0625) time=239.1s
Traceback (most recent call last):
  File "/opt/ohpc/pub/compiler/conda/latest/lib/python3.12/multiprocessing/util.py", line 303, in _run_finalizers
    finalizer()
  File "/opt/ohpc/pub/compiler/conda/latest/lib/python3.12/multiprocessing/util.py", line 227, in __call__
    res = self._callback(*self._args, **self._kwargs)
          ^^^^^^^^^^^^^^^^^^^^^^^^^^^^^^^^^^^^^^^^^^^
  File "/opt/ohpc/pub/compiler/conda/latest/lib/python3.12/multiprocessing/util.py", line 136, in _remove_temp_dir
    rmtree(tempdir, onerror=onerror)
  File "/opt/ohpc/pub/compiler/conda/latest/lib/python3.12/shutil.py", line 759, in rmtree
    _rmtree_safe_fd(stack, onexc)
  File "/opt/ohpc/pub/compiler/conda/latest/lib/python3.12/shutil.py", line 703, in _rmtree_safe_fd
    onexc(func, path, err)
Traceback (most recent call last):
  File "/opt/ohpc/pub/compiler/conda/latest/lib/python3.12/multiprocessing/util.py", line 303, in _run_finalizers
    finalizer()
Traceback (most recent call last):
Traceback (most recent call last):
  File "/opt/ohpc/pub/compiler/conda/latest/lib/python3.12/shutil.py", line 750, in onexc
    return onerror(func, path, exc_info)
           ^^^^^^^^^^^^^^^^^^^^^^^^^^^^^
  File "/opt/ohpc/pub/compiler/conda/latest/lib/python3.12/multiprocessing/util.py", line 227, in __call__
    res = self._callback(*self._args, **self._kwargs)
          ^^^^^^^^^^^^^^^^^^^^^^^^^^^^^^^^^^^^^^^^^^^
  File "/opt/ohpc/pub/compiler/conda/latest/lib/python3.12/multiprocessing/util.py", line 136, in _remove_temp_dir
    rmtree(tempdir, onerror=onerror)
  File "/opt/ohpc/pub/compiler/conda/latest/lib/python3.12/shutil.py", line 759, in rmtree
    _rmtree_safe_fd(stack, onexc)
  File "/opt/ohpc/pub/compiler/conda/latest/lib/python3.12/shutil.py", line 703, in _rmtree_safe_fd
    onexc(func, path, err)
  File "/opt/ohpc/pub/compiler/conda/latest/lib/python3.12/multiprocessing/util.py", line 303, in _run_finalizers
    finalizer()
  File "/opt/ohpc/pub/compiler/conda/latest/lib/python3.12/multiprocessing/util.py", line 227, in __call__
    res = self._callback(*self._args, **self._kwargs)
          ^^^^^^^^^^^^^^^^^^^^^^^^^^^^^^^^^^^^^^^^^^^
  File "/opt/ohpc/pub/compiler/conda/latest/lib/python3.12/multiprocessing/util.py", line 303, in _run_finalizers
    finalizer()
  File "/opt/ohpc/pub/compiler/conda/latest/lib/python3.12/multiprocessing/util.py", line 227, in __call__
    res = self._callback(*self._args, **self._kwargs)
          ^^^^^^^^^^^^^^^^^^^^^^^^^^^^^^^^^^^^^^^^^^^
  File "/opt/ohpc/pub/compiler/conda/latest/lib/python3.12/shutil.py", line 700, in _rmtree_safe_fd
    onexc(os.unlink, fullname, err)
  File "/opt/ohpc/pub/compiler/conda/latest/lib/python3.12/shutil.py", line 750, in onexc
    return onerror(func, path, exc_info)
           ^^^^^^^^^^^^^^^^^^^^^^^^^^^^^
  File "/opt/ohpc/pub/compiler/conda/latest/lib/python3.12/shutil.py", line 750, in onexc
    return onerror(func, path, exc_info)
           ^^^^^^^^^^^^^^^^^^^^^^^^^^^^^
  File "/opt/ohpc/pub/compiler/conda/latest/lib/python3.12/shutil.py", line 700, in _rmtree_safe_fd
    onexc(os.unlink, fullname, err)
  File "/opt/ohpc/pub/compiler/conda/latest/lib/python3.12/shutil.py", line 750, in onexc
    return onerror(func, path, exc_info)
           ^^^^^^^^^^^^^^^^^^^^^^^^^^^^^
  File "/opt/ohpc/pub/compiler/conda/latest/lib/python3.12/multiprocessing/util.py", line 136, in _remove_temp_dir
    rmtree(tempdir, onerror=onerror)
  File "/opt/ohpc/pub/compiler/conda/latest/lib/python3.12/shutil.py", line 759, in rmtree
    _rmtree_safe_fd(stack, onexc)
  File "/opt/ohpc/pub/compiler/conda/latest/lib/python3.12/multiprocessing/util.py", line 136, in _remove_temp_dir
    rmtree(tempdir, onerror=onerror)
  File "/opt/ohpc/pub/compiler/conda/latest/lib/python3.12/shutil.py", line 759, in rmtree
    _rmtree_safe_fd(stack, onexc)
  File "/opt/ohpc/pub/compiler/conda/latest/lib/python3.12/shutil.py", line 698, in _rmtree_safe_fd
    os.unlink(entry.name, dir_fd=topfd)
  File "/opt/ohpc/pub/compiler/conda/latest/lib/python3.12/shutil.py", line 698, in _rmtree_safe_fd
    os.unlink(entry.name, dir_fd=topfd)
  File "/opt/ohpc/pub/compiler/conda/latest/lib/python3.12/shutil.py", line 703, in _rmtree_safe_fd
    onexc(func, path, err)
  File "/opt/ohpc/pub/compiler/conda/latest/lib/python3.12/shutil.py", line 703, in _rmtree_safe_fd
    onexc(func, path, err)
OSError: [Errno 16] Device or resource busy: '/tmp/pymp-l6ococyx'
OSError: [Errno 16] Device or resource busy: '/tmp/pymp-b4a5ao9w'
  File "/opt/ohpc/pub/compiler/conda/latest/lib/python3.12/shutil.py", line 750, in onexc
    return onerror(func, path, exc_info)
           ^^^^^^^^^^^^^^^^^^^^^^^^^^^^^
  File "/opt/ohpc/pub/compiler/conda/latest/lib/python3.12/shutil.py", line 700, in _rmtree_safe_fd
    onexc(os.unlink, fullname, err)
  File "/opt/ohpc/pub/compiler/conda/latest/lib/python3.12/shutil.py", line 750, in onexc
    return onerror(func, path, exc_info)
           ^^^^^^^^^^^^^^^^^^^^^^^^^^^^^
  File "/opt/ohpc/pub/compiler/conda/latest/lib/python3.12/shutil.py", line 750, in onexc
    return onerror(func, path, exc_info)
           ^^^^^^^^^^^^^^^^^^^^^^^^^^^^^
  File "/opt/ohpc/pub/compiler/conda/latest/lib/python3.12/shutil.py", line 698, in _rmtree_safe_fd
    os.unlink(entry.name, dir_fd=topfd)
OSError: [Errno 16] Device or resource busy: '/tmp/pymp-tp4v6yob'
  File "/opt/ohpc/pub/compiler/conda/latest/lib/python3.12/shutil.py", line 700, in _rmtree_safe_fd
    onexc(os.unlink, fullname, err)
  File "/opt/ohpc/pub/compiler/conda/latest/lib/python3.12/shutil.py", line 750, in onexc
    return onerror(func, path, exc_info)
           ^^^^^^^^^^^^^^^^^^^^^^^^^^^^^
  File "/opt/ohpc/pub/compiler/conda/latest/lib/python3.12/shutil.py", line 698, in _rmtree_safe_fd
    os.unlink(entry.name, dir_fd=topfd)
OSError: [Errno 16] Device or resource busy: '/tmp/pymp-_vuhum24'
Traceback (most recent call last):
  File "/opt/ohpc/pub/compiler/conda/latest/lib/python3.12/multiprocessing/util.py", line 303, in _run_finalizers
    finalizer()
  File "/opt/ohpc/pub/compiler/conda/latest/lib/python3.12/multiprocessing/util.py", line 227, in __call__
    res = self._callback(*self._args, **self._kwargs)
          ^^^^^^^^^^^^^^^^^^^^^^^^^^^^^^^^^^^^^^^^^^^
  File "/opt/ohpc/pub/compiler/conda/latest/lib/python3.12/multiprocessing/util.py", line 136, in _remove_temp_dir
    rmtree(tempdir, onerror=onerror)
  File "/opt/ohpc/pub/compiler/conda/latest/lib/python3.12/shutil.py", line 759, in rmtree
    _rmtree_safe_fd(stack, onexc)
Traceback (most recent call last):
Traceback (most recent call last):
Traceback (most recent call last):
  File "/opt/ohpc/pub/compiler/conda/latest/lib/python3.12/multiprocessing/util.py", line 303, in _run_finalizers
    finalizer()
  File "/opt/ohpc/pub/compiler/conda/latest/lib/python3.12/shutil.py", line 703, in _rmtree_safe_fd
    onexc(func, path, err)
  File "/opt/ohpc/pub/compiler/conda/latest/lib/python3.12/shutil.py", line 750, in onexc
    return onerror(func, path, exc_info)
           ^^^^^^^^^^^^^^^^^^^^^^^^^^^^^
  File "/opt/ohpc/pub/compiler/conda/latest/lib/python3.12/multiprocessing/util.py", line 303, in _run_finalizers
    finalizer()
  File "/opt/ohpc/pub/compiler/conda/latest/lib/python3.12/multiprocessing/util.py", line 303, in _run_finalizers
    finalizer()
  File "/opt/ohpc/pub/compiler/conda/latest/lib/python3.12/multiprocessing/util.py", line 227, in __call__
    res = self._callback(*self._args, **self._kwargs)
          ^^^^^^^^^^^^^^^^^^^^^^^^^^^^^^^^^^^^^^^^^^^
  File "/opt/ohpc/pub/compiler/conda/latest/lib/python3.12/multiprocessing/util.py", line 136, in _remove_temp_dir
    rmtree(tempdir, onerror=onerror)
  File "/opt/ohpc/pub/compiler/conda/latest/lib/python3.12/shutil.py", line 700, in _rmtree_safe_fd
    onexc(os.unlink, fullname, err)
  File "/opt/ohpc/pub/compiler/conda/latest/lib/python3.12/shutil.py", line 750, in onexc
    return onerror(func, path, exc_info)
           ^^^^^^^^^^^^^^^^^^^^^^^^^^^^^
  File "/opt/ohpc/pub/compiler/conda/latest/lib/python3.12/multiprocessing/util.py", line 227, in __call__
    res = self._callback(*self._args, **self._kwargs)
          ^^^^^^^^^^^^^^^^^^^^^^^^^^^^^^^^^^^^^^^^^^^
  File "/opt/ohpc/pub/compiler/conda/latest/lib/python3.12/multiprocessing/util.py", line 136, in _remove_temp_dir
    rmtree(tempdir, onerror=onerror)
  File "/opt/ohpc/pub/compiler/conda/latest/lib/python3.12/multiprocessing/util.py", line 227, in __call__
    res = self._callback(*self._args, **self._kwargs)
          ^^^^^^^^^^^^^^^^^^^^^^^^^^^^^^^^^^^^^^^^^^^
  File "/opt/ohpc/pub/compiler/conda/latest/lib/python3.12/multiprocessing/util.py", line 136, in _remove_temp_dir
    rmtree(tempdir, onerror=onerror)
  File "/opt/ohpc/pub/compiler/conda/latest/lib/python3.12/shutil.py", line 759, in rmtree
    _rmtree_safe_fd(stack, onexc)
  File "/opt/ohpc/pub/compiler/conda/latest/lib/python3.12/shutil.py", line 703, in _rmtree_safe_fd
    onexc(func, path, err)
  File "/opt/ohpc/pub/compiler/conda/latest/lib/python3.12/shutil.py", line 698, in _rmtree_safe_fd
    os.unlink(entry.name, dir_fd=topfd)
  File "/opt/ohpc/pub/compiler/conda/latest/lib/python3.12/shutil.py", line 759, in rmtree
    _rmtree_safe_fd(stack, onexc)
  File "/opt/ohpc/pub/compiler/conda/latest/lib/python3.12/shutil.py", line 703, in _rmtree_safe_fd
    onexc(func, path, err)
  File "/opt/ohpc/pub/compiler/conda/latest/lib/python3.12/shutil.py", line 759, in rmtree
    _rmtree_safe_fd(stack, onexc)
  File "/opt/ohpc/pub/compiler/conda/latest/lib/python3.12/shutil.py", line 703, in _rmtree_safe_fd
    onexc(func, path, err)
  File "/opt/ohpc/pub/compiler/conda/latest/lib/python3.12/shutil.py", line 750, in onexc
    return onerror(func, path, exc_info)
           ^^^^^^^^^^^^^^^^^^^^^^^^^^^^^
  File "/opt/ohpc/pub/compiler/conda/latest/lib/python3.12/shutil.py", line 700, in _rmtree_safe_fd
    onexc(os.unlink, fullname, err)
OSError: [Errno 16] Device or resource busy: '/tmp/pymp-44hdjo3l'
  File "/opt/ohpc/pub/compiler/conda/latest/lib/python3.12/shutil.py", line 750, in onexc
    return onerror(func, path, exc_info)
           ^^^^^^^^^^^^^^^^^^^^^^^^^^^^^
  File "/opt/ohpc/pub/compiler/conda/latest/lib/python3.12/shutil.py", line 700, in _rmtree_safe_fd
    onexc(os.unlink, fullname, err)
  File "/opt/ohpc/pub/compiler/conda/latest/lib/python3.12/shutil.py", line 750, in onexc
    return onerror(func, path, exc_info)
           ^^^^^^^^^^^^^^^^^^^^^^^^^^^^^
  File "/opt/ohpc/pub/compiler/conda/latest/lib/python3.12/shutil.py", line 750, in onexc
    return onerror(func, path, exc_info)
           ^^^^^^^^^^^^^^^^^^^^^^^^^^^^^
  File "/opt/ohpc/pub/compiler/conda/latest/lib/python3.12/shutil.py", line 698, in _rmtree_safe_fd
    os.unlink(entry.name, dir_fd=topfd)
  File "/opt/ohpc/pub/compiler/conda/latest/lib/python3.12/shutil.py", line 750, in onexc
    return onerror(func, path, exc_info)
           ^^^^^^^^^^^^^^^^^^^^^^^^^^^^^
  File "/opt/ohpc/pub/compiler/conda/latest/lib/python3.12/shutil.py", line 698, in _rmtree_safe_fd
    os.unlink(entry.name, dir_fd=topfd)
  File "/opt/ohpc/pub/compiler/conda/latest/lib/python3.12/shutil.py", line 700, in _rmtree_safe_fd
    onexc(os.unlink, fullname, err)
  File "/opt/ohpc/pub/compiler/conda/latest/lib/python3.12/shutil.py", line 750, in onexc
    return onerror(func, path, exc_info)
           ^^^^^^^^^^^^^^^^^^^^^^^^^^^^^
OSError: [Errno 16] Device or resource busy: '/tmp/pymp-m8ak5gk3'
OSError: [Errno 16] Device or resource busy: '/tmp/pymp-v9pdwi60'
  File "/opt/ohpc/pub/compiler/conda/latest/lib/python3.12/shutil.py", line 698, in _rmtree_safe_fd
    os.unlink(entry.name, dir_fd=topfd)
OSError: [Errno 16] Device or resource busy: '/tmp/pymp-a_sptz0z'
Traceback (most recent call last):
Traceback (most recent call last):
Traceback (most recent call last):
Traceback (most recent call last):
  File "/opt/ohpc/pub/compiler/conda/latest/lib/python3.12/multiprocessing/util.py", line 303, in _run_finalizers
    finalizer()
  File "/opt/ohpc/pub/compiler/conda/latest/lib/python3.12/multiprocessing/util.py", line 303, in _run_finalizers
    finalizer()
  File "/opt/ohpc/pub/compiler/conda/latest/lib/python3.12/multiprocessing/util.py", line 303, in _run_finalizers
    finalizer()
  File "/opt/ohpc/pub/compiler/conda/latest/lib/python3.12/multiprocessing/util.py", line 303, in _run_finalizers
    finalizer()
  File "/opt/ohpc/pub/compiler/conda/latest/lib/python3.12/multiprocessing/util.py", line 227, in __call__
    res = self._callback(*self._args, **self._kwargs)
          ^^^^^^^^^^^^^^^^^^^^^^^^^^^^^^^^^^^^^^^^^^^
  File "/opt/ohpc/pub/compiler/conda/latest/lib/python3.12/multiprocessing/util.py", line 136, in _remove_temp_dir
    rmtree(tempdir, onerror=onerror)
  File "/opt/ohpc/pub/compiler/conda/latest/lib/python3.12/multiprocessing/util.py", line 227, in __call__
    res = self._callback(*self._args, **self._kwargs)
          ^^^^^^^^^^^^^^^^^^^^^^^^^^^^^^^^^^^^^^^^^^^
  File "/opt/ohpc/pub/compiler/conda/latest/lib/python3.12/multiprocessing/util.py", line 136, in _remove_temp_dir
    rmtree(tempdir, onerror=onerror)
  File "/opt/ohpc/pub/compiler/conda/latest/lib/python3.12/multiprocessing/util.py", line 227, in __call__
    res = self._callback(*self._args, **self._kwargs)
          ^^^^^^^^^^^^^^^^^^^^^^^^^^^^^^^^^^^^^^^^^^^
  File "/opt/ohpc/pub/compiler/conda/latest/lib/python3.12/multiprocessing/util.py", line 136, in _remove_temp_dir
    rmtree(tempdir, onerror=onerror)
  File "/opt/ohpc/pub/compiler/conda/latest/lib/python3.12/multiprocessing/util.py", line 227, in __call__
    res = self._callback(*self._args, **self._kwargs)
          ^^^^^^^^^^^^^^^^^^^^^^^^^^^^^^^^^^^^^^^^^^^
  File "/opt/ohpc/pub/compiler/conda/latest/lib/python3.12/multiprocessing/util.py", line 136, in _remove_temp_dir
    rmtree(tempdir, onerror=onerror)
  File "/opt/ohpc/pub/compiler/conda/latest/lib/python3.12/shutil.py", line 759, in rmtree
    _rmtree_safe_fd(stack, onexc)
  File "/opt/ohpc/pub/compiler/conda/latest/lib/python3.12/shutil.py", line 703, in _rmtree_safe_fd
    onexc(func, path, err)
  File "/opt/ohpc/pub/compiler/conda/latest/lib/python3.12/shutil.py", line 759, in rmtree
    _rmtree_safe_fd(stack, onexc)
  File "/opt/ohpc/pub/compiler/conda/latest/lib/python3.12/shutil.py", line 703, in _rmtree_safe_fd
    onexc(func, path, err)
  File "/opt/ohpc/pub/compiler/conda/latest/lib/python3.12/shutil.py", line 759, in rmtree
    _rmtree_safe_fd(stack, onexc)
  File "/opt/ohpc/pub/compiler/conda/latest/lib/python3.12/shutil.py", line 703, in _rmtree_safe_fd
    onexc(func, path, err)
  File "/opt/ohpc/pub/compiler/conda/latest/lib/python3.12/shutil.py", line 759, in rmtree
    _rmtree_safe_fd(stack, onexc)
  File "/opt/ohpc/pub/compiler/conda/latest/lib/python3.12/shutil.py", line 703, in _rmtree_safe_fd
    onexc(func, path, err)
  File "/opt/ohpc/pub/compiler/conda/latest/lib/python3.12/shutil.py", line 750, in onexc
    return onerror(func, path, exc_info)
           ^^^^^^^^^^^^^^^^^^^^^^^^^^^^^
  File "/opt/ohpc/pub/compiler/conda/latest/lib/python3.12/shutil.py", line 700, in _rmtree_safe_fd
    onexc(os.unlink, fullname, err)
  File "/opt/ohpc/pub/compiler/conda/latest/lib/python3.12/shutil.py", line 750, in onexc
    return onerror(func, path, exc_info)
           ^^^^^^^^^^^^^^^^^^^^^^^^^^^^^
  File "/opt/ohpc/pub/compiler/conda/latest/lib/python3.12/shutil.py", line 700, in _rmtree_safe_fd
    onexc(os.unlink, fullname, err)
  File "/opt/ohpc/pub/compiler/conda/latest/lib/python3.12/shutil.py", line 750, in onexc
    return onerror(func, path, exc_info)
           ^^^^^^^^^^^^^^^^^^^^^^^^^^^^^
  File "/opt/ohpc/pub/compiler/conda/latest/lib/python3.12/shutil.py", line 700, in _rmtree_safe_fd
    onexc(os.unlink, fullname, err)
  File "/opt/ohpc/pub/compiler/conda/latest/lib/python3.12/shutil.py", line 750, in onexc
    return onerror(func, path, exc_info)
           ^^^^^^^^^^^^^^^^^^^^^^^^^^^^^
  File "/opt/ohpc/pub/compiler/conda/latest/lib/python3.12/shutil.py", line 700, in _rmtree_safe_fd
    onexc(os.unlink, fullname, err)
  File "/opt/ohpc/pub/compiler/conda/latest/lib/python3.12/shutil.py", line 750, in onexc
    return onerror(func, path, exc_info)
           ^^^^^^^^^^^^^^^^^^^^^^^^^^^^^
  File "/opt/ohpc/pub/compiler/conda/latest/lib/python3.12/shutil.py", line 698, in _rmtree_safe_fd
    os.unlink(entry.name, dir_fd=topfd)
  File "/opt/ohpc/pub/compiler/conda/latest/lib/python3.12/shutil.py", line 750, in onexc
    return onerror(func, path, exc_info)
           ^^^^^^^^^^^^^^^^^^^^^^^^^^^^^
  File "/opt/ohpc/pub/compiler/conda/latest/lib/python3.12/shutil.py", line 698, in _rmtree_safe_fd
    os.unlink(entry.name, dir_fd=topfd)
  File "/opt/ohpc/pub/compiler/conda/latest/lib/python3.12/shutil.py", line 750, in onexc
    return onerror(func, path, exc_info)
           ^^^^^^^^^^^^^^^^^^^^^^^^^^^^^
  File "/opt/ohpc/pub/compiler/conda/latest/lib/python3.12/shutil.py", line 698, in _rmtree_safe_fd
    os.unlink(entry.name, dir_fd=topfd)
  File "/opt/ohpc/pub/compiler/conda/latest/lib/python3.12/shutil.py", line 750, in onexc
    return onerror(func, path, exc_info)
           ^^^^^^^^^^^^^^^^^^^^^^^^^^^^^
  File "/opt/ohpc/pub/compiler/conda/latest/lib/python3.12/shutil.py", line 698, in _rmtree_safe_fd
    os.unlink(entry.name, dir_fd=topfd)
OSError: [Errno 16] Device or resource busy: '/tmp/pymp-s12iqku0'
OSError: [Errno 16] Device or resource busy: '/tmp/pymp-slwzwf58'
OSError: [Errno 16] Device or resource busy: '/tmp/pymp-ohkyi3lx'
OSError: [Errno 16] Device or resource busy: '/tmp/pymp-wciwbhzp'
[val 079] loss=-0.9851 z_std=0.0441 rankme=17.790 lidar=5.311 areq=1.947 pr=1.25 align=0.0954 unif=-0.925 converged=True collapsed=False
  e080 it0000/62 lr=0.0004 loss=-0.9823 z_std=0.0609
  e080 it0010/62 lr=0.0004 loss=-0.9744 z_std=0.0614
  e080 it0020/62 lr=0.0004 loss=-0.9777 z_std=0.0610
  e080 it0030/62 lr=0.0003 loss=-0.9798 z_std=0.0609
  e080 it0040/62 lr=0.0003 loss=-0.9797 z_std=0.0609
  e080 it0050/62 lr=0.0003 loss=-0.9802 z_std=0.0610
  e080 it0060/62 lr=0.0003 loss=-0.9795 z_std=0.0610
[epoch 080] loss=-0.9796 z_std=0.0611 (healthy~0.0625) time=232.3s
  e081 it0000/62 lr=0.0003 loss=-0.9887 z_std=0.0612
  e081 it0010/62 lr=0.0003 loss=-0.9802 z_std=0.0617
  e081 it0020/62 lr=0.0003 loss=-0.9811 z_std=0.0612
  e081 it0030/62 lr=0.0003 loss=-0.9816 z_std=0.0612
  e081 it0040/62 lr=0.0003 loss=-0.9813 z_std=0.0611
  e081 it0050/62 lr=0.0003 loss=-0.9816 z_std=0.0610
  e081 it0060/62 lr=0.0003 loss=-0.9802 z_std=0.0611
[epoch 081] loss=-0.9801 z_std=0.0612 (healthy~0.0625) time=233.8s
  e082 it0000/62 lr=0.0003 loss=-0.9744 z_std=0.0592
  e082 it0010/62 lr=0.0003 loss=-0.9762 z_std=0.0608
  e082 it0020/62 lr=0.0003 loss=-0.9782 z_std=0.0609
  e082 it0030/62 lr=0.0003 loss=-0.9798 z_std=0.0610
  e082 it0040/62 lr=0.0003 loss=-0.9799 z_std=0.0610
  e082 it0050/62 lr=0.0003 loss=-0.9798 z_std=0.0609
  e082 it0060/62 lr=0.0003 loss=-0.9801 z_std=0.0609
[epoch 082] loss=-0.9799 z_std=0.0609 (healthy~0.0625) time=232.9s
  e083 it0000/62 lr=0.0003 loss=-0.9869 z_std=0.0596
  e083 it0010/62 lr=0.0003 loss=-0.9820 z_std=0.0615
  e083 it0020/62 lr=0.0003 loss=-0.9773 z_std=0.0613
  e083 it0030/62 lr=0.0003 loss=-0.9786 z_std=0.0612
  e083 it0040/62 lr=0.0002 loss=-0.9784 z_std=0.0612
  e083 it0050/62 lr=0.0002 loss=-0.9794 z_std=0.0612
  e083 it0060/62 lr=0.0002 loss=-0.9795 z_std=0.0613
[epoch 083] loss=-0.9796 z_std=0.0613 (healthy~0.0625) time=239.4s
  e084 it0000/62 lr=0.0002 loss=-0.9833 z_std=0.0624
  e084 it0010/62 lr=0.0002 loss=-0.9829 z_std=0.0612
  e084 it0020/62 lr=0.0002 loss=-0.9819 z_std=0.0609
  e084 it0030/62 lr=0.0002 loss=-0.9815 z_std=0.0608
  e084 it0040/62 lr=0.0002 loss=-0.9811 z_std=0.0610
  e084 it0050/62 lr=0.0002 loss=-0.9808 z_std=0.0611
  e084 it0060/62 lr=0.0002 loss=-0.9802 z_std=0.0611
[epoch 084] loss=-0.9802 z_std=0.0611 (healthy~0.0625) time=233.6s
Traceback (most recent call last):
Traceback (most recent call last):
Traceback (most recent call last):
Traceback (most recent call last):
  File "/opt/ohpc/pub/compiler/conda/latest/lib/python3.12/multiprocessing/util.py", line 303, in _run_finalizers
    finalizer()
  File "/opt/ohpc/pub/compiler/conda/latest/lib/python3.12/multiprocessing/util.py", line 303, in _run_finalizers
    finalizer()
  File "/opt/ohpc/pub/compiler/conda/latest/lib/python3.12/multiprocessing/util.py", line 303, in _run_finalizers
    finalizer()
  File "/opt/ohpc/pub/compiler/conda/latest/lib/python3.12/multiprocessing/util.py", line 303, in _run_finalizers
    finalizer()
  File "/opt/ohpc/pub/compiler/conda/latest/lib/python3.12/multiprocessing/util.py", line 227, in __call__
    res = self._callback(*self._args, **self._kwargs)
          ^^^^^^^^^^^^^^^^^^^^^^^^^^^^^^^^^^^^^^^^^^^
  File "/opt/ohpc/pub/compiler/conda/latest/lib/python3.12/multiprocessing/util.py", line 136, in _remove_temp_dir
    rmtree(tempdir, onerror=onerror)
  File "/opt/ohpc/pub/compiler/conda/latest/lib/python3.12/multiprocessing/util.py", line 227, in __call__
    res = self._callback(*self._args, **self._kwargs)
          ^^^^^^^^^^^^^^^^^^^^^^^^^^^^^^^^^^^^^^^^^^^
  File "/opt/ohpc/pub/compiler/conda/latest/lib/python3.12/multiprocessing/util.py", line 136, in _remove_temp_dir
    rmtree(tempdir, onerror=onerror)
  File "/opt/ohpc/pub/compiler/conda/latest/lib/python3.12/multiprocessing/util.py", line 227, in __call__
    res = self._callback(*self._args, **self._kwargs)
          ^^^^^^^^^^^^^^^^^^^^^^^^^^^^^^^^^^^^^^^^^^^
  File "/opt/ohpc/pub/compiler/conda/latest/lib/python3.12/multiprocessing/util.py", line 227, in __call__
    res = self._callback(*self._args, **self._kwargs)
          ^^^^^^^^^^^^^^^^^^^^^^^^^^^^^^^^^^^^^^^^^^^
  File "/opt/ohpc/pub/compiler/conda/latest/lib/python3.12/shutil.py", line 759, in rmtree
    _rmtree_safe_fd(stack, onexc)
  File "/opt/ohpc/pub/compiler/conda/latest/lib/python3.12/shutil.py", line 703, in _rmtree_safe_fd
    onexc(func, path, err)
  File "/opt/ohpc/pub/compiler/conda/latest/lib/python3.12/shutil.py", line 759, in rmtree
    _rmtree_safe_fd(stack, onexc)
  File "/opt/ohpc/pub/compiler/conda/latest/lib/python3.12/shutil.py", line 703, in _rmtree_safe_fd
    onexc(func, path, err)
  File "/opt/ohpc/pub/compiler/conda/latest/lib/python3.12/multiprocessing/util.py", line 136, in _remove_temp_dir
    rmtree(tempdir, onerror=onerror)
  File "/opt/ohpc/pub/compiler/conda/latest/lib/python3.12/multiprocessing/util.py", line 136, in _remove_temp_dir
    rmtree(tempdir, onerror=onerror)
  File "/opt/ohpc/pub/compiler/conda/latest/lib/python3.12/shutil.py", line 759, in rmtree
    _rmtree_safe_fd(stack, onexc)
  File "/opt/ohpc/pub/compiler/conda/latest/lib/python3.12/shutil.py", line 750, in onexc
    return onerror(func, path, exc_info)
           ^^^^^^^^^^^^^^^^^^^^^^^^^^^^^
  File "/opt/ohpc/pub/compiler/conda/latest/lib/python3.12/shutil.py", line 750, in onexc
    return onerror(func, path, exc_info)
           ^^^^^^^^^^^^^^^^^^^^^^^^^^^^^
  File "/opt/ohpc/pub/compiler/conda/latest/lib/python3.12/shutil.py", line 700, in _rmtree_safe_fd
    onexc(os.unlink, fullname, err)
  File "/opt/ohpc/pub/compiler/conda/latest/lib/python3.12/shutil.py", line 759, in rmtree
    _rmtree_safe_fd(stack, onexc)
  File "/opt/ohpc/pub/compiler/conda/latest/lib/python3.12/shutil.py", line 703, in _rmtree_safe_fd
    onexc(func, path, err)
  File "/opt/ohpc/pub/compiler/conda/latest/lib/python3.12/shutil.py", line 703, in _rmtree_safe_fd
    onexc(func, path, err)
  File "/opt/ohpc/pub/compiler/conda/latest/lib/python3.12/shutil.py", line 750, in onexc
    return onerror(func, path, exc_info)
           ^^^^^^^^^^^^^^^^^^^^^^^^^^^^^
  File "/opt/ohpc/pub/compiler/conda/latest/lib/python3.12/shutil.py", line 700, in _rmtree_safe_fd
    onexc(os.unlink, fullname, err)
  File "/opt/ohpc/pub/compiler/conda/latest/lib/python3.12/shutil.py", line 750, in onexc
    return onerror(func, path, exc_info)
           ^^^^^^^^^^^^^^^^^^^^^^^^^^^^^
  File "/opt/ohpc/pub/compiler/conda/latest/lib/python3.12/shutil.py", line 698, in _rmtree_safe_fd
    os.unlink(entry.name, dir_fd=topfd)
  File "/opt/ohpc/pub/compiler/conda/latest/lib/python3.12/shutil.py", line 750, in onexc
    return onerror(func, path, exc_info)
           ^^^^^^^^^^^^^^^^^^^^^^^^^^^^^
  File "/opt/ohpc/pub/compiler/conda/latest/lib/python3.12/shutil.py", line 700, in _rmtree_safe_fd
    onexc(os.unlink, fullname, err)
  File "/opt/ohpc/pub/compiler/conda/latest/lib/python3.12/shutil.py", line 700, in _rmtree_safe_fd
    onexc(os.unlink, fullname, err)
  File "/opt/ohpc/pub/compiler/conda/latest/lib/python3.12/shutil.py", line 750, in onexc
    return onerror(func, path, exc_info)
           ^^^^^^^^^^^^^^^^^^^^^^^^^^^^^
  File "/opt/ohpc/pub/compiler/conda/latest/lib/python3.12/shutil.py", line 750, in onexc
    return onerror(func, path, exc_info)
           ^^^^^^^^^^^^^^^^^^^^^^^^^^^^^
  File "/opt/ohpc/pub/compiler/conda/latest/lib/python3.12/shutil.py", line 698, in _rmtree_safe_fd
    os.unlink(entry.name, dir_fd=topfd)
OSError: [Errno 16] Device or resource busy: '/tmp/pymp-ilpkp2m6'
  File "/opt/ohpc/pub/compiler/conda/latest/lib/python3.12/shutil.py", line 750, in onexc
    return onerror(func, path, exc_info)
           ^^^^^^^^^^^^^^^^^^^^^^^^^^^^^
  File "/opt/ohpc/pub/compiler/conda/latest/lib/python3.12/shutil.py", line 698, in _rmtree_safe_fd
    os.unlink(entry.name, dir_fd=topfd)
  File "/opt/ohpc/pub/compiler/conda/latest/lib/python3.12/shutil.py", line 698, in _rmtree_safe_fd
    os.unlink(entry.name, dir_fd=topfd)
OSError: [Errno 16] Device or resource busy: '/tmp/pymp-7zad5k7e'
OSError: [Errno 16] Device or resource busy: '/tmp/pymp-z6q_0y6w'
OSError: [Errno 16] Device or resource busy: '/tmp/pymp-o6b2rw22'
Traceback (most recent call last):
Traceback (most recent call last):
Traceback (most recent call last):
Traceback (most recent call last):
  File "/opt/ohpc/pub/compiler/conda/latest/lib/python3.12/multiprocessing/util.py", line 303, in _run_finalizers
    finalizer()
  File "/opt/ohpc/pub/compiler/conda/latest/lib/python3.12/multiprocessing/util.py", line 303, in _run_finalizers
    finalizer()
  File "/opt/ohpc/pub/compiler/conda/latest/lib/python3.12/multiprocessing/util.py", line 303, in _run_finalizers
    finalizer()
  File "/opt/ohpc/pub/compiler/conda/latest/lib/python3.12/multiprocessing/util.py", line 303, in _run_finalizers
    finalizer()
  File "/opt/ohpc/pub/compiler/conda/latest/lib/python3.12/multiprocessing/util.py", line 227, in __call__
    res = self._callback(*self._args, **self._kwargs)
          ^^^^^^^^^^^^^^^^^^^^^^^^^^^^^^^^^^^^^^^^^^^
  File "/opt/ohpc/pub/compiler/conda/latest/lib/python3.12/multiprocessing/util.py", line 227, in __call__
    res = self._callback(*self._args, **self._kwargs)
          ^^^^^^^^^^^^^^^^^^^^^^^^^^^^^^^^^^^^^^^^^^^
  File "/opt/ohpc/pub/compiler/conda/latest/lib/python3.12/multiprocessing/util.py", line 227, in __call__
    res = self._callback(*self._args, **self._kwargs)
          ^^^^^^^^^^^^^^^^^^^^^^^^^^^^^^^^^^^^^^^^^^^
  File "/opt/ohpc/pub/compiler/conda/latest/lib/python3.12/multiprocessing/util.py", line 136, in _remove_temp_dir
    rmtree(tempdir, onerror=onerror)
  File "/opt/ohpc/pub/compiler/conda/latest/lib/python3.12/multiprocessing/util.py", line 227, in __call__
    res = self._callback(*self._args, **self._kwargs)
          ^^^^^^^^^^^^^^^^^^^^^^^^^^^^^^^^^^^^^^^^^^^
  File "/opt/ohpc/pub/compiler/conda/latest/lib/python3.12/multiprocessing/util.py", line 136, in _remove_temp_dir
    rmtree(tempdir, onerror=onerror)
  File "/opt/ohpc/pub/compiler/conda/latest/lib/python3.12/multiprocessing/util.py", line 136, in _remove_temp_dir
    rmtree(tempdir, onerror=onerror)
  File "/opt/ohpc/pub/compiler/conda/latest/lib/python3.12/shutil.py", line 759, in rmtree
    _rmtree_safe_fd(stack, onexc)
  File "/opt/ohpc/pub/compiler/conda/latest/lib/python3.12/multiprocessing/util.py", line 136, in _remove_temp_dir
    rmtree(tempdir, onerror=onerror)
  File "/opt/ohpc/pub/compiler/conda/latest/lib/python3.12/shutil.py", line 759, in rmtree
    _rmtree_safe_fd(stack, onexc)
  File "/opt/ohpc/pub/compiler/conda/latest/lib/python3.12/shutil.py", line 703, in _rmtree_safe_fd
    onexc(func, path, err)
  File "/opt/ohpc/pub/compiler/conda/latest/lib/python3.12/shutil.py", line 759, in rmtree
    _rmtree_safe_fd(stack, onexc)
  File "/opt/ohpc/pub/compiler/conda/latest/lib/python3.12/shutil.py", line 703, in _rmtree_safe_fd
    onexc(func, path, err)
  File "/opt/ohpc/pub/compiler/conda/latest/lib/python3.12/shutil.py", line 703, in _rmtree_safe_fd
    onexc(func, path, err)
  File "/opt/ohpc/pub/compiler/conda/latest/lib/python3.12/shutil.py", line 750, in onexc
    return onerror(func, path, exc_info)
           ^^^^^^^^^^^^^^^^^^^^^^^^^^^^^
  File "/opt/ohpc/pub/compiler/conda/latest/lib/python3.12/shutil.py", line 759, in rmtree
    _rmtree_safe_fd(stack, onexc)
  File "/opt/ohpc/pub/compiler/conda/latest/lib/python3.12/shutil.py", line 750, in onexc
    return onerror(func, path, exc_info)
           ^^^^^^^^^^^^^^^^^^^^^^^^^^^^^
  File "/opt/ohpc/pub/compiler/conda/latest/lib/python3.12/shutil.py", line 700, in _rmtree_safe_fd
    onexc(os.unlink, fullname, err)
  File "/opt/ohpc/pub/compiler/conda/latest/lib/python3.12/shutil.py", line 750, in onexc
    return onerror(func, path, exc_info)
           ^^^^^^^^^^^^^^^^^^^^^^^^^^^^^
  File "/opt/ohpc/pub/compiler/conda/latest/lib/python3.12/shutil.py", line 700, in _rmtree_safe_fd
    onexc(os.unlink, fullname, err)
  File "/opt/ohpc/pub/compiler/conda/latest/lib/python3.12/shutil.py", line 700, in _rmtree_safe_fd
    onexc(os.unlink, fullname, err)
  File "/opt/ohpc/pub/compiler/conda/latest/lib/python3.12/shutil.py", line 750, in onexc
    return onerror(func, path, exc_info)
           ^^^^^^^^^^^^^^^^^^^^^^^^^^^^^
  File "/opt/ohpc/pub/compiler/conda/latest/lib/python3.12/shutil.py", line 703, in _rmtree_safe_fd
    onexc(func, path, err)
  File "/opt/ohpc/pub/compiler/conda/latest/lib/python3.12/shutil.py", line 750, in onexc
    return onerror(func, path, exc_info)
           ^^^^^^^^^^^^^^^^^^^^^^^^^^^^^
  File "/opt/ohpc/pub/compiler/conda/latest/lib/python3.12/shutil.py", line 698, in _rmtree_safe_fd
    os.unlink(entry.name, dir_fd=topfd)
  File "/opt/ohpc/pub/compiler/conda/latest/lib/python3.12/shutil.py", line 750, in onexc
    return onerror(func, path, exc_info)
           ^^^^^^^^^^^^^^^^^^^^^^^^^^^^^
  File "/opt/ohpc/pub/compiler/conda/latest/lib/python3.12/shutil.py", line 698, in _rmtree_safe_fd
    os.unlink(entry.name, dir_fd=topfd)
  File "/opt/ohpc/pub/compiler/conda/latest/lib/python3.12/shutil.py", line 698, in _rmtree_safe_fd
    os.unlink(entry.name, dir_fd=topfd)
  File "/opt/ohpc/pub/compiler/conda/latest/lib/python3.12/shutil.py", line 750, in onexc
    return onerror(func, path, exc_info)
           ^^^^^^^^^^^^^^^^^^^^^^^^^^^^^
  File "/opt/ohpc/pub/compiler/conda/latest/lib/python3.12/shutil.py", line 700, in _rmtree_safe_fd
    onexc(os.unlink, fullname, err)
OSError: [Errno 16] Device or resource busy: '/tmp/pymp-3ssdsuf5'
OSError: [Errno 16] Device or resource busy: '/tmp/pymp-o0c6kznx'
OSError: [Errno 16] Device or resource busy: '/tmp/pymp-p62xv8nf'
  File "/opt/ohpc/pub/compiler/conda/latest/lib/python3.12/shutil.py", line 750, in onexc
    return onerror(func, path, exc_info)
           ^^^^^^^^^^^^^^^^^^^^^^^^^^^^^
  File "/opt/ohpc/pub/compiler/conda/latest/lib/python3.12/shutil.py", line 698, in _rmtree_safe_fd
    os.unlink(entry.name, dir_fd=topfd)
OSError: [Errno 16] Device or resource busy: '/tmp/pymp-9za9fsfv'
Traceback (most recent call last):
Traceback (most recent call last):
Traceback (most recent call last):
Traceback (most recent call last):
  File "/opt/ohpc/pub/compiler/conda/latest/lib/python3.12/multiprocessing/util.py", line 303, in _run_finalizers
    finalizer()
  File "/opt/ohpc/pub/compiler/conda/latest/lib/python3.12/multiprocessing/util.py", line 303, in _run_finalizers
    finalizer()
  File "/opt/ohpc/pub/compiler/conda/latest/lib/python3.12/multiprocessing/util.py", line 303, in _run_finalizers
    finalizer()
  File "/opt/ohpc/pub/compiler/conda/latest/lib/python3.12/multiprocessing/util.py", line 303, in _run_finalizers
    finalizer()
  File "/opt/ohpc/pub/compiler/conda/latest/lib/python3.12/multiprocessing/util.py", line 227, in __call__
    res = self._callback(*self._args, **self._kwargs)
          ^^^^^^^^^^^^^^^^^^^^^^^^^^^^^^^^^^^^^^^^^^^
  File "/opt/ohpc/pub/compiler/conda/latest/lib/python3.12/multiprocessing/util.py", line 136, in _remove_temp_dir
    rmtree(tempdir, onerror=onerror)
  File "/opt/ohpc/pub/compiler/conda/latest/lib/python3.12/multiprocessing/util.py", line 227, in __call__
    res = self._callback(*self._args, **self._kwargs)
          ^^^^^^^^^^^^^^^^^^^^^^^^^^^^^^^^^^^^^^^^^^^
  File "/opt/ohpc/pub/compiler/conda/latest/lib/python3.12/multiprocessing/util.py", line 136, in _remove_temp_dir
    rmtree(tempdir, onerror=onerror)
  File "/opt/ohpc/pub/compiler/conda/latest/lib/python3.12/multiprocessing/util.py", line 227, in __call__
    res = self._callback(*self._args, **self._kwargs)
          ^^^^^^^^^^^^^^^^^^^^^^^^^^^^^^^^^^^^^^^^^^^
  File "/opt/ohpc/pub/compiler/conda/latest/lib/python3.12/multiprocessing/util.py", line 136, in _remove_temp_dir
    rmtree(tempdir, onerror=onerror)
  File "/opt/ohpc/pub/compiler/conda/latest/lib/python3.12/multiprocessing/util.py", line 227, in __call__
    res = self._callback(*self._args, **self._kwargs)
          ^^^^^^^^^^^^^^^^^^^^^^^^^^^^^^^^^^^^^^^^^^^
  File "/opt/ohpc/pub/compiler/conda/latest/lib/python3.12/multiprocessing/util.py", line 136, in _remove_temp_dir
    rmtree(tempdir, onerror=onerror)
  File "/opt/ohpc/pub/compiler/conda/latest/lib/python3.12/shutil.py", line 759, in rmtree
    _rmtree_safe_fd(stack, onexc)
  File "/opt/ohpc/pub/compiler/conda/latest/lib/python3.12/shutil.py", line 703, in _rmtree_safe_fd
    onexc(func, path, err)
  File "/opt/ohpc/pub/compiler/conda/latest/lib/python3.12/shutil.py", line 759, in rmtree
    _rmtree_safe_fd(stack, onexc)
  File "/opt/ohpc/pub/compiler/conda/latest/lib/python3.12/shutil.py", line 703, in _rmtree_safe_fd
    onexc(func, path, err)
  File "/opt/ohpc/pub/compiler/conda/latest/lib/python3.12/shutil.py", line 759, in rmtree
    _rmtree_safe_fd(stack, onexc)
  File "/opt/ohpc/pub/compiler/conda/latest/lib/python3.12/shutil.py", line 703, in _rmtree_safe_fd
    onexc(func, path, err)
  File "/opt/ohpc/pub/compiler/conda/latest/lib/python3.12/shutil.py", line 759, in rmtree
    _rmtree_safe_fd(stack, onexc)
  File "/opt/ohpc/pub/compiler/conda/latest/lib/python3.12/shutil.py", line 703, in _rmtree_safe_fd
    onexc(func, path, err)
  File "/opt/ohpc/pub/compiler/conda/latest/lib/python3.12/shutil.py", line 750, in onexc
    return onerror(func, path, exc_info)
           ^^^^^^^^^^^^^^^^^^^^^^^^^^^^^
  File "/opt/ohpc/pub/compiler/conda/latest/lib/python3.12/shutil.py", line 700, in _rmtree_safe_fd
    onexc(os.unlink, fullname, err)
  File "/opt/ohpc/pub/compiler/conda/latest/lib/python3.12/shutil.py", line 750, in onexc
    return onerror(func, path, exc_info)
           ^^^^^^^^^^^^^^^^^^^^^^^^^^^^^
  File "/opt/ohpc/pub/compiler/conda/latest/lib/python3.12/shutil.py", line 700, in _rmtree_safe_fd
    onexc(os.unlink, fullname, err)
  File "/opt/ohpc/pub/compiler/conda/latest/lib/python3.12/shutil.py", line 750, in onexc
    return onerror(func, path, exc_info)
           ^^^^^^^^^^^^^^^^^^^^^^^^^^^^^
  File "/opt/ohpc/pub/compiler/conda/latest/lib/python3.12/shutil.py", line 700, in _rmtree_safe_fd
    onexc(os.unlink, fullname, err)
  File "/opt/ohpc/pub/compiler/conda/latest/lib/python3.12/shutil.py", line 750, in onexc
    return onerror(func, path, exc_info)
           ^^^^^^^^^^^^^^^^^^^^^^^^^^^^^
  File "/opt/ohpc/pub/compiler/conda/latest/lib/python3.12/shutil.py", line 700, in _rmtree_safe_fd
    onexc(os.unlink, fullname, err)
  File "/opt/ohpc/pub/compiler/conda/latest/lib/python3.12/shutil.py", line 750, in onexc
    return onerror(func, path, exc_info)
           ^^^^^^^^^^^^^^^^^^^^^^^^^^^^^
  File "/opt/ohpc/pub/compiler/conda/latest/lib/python3.12/shutil.py", line 698, in _rmtree_safe_fd
    os.unlink(entry.name, dir_fd=topfd)
  File "/opt/ohpc/pub/compiler/conda/latest/lib/python3.12/shutil.py", line 750, in onexc
    return onerror(func, path, exc_info)
           ^^^^^^^^^^^^^^^^^^^^^^^^^^^^^
  File "/opt/ohpc/pub/compiler/conda/latest/lib/python3.12/shutil.py", line 698, in _rmtree_safe_fd
    os.unlink(entry.name, dir_fd=topfd)
  File "/opt/ohpc/pub/compiler/conda/latest/lib/python3.12/shutil.py", line 750, in onexc
    return onerror(func, path, exc_info)
           ^^^^^^^^^^^^^^^^^^^^^^^^^^^^^
  File "/opt/ohpc/pub/compiler/conda/latest/lib/python3.12/shutil.py", line 698, in _rmtree_safe_fd
    os.unlink(entry.name, dir_fd=topfd)
  File "/opt/ohpc/pub/compiler/conda/latest/lib/python3.12/shutil.py", line 750, in onexc
    return onerror(func, path, exc_info)
           ^^^^^^^^^^^^^^^^^^^^^^^^^^^^^
  File "/opt/ohpc/pub/compiler/conda/latest/lib/python3.12/shutil.py", line 698, in _rmtree_safe_fd
    os.unlink(entry.name, dir_fd=topfd)
OSError: [Errno 16] Device or resource busy: '/tmp/pymp-a8gnad3h'
OSError: [Errno 16] Device or resource busy: '/tmp/pymp-28ckcfqj'
OSError: [Errno 16] Device or resource busy: '/tmp/pymp-6f6m0enh'
OSError: [Errno 16] Device or resource busy: '/tmp/pymp-tupzq970'
[val 084] loss=-0.9813 z_std=0.0440 rankme=17.529 lidar=5.690 areq=1.952 pr=1.25 align=0.0911 unif=-0.919 converged=True collapsed=False
  e085 it0000/62 lr=0.0002 loss=-0.9730 z_std=0.0602
  e085 it0010/62 lr=0.0002 loss=-0.9769 z_std=0.0612
  e085 it0020/62 lr=0.0002 loss=-0.9782 z_std=0.0609
  e085 it0030/62 lr=0.0002 loss=-0.9786 z_std=0.0609
  e085 it0040/62 lr=0.0002 loss=-0.9782 z_std=0.0610
  e085 it0050/62 lr=0.0002 loss=-0.9788 z_std=0.0610
  e085 it0060/62 lr=0.0002 loss=-0.9793 z_std=0.0611
[epoch 085] loss=-0.9793 z_std=0.0610 (healthy~0.0625) time=232.7s
  e086 it0000/62 lr=0.0002 loss=-0.9851 z_std=0.0619
  e086 it0010/62 lr=0.0002 loss=-0.9800 z_std=0.0615
  e086 it0020/62 lr=0.0002 loss=-0.9805 z_std=0.0609
  e086 it0030/62 lr=0.0002 loss=-0.9808 z_std=0.0609
  e086 it0040/62 lr=0.0002 loss=-0.9795 z_std=0.0612
  e086 it0050/62 lr=0.0002 loss=-0.9793 z_std=0.0613
  e086 it0060/62 lr=0.0002 loss=-0.9792 z_std=0.0611
[epoch 086] loss=-0.9791 z_std=0.0611 (healthy~0.0625) time=233.4s
  e087 it0000/62 lr=0.0002 loss=-0.9845 z_std=0.0611
  e087 it0010/62 lr=0.0002 loss=-0.9788 z_std=0.0614
  e087 it0020/62 lr=0.0002 loss=-0.9809 z_std=0.0612
  e087 it0030/62 lr=0.0001 loss=-0.9815 z_std=0.0610
  e087 it0040/62 lr=0.0001 loss=-0.9814 z_std=0.0609
  e087 it0050/62 lr=0.0001 loss=-0.9805 z_std=0.0609
  e087 it0060/62 lr=0.0001 loss=-0.9800 z_std=0.0610
[epoch 087] loss=-0.9800 z_std=0.0610 (healthy~0.0625) time=238.3s
  e088 it0000/62 lr=0.0001 loss=-0.9666 z_std=0.0580
  e088 it0010/62 lr=0.0001 loss=-0.9794 z_std=0.0604
  e088 it0020/62 lr=0.0001 loss=-0.9798 z_std=0.0607
  e088 it0030/62 lr=0.0001 loss=-0.9797 z_std=0.0606
  e088 it0040/62 lr=0.0001 loss=-0.9803 z_std=0.0609
  e088 it0050/62 lr=0.0001 loss=-0.9803 z_std=0.0609
  e088 it0060/62 lr=0.0001 loss=-0.9806 z_std=0.0609
[epoch 088] loss=-0.9807 z_std=0.0609 (healthy~0.0625) time=234.0s
  e089 it0000/62 lr=0.0001 loss=-0.9753 z_std=0.0632
  e089 it0010/62 lr=0.0001 loss=-0.9806 z_std=0.0609
  e089 it0020/62 lr=0.0001 loss=-0.9817 z_std=0.0609
  e089 it0030/62 lr=0.0001 loss=-0.9820 z_std=0.0609
  e089 it0040/62 lr=0.0001 loss=-0.9810 z_std=0.0609
  e089 it0050/62 lr=0.0001 loss=-0.9805 z_std=0.0610
  e089 it0060/62 lr=0.0001 loss=-0.9812 z_std=0.0610
[epoch 089] loss=-0.9813 z_std=0.0610 (healthy~0.0625) time=234.0s
Traceback (most recent call last):
Traceback (most recent call last):
Traceback (most recent call last):
  File "/opt/ohpc/pub/compiler/conda/latest/lib/python3.12/multiprocessing/util.py", line 303, in _run_finalizers
    finalizer()
  File "/opt/ohpc/pub/compiler/conda/latest/lib/python3.12/multiprocessing/util.py", line 303, in _run_finalizers
    finalizer()
  File "/opt/ohpc/pub/compiler/conda/latest/lib/python3.12/multiprocessing/util.py", line 303, in _run_finalizers
    finalizer()
Traceback (most recent call last):
  File "/opt/ohpc/pub/compiler/conda/latest/lib/python3.12/multiprocessing/util.py", line 227, in __call__
    res = self._callback(*self._args, **self._kwargs)
          ^^^^^^^^^^^^^^^^^^^^^^^^^^^^^^^^^^^^^^^^^^^
  File "/opt/ohpc/pub/compiler/conda/latest/lib/python3.12/multiprocessing/util.py", line 136, in _remove_temp_dir
    rmtree(tempdir, onerror=onerror)
  File "/opt/ohpc/pub/compiler/conda/latest/lib/python3.12/multiprocessing/util.py", line 227, in __call__
    res = self._callback(*self._args, **self._kwargs)
          ^^^^^^^^^^^^^^^^^^^^^^^^^^^^^^^^^^^^^^^^^^^
  File "/opt/ohpc/pub/compiler/conda/latest/lib/python3.12/multiprocessing/util.py", line 136, in _remove_temp_dir
    rmtree(tempdir, onerror=onerror)
  File "/opt/ohpc/pub/compiler/conda/latest/lib/python3.12/multiprocessing/util.py", line 227, in __call__
    res = self._callback(*self._args, **self._kwargs)
          ^^^^^^^^^^^^^^^^^^^^^^^^^^^^^^^^^^^^^^^^^^^
  File "/opt/ohpc/pub/compiler/conda/latest/lib/python3.12/multiprocessing/util.py", line 136, in _remove_temp_dir
    rmtree(tempdir, onerror=onerror)
  File "/opt/ohpc/pub/compiler/conda/latest/lib/python3.12/multiprocessing/util.py", line 303, in _run_finalizers
    finalizer()
  File "/opt/ohpc/pub/compiler/conda/latest/lib/python3.12/shutil.py", line 759, in rmtree
    _rmtree_safe_fd(stack, onexc)
  File "/opt/ohpc/pub/compiler/conda/latest/lib/python3.12/shutil.py", line 703, in _rmtree_safe_fd
    onexc(func, path, err)
  File "/opt/ohpc/pub/compiler/conda/latest/lib/python3.12/shutil.py", line 759, in rmtree
    _rmtree_safe_fd(stack, onexc)
  File "/opt/ohpc/pub/compiler/conda/latest/lib/python3.12/shutil.py", line 703, in _rmtree_safe_fd
    onexc(func, path, err)
  File "/opt/ohpc/pub/compiler/conda/latest/lib/python3.12/shutil.py", line 759, in rmtree
    _rmtree_safe_fd(stack, onexc)
  File "/opt/ohpc/pub/compiler/conda/latest/lib/python3.12/shutil.py", line 703, in _rmtree_safe_fd
    onexc(func, path, err)
  File "/opt/ohpc/pub/compiler/conda/latest/lib/python3.12/multiprocessing/util.py", line 227, in __call__
    res = self._callback(*self._args, **self._kwargs)
          ^^^^^^^^^^^^^^^^^^^^^^^^^^^^^^^^^^^^^^^^^^^
  File "/opt/ohpc/pub/compiler/conda/latest/lib/python3.12/multiprocessing/util.py", line 136, in _remove_temp_dir
    rmtree(tempdir, onerror=onerror)
  File "/opt/ohpc/pub/compiler/conda/latest/lib/python3.12/shutil.py", line 750, in onexc
    return onerror(func, path, exc_info)
           ^^^^^^^^^^^^^^^^^^^^^^^^^^^^^
  File "/opt/ohpc/pub/compiler/conda/latest/lib/python3.12/shutil.py", line 700, in _rmtree_safe_fd
    onexc(os.unlink, fullname, err)
  File "/opt/ohpc/pub/compiler/conda/latest/lib/python3.12/shutil.py", line 750, in onexc
    return onerror(func, path, exc_info)
           ^^^^^^^^^^^^^^^^^^^^^^^^^^^^^
  File "/opt/ohpc/pub/compiler/conda/latest/lib/python3.12/shutil.py", line 700, in _rmtree_safe_fd
    onexc(os.unlink, fullname, err)
  File "/opt/ohpc/pub/compiler/conda/latest/lib/python3.12/shutil.py", line 750, in onexc
    return onerror(func, path, exc_info)
           ^^^^^^^^^^^^^^^^^^^^^^^^^^^^^
  File "/opt/ohpc/pub/compiler/conda/latest/lib/python3.12/shutil.py", line 700, in _rmtree_safe_fd
    onexc(os.unlink, fullname, err)
  File "/opt/ohpc/pub/compiler/conda/latest/lib/python3.12/shutil.py", line 759, in rmtree
    _rmtree_safe_fd(stack, onexc)
  File "/opt/ohpc/pub/compiler/conda/latest/lib/python3.12/shutil.py", line 703, in _rmtree_safe_fd
    onexc(func, path, err)
  File "/opt/ohpc/pub/compiler/conda/latest/lib/python3.12/shutil.py", line 750, in onexc
    return onerror(func, path, exc_info)
           ^^^^^^^^^^^^^^^^^^^^^^^^^^^^^
  File "/opt/ohpc/pub/compiler/conda/latest/lib/python3.12/shutil.py", line 698, in _rmtree_safe_fd
    os.unlink(entry.name, dir_fd=topfd)
  File "/opt/ohpc/pub/compiler/conda/latest/lib/python3.12/shutil.py", line 750, in onexc
    return onerror(func, path, exc_info)
           ^^^^^^^^^^^^^^^^^^^^^^^^^^^^^
  File "/opt/ohpc/pub/compiler/conda/latest/lib/python3.12/shutil.py", line 698, in _rmtree_safe_fd
    os.unlink(entry.name, dir_fd=topfd)
  File "/opt/ohpc/pub/compiler/conda/latest/lib/python3.12/shutil.py", line 750, in onexc
    return onerror(func, path, exc_info)
           ^^^^^^^^^^^^^^^^^^^^^^^^^^^^^
  File "/opt/ohpc/pub/compiler/conda/latest/lib/python3.12/shutil.py", line 698, in _rmtree_safe_fd
    os.unlink(entry.name, dir_fd=topfd)
  File "/opt/ohpc/pub/compiler/conda/latest/lib/python3.12/shutil.py", line 750, in onexc
    return onerror(func, path, exc_info)
           ^^^^^^^^^^^^^^^^^^^^^^^^^^^^^
  File "/opt/ohpc/pub/compiler/conda/latest/lib/python3.12/shutil.py", line 700, in _rmtree_safe_fd
    onexc(os.unlink, fullname, err)
OSError: [Errno 16] Device or resource busy: '/tmp/pymp-131qzjh9'
OSError: [Errno 16] Device or resource busy: '/tmp/pymp-8ficp7if'
OSError: [Errno 16] Device or resource busy: '/tmp/pymp-afd4t0ts'
  File "/opt/ohpc/pub/compiler/conda/latest/lib/python3.12/shutil.py", line 750, in onexc
    return onerror(func, path, exc_info)
           ^^^^^^^^^^^^^^^^^^^^^^^^^^^^^
  File "/opt/ohpc/pub/compiler/conda/latest/lib/python3.12/shutil.py", line 698, in _rmtree_safe_fd
    os.unlink(entry.name, dir_fd=topfd)
OSError: [Errno 16] Device or resource busy: '/tmp/pymp-4vx8ct70'
Traceback (most recent call last):
Traceback (most recent call last):
Traceback (most recent call last):
Traceback (most recent call last):
  File "/opt/ohpc/pub/compiler/conda/latest/lib/python3.12/multiprocessing/util.py", line 303, in _run_finalizers
    finalizer()
  File "/opt/ohpc/pub/compiler/conda/latest/lib/python3.12/multiprocessing/util.py", line 303, in _run_finalizers
    finalizer()
  File "/opt/ohpc/pub/compiler/conda/latest/lib/python3.12/multiprocessing/util.py", line 227, in __call__
    res = self._callback(*self._args, **self._kwargs)
          ^^^^^^^^^^^^^^^^^^^^^^^^^^^^^^^^^^^^^^^^^^^
  File "/opt/ohpc/pub/compiler/conda/latest/lib/python3.12/multiprocessing/util.py", line 303, in _run_finalizers
    finalizer()
  File "/opt/ohpc/pub/compiler/conda/latest/lib/python3.12/multiprocessing/util.py", line 303, in _run_finalizers
    finalizer()
  File "/opt/ohpc/pub/compiler/conda/latest/lib/python3.12/multiprocessing/util.py", line 227, in __call__
    res = self._callback(*self._args, **self._kwargs)
          ^^^^^^^^^^^^^^^^^^^^^^^^^^^^^^^^^^^^^^^^^^^
  File "/opt/ohpc/pub/compiler/conda/latest/lib/python3.12/multiprocessing/util.py", line 136, in _remove_temp_dir
    rmtree(tempdir, onerror=onerror)
  File "/opt/ohpc/pub/compiler/conda/latest/lib/python3.12/multiprocessing/util.py", line 136, in _remove_temp_dir
    rmtree(tempdir, onerror=onerror)
  File "/opt/ohpc/pub/compiler/conda/latest/lib/python3.12/shutil.py", line 759, in rmtree
    _rmtree_safe_fd(stack, onexc)
  File "/opt/ohpc/pub/compiler/conda/latest/lib/python3.12/multiprocessing/util.py", line 227, in __call__
    res = self._callback(*self._args, **self._kwargs)
          ^^^^^^^^^^^^^^^^^^^^^^^^^^^^^^^^^^^^^^^^^^^
  File "/opt/ohpc/pub/compiler/conda/latest/lib/python3.12/multiprocessing/util.py", line 136, in _remove_temp_dir
    rmtree(tempdir, onerror=onerror)
  File "/opt/ohpc/pub/compiler/conda/latest/lib/python3.12/multiprocessing/util.py", line 227, in __call__
    res = self._callback(*self._args, **self._kwargs)
          ^^^^^^^^^^^^^^^^^^^^^^^^^^^^^^^^^^^^^^^^^^^
  File "/opt/ohpc/pub/compiler/conda/latest/lib/python3.12/multiprocessing/util.py", line 136, in _remove_temp_dir
    rmtree(tempdir, onerror=onerror)
  File "/opt/ohpc/pub/compiler/conda/latest/lib/python3.12/shutil.py", line 759, in rmtree
    _rmtree_safe_fd(stack, onexc)
  File "/opt/ohpc/pub/compiler/conda/latest/lib/python3.12/shutil.py", line 703, in _rmtree_safe_fd
    onexc(func, path, err)
  File "/opt/ohpc/pub/compiler/conda/latest/lib/python3.12/shutil.py", line 703, in _rmtree_safe_fd
    onexc(func, path, err)
  File "/opt/ohpc/pub/compiler/conda/latest/lib/python3.12/shutil.py", line 750, in onexc
    return onerror(func, path, exc_info)
           ^^^^^^^^^^^^^^^^^^^^^^^^^^^^^
  File "/opt/ohpc/pub/compiler/conda/latest/lib/python3.12/shutil.py", line 759, in rmtree
    _rmtree_safe_fd(stack, onexc)
  File "/opt/ohpc/pub/compiler/conda/latest/lib/python3.12/shutil.py", line 703, in _rmtree_safe_fd
    onexc(func, path, err)
  File "/opt/ohpc/pub/compiler/conda/latest/lib/python3.12/shutil.py", line 759, in rmtree
    _rmtree_safe_fd(stack, onexc)
  File "/opt/ohpc/pub/compiler/conda/latest/lib/python3.12/shutil.py", line 703, in _rmtree_safe_fd
    onexc(func, path, err)
  File "/opt/ohpc/pub/compiler/conda/latest/lib/python3.12/shutil.py", line 750, in onexc
    return onerror(func, path, exc_info)
           ^^^^^^^^^^^^^^^^^^^^^^^^^^^^^
  File "/opt/ohpc/pub/compiler/conda/latest/lib/python3.12/shutil.py", line 700, in _rmtree_safe_fd
    onexc(os.unlink, fullname, err)
  File "/opt/ohpc/pub/compiler/conda/latest/lib/python3.12/shutil.py", line 700, in _rmtree_safe_fd
    onexc(os.unlink, fullname, err)
  File "/opt/ohpc/pub/compiler/conda/latest/lib/python3.12/shutil.py", line 750, in onexc
    return onerror(func, path, exc_info)
           ^^^^^^^^^^^^^^^^^^^^^^^^^^^^^
  File "/opt/ohpc/pub/compiler/conda/latest/lib/python3.12/shutil.py", line 750, in onexc
    return onerror(func, path, exc_info)
           ^^^^^^^^^^^^^^^^^^^^^^^^^^^^^
  File "/opt/ohpc/pub/compiler/conda/latest/lib/python3.12/shutil.py", line 700, in _rmtree_safe_fd
    onexc(os.unlink, fullname, err)
  File "/opt/ohpc/pub/compiler/conda/latest/lib/python3.12/shutil.py", line 750, in onexc
    return onerror(func, path, exc_info)
           ^^^^^^^^^^^^^^^^^^^^^^^^^^^^^
  File "/opt/ohpc/pub/compiler/conda/latest/lib/python3.12/shutil.py", line 700, in _rmtree_safe_fd
    onexc(os.unlink, fullname, err)
  File "/opt/ohpc/pub/compiler/conda/latest/lib/python3.12/shutil.py", line 750, in onexc
    return onerror(func, path, exc_info)
           ^^^^^^^^^^^^^^^^^^^^^^^^^^^^^
  File "/opt/ohpc/pub/compiler/conda/latest/lib/python3.12/shutil.py", line 698, in _rmtree_safe_fd
    os.unlink(entry.name, dir_fd=topfd)
  File "/opt/ohpc/pub/compiler/conda/latest/lib/python3.12/shutil.py", line 698, in _rmtree_safe_fd
    os.unlink(entry.name, dir_fd=topfd)
  File "/opt/ohpc/pub/compiler/conda/latest/lib/python3.12/shutil.py", line 750, in onexc
    return onerror(func, path, exc_info)
           ^^^^^^^^^^^^^^^^^^^^^^^^^^^^^
  File "/opt/ohpc/pub/compiler/conda/latest/lib/python3.12/shutil.py", line 698, in _rmtree_safe_fd
    os.unlink(entry.name, dir_fd=topfd)
  File "/opt/ohpc/pub/compiler/conda/latest/lib/python3.12/shutil.py", line 750, in onexc
    return onerror(func, path, exc_info)
           ^^^^^^^^^^^^^^^^^^^^^^^^^^^^^
  File "/opt/ohpc/pub/compiler/conda/latest/lib/python3.12/shutil.py", line 698, in _rmtree_safe_fd
    os.unlink(entry.name, dir_fd=topfd)
OSError: [Errno 16] Device or resource busy: '/tmp/pymp-fa3le8xl'
OSError: [Errno 16] Device or resource busy: '/tmp/pymp-njatx30q'
OSError: [Errno 16] Device or resource busy: '/tmp/pymp-1oj0rdrw'
OSError: [Errno 16] Device or resource busy: '/tmp/pymp-gebe6lu_'
Traceback (most recent call last):
Traceback (most recent call last):
Traceback (most recent call last):
  File "/opt/ohpc/pub/compiler/conda/latest/lib/python3.12/multiprocessing/util.py", line 303, in _run_finalizers
    finalizer()
  File "/opt/ohpc/pub/compiler/conda/latest/lib/python3.12/multiprocessing/util.py", line 303, in _run_finalizers
    finalizer()
  File "/opt/ohpc/pub/compiler/conda/latest/lib/python3.12/multiprocessing/util.py", line 303, in _run_finalizers
    finalizer()
  File "/opt/ohpc/pub/compiler/conda/latest/lib/python3.12/multiprocessing/util.py", line 227, in __call__
    res = self._callback(*self._args, **self._kwargs)
          ^^^^^^^^^^^^^^^^^^^^^^^^^^^^^^^^^^^^^^^^^^^
Traceback (most recent call last):
  File "/opt/ohpc/pub/compiler/conda/latest/lib/python3.12/multiprocessing/util.py", line 227, in __call__
    res = self._callback(*self._args, **self._kwargs)
          ^^^^^^^^^^^^^^^^^^^^^^^^^^^^^^^^^^^^^^^^^^^
  File "/opt/ohpc/pub/compiler/conda/latest/lib/python3.12/multiprocessing/util.py", line 136, in _remove_temp_dir
    rmtree(tempdir, onerror=onerror)
  File "/opt/ohpc/pub/compiler/conda/latest/lib/python3.12/multiprocessing/util.py", line 227, in __call__
    res = self._callback(*self._args, **self._kwargs)
          ^^^^^^^^^^^^^^^^^^^^^^^^^^^^^^^^^^^^^^^^^^^
  File "/opt/ohpc/pub/compiler/conda/latest/lib/python3.12/multiprocessing/util.py", line 136, in _remove_temp_dir
    rmtree(tempdir, onerror=onerror)
  File "/opt/ohpc/pub/compiler/conda/latest/lib/python3.12/multiprocessing/util.py", line 136, in _remove_temp_dir
    rmtree(tempdir, onerror=onerror)
  File "/opt/ohpc/pub/compiler/conda/latest/lib/python3.12/shutil.py", line 759, in rmtree
    _rmtree_safe_fd(stack, onexc)
  File "/opt/ohpc/pub/compiler/conda/latest/lib/python3.12/multiprocessing/util.py", line 303, in _run_finalizers
    finalizer()
  File "/opt/ohpc/pub/compiler/conda/latest/lib/python3.12/shutil.py", line 759, in rmtree
    _rmtree_safe_fd(stack, onexc)
  File "/opt/ohpc/pub/compiler/conda/latest/lib/python3.12/shutil.py", line 703, in _rmtree_safe_fd
    onexc(func, path, err)
  File "/opt/ohpc/pub/compiler/conda/latest/lib/python3.12/shutil.py", line 759, in rmtree
    _rmtree_safe_fd(stack, onexc)
  File "/opt/ohpc/pub/compiler/conda/latest/lib/python3.12/shutil.py", line 703, in _rmtree_safe_fd
    onexc(func, path, err)
  File "/opt/ohpc/pub/compiler/conda/latest/lib/python3.12/shutil.py", line 703, in _rmtree_safe_fd
    onexc(func, path, err)
  File "/opt/ohpc/pub/compiler/conda/latest/lib/python3.12/shutil.py", line 750, in onexc
    return onerror(func, path, exc_info)
           ^^^^^^^^^^^^^^^^^^^^^^^^^^^^^
  File "/opt/ohpc/pub/compiler/conda/latest/lib/python3.12/multiprocessing/util.py", line 227, in __call__
    res = self._callback(*self._args, **self._kwargs)
          ^^^^^^^^^^^^^^^^^^^^^^^^^^^^^^^^^^^^^^^^^^^
  File "/opt/ohpc/pub/compiler/conda/latest/lib/python3.12/multiprocessing/util.py", line 136, in _remove_temp_dir
    rmtree(tempdir, onerror=onerror)
  File "/opt/ohpc/pub/compiler/conda/latest/lib/python3.12/shutil.py", line 750, in onexc
    return onerror(func, path, exc_info)
           ^^^^^^^^^^^^^^^^^^^^^^^^^^^^^
  File "/opt/ohpc/pub/compiler/conda/latest/lib/python3.12/shutil.py", line 700, in _rmtree_safe_fd
    onexc(os.unlink, fullname, err)
  File "/opt/ohpc/pub/compiler/conda/latest/lib/python3.12/shutil.py", line 750, in onexc
    return onerror(func, path, exc_info)
           ^^^^^^^^^^^^^^^^^^^^^^^^^^^^^
  File "/opt/ohpc/pub/compiler/conda/latest/lib/python3.12/shutil.py", line 700, in _rmtree_safe_fd
    onexc(os.unlink, fullname, err)
  File "/opt/ohpc/pub/compiler/conda/latest/lib/python3.12/shutil.py", line 700, in _rmtree_safe_fd
    onexc(os.unlink, fullname, err)
  File "/opt/ohpc/pub/compiler/conda/latest/lib/python3.12/shutil.py", line 759, in rmtree
    _rmtree_safe_fd(stack, onexc)
  File "/opt/ohpc/pub/compiler/conda/latest/lib/python3.12/shutil.py", line 703, in _rmtree_safe_fd
    onexc(func, path, err)
  File "/opt/ohpc/pub/compiler/conda/latest/lib/python3.12/shutil.py", line 750, in onexc
    return onerror(func, path, exc_info)
           ^^^^^^^^^^^^^^^^^^^^^^^^^^^^^
  File "/opt/ohpc/pub/compiler/conda/latest/lib/python3.12/shutil.py", line 698, in _rmtree_safe_fd
    os.unlink(entry.name, dir_fd=topfd)
  File "/opt/ohpc/pub/compiler/conda/latest/lib/python3.12/shutil.py", line 750, in onexc
    return onerror(func, path, exc_info)
           ^^^^^^^^^^^^^^^^^^^^^^^^^^^^^
  File "/opt/ohpc/pub/compiler/conda/latest/lib/python3.12/shutil.py", line 698, in _rmtree_safe_fd
    os.unlink(entry.name, dir_fd=topfd)
  File "/opt/ohpc/pub/compiler/conda/latest/lib/python3.12/shutil.py", line 750, in onexc
    return onerror(func, path, exc_info)
           ^^^^^^^^^^^^^^^^^^^^^^^^^^^^^
  File "/opt/ohpc/pub/compiler/conda/latest/lib/python3.12/shutil.py", line 698, in _rmtree_safe_fd
    os.unlink(entry.name, dir_fd=topfd)
  File "/opt/ohpc/pub/compiler/conda/latest/lib/python3.12/shutil.py", line 750, in onexc
    return onerror(func, path, exc_info)
           ^^^^^^^^^^^^^^^^^^^^^^^^^^^^^
  File "/opt/ohpc/pub/compiler/conda/latest/lib/python3.12/shutil.py", line 700, in _rmtree_safe_fd
    onexc(os.unlink, fullname, err)
OSError: [Errno 16] Device or resource busy: '/tmp/pymp-5b__ir8k'
OSError: [Errno 16] Device or resource busy: '/tmp/pymp-legh0dfk'
OSError: [Errno 16] Device or resource busy: '/tmp/pymp-u034wyzh'
  File "/opt/ohpc/pub/compiler/conda/latest/lib/python3.12/shutil.py", line 750, in onexc
    return onerror(func, path, exc_info)
           ^^^^^^^^^^^^^^^^^^^^^^^^^^^^^
  File "/opt/ohpc/pub/compiler/conda/latest/lib/python3.12/shutil.py", line 698, in _rmtree_safe_fd
    os.unlink(entry.name, dir_fd=topfd)
OSError: [Errno 16] Device or resource busy: '/tmp/pymp-xn5z07bs'
[val 089] loss=-0.9855 z_std=0.0441 rankme=17.557 lidar=5.680 areq=1.953 pr=1.25 align=0.0923 unif=-0.919 converged=True collapsed=False
  e090 it0000/62 lr=0.0001 loss=-0.9751 z_std=0.0598
  e090 it0010/62 lr=0.0001 loss=-0.9807 z_std=0.0608
  e090 it0020/62 lr=0.0001 loss=-0.9812 z_std=0.0610
  e090 it0030/62 lr=0.0001 loss=-0.9810 z_std=0.0611
  e090 it0040/62 lr=0.0001 loss=-0.9808 z_std=0.0612
  e090 it0050/62 lr=0.0001 loss=-0.9812 z_std=0.0612
  e090 it0060/62 lr=0.0001 loss=-0.9816 z_std=0.0612
[epoch 090] loss=-0.9802 z_std=0.0612 (healthy~0.0625) time=232.0s
  e091 it0000/62 lr=0.0001 loss=-0.9894 z_std=0.0613
  e091 it0010/62 lr=0.0001 loss=-0.9823 z_std=0.0615
  e091 it0020/62 lr=0.0001 loss=-0.9814 z_std=0.0609
  e091 it0030/62 lr=0.0001 loss=-0.9808 z_std=0.0610
  e091 it0040/62 lr=0.0001 loss=-0.9808 z_std=0.0611
  e091 it0050/62 lr=0.0001 loss=-0.9814 z_std=0.0610
  e091 it0060/62 lr=0.0001 loss=-0.9806 z_std=0.0611
[epoch 091] loss=-0.9806 z_std=0.0611 (healthy~0.0625) time=237.0s
  e092 it0000/62 lr=0.0001 loss=-0.9826 z_std=0.0614
  e092 it0010/62 lr=0.0001 loss=-0.9816 z_std=0.0612
  e092 it0020/62 lr=0.0001 loss=-0.9810 z_std=0.0610
  e092 it0030/62 lr=0.0001 loss=-0.9810 z_std=0.0612
  e092 it0040/62 lr=0.0001 loss=-0.9819 z_std=0.0611
  e092 it0050/62 lr=0.0000 loss=-0.9803 z_std=0.0611
  e092 it0060/62 lr=0.0000 loss=-0.9805 z_std=0.0610
[epoch 092] loss=-0.9806 z_std=0.0610 (healthy~0.0625) time=231.0s
  e093 it0000/62 lr=0.0000 loss=-0.9903 z_std=0.0613
  e093 it0010/62 lr=0.0000 loss=-0.9811 z_std=0.0612
  e093 it0020/62 lr=0.0000 loss=-0.9797 z_std=0.0612
  e093 it0030/62 lr=0.0000 loss=-0.9800 z_std=0.0612
  e093 it0040/62 lr=0.0000 loss=-0.9794 z_std=0.0610
  e093 it0050/62 lr=0.0000 loss=-0.9798 z_std=0.0609
  e093 it0060/62 lr=0.0000 loss=-0.9800 z_std=0.0610
[epoch 093] loss=-0.9801 z_std=0.0610 (healthy~0.0625) time=234.6s
  e094 it0000/62 lr=0.0000 loss=-0.9877 z_std=0.0619
  e094 it0010/62 lr=0.0000 loss=-0.9807 z_std=0.0611
  e094 it0020/62 lr=0.0000 loss=-0.9817 z_std=0.0610
  e094 it0030/62 lr=0.0000 loss=-0.9791 z_std=0.0612
  e094 it0040/62 lr=0.0000 loss=-0.9803 z_std=0.0612
  e094 it0050/62 lr=0.0000 loss=-0.9804 z_std=0.0612
  e094 it0060/62 lr=0.0000 loss=-0.9806 z_std=0.0612
[epoch 094] loss=-0.9805 z_std=0.0612 (healthy~0.0625) time=232.9s
Traceback (most recent call last):
Traceback (most recent call last):
Traceback (most recent call last):
  File "/opt/ohpc/pub/compiler/conda/latest/lib/python3.12/multiprocessing/util.py", line 303, in _run_finalizers
    finalizer()
Traceback (most recent call last):
  File "/opt/ohpc/pub/compiler/conda/latest/lib/python3.12/multiprocessing/util.py", line 303, in _run_finalizers
    finalizer()
  File "/opt/ohpc/pub/compiler/conda/latest/lib/python3.12/multiprocessing/util.py", line 303, in _run_finalizers
    finalizer()
  File "/opt/ohpc/pub/compiler/conda/latest/lib/python3.12/multiprocessing/util.py", line 227, in __call__
    res = self._callback(*self._args, **self._kwargs)
          ^^^^^^^^^^^^^^^^^^^^^^^^^^^^^^^^^^^^^^^^^^^
  File "/opt/ohpc/pub/compiler/conda/latest/lib/python3.12/multiprocessing/util.py", line 136, in _remove_temp_dir
    rmtree(tempdir, onerror=onerror)
  File "/opt/ohpc/pub/compiler/conda/latest/lib/python3.12/multiprocessing/util.py", line 303, in _run_finalizers
    finalizer()
  File "/opt/ohpc/pub/compiler/conda/latest/lib/python3.12/multiprocessing/util.py", line 227, in __call__
    res = self._callback(*self._args, **self._kwargs)
          ^^^^^^^^^^^^^^^^^^^^^^^^^^^^^^^^^^^^^^^^^^^
  File "/opt/ohpc/pub/compiler/conda/latest/lib/python3.12/multiprocessing/util.py", line 136, in _remove_temp_dir
    rmtree(tempdir, onerror=onerror)
  File "/opt/ohpc/pub/compiler/conda/latest/lib/python3.12/multiprocessing/util.py", line 227, in __call__
    res = self._callback(*self._args, **self._kwargs)
          ^^^^^^^^^^^^^^^^^^^^^^^^^^^^^^^^^^^^^^^^^^^
  File "/opt/ohpc/pub/compiler/conda/latest/lib/python3.12/multiprocessing/util.py", line 136, in _remove_temp_dir
    rmtree(tempdir, onerror=onerror)
  File "/opt/ohpc/pub/compiler/conda/latest/lib/python3.12/shutil.py", line 759, in rmtree
    _rmtree_safe_fd(stack, onexc)
  File "/opt/ohpc/pub/compiler/conda/latest/lib/python3.12/shutil.py", line 703, in _rmtree_safe_fd
    onexc(func, path, err)
  File "/opt/ohpc/pub/compiler/conda/latest/lib/python3.12/multiprocessing/util.py", line 227, in __call__
    res = self._callback(*self._args, **self._kwargs)
          ^^^^^^^^^^^^^^^^^^^^^^^^^^^^^^^^^^^^^^^^^^^
  File "/opt/ohpc/pub/compiler/conda/latest/lib/python3.12/multiprocessing/util.py", line 136, in _remove_temp_dir
    rmtree(tempdir, onerror=onerror)
  File "/opt/ohpc/pub/compiler/conda/latest/lib/python3.12/shutil.py", line 759, in rmtree
    _rmtree_safe_fd(stack, onexc)
  File "/opt/ohpc/pub/compiler/conda/latest/lib/python3.12/shutil.py", line 703, in _rmtree_safe_fd
    onexc(func, path, err)
  File "/opt/ohpc/pub/compiler/conda/latest/lib/python3.12/shutil.py", line 759, in rmtree
    _rmtree_safe_fd(stack, onexc)
  File "/opt/ohpc/pub/compiler/conda/latest/lib/python3.12/shutil.py", line 703, in _rmtree_safe_fd
    onexc(func, path, err)
  File "/opt/ohpc/pub/compiler/conda/latest/lib/python3.12/shutil.py", line 750, in onexc
    return onerror(func, path, exc_info)
           ^^^^^^^^^^^^^^^^^^^^^^^^^^^^^
  File "/opt/ohpc/pub/compiler/conda/latest/lib/python3.12/shutil.py", line 700, in _rmtree_safe_fd
    onexc(os.unlink, fullname, err)
  File "/opt/ohpc/pub/compiler/conda/latest/lib/python3.12/shutil.py", line 759, in rmtree
    _rmtree_safe_fd(stack, onexc)
  File "/opt/ohpc/pub/compiler/conda/latest/lib/python3.12/shutil.py", line 703, in _rmtree_safe_fd
    onexc(func, path, err)
  File "/opt/ohpc/pub/compiler/conda/latest/lib/python3.12/shutil.py", line 750, in onexc
    return onerror(func, path, exc_info)
           ^^^^^^^^^^^^^^^^^^^^^^^^^^^^^
  File "/opt/ohpc/pub/compiler/conda/latest/lib/python3.12/shutil.py", line 700, in _rmtree_safe_fd
    onexc(os.unlink, fullname, err)
  File "/opt/ohpc/pub/compiler/conda/latest/lib/python3.12/shutil.py", line 750, in onexc
    return onerror(func, path, exc_info)
           ^^^^^^^^^^^^^^^^^^^^^^^^^^^^^
  File "/opt/ohpc/pub/compiler/conda/latest/lib/python3.12/shutil.py", line 700, in _rmtree_safe_fd
    onexc(os.unlink, fullname, err)
  File "/opt/ohpc/pub/compiler/conda/latest/lib/python3.12/shutil.py", line 750, in onexc
    return onerror(func, path, exc_info)
           ^^^^^^^^^^^^^^^^^^^^^^^^^^^^^
  File "/opt/ohpc/pub/compiler/conda/latest/lib/python3.12/shutil.py", line 698, in _rmtree_safe_fd
    os.unlink(entry.name, dir_fd=topfd)
  File "/opt/ohpc/pub/compiler/conda/latest/lib/python3.12/shutil.py", line 750, in onexc
    return onerror(func, path, exc_info)
           ^^^^^^^^^^^^^^^^^^^^^^^^^^^^^
  File "/opt/ohpc/pub/compiler/conda/latest/lib/python3.12/shutil.py", line 700, in _rmtree_safe_fd
    onexc(os.unlink, fullname, err)
  File "/opt/ohpc/pub/compiler/conda/latest/lib/python3.12/shutil.py", line 750, in onexc
    return onerror(func, path, exc_info)
           ^^^^^^^^^^^^^^^^^^^^^^^^^^^^^
  File "/opt/ohpc/pub/compiler/conda/latest/lib/python3.12/shutil.py", line 698, in _rmtree_safe_fd
    os.unlink(entry.name, dir_fd=topfd)
  File "/opt/ohpc/pub/compiler/conda/latest/lib/python3.12/shutil.py", line 750, in onexc
    return onerror(func, path, exc_info)
           ^^^^^^^^^^^^^^^^^^^^^^^^^^^^^
  File "/opt/ohpc/pub/compiler/conda/latest/lib/python3.12/shutil.py", line 698, in _rmtree_safe_fd
    os.unlink(entry.name, dir_fd=topfd)
OSError: [Errno 16] Device or resource busy: '/tmp/pymp-go6riprp'
  File "/opt/ohpc/pub/compiler/conda/latest/lib/python3.12/shutil.py", line 750, in onexc
    return onerror(func, path, exc_info)
           ^^^^^^^^^^^^^^^^^^^^^^^^^^^^^
  File "/opt/ohpc/pub/compiler/conda/latest/lib/python3.12/shutil.py", line 698, in _rmtree_safe_fd
    os.unlink(entry.name, dir_fd=topfd)
OSError: [Errno 16] Device or resource busy: '/tmp/pymp-dbqdg4vc'
OSError: [Errno 16] Device or resource busy: '/tmp/pymp-6jowv0bp'
OSError: [Errno 16] Device or resource busy: '/tmp/pymp-edehi92h'
Traceback (most recent call last):
Traceback (most recent call last):
Traceback (most recent call last):
Traceback (most recent call last):
  File "/opt/ohpc/pub/compiler/conda/latest/lib/python3.12/multiprocessing/util.py", line 303, in _run_finalizers
    finalizer()
  File "/opt/ohpc/pub/compiler/conda/latest/lib/python3.12/multiprocessing/util.py", line 303, in _run_finalizers
    finalizer()
  File "/opt/ohpc/pub/compiler/conda/latest/lib/python3.12/multiprocessing/util.py", line 303, in _run_finalizers
    finalizer()
  File "/opt/ohpc/pub/compiler/conda/latest/lib/python3.12/multiprocessing/util.py", line 303, in _run_finalizers
    finalizer()
  File "/opt/ohpc/pub/compiler/conda/latest/lib/python3.12/multiprocessing/util.py", line 227, in __call__
    res = self._callback(*self._args, **self._kwargs)
          ^^^^^^^^^^^^^^^^^^^^^^^^^^^^^^^^^^^^^^^^^^^
  File "/opt/ohpc/pub/compiler/conda/latest/lib/python3.12/multiprocessing/util.py", line 136, in _remove_temp_dir
    rmtree(tempdir, onerror=onerror)
  File "/opt/ohpc/pub/compiler/conda/latest/lib/python3.12/multiprocessing/util.py", line 227, in __call__
    res = self._callback(*self._args, **self._kwargs)
          ^^^^^^^^^^^^^^^^^^^^^^^^^^^^^^^^^^^^^^^^^^^
  File "/opt/ohpc/pub/compiler/conda/latest/lib/python3.12/multiprocessing/util.py", line 136, in _remove_temp_dir
    rmtree(tempdir, onerror=onerror)
  File "/opt/ohpc/pub/compiler/conda/latest/lib/python3.12/multiprocessing/util.py", line 227, in __call__
    res = self._callback(*self._args, **self._kwargs)
          ^^^^^^^^^^^^^^^^^^^^^^^^^^^^^^^^^^^^^^^^^^^
  File "/opt/ohpc/pub/compiler/conda/latest/lib/python3.12/multiprocessing/util.py", line 136, in _remove_temp_dir
    rmtree(tempdir, onerror=onerror)
  File "/opt/ohpc/pub/compiler/conda/latest/lib/python3.12/multiprocessing/util.py", line 227, in __call__
    res = self._callback(*self._args, **self._kwargs)
          ^^^^^^^^^^^^^^^^^^^^^^^^^^^^^^^^^^^^^^^^^^^
  File "/opt/ohpc/pub/compiler/conda/latest/lib/python3.12/multiprocessing/util.py", line 136, in _remove_temp_dir
    rmtree(tempdir, onerror=onerror)
  File "/opt/ohpc/pub/compiler/conda/latest/lib/python3.12/shutil.py", line 759, in rmtree
    _rmtree_safe_fd(stack, onexc)
  File "/opt/ohpc/pub/compiler/conda/latest/lib/python3.12/shutil.py", line 703, in _rmtree_safe_fd
    onexc(func, path, err)
  File "/opt/ohpc/pub/compiler/conda/latest/lib/python3.12/shutil.py", line 759, in rmtree
    _rmtree_safe_fd(stack, onexc)
  File "/opt/ohpc/pub/compiler/conda/latest/lib/python3.12/shutil.py", line 703, in _rmtree_safe_fd
    onexc(func, path, err)
  File "/opt/ohpc/pub/compiler/conda/latest/lib/python3.12/shutil.py", line 759, in rmtree
    _rmtree_safe_fd(stack, onexc)
  File "/opt/ohpc/pub/compiler/conda/latest/lib/python3.12/shutil.py", line 703, in _rmtree_safe_fd
    onexc(func, path, err)
  File "/opt/ohpc/pub/compiler/conda/latest/lib/python3.12/shutil.py", line 759, in rmtree
    _rmtree_safe_fd(stack, onexc)
  File "/opt/ohpc/pub/compiler/conda/latest/lib/python3.12/shutil.py", line 703, in _rmtree_safe_fd
    onexc(func, path, err)
  File "/opt/ohpc/pub/compiler/conda/latest/lib/python3.12/shutil.py", line 750, in onexc
    return onerror(func, path, exc_info)
           ^^^^^^^^^^^^^^^^^^^^^^^^^^^^^
  File "/opt/ohpc/pub/compiler/conda/latest/lib/python3.12/shutil.py", line 700, in _rmtree_safe_fd
    onexc(os.unlink, fullname, err)
  File "/opt/ohpc/pub/compiler/conda/latest/lib/python3.12/shutil.py", line 750, in onexc
    return onerror(func, path, exc_info)
           ^^^^^^^^^^^^^^^^^^^^^^^^^^^^^
  File "/opt/ohpc/pub/compiler/conda/latest/lib/python3.12/shutil.py", line 700, in _rmtree_safe_fd
    onexc(os.unlink, fullname, err)
  File "/opt/ohpc/pub/compiler/conda/latest/lib/python3.12/shutil.py", line 750, in onexc
    return onerror(func, path, exc_info)
           ^^^^^^^^^^^^^^^^^^^^^^^^^^^^^
  File "/opt/ohpc/pub/compiler/conda/latest/lib/python3.12/shutil.py", line 700, in _rmtree_safe_fd
    onexc(os.unlink, fullname, err)
  File "/opt/ohpc/pub/compiler/conda/latest/lib/python3.12/shutil.py", line 750, in onexc
    return onerror(func, path, exc_info)
           ^^^^^^^^^^^^^^^^^^^^^^^^^^^^^
  File "/opt/ohpc/pub/compiler/conda/latest/lib/python3.12/shutil.py", line 700, in _rmtree_safe_fd
    onexc(os.unlink, fullname, err)
  File "/opt/ohpc/pub/compiler/conda/latest/lib/python3.12/shutil.py", line 750, in onexc
    return onerror(func, path, exc_info)
           ^^^^^^^^^^^^^^^^^^^^^^^^^^^^^
  File "/opt/ohpc/pub/compiler/conda/latest/lib/python3.12/shutil.py", line 698, in _rmtree_safe_fd
    os.unlink(entry.name, dir_fd=topfd)
  File "/opt/ohpc/pub/compiler/conda/latest/lib/python3.12/shutil.py", line 750, in onexc
    return onerror(func, path, exc_info)
           ^^^^^^^^^^^^^^^^^^^^^^^^^^^^^
  File "/opt/ohpc/pub/compiler/conda/latest/lib/python3.12/shutil.py", line 698, in _rmtree_safe_fd
    os.unlink(entry.name, dir_fd=topfd)
  File "/opt/ohpc/pub/compiler/conda/latest/lib/python3.12/shutil.py", line 750, in onexc
    return onerror(func, path, exc_info)
           ^^^^^^^^^^^^^^^^^^^^^^^^^^^^^
  File "/opt/ohpc/pub/compiler/conda/latest/lib/python3.12/shutil.py", line 698, in _rmtree_safe_fd
    os.unlink(entry.name, dir_fd=topfd)
  File "/opt/ohpc/pub/compiler/conda/latest/lib/python3.12/shutil.py", line 750, in onexc
    return onerror(func, path, exc_info)
           ^^^^^^^^^^^^^^^^^^^^^^^^^^^^^
  File "/opt/ohpc/pub/compiler/conda/latest/lib/python3.12/shutil.py", line 698, in _rmtree_safe_fd
    os.unlink(entry.name, dir_fd=topfd)
OSError: [Errno 16] Device or resource busy: '/tmp/pymp-fc4sxq4y'
OSError: [Errno 16] Device or resource busy: '/tmp/pymp-0h5ze42t'
OSError: [Errno 16] Device or resource busy: '/tmp/pymp-hmpg0w1y'
OSError: [Errno 16] Device or resource busy: '/tmp/pymp-0wf8uh64'
Traceback (most recent call last):
Traceback (most recent call last):
Traceback (most recent call last):
  File "/opt/ohpc/pub/compiler/conda/latest/lib/python3.12/multiprocessing/util.py", line 303, in _run_finalizers
    finalizer()
  File "/opt/ohpc/pub/compiler/conda/latest/lib/python3.12/multiprocessing/util.py", line 303, in _run_finalizers
    finalizer()
Traceback (most recent call last):
  File "/opt/ohpc/pub/compiler/conda/latest/lib/python3.12/multiprocessing/util.py", line 303, in _run_finalizers
    finalizer()
  File "/opt/ohpc/pub/compiler/conda/latest/lib/python3.12/multiprocessing/util.py", line 227, in __call__
    res = self._callback(*self._args, **self._kwargs)
          ^^^^^^^^^^^^^^^^^^^^^^^^^^^^^^^^^^^^^^^^^^^
  File "/opt/ohpc/pub/compiler/conda/latest/lib/python3.12/multiprocessing/util.py", line 136, in _remove_temp_dir
    rmtree(tempdir, onerror=onerror)
  File "/opt/ohpc/pub/compiler/conda/latest/lib/python3.12/multiprocessing/util.py", line 227, in __call__
    res = self._callback(*self._args, **self._kwargs)
          ^^^^^^^^^^^^^^^^^^^^^^^^^^^^^^^^^^^^^^^^^^^
  File "/opt/ohpc/pub/compiler/conda/latest/lib/python3.12/multiprocessing/util.py", line 136, in _remove_temp_dir
    rmtree(tempdir, onerror=onerror)
  File "/opt/ohpc/pub/compiler/conda/latest/lib/python3.12/multiprocessing/util.py", line 303, in _run_finalizers
    finalizer()
  File "/opt/ohpc/pub/compiler/conda/latest/lib/python3.12/multiprocessing/util.py", line 227, in __call__
    res = self._callback(*self._args, **self._kwargs)
          ^^^^^^^^^^^^^^^^^^^^^^^^^^^^^^^^^^^^^^^^^^^
  File "/opt/ohpc/pub/compiler/conda/latest/lib/python3.12/multiprocessing/util.py", line 136, in _remove_temp_dir
    rmtree(tempdir, onerror=onerror)
  File "/opt/ohpc/pub/compiler/conda/latest/lib/python3.12/shutil.py", line 759, in rmtree
    _rmtree_safe_fd(stack, onexc)
  File "/opt/ohpc/pub/compiler/conda/latest/lib/python3.12/shutil.py", line 703, in _rmtree_safe_fd
    onexc(func, path, err)
  File "/opt/ohpc/pub/compiler/conda/latest/lib/python3.12/shutil.py", line 759, in rmtree
    _rmtree_safe_fd(stack, onexc)
  File "/opt/ohpc/pub/compiler/conda/latest/lib/python3.12/shutil.py", line 703, in _rmtree_safe_fd
    onexc(func, path, err)
  File "/opt/ohpc/pub/compiler/conda/latest/lib/python3.12/multiprocessing/util.py", line 227, in __call__
    res = self._callback(*self._args, **self._kwargs)
          ^^^^^^^^^^^^^^^^^^^^^^^^^^^^^^^^^^^^^^^^^^^
  File "/opt/ohpc/pub/compiler/conda/latest/lib/python3.12/multiprocessing/util.py", line 136, in _remove_temp_dir
    rmtree(tempdir, onerror=onerror)
  File "/opt/ohpc/pub/compiler/conda/latest/lib/python3.12/shutil.py", line 759, in rmtree
    _rmtree_safe_fd(stack, onexc)
  File "/opt/ohpc/pub/compiler/conda/latest/lib/python3.12/shutil.py", line 703, in _rmtree_safe_fd
    onexc(func, path, err)
  File "/opt/ohpc/pub/compiler/conda/latest/lib/python3.12/shutil.py", line 750, in onexc
    return onerror(func, path, exc_info)
           ^^^^^^^^^^^^^^^^^^^^^^^^^^^^^
  File "/opt/ohpc/pub/compiler/conda/latest/lib/python3.12/shutil.py", line 700, in _rmtree_safe_fd
    onexc(os.unlink, fullname, err)
  File "/opt/ohpc/pub/compiler/conda/latest/lib/python3.12/shutil.py", line 750, in onexc
    return onerror(func, path, exc_info)
           ^^^^^^^^^^^^^^^^^^^^^^^^^^^^^
  File "/opt/ohpc/pub/compiler/conda/latest/lib/python3.12/shutil.py", line 700, in _rmtree_safe_fd
    onexc(os.unlink, fullname, err)
  File "/opt/ohpc/pub/compiler/conda/latest/lib/python3.12/shutil.py", line 759, in rmtree
    _rmtree_safe_fd(stack, onexc)
  File "/opt/ohpc/pub/compiler/conda/latest/lib/python3.12/shutil.py", line 703, in _rmtree_safe_fd
    onexc(func, path, err)
  File "/opt/ohpc/pub/compiler/conda/latest/lib/python3.12/shutil.py", line 750, in onexc
    return onerror(func, path, exc_info)
           ^^^^^^^^^^^^^^^^^^^^^^^^^^^^^
  File "/opt/ohpc/pub/compiler/conda/latest/lib/python3.12/shutil.py", line 700, in _rmtree_safe_fd
    onexc(os.unlink, fullname, err)
  File "/opt/ohpc/pub/compiler/conda/latest/lib/python3.12/shutil.py", line 750, in onexc
    return onerror(func, path, exc_info)
           ^^^^^^^^^^^^^^^^^^^^^^^^^^^^^
  File "/opt/ohpc/pub/compiler/conda/latest/lib/python3.12/shutil.py", line 698, in _rmtree_safe_fd
    os.unlink(entry.name, dir_fd=topfd)
  File "/opt/ohpc/pub/compiler/conda/latest/lib/python3.12/shutil.py", line 750, in onexc
    return onerror(func, path, exc_info)
           ^^^^^^^^^^^^^^^^^^^^^^^^^^^^^
  File "/opt/ohpc/pub/compiler/conda/latest/lib/python3.12/shutil.py", line 698, in _rmtree_safe_fd
    os.unlink(entry.name, dir_fd=topfd)
  File "/opt/ohpc/pub/compiler/conda/latest/lib/python3.12/shutil.py", line 750, in onexc
    return onerror(func, path, exc_info)
           ^^^^^^^^^^^^^^^^^^^^^^^^^^^^^
  File "/opt/ohpc/pub/compiler/conda/latest/lib/python3.12/shutil.py", line 700, in _rmtree_safe_fd
    onexc(os.unlink, fullname, err)
  File "/opt/ohpc/pub/compiler/conda/latest/lib/python3.12/shutil.py", line 750, in onexc
    return onerror(func, path, exc_info)
           ^^^^^^^^^^^^^^^^^^^^^^^^^^^^^
  File "/opt/ohpc/pub/compiler/conda/latest/lib/python3.12/shutil.py", line 698, in _rmtree_safe_fd
    os.unlink(entry.name, dir_fd=topfd)
OSError: [Errno 16] Device or resource busy: '/tmp/pymp-09eno_pd'
OSError: [Errno 16] Device or resource busy: '/tmp/pymp-almv_uyb'
  File "/opt/ohpc/pub/compiler/conda/latest/lib/python3.12/shutil.py", line 750, in onexc
    return onerror(func, path, exc_info)
           ^^^^^^^^^^^^^^^^^^^^^^^^^^^^^
  File "/opt/ohpc/pub/compiler/conda/latest/lib/python3.12/shutil.py", line 698, in _rmtree_safe_fd
    os.unlink(entry.name, dir_fd=topfd)
OSError: [Errno 16] Device or resource busy: '/tmp/pymp-6wfzrjvc'
OSError: [Errno 16] Device or resource busy: '/tmp/pymp-7k94rncu'
[val 094] loss=-0.9831 z_std=0.0441 rankme=17.560 lidar=5.900 areq=1.953 pr=1.25 align=0.0881 unif=-0.919 converged=True collapsed=False
  e095 it0000/62 lr=0.0000 loss=-0.9780 z_std=0.0610
  e095 it0010/62 lr=0.0000 loss=-0.9829 z_std=0.0609
  e095 it0020/62 lr=0.0000 loss=-0.9819 z_std=0.0611
  e095 it0030/62 lr=0.0000 loss=-0.9811 z_std=0.0612
  e095 it0040/62 lr=0.0000 loss=-0.9803 z_std=0.0612
  e095 it0050/62 lr=0.0000 loss=-0.9806 z_std=0.0612
  e095 it0060/62 lr=0.0000 loss=-0.9799 z_std=0.0612
[epoch 095] loss=-0.9800 z_std=0.0613 (healthy~0.0625) time=233.9s
  e096 it0000/62 lr=0.0000 loss=-0.9748 z_std=0.0595
  e096 it0010/62 lr=0.0000 loss=-0.9778 z_std=0.0608
  e096 it0020/62 lr=0.0000 loss=-0.9784 z_std=0.0610
  e096 it0030/62 lr=0.0000 loss=-0.9793 z_std=0.0610
  e096 it0040/62 lr=0.0000 loss=-0.9789 z_std=0.0612
  e096 it0050/62 lr=0.0000 loss=-0.9795 z_std=0.0611
  e096 it0060/62 lr=0.0000 loss=-0.9796 z_std=0.0610
[epoch 096] loss=-0.9796 z_std=0.0610 (healthy~0.0625) time=232.0s
  e097 it0000/62 lr=0.0000 loss=-0.9739 z_std=0.0599
  e097 it0010/62 lr=0.0000 loss=-0.9805 z_std=0.0613
  e097 it0020/62 lr=0.0000 loss=-0.9799 z_std=0.0614
  e097 it0030/62 lr=0.0000 loss=-0.9791 z_std=0.0613
  e097 it0040/62 lr=0.0000 loss=-0.9796 z_std=0.0612
  e097 it0050/62 lr=0.0000 loss=-0.9802 z_std=0.0613
  e097 it0060/62 lr=0.0000 loss=-0.9798 z_std=0.0611
[epoch 097] loss=-0.9798 z_std=0.0611 (healthy~0.0625) time=234.9s
  e098 it0000/62 lr=0.0000 loss=-0.9871 z_std=0.0598
  e098 it0010/62 lr=0.0000 loss=-0.9789 z_std=0.0613
  e098 it0020/62 lr=0.0000 loss=-0.9796 z_std=0.0615
  e098 it0030/62 lr=0.0000 loss=-0.9792 z_std=0.0614
  e098 it0040/62 lr=0.0000 loss=-0.9774 z_std=0.0613
  e098 it0050/62 lr=0.0000 loss=-0.9782 z_std=0.0614
  e098 it0060/62 lr=0.0000 loss=-0.9789 z_std=0.0611
[epoch 098] loss=-0.9790 z_std=0.0611 (healthy~0.0625) time=230.7s
  e099 it0000/62 lr=0.0000 loss=-0.9791 z_std=0.0612
  e099 it0010/62 lr=0.0000 loss=-0.9851 z_std=0.0613
  e099 it0020/62 lr=0.0000 loss=-0.9834 z_std=0.0611
  e099 it0030/62 lr=0.0000 loss=-0.9828 z_std=0.0612
  e099 it0040/62 lr=0.0000 loss=-0.9827 z_std=0.0610
  e099 it0050/62 lr=0.0000 loss=-0.9818 z_std=0.0610
  e099 it0060/62 lr=0.0000 loss=-0.9817 z_std=0.0611
[epoch 099] loss=-0.9814 z_std=0.0612 (healthy~0.0625) time=233.6s
Traceback (most recent call last):
Traceback (most recent call last):
  File "/opt/ohpc/pub/compiler/conda/latest/lib/python3.12/multiprocessing/util.py", line 303, in _run_finalizers
    finalizer()
Traceback (most recent call last):
  File "/opt/ohpc/pub/compiler/conda/latest/lib/python3.12/multiprocessing/util.py", line 303, in _run_finalizers
    finalizer()
  File "/opt/ohpc/pub/compiler/conda/latest/lib/python3.12/multiprocessing/util.py", line 227, in __call__
    res = self._callback(*self._args, **self._kwargs)
          ^^^^^^^^^^^^^^^^^^^^^^^^^^^^^^^^^^^^^^^^^^^
Traceback (most recent call last):
  File "/opt/ohpc/pub/compiler/conda/latest/lib/python3.12/multiprocessing/util.py", line 227, in __call__
    res = self._callback(*self._args, **self._kwargs)
          ^^^^^^^^^^^^^^^^^^^^^^^^^^^^^^^^^^^^^^^^^^^
  File "/opt/ohpc/pub/compiler/conda/latest/lib/python3.12/multiprocessing/util.py", line 136, in _remove_temp_dir
    rmtree(tempdir, onerror=onerror)
  File "/opt/ohpc/pub/compiler/conda/latest/lib/python3.12/multiprocessing/util.py", line 303, in _run_finalizers
    finalizer()
  File "/opt/ohpc/pub/compiler/conda/latest/lib/python3.12/multiprocessing/util.py", line 136, in _remove_temp_dir
    rmtree(tempdir, onerror=onerror)
  File "/opt/ohpc/pub/compiler/conda/latest/lib/python3.12/shutil.py", line 759, in rmtree
    _rmtree_safe_fd(stack, onexc)
  File "/opt/ohpc/pub/compiler/conda/latest/lib/python3.12/multiprocessing/util.py", line 303, in _run_finalizers
    finalizer()
  File "/opt/ohpc/pub/compiler/conda/latest/lib/python3.12/shutil.py", line 759, in rmtree
    _rmtree_safe_fd(stack, onexc)
  File "/opt/ohpc/pub/compiler/conda/latest/lib/python3.12/shutil.py", line 703, in _rmtree_safe_fd
    onexc(func, path, err)
  File "/opt/ohpc/pub/compiler/conda/latest/lib/python3.12/multiprocessing/util.py", line 227, in __call__
    res = self._callback(*self._args, **self._kwargs)
          ^^^^^^^^^^^^^^^^^^^^^^^^^^^^^^^^^^^^^^^^^^^
  File "/opt/ohpc/pub/compiler/conda/latest/lib/python3.12/shutil.py", line 703, in _rmtree_safe_fd
    onexc(func, path, err)
  File "/opt/ohpc/pub/compiler/conda/latest/lib/python3.12/shutil.py", line 750, in onexc
    return onerror(func, path, exc_info)
           ^^^^^^^^^^^^^^^^^^^^^^^^^^^^^
  File "/opt/ohpc/pub/compiler/conda/latest/lib/python3.12/multiprocessing/util.py", line 227, in __call__
    res = self._callback(*self._args, **self._kwargs)
          ^^^^^^^^^^^^^^^^^^^^^^^^^^^^^^^^^^^^^^^^^^^
  File "/opt/ohpc/pub/compiler/conda/latest/lib/python3.12/shutil.py", line 750, in onexc
    return onerror(func, path, exc_info)
           ^^^^^^^^^^^^^^^^^^^^^^^^^^^^^
  File "/opt/ohpc/pub/compiler/conda/latest/lib/python3.12/shutil.py", line 700, in _rmtree_safe_fd
    onexc(os.unlink, fullname, err)
  File "/opt/ohpc/pub/compiler/conda/latest/lib/python3.12/multiprocessing/util.py", line 136, in _remove_temp_dir
    rmtree(tempdir, onerror=onerror)
  File "/opt/ohpc/pub/compiler/conda/latest/lib/python3.12/shutil.py", line 700, in _rmtree_safe_fd
    onexc(os.unlink, fullname, err)
  File "/opt/ohpc/pub/compiler/conda/latest/lib/python3.12/shutil.py", line 750, in onexc
    return onerror(func, path, exc_info)
           ^^^^^^^^^^^^^^^^^^^^^^^^^^^^^
  File "/opt/ohpc/pub/compiler/conda/latest/lib/python3.12/multiprocessing/util.py", line 136, in _remove_temp_dir
    rmtree(tempdir, onerror=onerror)
  File "/opt/ohpc/pub/compiler/conda/latest/lib/python3.12/shutil.py", line 750, in onexc
    return onerror(func, path, exc_info)
           ^^^^^^^^^^^^^^^^^^^^^^^^^^^^^
  File "/opt/ohpc/pub/compiler/conda/latest/lib/python3.12/shutil.py", line 698, in _rmtree_safe_fd
    os.unlink(entry.name, dir_fd=topfd)
  File "/opt/ohpc/pub/compiler/conda/latest/lib/python3.12/shutil.py", line 759, in rmtree
    _rmtree_safe_fd(stack, onexc)
  File "/opt/ohpc/pub/compiler/conda/latest/lib/python3.12/shutil.py", line 698, in _rmtree_safe_fd
    os.unlink(entry.name, dir_fd=topfd)
OSError: [Errno 16] Device or resource busy: '/tmp/pymp-kcv4rjlp'
  File "/opt/ohpc/pub/compiler/conda/latest/lib/python3.12/shutil.py", line 759, in rmtree
    _rmtree_safe_fd(stack, onexc)
OSError: [Errno 16] Device or resource busy: '/tmp/pymp-6jsgv08m'
  File "/opt/ohpc/pub/compiler/conda/latest/lib/python3.12/shutil.py", line 703, in _rmtree_safe_fd
    onexc(func, path, err)
  File "/opt/ohpc/pub/compiler/conda/latest/lib/python3.12/shutil.py", line 750, in onexc
    return onerror(func, path, exc_info)
           ^^^^^^^^^^^^^^^^^^^^^^^^^^^^^
  File "/opt/ohpc/pub/compiler/conda/latest/lib/python3.12/shutil.py", line 700, in _rmtree_safe_fd
    onexc(os.unlink, fullname, err)
  File "/opt/ohpc/pub/compiler/conda/latest/lib/python3.12/shutil.py", line 750, in onexc
    return onerror(func, path, exc_info)
           ^^^^^^^^^^^^^^^^^^^^^^^^^^^^^
  File "/opt/ohpc/pub/compiler/conda/latest/lib/python3.12/shutil.py", line 698, in _rmtree_safe_fd
    os.unlink(entry.name, dir_fd=topfd)
OSError: [Errno 16] Device or resource busy: '/tmp/pymp-vte55kjy'
  File "/opt/ohpc/pub/compiler/conda/latest/lib/python3.12/shutil.py", line 703, in _rmtree_safe_fd
    onexc(func, path, err)
  File "/opt/ohpc/pub/compiler/conda/latest/lib/python3.12/shutil.py", line 750, in onexc
    return onerror(func, path, exc_info)
           ^^^^^^^^^^^^^^^^^^^^^^^^^^^^^
  File "/opt/ohpc/pub/compiler/conda/latest/lib/python3.12/shutil.py", line 700, in _rmtree_safe_fd
    onexc(os.unlink, fullname, err)
  File "/opt/ohpc/pub/compiler/conda/latest/lib/python3.12/shutil.py", line 750, in onexc
    return onerror(func, path, exc_info)
           ^^^^^^^^^^^^^^^^^^^^^^^^^^^^^
  File "/opt/ohpc/pub/compiler/conda/latest/lib/python3.12/shutil.py", line 698, in _rmtree_safe_fd
    os.unlink(entry.name, dir_fd=topfd)
OSError: [Errno 16] Device or resource busy: '/tmp/pymp-roe79vv8'
Traceback (most recent call last):
Traceback (most recent call last):
  File "/opt/ohpc/pub/compiler/conda/latest/lib/python3.12/multiprocessing/util.py", line 303, in _run_finalizers
    finalizer()
  File "/opt/ohpc/pub/compiler/conda/latest/lib/python3.12/multiprocessing/util.py", line 303, in _run_finalizers
    finalizer()
Traceback (most recent call last):
Traceback (most recent call last):
  File "/opt/ohpc/pub/compiler/conda/latest/lib/python3.12/multiprocessing/util.py", line 227, in __call__
    res = self._callback(*self._args, **self._kwargs)
          ^^^^^^^^^^^^^^^^^^^^^^^^^^^^^^^^^^^^^^^^^^^
  File "/opt/ohpc/pub/compiler/conda/latest/lib/python3.12/multiprocessing/util.py", line 303, in _run_finalizers
    finalizer()
  File "/opt/ohpc/pub/compiler/conda/latest/lib/python3.12/multiprocessing/util.py", line 227, in __call__
    res = self._callback(*self._args, **self._kwargs)
          ^^^^^^^^^^^^^^^^^^^^^^^^^^^^^^^^^^^^^^^^^^^
  File "/opt/ohpc/pub/compiler/conda/latest/lib/python3.12/multiprocessing/util.py", line 303, in _run_finalizers
    finalizer()
  File "/opt/ohpc/pub/compiler/conda/latest/lib/python3.12/multiprocessing/util.py", line 136, in _remove_temp_dir
    rmtree(tempdir, onerror=onerror)
  File "/opt/ohpc/pub/compiler/conda/latest/lib/python3.12/multiprocessing/util.py", line 227, in __call__
    res = self._callback(*self._args, **self._kwargs)
          ^^^^^^^^^^^^^^^^^^^^^^^^^^^^^^^^^^^^^^^^^^^
  File "/opt/ohpc/pub/compiler/conda/latest/lib/python3.12/multiprocessing/util.py", line 136, in _remove_temp_dir
    rmtree(tempdir, onerror=onerror)
  File "/opt/ohpc/pub/compiler/conda/latest/lib/python3.12/multiprocessing/util.py", line 136, in _remove_temp_dir
    rmtree(tempdir, onerror=onerror)
  File "/opt/ohpc/pub/compiler/conda/latest/lib/python3.12/multiprocessing/util.py", line 227, in __call__
    res = self._callback(*self._args, **self._kwargs)
          ^^^^^^^^^^^^^^^^^^^^^^^^^^^^^^^^^^^^^^^^^^^
  File "/opt/ohpc/pub/compiler/conda/latest/lib/python3.12/multiprocessing/util.py", line 136, in _remove_temp_dir
    rmtree(tempdir, onerror=onerror)
  File "/opt/ohpc/pub/compiler/conda/latest/lib/python3.12/shutil.py", line 759, in rmtree
    _rmtree_safe_fd(stack, onexc)
  File "/opt/ohpc/pub/compiler/conda/latest/lib/python3.12/shutil.py", line 759, in rmtree
    _rmtree_safe_fd(stack, onexc)
  File "/opt/ohpc/pub/compiler/conda/latest/lib/python3.12/shutil.py", line 703, in _rmtree_safe_fd
    onexc(func, path, err)
  File "/opt/ohpc/pub/compiler/conda/latest/lib/python3.12/shutil.py", line 759, in rmtree
    _rmtree_safe_fd(stack, onexc)
  File "/opt/ohpc/pub/compiler/conda/latest/lib/python3.12/shutil.py", line 703, in _rmtree_safe_fd
    onexc(func, path, err)
  File "/opt/ohpc/pub/compiler/conda/latest/lib/python3.12/shutil.py", line 759, in rmtree
    _rmtree_safe_fd(stack, onexc)
  File "/opt/ohpc/pub/compiler/conda/latest/lib/python3.12/shutil.py", line 703, in _rmtree_safe_fd
    onexc(func, path, err)
  File "/opt/ohpc/pub/compiler/conda/latest/lib/python3.12/shutil.py", line 703, in _rmtree_safe_fd
    onexc(func, path, err)
  File "/opt/ohpc/pub/compiler/conda/latest/lib/python3.12/shutil.py", line 750, in onexc
    return onerror(func, path, exc_info)
           ^^^^^^^^^^^^^^^^^^^^^^^^^^^^^
  File "/opt/ohpc/pub/compiler/conda/latest/lib/python3.12/shutil.py", line 700, in _rmtree_safe_fd
    onexc(os.unlink, fullname, err)
  File "/opt/ohpc/pub/compiler/conda/latest/lib/python3.12/shutil.py", line 750, in onexc
    return onerror(func, path, exc_info)
           ^^^^^^^^^^^^^^^^^^^^^^^^^^^^^
  File "/opt/ohpc/pub/compiler/conda/latest/lib/python3.12/shutil.py", line 750, in onexc
    return onerror(func, path, exc_info)
           ^^^^^^^^^^^^^^^^^^^^^^^^^^^^^
  File "/opt/ohpc/pub/compiler/conda/latest/lib/python3.12/shutil.py", line 700, in _rmtree_safe_fd
    onexc(os.unlink, fullname, err)
  File "/opt/ohpc/pub/compiler/conda/latest/lib/python3.12/shutil.py", line 750, in onexc
    return onerror(func, path, exc_info)
           ^^^^^^^^^^^^^^^^^^^^^^^^^^^^^
  File "/opt/ohpc/pub/compiler/conda/latest/lib/python3.12/shutil.py", line 700, in _rmtree_safe_fd
    onexc(os.unlink, fullname, err)
  File "/opt/ohpc/pub/compiler/conda/latest/lib/python3.12/shutil.py", line 750, in onexc
    return onerror(func, path, exc_info)
           ^^^^^^^^^^^^^^^^^^^^^^^^^^^^^
  File "/opt/ohpc/pub/compiler/conda/latest/lib/python3.12/shutil.py", line 698, in _rmtree_safe_fd
    os.unlink(entry.name, dir_fd=topfd)
  File "/opt/ohpc/pub/compiler/conda/latest/lib/python3.12/shutil.py", line 700, in _rmtree_safe_fd
    onexc(os.unlink, fullname, err)
  File "/opt/ohpc/pub/compiler/conda/latest/lib/python3.12/shutil.py", line 750, in onexc
    return onerror(func, path, exc_info)
           ^^^^^^^^^^^^^^^^^^^^^^^^^^^^^
  File "/opt/ohpc/pub/compiler/conda/latest/lib/python3.12/shutil.py", line 750, in onexc
    return onerror(func, path, exc_info)
           ^^^^^^^^^^^^^^^^^^^^^^^^^^^^^
  File "/opt/ohpc/pub/compiler/conda/latest/lib/python3.12/shutil.py", line 698, in _rmtree_safe_fd
    os.unlink(entry.name, dir_fd=topfd)
  File "/opt/ohpc/pub/compiler/conda/latest/lib/python3.12/shutil.py", line 750, in onexc
    return onerror(func, path, exc_info)
           ^^^^^^^^^^^^^^^^^^^^^^^^^^^^^
  File "/opt/ohpc/pub/compiler/conda/latest/lib/python3.12/shutil.py", line 698, in _rmtree_safe_fd
    os.unlink(entry.name, dir_fd=topfd)
OSError: [Errno 16] Device or resource busy: '/tmp/pymp-eqg5ayv5'
  File "/opt/ohpc/pub/compiler/conda/latest/lib/python3.12/shutil.py", line 698, in _rmtree_safe_fd
    os.unlink(entry.name, dir_fd=topfd)
OSError: [Errno 16] Device or resource busy: '/tmp/pymp-lozdi0cq'
OSError: [Errno 16] Device or resource busy: '/tmp/pymp-1n06wizr'
OSError: [Errno 16] Device or resource busy: '/tmp/pymp-f71cr_8k'
Traceback (most recent call last):
Traceback (most recent call last):
Traceback (most recent call last):
Traceback (most recent call last):
  File "/opt/ohpc/pub/compiler/conda/latest/lib/python3.12/multiprocessing/util.py", line 303, in _run_finalizers
    finalizer()
  File "/opt/ohpc/pub/compiler/conda/latest/lib/python3.12/multiprocessing/util.py", line 227, in __call__
    res = self._callback(*self._args, **self._kwargs)
          ^^^^^^^^^^^^^^^^^^^^^^^^^^^^^^^^^^^^^^^^^^^
  File "/opt/ohpc/pub/compiler/conda/latest/lib/python3.12/multiprocessing/util.py", line 303, in _run_finalizers
    finalizer()
  File "/opt/ohpc/pub/compiler/conda/latest/lib/python3.12/multiprocessing/util.py", line 227, in __call__
    res = self._callback(*self._args, **self._kwargs)
          ^^^^^^^^^^^^^^^^^^^^^^^^^^^^^^^^^^^^^^^^^^^
  File "/opt/ohpc/pub/compiler/conda/latest/lib/python3.12/multiprocessing/util.py", line 303, in _run_finalizers
    finalizer()
  File "/opt/ohpc/pub/compiler/conda/latest/lib/python3.12/multiprocessing/util.py", line 303, in _run_finalizers
    finalizer()
  File "/opt/ohpc/pub/compiler/conda/latest/lib/python3.12/multiprocessing/util.py", line 136, in _remove_temp_dir
    rmtree(tempdir, onerror=onerror)
  File "/opt/ohpc/pub/compiler/conda/latest/lib/python3.12/shutil.py", line 759, in rmtree
    _rmtree_safe_fd(stack, onexc)
  File "/opt/ohpc/pub/compiler/conda/latest/lib/python3.12/multiprocessing/util.py", line 136, in _remove_temp_dir
    rmtree(tempdir, onerror=onerror)
  File "/opt/ohpc/pub/compiler/conda/latest/lib/python3.12/shutil.py", line 759, in rmtree
    _rmtree_safe_fd(stack, onexc)
  File "/opt/ohpc/pub/compiler/conda/latest/lib/python3.12/multiprocessing/util.py", line 227, in __call__
    res = self._callback(*self._args, **self._kwargs)
          ^^^^^^^^^^^^^^^^^^^^^^^^^^^^^^^^^^^^^^^^^^^
  File "/opt/ohpc/pub/compiler/conda/latest/lib/python3.12/multiprocessing/util.py", line 136, in _remove_temp_dir
    rmtree(tempdir, onerror=onerror)
  File "/opt/ohpc/pub/compiler/conda/latest/lib/python3.12/multiprocessing/util.py", line 227, in __call__
    res = self._callback(*self._args, **self._kwargs)
          ^^^^^^^^^^^^^^^^^^^^^^^^^^^^^^^^^^^^^^^^^^^
  File "/opt/ohpc/pub/compiler/conda/latest/lib/python3.12/shutil.py", line 703, in _rmtree_safe_fd
    onexc(func, path, err)
  File "/opt/ohpc/pub/compiler/conda/latest/lib/python3.12/shutil.py", line 750, in onexc
    return onerror(func, path, exc_info)
           ^^^^^^^^^^^^^^^^^^^^^^^^^^^^^
  File "/opt/ohpc/pub/compiler/conda/latest/lib/python3.12/shutil.py", line 703, in _rmtree_safe_fd
    onexc(func, path, err)
  File "/opt/ohpc/pub/compiler/conda/latest/lib/python3.12/shutil.py", line 750, in onexc
    return onerror(func, path, exc_info)
           ^^^^^^^^^^^^^^^^^^^^^^^^^^^^^
  File "/opt/ohpc/pub/compiler/conda/latest/lib/python3.12/shutil.py", line 759, in rmtree
    _rmtree_safe_fd(stack, onexc)
  File "/opt/ohpc/pub/compiler/conda/latest/lib/python3.12/shutil.py", line 703, in _rmtree_safe_fd
    onexc(func, path, err)
  File "/opt/ohpc/pub/compiler/conda/latest/lib/python3.12/multiprocessing/util.py", line 136, in _remove_temp_dir
    rmtree(tempdir, onerror=onerror)
  File "/opt/ohpc/pub/compiler/conda/latest/lib/python3.12/shutil.py", line 700, in _rmtree_safe_fd
    onexc(os.unlink, fullname, err)
  File "/opt/ohpc/pub/compiler/conda/latest/lib/python3.12/shutil.py", line 750, in onexc
    return onerror(func, path, exc_info)
           ^^^^^^^^^^^^^^^^^^^^^^^^^^^^^
  File "/opt/ohpc/pub/compiler/conda/latest/lib/python3.12/shutil.py", line 698, in _rmtree_safe_fd
    os.unlink(entry.name, dir_fd=topfd)
OSError: [Errno 16] Device or resource busy: '/tmp/pymp-uz5sjb9m'
  File "/opt/ohpc/pub/compiler/conda/latest/lib/python3.12/shutil.py", line 700, in _rmtree_safe_fd
    onexc(os.unlink, fullname, err)
  File "/opt/ohpc/pub/compiler/conda/latest/lib/python3.12/shutil.py", line 750, in onexc
    return onerror(func, path, exc_info)
           ^^^^^^^^^^^^^^^^^^^^^^^^^^^^^
  File "/opt/ohpc/pub/compiler/conda/latest/lib/python3.12/shutil.py", line 750, in onexc
    return onerror(func, path, exc_info)
           ^^^^^^^^^^^^^^^^^^^^^^^^^^^^^
  File "/opt/ohpc/pub/compiler/conda/latest/lib/python3.12/shutil.py", line 759, in rmtree
    _rmtree_safe_fd(stack, onexc)
  File "/opt/ohpc/pub/compiler/conda/latest/lib/python3.12/shutil.py", line 698, in _rmtree_safe_fd
    os.unlink(entry.name, dir_fd=topfd)
OSError: [Errno 16] Device or resource busy: '/tmp/pymp-6ql2gplu'
  File "/opt/ohpc/pub/compiler/conda/latest/lib/python3.12/shutil.py", line 700, in _rmtree_safe_fd
    onexc(os.unlink, fullname, err)
  File "/opt/ohpc/pub/compiler/conda/latest/lib/python3.12/shutil.py", line 750, in onexc
    return onerror(func, path, exc_info)
           ^^^^^^^^^^^^^^^^^^^^^^^^^^^^^
  File "/opt/ohpc/pub/compiler/conda/latest/lib/python3.12/shutil.py", line 703, in _rmtree_safe_fd
    onexc(func, path, err)
  File "/opt/ohpc/pub/compiler/conda/latest/lib/python3.12/shutil.py", line 698, in _rmtree_safe_fd
    os.unlink(entry.name, dir_fd=topfd)
OSError: [Errno 16] Device or resource busy: '/tmp/pymp-j4arnuye'
  File "/opt/ohpc/pub/compiler/conda/latest/lib/python3.12/shutil.py", line 750, in onexc
    return onerror(func, path, exc_info)
           ^^^^^^^^^^^^^^^^^^^^^^^^^^^^^
  File "/opt/ohpc/pub/compiler/conda/latest/lib/python3.12/shutil.py", line 700, in _rmtree_safe_fd
    onexc(os.unlink, fullname, err)
  File "/opt/ohpc/pub/compiler/conda/latest/lib/python3.12/shutil.py", line 750, in onexc
    return onerror(func, path, exc_info)
           ^^^^^^^^^^^^^^^^^^^^^^^^^^^^^
  File "/opt/ohpc/pub/compiler/conda/latest/lib/python3.12/shutil.py", line 698, in _rmtree_safe_fd
    os.unlink(entry.name, dir_fd=topfd)
OSError: [Errno 16] Device or resource busy: '/tmp/pymp-nsbylsmr'
Traceback (most recent call last):
Traceback (most recent call last):
Traceback (most recent call last):
  File "/opt/ohpc/pub/compiler/conda/latest/lib/python3.12/multiprocessing/util.py", line 303, in _run_finalizers
    finalizer()
  File "/opt/ohpc/pub/compiler/conda/latest/lib/python3.12/multiprocessing/util.py", line 303, in _run_finalizers
    finalizer()
  File "/opt/ohpc/pub/compiler/conda/latest/lib/python3.12/multiprocessing/util.py", line 227, in __call__
    res = self._callback(*self._args, **self._kwargs)
          ^^^^^^^^^^^^^^^^^^^^^^^^^^^^^^^^^^^^^^^^^^^
  File "/opt/ohpc/pub/compiler/conda/latest/lib/python3.12/multiprocessing/util.py", line 303, in _run_finalizers
    finalizer()
  File "/opt/ohpc/pub/compiler/conda/latest/lib/python3.12/multiprocessing/util.py", line 227, in __call__
    res = self._callback(*self._args, **self._kwargs)
          ^^^^^^^^^^^^^^^^^^^^^^^^^^^^^^^^^^^^^^^^^^^
  File "/opt/ohpc/pub/compiler/conda/latest/lib/python3.12/multiprocessing/util.py", line 136, in _remove_temp_dir
    rmtree(tempdir, onerror=onerror)
  File "/opt/ohpc/pub/compiler/conda/latest/lib/python3.12/multiprocessing/util.py", line 136, in _remove_temp_dir
    rmtree(tempdir, onerror=onerror)
  File "/opt/ohpc/pub/compiler/conda/latest/lib/python3.12/multiprocessing/util.py", line 227, in __call__
    res = self._callback(*self._args, **self._kwargs)
          ^^^^^^^^^^^^^^^^^^^^^^^^^^^^^^^^^^^^^^^^^^^
  File "/opt/ohpc/pub/compiler/conda/latest/lib/python3.12/shutil.py", line 759, in rmtree
    _rmtree_safe_fd(stack, onexc)
  File "/opt/ohpc/pub/compiler/conda/latest/lib/python3.12/shutil.py", line 703, in _rmtree_safe_fd
    onexc(func, path, err)
  File "/opt/ohpc/pub/compiler/conda/latest/lib/python3.12/shutil.py", line 759, in rmtree
    _rmtree_safe_fd(stack, onexc)
  File "/opt/ohpc/pub/compiler/conda/latest/lib/python3.12/multiprocessing/util.py", line 136, in _remove_temp_dir
    rmtree(tempdir, onerror=onerror)
  File "/opt/ohpc/pub/compiler/conda/latest/lib/python3.12/shutil.py", line 759, in rmtree
    _rmtree_safe_fd(stack, onexc)
  File "/opt/ohpc/pub/compiler/conda/latest/lib/python3.12/shutil.py", line 750, in onexc
    return onerror(func, path, exc_info)
           ^^^^^^^^^^^^^^^^^^^^^^^^^^^^^
  File "/opt/ohpc/pub/compiler/conda/latest/lib/python3.12/shutil.py", line 700, in _rmtree_safe_fd
    onexc(os.unlink, fullname, err)
  File "/opt/ohpc/pub/compiler/conda/latest/lib/python3.12/shutil.py", line 703, in _rmtree_safe_fd
    onexc(func, path, err)
  File "/opt/ohpc/pub/compiler/conda/latest/lib/python3.12/shutil.py", line 703, in _rmtree_safe_fd
    onexc(func, path, err)
  File "/opt/ohpc/pub/compiler/conda/latest/lib/python3.12/shutil.py", line 750, in onexc
    return onerror(func, path, exc_info)
           ^^^^^^^^^^^^^^^^^^^^^^^^^^^^^
  File "/opt/ohpc/pub/compiler/conda/latest/lib/python3.12/shutil.py", line 750, in onexc
    return onerror(func, path, exc_info)
           ^^^^^^^^^^^^^^^^^^^^^^^^^^^^^
  File "/opt/ohpc/pub/compiler/conda/latest/lib/python3.12/shutil.py", line 698, in _rmtree_safe_fd
    os.unlink(entry.name, dir_fd=topfd)
  File "/opt/ohpc/pub/compiler/conda/latest/lib/python3.12/shutil.py", line 750, in onexc
    return onerror(func, path, exc_info)
           ^^^^^^^^^^^^^^^^^^^^^^^^^^^^^
  File "/opt/ohpc/pub/compiler/conda/latest/lib/python3.12/shutil.py", line 700, in _rmtree_safe_fd
    onexc(os.unlink, fullname, err)
  File "/opt/ohpc/pub/compiler/conda/latest/lib/python3.12/shutil.py", line 750, in onexc
    return onerror(func, path, exc_info)
           ^^^^^^^^^^^^^^^^^^^^^^^^^^^^^
OSError: [Errno 16] Device or resource busy: '/tmp/pymp-nawlqlfl'
  File "/opt/ohpc/pub/compiler/conda/latest/lib/python3.12/shutil.py", line 700, in _rmtree_safe_fd
    onexc(os.unlink, fullname, err)
  File "/opt/ohpc/pub/compiler/conda/latest/lib/python3.12/shutil.py", line 698, in _rmtree_safe_fd
    os.unlink(entry.name, dir_fd=topfd)
  File "/opt/ohpc/pub/compiler/conda/latest/lib/python3.12/shutil.py", line 750, in onexc
    return onerror(func, path, exc_info)
           ^^^^^^^^^^^^^^^^^^^^^^^^^^^^^
OSError: [Errno 16] Device or resource busy: '/tmp/pymp-5auxfc7n'
  File "/opt/ohpc/pub/compiler/conda/latest/lib/python3.12/shutil.py", line 698, in _rmtree_safe_fd
    os.unlink(entry.name, dir_fd=topfd)
OSError: [Errno 16] Device or resource busy: '/tmp/pymp-ol6ut10d'
[val 099] loss=-0.9838 z_std=0.0441 rankme=17.561 lidar=5.793 areq=1.953 pr=1.25 align=0.1122 unif=-0.920 converged=True collapsed=False
[best] per-metric selected checkpoints (converged, non-collapsed):
     RankMe: epoch  14  value=24.8348  -> bestRankMe.pth
      LiDAR: epoch  14  value=13.8561  -> bestLiDAR.pth
  alpha-ReQ: epoch  14  value=1.9036  -> bestA-ReQ.pth
[plot] wrote checkpoints/simsiam_densenet121_unified_seed42/training_curves.png
🏃 View run simsiam_densenet121_unified_seed42 at: https://dagshub.com/alilivanturk/IDH-Classifier.mlflow/#/experiments/6/runs/3a557143da5846939b0b02665df528fa
🧪 View experiment at: https://dagshub.com/alilivanturk/IDH-Classifier.mlflow/#/experiments/6
[done] checkpoints in checkpoints/simsiam_densenet121_unified_seed42
