### task 3: configs/simsiam_r34_unified.yaml seed=42 -> checkpoints/simsiam_r34_unified_seed42
### node=ai02  gpus=1  started=2026-07-27T13:20:07+03:00
NVIDIA H100 NVL, 95830 MiB
NVIDIA H100 NVL, 95830 MiB
NVIDIA H100 NVL, 95830 MiB
NVIDIA H100 NVL, 95830 MiB
[cfg] device=cuda:0 backbone=resnet34 roi=(128, 128, 128) crop_mode=tumor batch=16 feature_dim=256
[data] train subjects=995 iters/epoch=62
[data] val subjects=200 (label-free monitor every 1 ep)
[model] backbone_dim=512 -> feature_dim=256 params=64.3M
[mlflow] tracking -> https://dagshub.com/alilivanturk/IDH-Classifier.mlflow (experiment=simsiam-brats-all, run=simsiam_r34_unified_seed42, run_id=025074f417ab4dc6b1de7933ec86dc57)
  e000 it0000/62 lr=0.0000 loss=+0.0251 z_std=0.0643
  e000 it0010/62 lr=0.0001 loss=+0.0092 z_std=0.0643
  e000 it0020/62 lr=0.0001 loss=+0.0090 z_std=0.0642
  e000 it0030/62 lr=0.0002 loss=+0.0098 z_std=0.0642
  e000 it0040/62 lr=0.0002 loss=+0.0081 z_std=0.0643
  e000 it0050/62 lr=0.0003 loss=+0.0072 z_std=0.0643
  e000 it0060/62 lr=0.0003 loss=+0.0061 z_std=0.0643
[epoch 000] loss=+0.0061 z_std=0.0643 (healthy~0.0625) time=188.8s
Traceback (most recent call last):
Traceback (most recent call last):
Traceback (most recent call last):
  File "/opt/ohpc/pub/compiler/conda/latest/lib/python3.12/multiprocessing/util.py", line 303, in _run_finalizers
    finalizer()
  File "/opt/ohpc/pub/compiler/conda/latest/lib/python3.12/multiprocessing/util.py", line 227, in __call__
    res = self._callback(*self._args, **self._kwargs)
          ^^^^^^^^^^^^^^^^^^^^^^^^^^^^^^^^^^^^^^^^^^^
  File "/opt/ohpc/pub/compiler/conda/latest/lib/python3.12/multiprocessing/util.py", line 136, in _remove_temp_dir
    rmtree(tempdir, onerror=onerror)
  File "/opt/ohpc/pub/compiler/conda/latest/lib/python3.12/shutil.py", line 759, in rmtree
    _rmtree_safe_fd(stack, onexc)
  File "/opt/ohpc/pub/compiler/conda/latest/lib/python3.12/shutil.py", line 703, in _rmtree_safe_fd
    onexc(func, path, err)
  File "/opt/ohpc/pub/compiler/conda/latest/lib/python3.12/shutil.py", line 750, in onexc
    return onerror(func, path, exc_info)
           ^^^^^^^^^^^^^^^^^^^^^^^^^^^^^
  File "/opt/ohpc/pub/compiler/conda/latest/lib/python3.12/shutil.py", line 700, in _rmtree_safe_fd
    onexc(os.unlink, fullname, err)
  File "/opt/ohpc/pub/compiler/conda/latest/lib/python3.12/shutil.py", line 750, in onexc
    return onerror(func, path, exc_info)
           ^^^^^^^^^^^^^^^^^^^^^^^^^^^^^
  File "/opt/ohpc/pub/compiler/conda/latest/lib/python3.12/shutil.py", line 698, in _rmtree_safe_fd
    os.unlink(entry.name, dir_fd=topfd)
OSError: [Errno 16] Device or resource busy: '/tmp/pymp-oms2yyzr'
Traceback (most recent call last):
  File "/opt/ohpc/pub/compiler/conda/latest/lib/python3.12/multiprocessing/util.py", line 303, in _run_finalizers
    finalizer()
  File "/opt/ohpc/pub/compiler/conda/latest/lib/python3.12/multiprocessing/util.py", line 303, in _run_finalizers
    finalizer()
  File "/opt/ohpc/pub/compiler/conda/latest/lib/python3.12/multiprocessing/util.py", line 227, in __call__
    res = self._callback(*self._args, **self._kwargs)
          ^^^^^^^^^^^^^^^^^^^^^^^^^^^^^^^^^^^^^^^^^^^
  File "/opt/ohpc/pub/compiler/conda/latest/lib/python3.12/multiprocessing/util.py", line 227, in __call__
    res = self._callback(*self._args, **self._kwargs)
          ^^^^^^^^^^^^^^^^^^^^^^^^^^^^^^^^^^^^^^^^^^^
  File "/opt/ohpc/pub/compiler/conda/latest/lib/python3.12/multiprocessing/util.py", line 136, in _remove_temp_dir
    rmtree(tempdir, onerror=onerror)
  File "/opt/ohpc/pub/compiler/conda/latest/lib/python3.12/multiprocessing/util.py", line 136, in _remove_temp_dir
    rmtree(tempdir, onerror=onerror)
  File "/opt/ohpc/pub/compiler/conda/latest/lib/python3.12/shutil.py", line 759, in rmtree
    _rmtree_safe_fd(stack, onexc)
  File "/opt/ohpc/pub/compiler/conda/latest/lib/python3.12/shutil.py", line 759, in rmtree
    _rmtree_safe_fd(stack, onexc)
  File "/opt/ohpc/pub/compiler/conda/latest/lib/python3.12/shutil.py", line 703, in _rmtree_safe_fd
    onexc(func, path, err)
  File "/opt/ohpc/pub/compiler/conda/latest/lib/python3.12/shutil.py", line 703, in _rmtree_safe_fd
    onexc(func, path, err)
  File "/opt/ohpc/pub/compiler/conda/latest/lib/python3.12/shutil.py", line 750, in onexc
    return onerror(func, path, exc_info)
           ^^^^^^^^^^^^^^^^^^^^^^^^^^^^^
  File "/opt/ohpc/pub/compiler/conda/latest/lib/python3.12/shutil.py", line 750, in onexc
    return onerror(func, path, exc_info)
           ^^^^^^^^^^^^^^^^^^^^^^^^^^^^^
  File "/opt/ohpc/pub/compiler/conda/latest/lib/python3.12/shutil.py", line 700, in _rmtree_safe_fd
    onexc(os.unlink, fullname, err)
  File "/opt/ohpc/pub/compiler/conda/latest/lib/python3.12/shutil.py", line 700, in _rmtree_safe_fd
    onexc(os.unlink, fullname, err)
  File "/opt/ohpc/pub/compiler/conda/latest/lib/python3.12/shutil.py", line 750, in onexc
    return onerror(func, path, exc_info)
           ^^^^^^^^^^^^^^^^^^^^^^^^^^^^^
  File "/opt/ohpc/pub/compiler/conda/latest/lib/python3.12/shutil.py", line 750, in onexc
    return onerror(func, path, exc_info)
           ^^^^^^^^^^^^^^^^^^^^^^^^^^^^^
  File "/opt/ohpc/pub/compiler/conda/latest/lib/python3.12/shutil.py", line 698, in _rmtree_safe_fd
    os.unlink(entry.name, dir_fd=topfd)
Traceback (most recent call last):
  File "/opt/ohpc/pub/compiler/conda/latest/lib/python3.12/shutil.py", line 698, in _rmtree_safe_fd
    os.unlink(entry.name, dir_fd=topfd)
OSError: [Errno 16] Device or resource busy: '/tmp/pymp-dbcyfwnk'
OSError: [Errno 16] Device or resource busy: '/tmp/pymp-o8oedrvc'
Traceback (most recent call last):
  File "/opt/ohpc/pub/compiler/conda/latest/lib/python3.12/multiprocessing/util.py", line 303, in _run_finalizers
    finalizer()
  File "/opt/ohpc/pub/compiler/conda/latest/lib/python3.12/multiprocessing/util.py", line 227, in __call__
    res = self._callback(*self._args, **self._kwargs)
          ^^^^^^^^^^^^^^^^^^^^^^^^^^^^^^^^^^^^^^^^^^^
  File "/opt/ohpc/pub/compiler/conda/latest/lib/python3.12/multiprocessing/util.py", line 136, in _remove_temp_dir
    rmtree(tempdir, onerror=onerror)
  File "/opt/ohpc/pub/compiler/conda/latest/lib/python3.12/shutil.py", line 759, in rmtree
    _rmtree_safe_fd(stack, onexc)
  File "/opt/ohpc/pub/compiler/conda/latest/lib/python3.12/shutil.py", line 703, in _rmtree_safe_fd
    onexc(func, path, err)
  File "/opt/ohpc/pub/compiler/conda/latest/lib/python3.12/shutil.py", line 750, in onexc
    return onerror(func, path, exc_info)
           ^^^^^^^^^^^^^^^^^^^^^^^^^^^^^
  File "/opt/ohpc/pub/compiler/conda/latest/lib/python3.12/shutil.py", line 700, in _rmtree_safe_fd
    onexc(os.unlink, fullname, err)
  File "/opt/ohpc/pub/compiler/conda/latest/lib/python3.12/shutil.py", line 750, in onexc
    return onerror(func, path, exc_info)
           ^^^^^^^^^^^^^^^^^^^^^^^^^^^^^
  File "/opt/ohpc/pub/compiler/conda/latest/lib/python3.12/shutil.py", line 698, in _rmtree_safe_fd
    os.unlink(entry.name, dir_fd=topfd)
OSError: [Errno 16] Device or resource busy: '/tmp/pymp-l_smmkpo'
  File "/opt/ohpc/pub/compiler/conda/latest/lib/python3.12/multiprocessing/util.py", line 303, in _run_finalizers
    finalizer()
  File "/opt/ohpc/pub/compiler/conda/latest/lib/python3.12/multiprocessing/util.py", line 227, in __call__
    res = self._callback(*self._args, **self._kwargs)
          ^^^^^^^^^^^^^^^^^^^^^^^^^^^^^^^^^^^^^^^^^^^
  File "/opt/ohpc/pub/compiler/conda/latest/lib/python3.12/multiprocessing/util.py", line 136, in _remove_temp_dir
    rmtree(tempdir, onerror=onerror)
  File "/opt/ohpc/pub/compiler/conda/latest/lib/python3.12/shutil.py", line 759, in rmtree
    _rmtree_safe_fd(stack, onexc)
  File "/opt/ohpc/pub/compiler/conda/latest/lib/python3.12/shutil.py", line 703, in _rmtree_safe_fd
    onexc(func, path, err)
  File "/opt/ohpc/pub/compiler/conda/latest/lib/python3.12/shutil.py", line 750, in onexc
    return onerror(func, path, exc_info)
           ^^^^^^^^^^^^^^^^^^^^^^^^^^^^^
  File "/opt/ohpc/pub/compiler/conda/latest/lib/python3.12/shutil.py", line 700, in _rmtree_safe_fd
    onexc(os.unlink, fullname, err)
  File "/opt/ohpc/pub/compiler/conda/latest/lib/python3.12/shutil.py", line 750, in onexc
    return onerror(func, path, exc_info)
           ^^^^^^^^^^^^^^^^^^^^^^^^^^^^^
  File "/opt/ohpc/pub/compiler/conda/latest/lib/python3.12/shutil.py", line 698, in _rmtree_safe_fd
    os.unlink(entry.name, dir_fd=topfd)
OSError: [Errno 16] Device or resource busy: '/tmp/pymp-_ea_47vl'
Traceback (most recent call last):
Traceback (most recent call last):
  File "/opt/ohpc/pub/compiler/conda/latest/lib/python3.12/multiprocessing/util.py", line 303, in _run_finalizers
    finalizer()
  File "/opt/ohpc/pub/compiler/conda/latest/lib/python3.12/multiprocessing/util.py", line 227, in __call__
    res = self._callback(*self._args, **self._kwargs)
          ^^^^^^^^^^^^^^^^^^^^^^^^^^^^^^^^^^^^^^^^^^^
  File "/opt/ohpc/pub/compiler/conda/latest/lib/python3.12/multiprocessing/util.py", line 136, in _remove_temp_dir
    rmtree(tempdir, onerror=onerror)
  File "/opt/ohpc/pub/compiler/conda/latest/lib/python3.12/shutil.py", line 759, in rmtree
    _rmtree_safe_fd(stack, onexc)
  File "/opt/ohpc/pub/compiler/conda/latest/lib/python3.12/shutil.py", line 703, in _rmtree_safe_fd
    onexc(func, path, err)
  File "/opt/ohpc/pub/compiler/conda/latest/lib/python3.12/shutil.py", line 750, in onexc
    return onerror(func, path, exc_info)
           ^^^^^^^^^^^^^^^^^^^^^^^^^^^^^
  File "/opt/ohpc/pub/compiler/conda/latest/lib/python3.12/shutil.py", line 700, in _rmtree_safe_fd
    onexc(os.unlink, fullname, err)
  File "/opt/ohpc/pub/compiler/conda/latest/lib/python3.12/shutil.py", line 750, in onexc
    return onerror(func, path, exc_info)
           ^^^^^^^^^^^^^^^^^^^^^^^^^^^^^
  File "/opt/ohpc/pub/compiler/conda/latest/lib/python3.12/shutil.py", line 698, in _rmtree_safe_fd
    os.unlink(entry.name, dir_fd=topfd)
OSError: [Errno 16] Device or resource busy: '/tmp/pymp-ef8q4vao'
Traceback (most recent call last):
  File "/opt/ohpc/pub/compiler/conda/latest/lib/python3.12/multiprocessing/util.py", line 303, in _run_finalizers
    finalizer()
  File "/opt/ohpc/pub/compiler/conda/latest/lib/python3.12/multiprocessing/util.py", line 227, in __call__
    res = self._callback(*self._args, **self._kwargs)
          ^^^^^^^^^^^^^^^^^^^^^^^^^^^^^^^^^^^^^^^^^^^
  File "/opt/ohpc/pub/compiler/conda/latest/lib/python3.12/multiprocessing/util.py", line 136, in _remove_temp_dir
    rmtree(tempdir, onerror=onerror)
  File "/opt/ohpc/pub/compiler/conda/latest/lib/python3.12/shutil.py", line 759, in rmtree
    _rmtree_safe_fd(stack, onexc)
  File "/opt/ohpc/pub/compiler/conda/latest/lib/python3.12/shutil.py", line 703, in _rmtree_safe_fd
    onexc(func, path, err)
  File "/opt/ohpc/pub/compiler/conda/latest/lib/python3.12/shutil.py", line 750, in onexc
    return onerror(func, path, exc_info)
           ^^^^^^^^^^^^^^^^^^^^^^^^^^^^^
  File "/opt/ohpc/pub/compiler/conda/latest/lib/python3.12/shutil.py", line 700, in _rmtree_safe_fd
    onexc(os.unlink, fullname, err)
  File "/opt/ohpc/pub/compiler/conda/latest/lib/python3.12/shutil.py", line 750, in onexc
    return onerror(func, path, exc_info)
           ^^^^^^^^^^^^^^^^^^^^^^^^^^^^^
  File "/opt/ohpc/pub/compiler/conda/latest/lib/python3.12/shutil.py", line 698, in _rmtree_safe_fd
    os.unlink(entry.name, dir_fd=topfd)
OSError: [Errno 16] Device or resource busy: '/tmp/pymp-8fmxslwr'
  File "/opt/ohpc/pub/compiler/conda/latest/lib/python3.12/multiprocessing/util.py", line 303, in _run_finalizers
    finalizer()
  File "/opt/ohpc/pub/compiler/conda/latest/lib/python3.12/multiprocessing/util.py", line 227, in __call__
    res = self._callback(*self._args, **self._kwargs)
          ^^^^^^^^^^^^^^^^^^^^^^^^^^^^^^^^^^^^^^^^^^^
  File "/opt/ohpc/pub/compiler/conda/latest/lib/python3.12/multiprocessing/util.py", line 136, in _remove_temp_dir
    rmtree(tempdir, onerror=onerror)
  File "/opt/ohpc/pub/compiler/conda/latest/lib/python3.12/shutil.py", line 759, in rmtree
    _rmtree_safe_fd(stack, onexc)
  File "/opt/ohpc/pub/compiler/conda/latest/lib/python3.12/shutil.py", line 703, in _rmtree_safe_fd
    onexc(func, path, err)
  File "/opt/ohpc/pub/compiler/conda/latest/lib/python3.12/shutil.py", line 750, in onexc
    return onerror(func, path, exc_info)
           ^^^^^^^^^^^^^^^^^^^^^^^^^^^^^
  File "/opt/ohpc/pub/compiler/conda/latest/lib/python3.12/shutil.py", line 700, in _rmtree_safe_fd
    onexc(os.unlink, fullname, err)
  File "/opt/ohpc/pub/compiler/conda/latest/lib/python3.12/shutil.py", line 750, in onexc
    return onerror(func, path, exc_info)
           ^^^^^^^^^^^^^^^^^^^^^^^^^^^^^
  File "/opt/ohpc/pub/compiler/conda/latest/lib/python3.12/shutil.py", line 698, in _rmtree_safe_fd
    os.unlink(entry.name, dir_fd=topfd)
OSError: [Errno 16] Device or resource busy: '/tmp/pymp-5plnqtzr'
  File "/opt/ohpc/pub/compiler/conda/latest/lib/python3.12/multiprocessing/util.py", line 303, in _run_finalizers
    finalizer()
  File "/opt/ohpc/pub/compiler/conda/latest/lib/python3.12/multiprocessing/util.py", line 227, in __call__
    res = self._callback(*self._args, **self._kwargs)
          ^^^^^^^^^^^^^^^^^^^^^^^^^^^^^^^^^^^^^^^^^^^
  File "/opt/ohpc/pub/compiler/conda/latest/lib/python3.12/multiprocessing/util.py", line 136, in _remove_temp_dir
    rmtree(tempdir, onerror=onerror)
  File "/opt/ohpc/pub/compiler/conda/latest/lib/python3.12/shutil.py", line 759, in rmtree
    _rmtree_safe_fd(stack, onexc)
  File "/opt/ohpc/pub/compiler/conda/latest/lib/python3.12/shutil.py", line 703, in _rmtree_safe_fd
    onexc(func, path, err)
  File "/opt/ohpc/pub/compiler/conda/latest/lib/python3.12/shutil.py", line 750, in onexc
    return onerror(func, path, exc_info)
           ^^^^^^^^^^^^^^^^^^^^^^^^^^^^^
  File "/opt/ohpc/pub/compiler/conda/latest/lib/python3.12/shutil.py", line 700, in _rmtree_safe_fd
    onexc(os.unlink, fullname, err)
  File "/opt/ohpc/pub/compiler/conda/latest/lib/python3.12/shutil.py", line 750, in onexc
    return onerror(func, path, exc_info)
           ^^^^^^^^^^^^^^^^^^^^^^^^^^^^^
  File "/opt/ohpc/pub/compiler/conda/latest/lib/python3.12/shutil.py", line 698, in _rmtree_safe_fd
    os.unlink(entry.name, dir_fd=topfd)
OSError: [Errno 16] Device or resource busy: '/tmp/pymp-bn2l1d39'
Traceback (most recent call last):
  File "/opt/ohpc/pub/compiler/conda/latest/lib/python3.12/multiprocessing/util.py", line 303, in _run_finalizers
    finalizer()
  File "/opt/ohpc/pub/compiler/conda/latest/lib/python3.12/multiprocessing/util.py", line 227, in __call__
    res = self._callback(*self._args, **self._kwargs)
          ^^^^^^^^^^^^^^^^^^^^^^^^^^^^^^^^^^^^^^^^^^^
  File "/opt/ohpc/pub/compiler/conda/latest/lib/python3.12/multiprocessing/util.py", line 136, in _remove_temp_dir
    rmtree(tempdir, onerror=onerror)
  File "/opt/ohpc/pub/compiler/conda/latest/lib/python3.12/shutil.py", line 759, in rmtree
    _rmtree_safe_fd(stack, onexc)
  File "/opt/ohpc/pub/compiler/conda/latest/lib/python3.12/shutil.py", line 703, in _rmtree_safe_fd
    onexc(func, path, err)
  File "/opt/ohpc/pub/compiler/conda/latest/lib/python3.12/shutil.py", line 750, in onexc
    return onerror(func, path, exc_info)
           ^^^^^^^^^^^^^^^^^^^^^^^^^^^^^
  File "/opt/ohpc/pub/compiler/conda/latest/lib/python3.12/shutil.py", line 700, in _rmtree_safe_fd
    onexc(os.unlink, fullname, err)
  File "/opt/ohpc/pub/compiler/conda/latest/lib/python3.12/shutil.py", line 750, in onexc
    return onerror(func, path, exc_info)
           ^^^^^^^^^^^^^^^^^^^^^^^^^^^^^
  File "/opt/ohpc/pub/compiler/conda/latest/lib/python3.12/shutil.py", line 698, in _rmtree_safe_fd
    os.unlink(entry.name, dir_fd=topfd)
OSError: [Errno 16] Device or resource busy: '/tmp/pymp-9rwy9l23'
Traceback (most recent call last):
Traceback (most recent call last):
Traceback (most recent call last):
  File "/opt/ohpc/pub/compiler/conda/latest/lib/python3.12/multiprocessing/util.py", line 303, in _run_finalizers
    finalizer()
Traceback (most recent call last):
Traceback (most recent call last):
  File "/opt/ohpc/pub/compiler/conda/latest/lib/python3.12/multiprocessing/util.py", line 227, in __call__
    res = self._callback(*self._args, **self._kwargs)
          ^^^^^^^^^^^^^^^^^^^^^^^^^^^^^^^^^^^^^^^^^^^
  File "/opt/ohpc/pub/compiler/conda/latest/lib/python3.12/multiprocessing/util.py", line 136, in _remove_temp_dir
    rmtree(tempdir, onerror=onerror)
Traceback (most recent call last):
  File "/opt/ohpc/pub/compiler/conda/latest/lib/python3.12/shutil.py", line 759, in rmtree
    _rmtree_safe_fd(stack, onexc)
  File "/opt/ohpc/pub/compiler/conda/latest/lib/python3.12/multiprocessing/util.py", line 303, in _run_finalizers
    finalizer()
  File "/opt/ohpc/pub/compiler/conda/latest/lib/python3.12/shutil.py", line 703, in _rmtree_safe_fd
    onexc(func, path, err)
  File "/opt/ohpc/pub/compiler/conda/latest/lib/python3.12/multiprocessing/util.py", line 227, in __call__
    res = self._callback(*self._args, **self._kwargs)
          ^^^^^^^^^^^^^^^^^^^^^^^^^^^^^^^^^^^^^^^^^^^
  File "/opt/ohpc/pub/compiler/conda/latest/lib/python3.12/shutil.py", line 750, in onexc
    return onerror(func, path, exc_info)
           ^^^^^^^^^^^^^^^^^^^^^^^^^^^^^
  File "/opt/ohpc/pub/compiler/conda/latest/lib/python3.12/multiprocessing/util.py", line 136, in _remove_temp_dir
    rmtree(tempdir, onerror=onerror)
  File "/opt/ohpc/pub/compiler/conda/latest/lib/python3.12/shutil.py", line 700, in _rmtree_safe_fd
    onexc(os.unlink, fullname, err)
Traceback (most recent call last):
  File "/opt/ohpc/pub/compiler/conda/latest/lib/python3.12/shutil.py", line 759, in rmtree
    _rmtree_safe_fd(stack, onexc)
  File "/opt/ohpc/pub/compiler/conda/latest/lib/python3.12/shutil.py", line 750, in onexc
    return onerror(func, path, exc_info)
           ^^^^^^^^^^^^^^^^^^^^^^^^^^^^^
  File "/opt/ohpc/pub/compiler/conda/latest/lib/python3.12/shutil.py", line 698, in _rmtree_safe_fd
    os.unlink(entry.name, dir_fd=topfd)
  File "/opt/ohpc/pub/compiler/conda/latest/lib/python3.12/shutil.py", line 703, in _rmtree_safe_fd
    onexc(func, path, err)
  File "/opt/ohpc/pub/compiler/conda/latest/lib/python3.12/shutil.py", line 750, in onexc
    return onerror(func, path, exc_info)
           ^^^^^^^^^^^^^^^^^^^^^^^^^^^^^
  File "/opt/ohpc/pub/compiler/conda/latest/lib/python3.12/shutil.py", line 700, in _rmtree_safe_fd
    onexc(os.unlink, fullname, err)
  File "/opt/ohpc/pub/compiler/conda/latest/lib/python3.12/shutil.py", line 750, in onexc
    return onerror(func, path, exc_info)
           ^^^^^^^^^^^^^^^^^^^^^^^^^^^^^
OSError: [Errno 16] Device or resource busy: '/tmp/pymp-sw8xsp1y'
  File "/opt/ohpc/pub/compiler/conda/latest/lib/python3.12/shutil.py", line 698, in _rmtree_safe_fd
    os.unlink(entry.name, dir_fd=topfd)
OSError: [Errno 16] Device or resource busy: '/tmp/pymp-uco2uf6b'
  File "/opt/ohpc/pub/compiler/conda/latest/lib/python3.12/multiprocessing/util.py", line 303, in _run_finalizers
    finalizer()
  File "/opt/ohpc/pub/compiler/conda/latest/lib/python3.12/multiprocessing/util.py", line 227, in __call__
    res = self._callback(*self._args, **self._kwargs)
          ^^^^^^^^^^^^^^^^^^^^^^^^^^^^^^^^^^^^^^^^^^^
  File "/opt/ohpc/pub/compiler/conda/latest/lib/python3.12/multiprocessing/util.py", line 136, in _remove_temp_dir
    rmtree(tempdir, onerror=onerror)
  File "/opt/ohpc/pub/compiler/conda/latest/lib/python3.12/shutil.py", line 759, in rmtree
    _rmtree_safe_fd(stack, onexc)
  File "/opt/ohpc/pub/compiler/conda/latest/lib/python3.12/shutil.py", line 703, in _rmtree_safe_fd
    onexc(func, path, err)
  File "/opt/ohpc/pub/compiler/conda/latest/lib/python3.12/shutil.py", line 750, in onexc
    return onerror(func, path, exc_info)
           ^^^^^^^^^^^^^^^^^^^^^^^^^^^^^
  File "/opt/ohpc/pub/compiler/conda/latest/lib/python3.12/shutil.py", line 700, in _rmtree_safe_fd
    onexc(os.unlink, fullname, err)
  File "/opt/ohpc/pub/compiler/conda/latest/lib/python3.12/shutil.py", line 750, in onexc
    return onerror(func, path, exc_info)
           ^^^^^^^^^^^^^^^^^^^^^^^^^^^^^
  File "/opt/ohpc/pub/compiler/conda/latest/lib/python3.12/shutil.py", line 698, in _rmtree_safe_fd
    os.unlink(entry.name, dir_fd=topfd)
OSError: [Errno 16] Device or resource busy: '/tmp/pymp-gntjgqj2'
  File "/opt/ohpc/pub/compiler/conda/latest/lib/python3.12/multiprocessing/util.py", line 303, in _run_finalizers
    finalizer()
  File "/opt/ohpc/pub/compiler/conda/latest/lib/python3.12/multiprocessing/util.py", line 227, in __call__
    res = self._callback(*self._args, **self._kwargs)
          ^^^^^^^^^^^^^^^^^^^^^^^^^^^^^^^^^^^^^^^^^^^
  File "/opt/ohpc/pub/compiler/conda/latest/lib/python3.12/multiprocessing/util.py", line 303, in _run_finalizers
    finalizer()
  File "/opt/ohpc/pub/compiler/conda/latest/lib/python3.12/multiprocessing/util.py", line 136, in _remove_temp_dir
    rmtree(tempdir, onerror=onerror)
  File "/opt/ohpc/pub/compiler/conda/latest/lib/python3.12/shutil.py", line 759, in rmtree
    _rmtree_safe_fd(stack, onexc)
  File "/opt/ohpc/pub/compiler/conda/latest/lib/python3.12/shutil.py", line 703, in _rmtree_safe_fd
    onexc(func, path, err)
  File "/opt/ohpc/pub/compiler/conda/latest/lib/python3.12/multiprocessing/util.py", line 227, in __call__
    res = self._callback(*self._args, **self._kwargs)
          ^^^^^^^^^^^^^^^^^^^^^^^^^^^^^^^^^^^^^^^^^^^
  File "/opt/ohpc/pub/compiler/conda/latest/lib/python3.12/multiprocessing/util.py", line 303, in _run_finalizers
    finalizer()
  File "/opt/ohpc/pub/compiler/conda/latest/lib/python3.12/multiprocessing/util.py", line 136, in _remove_temp_dir
    rmtree(tempdir, onerror=onerror)
  File "/opt/ohpc/pub/compiler/conda/latest/lib/python3.12/shutil.py", line 750, in onexc
    return onerror(func, path, exc_info)
           ^^^^^^^^^^^^^^^^^^^^^^^^^^^^^
  File "/opt/ohpc/pub/compiler/conda/latest/lib/python3.12/shutil.py", line 759, in rmtree
    _rmtree_safe_fd(stack, onexc)
  File "/opt/ohpc/pub/compiler/conda/latest/lib/python3.12/shutil.py", line 700, in _rmtree_safe_fd
    onexc(os.unlink, fullname, err)
  File "/opt/ohpc/pub/compiler/conda/latest/lib/python3.12/multiprocessing/util.py", line 227, in __call__
    res = self._callback(*self._args, **self._kwargs)
          ^^^^^^^^^^^^^^^^^^^^^^^^^^^^^^^^^^^^^^^^^^^
  File "/opt/ohpc/pub/compiler/conda/latest/lib/python3.12/shutil.py", line 703, in _rmtree_safe_fd
    onexc(func, path, err)
  File "/opt/ohpc/pub/compiler/conda/latest/lib/python3.12/shutil.py", line 750, in onexc
    return onerror(func, path, exc_info)
           ^^^^^^^^^^^^^^^^^^^^^^^^^^^^^
  File "/opt/ohpc/pub/compiler/conda/latest/lib/python3.12/multiprocessing/util.py", line 136, in _remove_temp_dir
    rmtree(tempdir, onerror=onerror)
  File "/opt/ohpc/pub/compiler/conda/latest/lib/python3.12/shutil.py", line 698, in _rmtree_safe_fd
    os.unlink(entry.name, dir_fd=topfd)
  File "/opt/ohpc/pub/compiler/conda/latest/lib/python3.12/shutil.py", line 759, in rmtree
    _rmtree_safe_fd(stack, onexc)
  File "/opt/ohpc/pub/compiler/conda/latest/lib/python3.12/shutil.py", line 750, in onexc
    return onerror(func, path, exc_info)
           ^^^^^^^^^^^^^^^^^^^^^^^^^^^^^
  File "/opt/ohpc/pub/compiler/conda/latest/lib/python3.12/multiprocessing/util.py", line 303, in _run_finalizers
    finalizer()
  File "/opt/ohpc/pub/compiler/conda/latest/lib/python3.12/shutil.py", line 703, in _rmtree_safe_fd
    onexc(func, path, err)
  File "/opt/ohpc/pub/compiler/conda/latest/lib/python3.12/shutil.py", line 700, in _rmtree_safe_fd
    onexc(os.unlink, fullname, err)
  File "/opt/ohpc/pub/compiler/conda/latest/lib/python3.12/shutil.py", line 750, in onexc
    return onerror(func, path, exc_info)
           ^^^^^^^^^^^^^^^^^^^^^^^^^^^^^
  File "/opt/ohpc/pub/compiler/conda/latest/lib/python3.12/shutil.py", line 750, in onexc
    return onerror(func, path, exc_info)
           ^^^^^^^^^^^^^^^^^^^^^^^^^^^^^
  File "/opt/ohpc/pub/compiler/conda/latest/lib/python3.12/shutil.py", line 698, in _rmtree_safe_fd
    os.unlink(entry.name, dir_fd=topfd)
  File "/opt/ohpc/pub/compiler/conda/latest/lib/python3.12/multiprocessing/util.py", line 227, in __call__
    res = self._callback(*self._args, **self._kwargs)
          ^^^^^^^^^^^^^^^^^^^^^^^^^^^^^^^^^^^^^^^^^^^
  File "/opt/ohpc/pub/compiler/conda/latest/lib/python3.12/shutil.py", line 700, in _rmtree_safe_fd
    onexc(os.unlink, fullname, err)
OSError: [Errno 16] Device or resource busy: '/tmp/pymp-6wij3aa1'
  File "/opt/ohpc/pub/compiler/conda/latest/lib/python3.12/multiprocessing/util.py", line 136, in _remove_temp_dir
    rmtree(tempdir, onerror=onerror)
  File "/opt/ohpc/pub/compiler/conda/latest/lib/python3.12/shutil.py", line 750, in onexc
    return onerror(func, path, exc_info)
           ^^^^^^^^^^^^^^^^^^^^^^^^^^^^^
  File "/opt/ohpc/pub/compiler/conda/latest/lib/python3.12/shutil.py", line 759, in rmtree
    _rmtree_safe_fd(stack, onexc)
  File "/opt/ohpc/pub/compiler/conda/latest/lib/python3.12/shutil.py", line 698, in _rmtree_safe_fd
    os.unlink(entry.name, dir_fd=topfd)
  File "/opt/ohpc/pub/compiler/conda/latest/lib/python3.12/shutil.py", line 703, in _rmtree_safe_fd
    onexc(func, path, err)
  File "/opt/ohpc/pub/compiler/conda/latest/lib/python3.12/shutil.py", line 750, in onexc
    return onerror(func, path, exc_info)
           ^^^^^^^^^^^^^^^^^^^^^^^^^^^^^
OSError: [Errno 16] Device or resource busy: '/tmp/pymp-j7p7gezx'
  File "/opt/ohpc/pub/compiler/conda/latest/lib/python3.12/shutil.py", line 700, in _rmtree_safe_fd
    onexc(os.unlink, fullname, err)
  File "/opt/ohpc/pub/compiler/conda/latest/lib/python3.12/shutil.py", line 750, in onexc
    return onerror(func, path, exc_info)
           ^^^^^^^^^^^^^^^^^^^^^^^^^^^^^
OSError: [Errno 16] Device or resource busy: '/tmp/pymp-eg9qjoxg'
  File "/opt/ohpc/pub/compiler/conda/latest/lib/python3.12/shutil.py", line 698, in _rmtree_safe_fd
    os.unlink(entry.name, dir_fd=topfd)
OSError: [Errno 16] Device or resource busy: '/tmp/pymp-jvl2glzt'
Traceback (most recent call last):
Traceback (most recent call last):
  File "/opt/ohpc/pub/compiler/conda/latest/lib/python3.12/multiprocessing/util.py", line 303, in _run_finalizers
    finalizer()
  File "/opt/ohpc/pub/compiler/conda/latest/lib/python3.12/multiprocessing/util.py", line 227, in __call__
    res = self._callback(*self._args, **self._kwargs)
          ^^^^^^^^^^^^^^^^^^^^^^^^^^^^^^^^^^^^^^^^^^^
  File "/opt/ohpc/pub/compiler/conda/latest/lib/python3.12/multiprocessing/util.py", line 303, in _run_finalizers
    finalizer()
  File "/opt/ohpc/pub/compiler/conda/latest/lib/python3.12/multiprocessing/util.py", line 136, in _remove_temp_dir
    rmtree(tempdir, onerror=onerror)
  File "/opt/ohpc/pub/compiler/conda/latest/lib/python3.12/shutil.py", line 759, in rmtree
    _rmtree_safe_fd(stack, onexc)
  File "/opt/ohpc/pub/compiler/conda/latest/lib/python3.12/shutil.py", line 703, in _rmtree_safe_fd
    onexc(func, path, err)
  File "/opt/ohpc/pub/compiler/conda/latest/lib/python3.12/multiprocessing/util.py", line 227, in __call__
    res = self._callback(*self._args, **self._kwargs)
          ^^^^^^^^^^^^^^^^^^^^^^^^^^^^^^^^^^^^^^^^^^^
  File "/opt/ohpc/pub/compiler/conda/latest/lib/python3.12/multiprocessing/util.py", line 136, in _remove_temp_dir
    rmtree(tempdir, onerror=onerror)
  File "/opt/ohpc/pub/compiler/conda/latest/lib/python3.12/shutil.py", line 759, in rmtree
    _rmtree_safe_fd(stack, onexc)
  File "/opt/ohpc/pub/compiler/conda/latest/lib/python3.12/shutil.py", line 703, in _rmtree_safe_fd
    onexc(func, path, err)
  File "/opt/ohpc/pub/compiler/conda/latest/lib/python3.12/shutil.py", line 750, in onexc
    return onerror(func, path, exc_info)
           ^^^^^^^^^^^^^^^^^^^^^^^^^^^^^
  File "/opt/ohpc/pub/compiler/conda/latest/lib/python3.12/shutil.py", line 750, in onexc
    return onerror(func, path, exc_info)
           ^^^^^^^^^^^^^^^^^^^^^^^^^^^^^
  File "/opt/ohpc/pub/compiler/conda/latest/lib/python3.12/shutil.py", line 700, in _rmtree_safe_fd
    onexc(os.unlink, fullname, err)
  File "/opt/ohpc/pub/compiler/conda/latest/lib/python3.12/shutil.py", line 700, in _rmtree_safe_fd
    onexc(os.unlink, fullname, err)
  File "/opt/ohpc/pub/compiler/conda/latest/lib/python3.12/shutil.py", line 750, in onexc
    return onerror(func, path, exc_info)
           ^^^^^^^^^^^^^^^^^^^^^^^^^^^^^
  File "/opt/ohpc/pub/compiler/conda/latest/lib/python3.12/shutil.py", line 750, in onexc
    return onerror(func, path, exc_info)
           ^^^^^^^^^^^^^^^^^^^^^^^^^^^^^
  File "/opt/ohpc/pub/compiler/conda/latest/lib/python3.12/shutil.py", line 698, in _rmtree_safe_fd
    os.unlink(entry.name, dir_fd=topfd)
  File "/opt/ohpc/pub/compiler/conda/latest/lib/python3.12/shutil.py", line 698, in _rmtree_safe_fd
    os.unlink(entry.name, dir_fd=topfd)
OSError: [Errno 16] Device or resource busy: '/tmp/pymp-yiw3upup'
OSError: [Errno 16] Device or resource busy: '/tmp/pymp-n6c915je'
Traceback (most recent call last):
  File "/opt/ohpc/pub/compiler/conda/latest/lib/python3.12/multiprocessing/util.py", line 303, in _run_finalizers
    finalizer()
  File "/opt/ohpc/pub/compiler/conda/latest/lib/python3.12/multiprocessing/util.py", line 227, in __call__
    res = self._callback(*self._args, **self._kwargs)
          ^^^^^^^^^^^^^^^^^^^^^^^^^^^^^^^^^^^^^^^^^^^
  File "/opt/ohpc/pub/compiler/conda/latest/lib/python3.12/multiprocessing/util.py", line 136, in _remove_temp_dir
    rmtree(tempdir, onerror=onerror)
  File "/opt/ohpc/pub/compiler/conda/latest/lib/python3.12/shutil.py", line 759, in rmtree
    _rmtree_safe_fd(stack, onexc)
  File "/opt/ohpc/pub/compiler/conda/latest/lib/python3.12/shutil.py", line 703, in _rmtree_safe_fd
    onexc(func, path, err)
  File "/opt/ohpc/pub/compiler/conda/latest/lib/python3.12/shutil.py", line 750, in onexc
    return onerror(func, path, exc_info)
           ^^^^^^^^^^^^^^^^^^^^^^^^^^^^^
  File "/opt/ohpc/pub/compiler/conda/latest/lib/python3.12/shutil.py", line 700, in _rmtree_safe_fd
    onexc(os.unlink, fullname, err)
  File "/opt/ohpc/pub/compiler/conda/latest/lib/python3.12/shutil.py", line 750, in onexc
    return onerror(func, path, exc_info)
           ^^^^^^^^^^^^^^^^^^^^^^^^^^^^^
  File "/opt/ohpc/pub/compiler/conda/latest/lib/python3.12/shutil.py", line 698, in _rmtree_safe_fd
    os.unlink(entry.name, dir_fd=topfd)
OSError: [Errno 16] Device or resource busy: '/tmp/pymp-i980pph5'
Traceback (most recent call last):
Traceback (most recent call last):
  File "/opt/ohpc/pub/compiler/conda/latest/lib/python3.12/multiprocessing/util.py", line 303, in _run_finalizers
    finalizer()
  File "/opt/ohpc/pub/compiler/conda/latest/lib/python3.12/multiprocessing/util.py", line 227, in __call__
    res = self._callback(*self._args, **self._kwargs)
          ^^^^^^^^^^^^^^^^^^^^^^^^^^^^^^^^^^^^^^^^^^^
  File "/opt/ohpc/pub/compiler/conda/latest/lib/python3.12/multiprocessing/util.py", line 136, in _remove_temp_dir
    rmtree(tempdir, onerror=onerror)
  File "/opt/ohpc/pub/compiler/conda/latest/lib/python3.12/shutil.py", line 759, in rmtree
    _rmtree_safe_fd(stack, onexc)
  File "/opt/ohpc/pub/compiler/conda/latest/lib/python3.12/shutil.py", line 703, in _rmtree_safe_fd
    onexc(func, path, err)
  File "/opt/ohpc/pub/compiler/conda/latest/lib/python3.12/shutil.py", line 750, in onexc
    return onerror(func, path, exc_info)
           ^^^^^^^^^^^^^^^^^^^^^^^^^^^^^
  File "/opt/ohpc/pub/compiler/conda/latest/lib/python3.12/shutil.py", line 700, in _rmtree_safe_fd
    onexc(os.unlink, fullname, err)
  File "/opt/ohpc/pub/compiler/conda/latest/lib/python3.12/shutil.py", line 750, in onexc
    return onerror(func, path, exc_info)
           ^^^^^^^^^^^^^^^^^^^^^^^^^^^^^
  File "/opt/ohpc/pub/compiler/conda/latest/lib/python3.12/shutil.py", line 698, in _rmtree_safe_fd
    os.unlink(entry.name, dir_fd=topfd)
  File "/opt/ohpc/pub/compiler/conda/latest/lib/python3.12/multiprocessing/util.py", line 303, in _run_finalizers
    finalizer()
OSError: [Errno 16] Device or resource busy: '/tmp/pymp-oo201je6'
  File "/opt/ohpc/pub/compiler/conda/latest/lib/python3.12/multiprocessing/util.py", line 227, in __call__
    res = self._callback(*self._args, **self._kwargs)
          ^^^^^^^^^^^^^^^^^^^^^^^^^^^^^^^^^^^^^^^^^^^
  File "/opt/ohpc/pub/compiler/conda/latest/lib/python3.12/multiprocessing/util.py", line 136, in _remove_temp_dir
    rmtree(tempdir, onerror=onerror)
  File "/opt/ohpc/pub/compiler/conda/latest/lib/python3.12/shutil.py", line 759, in rmtree
    _rmtree_safe_fd(stack, onexc)
  File "/opt/ohpc/pub/compiler/conda/latest/lib/python3.12/shutil.py", line 703, in _rmtree_safe_fd
    onexc(func, path, err)
  File "/opt/ohpc/pub/compiler/conda/latest/lib/python3.12/shutil.py", line 750, in onexc
    return onerror(func, path, exc_info)
           ^^^^^^^^^^^^^^^^^^^^^^^^^^^^^
  File "/opt/ohpc/pub/compiler/conda/latest/lib/python3.12/shutil.py", line 700, in _rmtree_safe_fd
    onexc(os.unlink, fullname, err)
  File "/opt/ohpc/pub/compiler/conda/latest/lib/python3.12/shutil.py", line 750, in onexc
    return onerror(func, path, exc_info)
           ^^^^^^^^^^^^^^^^^^^^^^^^^^^^^
  File "/opt/ohpc/pub/compiler/conda/latest/lib/python3.12/shutil.py", line 698, in _rmtree_safe_fd
    os.unlink(entry.name, dir_fd=topfd)
OSError: [Errno 16] Device or resource busy: '/tmp/pymp-oexqwk_5'
Traceback (most recent call last):
Traceback (most recent call last):
  File "/opt/ohpc/pub/compiler/conda/latest/lib/python3.12/multiprocessing/util.py", line 303, in _run_finalizers
    finalizer()
  File "/opt/ohpc/pub/compiler/conda/latest/lib/python3.12/multiprocessing/util.py", line 227, in __call__
    res = self._callback(*self._args, **self._kwargs)
          ^^^^^^^^^^^^^^^^^^^^^^^^^^^^^^^^^^^^^^^^^^^
  File "/opt/ohpc/pub/compiler/conda/latest/lib/python3.12/multiprocessing/util.py", line 136, in _remove_temp_dir
    rmtree(tempdir, onerror=onerror)
  File "/opt/ohpc/pub/compiler/conda/latest/lib/python3.12/shutil.py", line 759, in rmtree
    _rmtree_safe_fd(stack, onexc)
  File "/opt/ohpc/pub/compiler/conda/latest/lib/python3.12/shutil.py", line 703, in _rmtree_safe_fd
    onexc(func, path, err)
  File "/opt/ohpc/pub/compiler/conda/latest/lib/python3.12/shutil.py", line 750, in onexc
    return onerror(func, path, exc_info)
           ^^^^^^^^^^^^^^^^^^^^^^^^^^^^^
  File "/opt/ohpc/pub/compiler/conda/latest/lib/python3.12/shutil.py", line 700, in _rmtree_safe_fd
    onexc(os.unlink, fullname, err)
  File "/opt/ohpc/pub/compiler/conda/latest/lib/python3.12/shutil.py", line 750, in onexc
    return onerror(func, path, exc_info)
           ^^^^^^^^^^^^^^^^^^^^^^^^^^^^^
  File "/opt/ohpc/pub/compiler/conda/latest/lib/python3.12/shutil.py", line 698, in _rmtree_safe_fd
    os.unlink(entry.name, dir_fd=topfd)
OSError: [Errno 16] Device or resource busy: '/tmp/pymp-g_qrheil'
  File "/opt/ohpc/pub/compiler/conda/latest/lib/python3.12/multiprocessing/util.py", line 303, in _run_finalizers
    finalizer()
  File "/opt/ohpc/pub/compiler/conda/latest/lib/python3.12/multiprocessing/util.py", line 227, in __call__
    res = self._callback(*self._args, **self._kwargs)
          ^^^^^^^^^^^^^^^^^^^^^^^^^^^^^^^^^^^^^^^^^^^
  File "/opt/ohpc/pub/compiler/conda/latest/lib/python3.12/multiprocessing/util.py", line 136, in _remove_temp_dir
    rmtree(tempdir, onerror=onerror)
  File "/opt/ohpc/pub/compiler/conda/latest/lib/python3.12/shutil.py", line 759, in rmtree
    _rmtree_safe_fd(stack, onexc)
  File "/opt/ohpc/pub/compiler/conda/latest/lib/python3.12/shutil.py", line 703, in _rmtree_safe_fd
    onexc(func, path, err)
  File "/opt/ohpc/pub/compiler/conda/latest/lib/python3.12/shutil.py", line 750, in onexc
    return onerror(func, path, exc_info)
           ^^^^^^^^^^^^^^^^^^^^^^^^^^^^^
  File "/opt/ohpc/pub/compiler/conda/latest/lib/python3.12/shutil.py", line 700, in _rmtree_safe_fd
    onexc(os.unlink, fullname, err)
  File "/opt/ohpc/pub/compiler/conda/latest/lib/python3.12/shutil.py", line 750, in onexc
    return onerror(func, path, exc_info)
           ^^^^^^^^^^^^^^^^^^^^^^^^^^^^^
  File "/opt/ohpc/pub/compiler/conda/latest/lib/python3.12/shutil.py", line 698, in _rmtree_safe_fd
    os.unlink(entry.name, dir_fd=topfd)
OSError: [Errno 16] Device or resource busy: '/tmp/pymp-kdingjxw'
Traceback (most recent call last):
Traceback (most recent call last):
Traceback (most recent call last):
Traceback (most recent call last):
  File "/opt/ohpc/pub/compiler/conda/latest/lib/python3.12/multiprocessing/util.py", line 303, in _run_finalizers
    finalizer()
  File "/opt/ohpc/pub/compiler/conda/latest/lib/python3.12/multiprocessing/util.py", line 227, in __call__
    res = self._callback(*self._args, **self._kwargs)
          ^^^^^^^^^^^^^^^^^^^^^^^^^^^^^^^^^^^^^^^^^^^
  File "/opt/ohpc/pub/compiler/conda/latest/lib/python3.12/multiprocessing/util.py", line 136, in _remove_temp_dir
    rmtree(tempdir, onerror=onerror)
  File "/opt/ohpc/pub/compiler/conda/latest/lib/python3.12/shutil.py", line 759, in rmtree
    _rmtree_safe_fd(stack, onexc)
  File "/opt/ohpc/pub/compiler/conda/latest/lib/python3.12/shutil.py", line 703, in _rmtree_safe_fd
    onexc(func, path, err)
  File "/opt/ohpc/pub/compiler/conda/latest/lib/python3.12/shutil.py", line 750, in onexc
    return onerror(func, path, exc_info)
           ^^^^^^^^^^^^^^^^^^^^^^^^^^^^^
  File "/opt/ohpc/pub/compiler/conda/latest/lib/python3.12/shutil.py", line 700, in _rmtree_safe_fd
    onexc(os.unlink, fullname, err)
  File "/opt/ohpc/pub/compiler/conda/latest/lib/python3.12/shutil.py", line 750, in onexc
    return onerror(func, path, exc_info)
           ^^^^^^^^^^^^^^^^^^^^^^^^^^^^^
  File "/opt/ohpc/pub/compiler/conda/latest/lib/python3.12/shutil.py", line 698, in _rmtree_safe_fd
    os.unlink(entry.name, dir_fd=topfd)
OSError: [Errno 16] Device or resource busy: '/tmp/pymp-3p5a68jt'
  File "/opt/ohpc/pub/compiler/conda/latest/lib/python3.12/multiprocessing/util.py", line 303, in _run_finalizers
    finalizer()
  File "/opt/ohpc/pub/compiler/conda/latest/lib/python3.12/multiprocessing/util.py", line 227, in __call__
    res = self._callback(*self._args, **self._kwargs)
          ^^^^^^^^^^^^^^^^^^^^^^^^^^^^^^^^^^^^^^^^^^^
  File "/opt/ohpc/pub/compiler/conda/latest/lib/python3.12/multiprocessing/util.py", line 136, in _remove_temp_dir
    rmtree(tempdir, onerror=onerror)
  File "/opt/ohpc/pub/compiler/conda/latest/lib/python3.12/shutil.py", line 759, in rmtree
    _rmtree_safe_fd(stack, onexc)
  File "/opt/ohpc/pub/compiler/conda/latest/lib/python3.12/shutil.py", line 703, in _rmtree_safe_fd
    onexc(func, path, err)
  File "/opt/ohpc/pub/compiler/conda/latest/lib/python3.12/shutil.py", line 750, in onexc
    return onerror(func, path, exc_info)
           ^^^^^^^^^^^^^^^^^^^^^^^^^^^^^
  File "/opt/ohpc/pub/compiler/conda/latest/lib/python3.12/shutil.py", line 700, in _rmtree_safe_fd
    onexc(os.unlink, fullname, err)
  File "/opt/ohpc/pub/compiler/conda/latest/lib/python3.12/shutil.py", line 750, in onexc
    return onerror(func, path, exc_info)
           ^^^^^^^^^^^^^^^^^^^^^^^^^^^^^
  File "/opt/ohpc/pub/compiler/conda/latest/lib/python3.12/shutil.py", line 698, in _rmtree_safe_fd
    os.unlink(entry.name, dir_fd=topfd)
OSError: [Errno 16] Device or resource busy: '/tmp/pymp-imky65o2'
  File "/opt/ohpc/pub/compiler/conda/latest/lib/python3.12/multiprocessing/util.py", line 303, in _run_finalizers
    finalizer()
  File "/opt/ohpc/pub/compiler/conda/latest/lib/python3.12/multiprocessing/util.py", line 227, in __call__
    res = self._callback(*self._args, **self._kwargs)
          ^^^^^^^^^^^^^^^^^^^^^^^^^^^^^^^^^^^^^^^^^^^
  File "/opt/ohpc/pub/compiler/conda/latest/lib/python3.12/multiprocessing/util.py", line 136, in _remove_temp_dir
    rmtree(tempdir, onerror=onerror)
  File "/opt/ohpc/pub/compiler/conda/latest/lib/python3.12/shutil.py", line 759, in rmtree
    _rmtree_safe_fd(stack, onexc)
  File "/opt/ohpc/pub/compiler/conda/latest/lib/python3.12/shutil.py", line 703, in _rmtree_safe_fd
    onexc(func, path, err)
  File "/opt/ohpc/pub/compiler/conda/latest/lib/python3.12/shutil.py", line 750, in onexc
    return onerror(func, path, exc_info)
           ^^^^^^^^^^^^^^^^^^^^^^^^^^^^^
  File "/opt/ohpc/pub/compiler/conda/latest/lib/python3.12/shutil.py", line 700, in _rmtree_safe_fd
    onexc(os.unlink, fullname, err)
  File "/opt/ohpc/pub/compiler/conda/latest/lib/python3.12/shutil.py", line 750, in onexc
    return onerror(func, path, exc_info)
           ^^^^^^^^^^^^^^^^^^^^^^^^^^^^^
  File "/opt/ohpc/pub/compiler/conda/latest/lib/python3.12/shutil.py", line 698, in _rmtree_safe_fd
    os.unlink(entry.name, dir_fd=topfd)
OSError: [Errno 16] Device or resource busy: '/tmp/pymp-yjxb111p'
  File "/opt/ohpc/pub/compiler/conda/latest/lib/python3.12/multiprocessing/util.py", line 303, in _run_finalizers
    finalizer()
  File "/opt/ohpc/pub/compiler/conda/latest/lib/python3.12/multiprocessing/util.py", line 227, in __call__
    res = self._callback(*self._args, **self._kwargs)
          ^^^^^^^^^^^^^^^^^^^^^^^^^^^^^^^^^^^^^^^^^^^
  File "/opt/ohpc/pub/compiler/conda/latest/lib/python3.12/multiprocessing/util.py", line 136, in _remove_temp_dir
    rmtree(tempdir, onerror=onerror)
  File "/opt/ohpc/pub/compiler/conda/latest/lib/python3.12/shutil.py", line 759, in rmtree
    _rmtree_safe_fd(stack, onexc)
  File "/opt/ohpc/pub/compiler/conda/latest/lib/python3.12/shutil.py", line 703, in _rmtree_safe_fd
    onexc(func, path, err)
  File "/opt/ohpc/pub/compiler/conda/latest/lib/python3.12/shutil.py", line 750, in onexc
    return onerror(func, path, exc_info)
           ^^^^^^^^^^^^^^^^^^^^^^^^^^^^^
  File "/opt/ohpc/pub/compiler/conda/latest/lib/python3.12/shutil.py", line 700, in _rmtree_safe_fd
    onexc(os.unlink, fullname, err)
  File "/opt/ohpc/pub/compiler/conda/latest/lib/python3.12/shutil.py", line 750, in onexc
    return onerror(func, path, exc_info)
           ^^^^^^^^^^^^^^^^^^^^^^^^^^^^^
  File "/opt/ohpc/pub/compiler/conda/latest/lib/python3.12/shutil.py", line 698, in _rmtree_safe_fd
    os.unlink(entry.name, dir_fd=topfd)
OSError: [Errno 16] Device or resource busy: '/tmp/pymp-bmeeqd3a'
Traceback (most recent call last):
  File "/opt/ohpc/pub/compiler/conda/latest/lib/python3.12/multiprocessing/util.py", line 303, in _run_finalizers
    finalizer()
  File "/opt/ohpc/pub/compiler/conda/latest/lib/python3.12/multiprocessing/util.py", line 227, in __call__
    res = self._callback(*self._args, **self._kwargs)
          ^^^^^^^^^^^^^^^^^^^^^^^^^^^^^^^^^^^^^^^^^^^
  File "/opt/ohpc/pub/compiler/conda/latest/lib/python3.12/multiprocessing/util.py", line 136, in _remove_temp_dir
    rmtree(tempdir, onerror=onerror)
  File "/opt/ohpc/pub/compiler/conda/latest/lib/python3.12/shutil.py", line 759, in rmtree
    _rmtree_safe_fd(stack, onexc)
  File "/opt/ohpc/pub/compiler/conda/latest/lib/python3.12/shutil.py", line 703, in _rmtree_safe_fd
    onexc(func, path, err)
  File "/opt/ohpc/pub/compiler/conda/latest/lib/python3.12/shutil.py", line 750, in onexc
    return onerror(func, path, exc_info)
           ^^^^^^^^^^^^^^^^^^^^^^^^^^^^^
  File "/opt/ohpc/pub/compiler/conda/latest/lib/python3.12/shutil.py", line 700, in _rmtree_safe_fd
    onexc(os.unlink, fullname, err)
  File "/opt/ohpc/pub/compiler/conda/latest/lib/python3.12/shutil.py", line 750, in onexc
    return onerror(func, path, exc_info)
           ^^^^^^^^^^^^^^^^^^^^^^^^^^^^^
  File "/opt/ohpc/pub/compiler/conda/latest/lib/python3.12/shutil.py", line 698, in _rmtree_safe_fd
    os.unlink(entry.name, dir_fd=topfd)
OSError: [Errno 16] Device or resource busy: '/tmp/pymp-jwexxhsi'
Traceback (most recent call last):
  File "/opt/ohpc/pub/compiler/conda/latest/lib/python3.12/multiprocessing/util.py", line 303, in _run_finalizers
    finalizer()
  File "/opt/ohpc/pub/compiler/conda/latest/lib/python3.12/multiprocessing/util.py", line 227, in __call__
    res = self._callback(*self._args, **self._kwargs)
          ^^^^^^^^^^^^^^^^^^^^^^^^^^^^^^^^^^^^^^^^^^^
  File "/opt/ohpc/pub/compiler/conda/latest/lib/python3.12/multiprocessing/util.py", line 136, in _remove_temp_dir
    rmtree(tempdir, onerror=onerror)
  File "/opt/ohpc/pub/compiler/conda/latest/lib/python3.12/shutil.py", line 759, in rmtree
    _rmtree_safe_fd(stack, onexc)
  File "/opt/ohpc/pub/compiler/conda/latest/lib/python3.12/shutil.py", line 703, in _rmtree_safe_fd
    onexc(func, path, err)
  File "/opt/ohpc/pub/compiler/conda/latest/lib/python3.12/shutil.py", line 750, in onexc
    return onerror(func, path, exc_info)
           ^^^^^^^^^^^^^^^^^^^^^^^^^^^^^
  File "/opt/ohpc/pub/compiler/conda/latest/lib/python3.12/shutil.py", line 700, in _rmtree_safe_fd
    onexc(os.unlink, fullname, err)
  File "/opt/ohpc/pub/compiler/conda/latest/lib/python3.12/shutil.py", line 750, in onexc
    return onerror(func, path, exc_info)
           ^^^^^^^^^^^^^^^^^^^^^^^^^^^^^
  File "/opt/ohpc/pub/compiler/conda/latest/lib/python3.12/shutil.py", line 698, in _rmtree_safe_fd
    os.unlink(entry.name, dir_fd=topfd)
OSError: [Errno 16] Device or resource busy: '/tmp/pymp-ko0r66fg'
[val 000] loss=-0.0106 z_std=0.0484 rankme=80.641 lidar=53.998 areq=1.293 pr=2.75 align=0.6741 unif=-1.764 converged=False collapsed=False
  e001 it0000/62 lr=0.0003 loss=+0.0232 z_std=0.0644
  e001 it0010/62 lr=0.0004 loss=-0.0020 z_std=0.0644
  e001 it0020/62 lr=0.0004 loss=-0.0067 z_std=0.0643
  e001 it0030/62 lr=0.0005 loss=-0.0088 z_std=0.0643
  e001 it0040/62 lr=0.0005 loss=-0.0103 z_std=0.0643
  e001 it0050/62 lr=0.0006 loss=-0.0119 z_std=0.0643
  e001 it0060/62 lr=0.0006 loss=-0.0122 z_std=0.0643
[epoch 001] loss=-0.0125 z_std=0.0643 (healthy~0.0625) time=190.4s
Traceback (most recent call last):
Traceback (most recent call last):
Traceback (most recent call last):
Traceback (most recent call last):
Traceback (most recent call last):
Traceback (most recent call last):
Traceback (most recent call last):
Traceback (most recent call last):
Traceback (most recent call last):
  File "/opt/ohpc/pub/compiler/conda/latest/lib/python3.12/multiprocessing/util.py", line 303, in _run_finalizers
    finalizer()
  File "/opt/ohpc/pub/compiler/conda/latest/lib/python3.12/multiprocessing/util.py", line 227, in __call__
    res = self._callback(*self._args, **self._kwargs)
          ^^^^^^^^^^^^^^^^^^^^^^^^^^^^^^^^^^^^^^^^^^^
  File "/opt/ohpc/pub/compiler/conda/latest/lib/python3.12/multiprocessing/util.py", line 136, in _remove_temp_dir
    rmtree(tempdir, onerror=onerror)
  File "/opt/ohpc/pub/compiler/conda/latest/lib/python3.12/shutil.py", line 759, in rmtree
    _rmtree_safe_fd(stack, onexc)
  File "/opt/ohpc/pub/compiler/conda/latest/lib/python3.12/shutil.py", line 703, in _rmtree_safe_fd
    onexc(func, path, err)
  File "/opt/ohpc/pub/compiler/conda/latest/lib/python3.12/shutil.py", line 750, in onexc
    return onerror(func, path, exc_info)
           ^^^^^^^^^^^^^^^^^^^^^^^^^^^^^
  File "/opt/ohpc/pub/compiler/conda/latest/lib/python3.12/shutil.py", line 700, in _rmtree_safe_fd
    onexc(os.unlink, fullname, err)
  File "/opt/ohpc/pub/compiler/conda/latest/lib/python3.12/shutil.py", line 750, in onexc
    return onerror(func, path, exc_info)
           ^^^^^^^^^^^^^^^^^^^^^^^^^^^^^
  File "/opt/ohpc/pub/compiler/conda/latest/lib/python3.12/shutil.py", line 698, in _rmtree_safe_fd
    os.unlink(entry.name, dir_fd=topfd)
OSError: [Errno 16] Device or resource busy: '/tmp/pymp-o2qxvj67'
Traceback (most recent call last):
  File "/opt/ohpc/pub/compiler/conda/latest/lib/python3.12/multiprocessing/util.py", line 303, in _run_finalizers
    finalizer()
  File "/opt/ohpc/pub/compiler/conda/latest/lib/python3.12/multiprocessing/util.py", line 227, in __call__
    res = self._callback(*self._args, **self._kwargs)
          ^^^^^^^^^^^^^^^^^^^^^^^^^^^^^^^^^^^^^^^^^^^
  File "/opt/ohpc/pub/compiler/conda/latest/lib/python3.12/multiprocessing/util.py", line 136, in _remove_temp_dir
    rmtree(tempdir, onerror=onerror)
  File "/opt/ohpc/pub/compiler/conda/latest/lib/python3.12/shutil.py", line 759, in rmtree
    _rmtree_safe_fd(stack, onexc)
  File "/opt/ohpc/pub/compiler/conda/latest/lib/python3.12/shutil.py", line 703, in _rmtree_safe_fd
    onexc(func, path, err)
  File "/opt/ohpc/pub/compiler/conda/latest/lib/python3.12/shutil.py", line 750, in onexc
    return onerror(func, path, exc_info)
           ^^^^^^^^^^^^^^^^^^^^^^^^^^^^^
  File "/opt/ohpc/pub/compiler/conda/latest/lib/python3.12/shutil.py", line 700, in _rmtree_safe_fd
    onexc(os.unlink, fullname, err)
  File "/opt/ohpc/pub/compiler/conda/latest/lib/python3.12/shutil.py", line 750, in onexc
    return onerror(func, path, exc_info)
           ^^^^^^^^^^^^^^^^^^^^^^^^^^^^^
  File "/opt/ohpc/pub/compiler/conda/latest/lib/python3.12/shutil.py", line 698, in _rmtree_safe_fd
    os.unlink(entry.name, dir_fd=topfd)
OSError: [Errno 16] Device or resource busy: '/tmp/pymp-otfuycs4'
  File "/opt/ohpc/pub/compiler/conda/latest/lib/python3.12/multiprocessing/util.py", line 303, in _run_finalizers
    finalizer()
  File "/opt/ohpc/pub/compiler/conda/latest/lib/python3.12/multiprocessing/util.py", line 227, in __call__
    res = self._callback(*self._args, **self._kwargs)
          ^^^^^^^^^^^^^^^^^^^^^^^^^^^^^^^^^^^^^^^^^^^
  File "/opt/ohpc/pub/compiler/conda/latest/lib/python3.12/multiprocessing/util.py", line 136, in _remove_temp_dir
    rmtree(tempdir, onerror=onerror)
  File "/opt/ohpc/pub/compiler/conda/latest/lib/python3.12/multiprocessing/util.py", line 303, in _run_finalizers
    finalizer()
  File "/opt/ohpc/pub/compiler/conda/latest/lib/python3.12/multiprocessing/util.py", line 303, in _run_finalizers
    finalizer()
  File "/opt/ohpc/pub/compiler/conda/latest/lib/python3.12/shutil.py", line 759, in rmtree
    _rmtree_safe_fd(stack, onexc)
  File "/opt/ohpc/pub/compiler/conda/latest/lib/python3.12/shutil.py", line 703, in _rmtree_safe_fd
    onexc(func, path, err)
  File "/opt/ohpc/pub/compiler/conda/latest/lib/python3.12/multiprocessing/util.py", line 227, in __call__
    res = self._callback(*self._args, **self._kwargs)
          ^^^^^^^^^^^^^^^^^^^^^^^^^^^^^^^^^^^^^^^^^^^
  File "/opt/ohpc/pub/compiler/conda/latest/lib/python3.12/shutil.py", line 750, in onexc
    return onerror(func, path, exc_info)
           ^^^^^^^^^^^^^^^^^^^^^^^^^^^^^
  File "/opt/ohpc/pub/compiler/conda/latest/lib/python3.12/multiprocessing/util.py", line 227, in __call__
    res = self._callback(*self._args, **self._kwargs)
          ^^^^^^^^^^^^^^^^^^^^^^^^^^^^^^^^^^^^^^^^^^^
  File "/opt/ohpc/pub/compiler/conda/latest/lib/python3.12/multiprocessing/util.py", line 136, in _remove_temp_dir
    rmtree(tempdir, onerror=onerror)
  File "/opt/ohpc/pub/compiler/conda/latest/lib/python3.12/shutil.py", line 700, in _rmtree_safe_fd
    onexc(os.unlink, fullname, err)
  File "/opt/ohpc/pub/compiler/conda/latest/lib/python3.12/multiprocessing/util.py", line 136, in _remove_temp_dir
    rmtree(tempdir, onerror=onerror)
  File "/opt/ohpc/pub/compiler/conda/latest/lib/python3.12/shutil.py", line 759, in rmtree
    _rmtree_safe_fd(stack, onexc)
  File "/opt/ohpc/pub/compiler/conda/latest/lib/python3.12/shutil.py", line 750, in onexc
    return onerror(func, path, exc_info)
           ^^^^^^^^^^^^^^^^^^^^^^^^^^^^^
  File "/opt/ohpc/pub/compiler/conda/latest/lib/python3.12/shutil.py", line 759, in rmtree
    _rmtree_safe_fd(stack, onexc)
  File "/opt/ohpc/pub/compiler/conda/latest/lib/python3.12/shutil.py", line 703, in _rmtree_safe_fd
    onexc(func, path, err)
  File "/opt/ohpc/pub/compiler/conda/latest/lib/python3.12/shutil.py", line 698, in _rmtree_safe_fd
    os.unlink(entry.name, dir_fd=topfd)
  File "/opt/ohpc/pub/compiler/conda/latest/lib/python3.12/shutil.py", line 703, in _rmtree_safe_fd
    onexc(func, path, err)
  File "/opt/ohpc/pub/compiler/conda/latest/lib/python3.12/shutil.py", line 750, in onexc
    return onerror(func, path, exc_info)
           ^^^^^^^^^^^^^^^^^^^^^^^^^^^^^
  File "/opt/ohpc/pub/compiler/conda/latest/lib/python3.12/shutil.py", line 750, in onexc
    return onerror(func, path, exc_info)
           ^^^^^^^^^^^^^^^^^^^^^^^^^^^^^
  File "/opt/ohpc/pub/compiler/conda/latest/lib/python3.12/shutil.py", line 700, in _rmtree_safe_fd
    onexc(os.unlink, fullname, err)
  File "/opt/ohpc/pub/compiler/conda/latest/lib/python3.12/shutil.py", line 700, in _rmtree_safe_fd
    onexc(os.unlink, fullname, err)
  File "/opt/ohpc/pub/compiler/conda/latest/lib/python3.12/shutil.py", line 750, in onexc
    return onerror(func, path, exc_info)
           ^^^^^^^^^^^^^^^^^^^^^^^^^^^^^
  File "/opt/ohpc/pub/compiler/conda/latest/lib/python3.12/shutil.py", line 750, in onexc
    return onerror(func, path, exc_info)
           ^^^^^^^^^^^^^^^^^^^^^^^^^^^^^
  File "/opt/ohpc/pub/compiler/conda/latest/lib/python3.12/shutil.py", line 698, in _rmtree_safe_fd
    os.unlink(entry.name, dir_fd=topfd)
  File "/opt/ohpc/pub/compiler/conda/latest/lib/python3.12/shutil.py", line 698, in _rmtree_safe_fd
    os.unlink(entry.name, dir_fd=topfd)
OSError: [Errno 16] Device or resource busy: '/tmp/pymp-5upcmrev'
  File "/opt/ohpc/pub/compiler/conda/latest/lib/python3.12/multiprocessing/util.py", line 303, in _run_finalizers
    finalizer()
OSError: [Errno 16] Device or resource busy: '/tmp/pymp-m8r0q6kz'
  File "/opt/ohpc/pub/compiler/conda/latest/lib/python3.12/multiprocessing/util.py", line 227, in __call__
    res = self._callback(*self._args, **self._kwargs)
          ^^^^^^^^^^^^^^^^^^^^^^^^^^^^^^^^^^^^^^^^^^^
OSError: [Errno 16] Device or resource busy: '/tmp/pymp-y1i71vci'
  File "/opt/ohpc/pub/compiler/conda/latest/lib/python3.12/multiprocessing/util.py", line 136, in _remove_temp_dir
    rmtree(tempdir, onerror=onerror)
  File "/opt/ohpc/pub/compiler/conda/latest/lib/python3.12/shutil.py", line 759, in rmtree
    _rmtree_safe_fd(stack, onexc)
  File "/opt/ohpc/pub/compiler/conda/latest/lib/python3.12/shutil.py", line 703, in _rmtree_safe_fd
    onexc(func, path, err)
  File "/opt/ohpc/pub/compiler/conda/latest/lib/python3.12/shutil.py", line 750, in onexc
    return onerror(func, path, exc_info)
           ^^^^^^^^^^^^^^^^^^^^^^^^^^^^^
  File "/opt/ohpc/pub/compiler/conda/latest/lib/python3.12/shutil.py", line 700, in _rmtree_safe_fd
    onexc(os.unlink, fullname, err)
  File "/opt/ohpc/pub/compiler/conda/latest/lib/python3.12/shutil.py", line 750, in onexc
    return onerror(func, path, exc_info)
           ^^^^^^^^^^^^^^^^^^^^^^^^^^^^^
  File "/opt/ohpc/pub/compiler/conda/latest/lib/python3.12/shutil.py", line 698, in _rmtree_safe_fd
    os.unlink(entry.name, dir_fd=topfd)
OSError: [Errno 16] Device or resource busy: '/tmp/pymp-14ckyvcf'
  File "/opt/ohpc/pub/compiler/conda/latest/lib/python3.12/multiprocessing/util.py", line 303, in _run_finalizers
    finalizer()
  File "/opt/ohpc/pub/compiler/conda/latest/lib/python3.12/multiprocessing/util.py", line 303, in _run_finalizers
    finalizer()
  File "/opt/ohpc/pub/compiler/conda/latest/lib/python3.12/multiprocessing/util.py", line 227, in __call__
    res = self._callback(*self._args, **self._kwargs)
          ^^^^^^^^^^^^^^^^^^^^^^^^^^^^^^^^^^^^^^^^^^^
  File "/opt/ohpc/pub/compiler/conda/latest/lib/python3.12/multiprocessing/util.py", line 136, in _remove_temp_dir
    rmtree(tempdir, onerror=onerror)
  File "/opt/ohpc/pub/compiler/conda/latest/lib/python3.12/multiprocessing/util.py", line 227, in __call__
    res = self._callback(*self._args, **self._kwargs)
          ^^^^^^^^^^^^^^^^^^^^^^^^^^^^^^^^^^^^^^^^^^^
  File "/opt/ohpc/pub/compiler/conda/latest/lib/python3.12/shutil.py", line 759, in rmtree
    _rmtree_safe_fd(stack, onexc)
  File "/opt/ohpc/pub/compiler/conda/latest/lib/python3.12/multiprocessing/util.py", line 136, in _remove_temp_dir
    rmtree(tempdir, onerror=onerror)
  File "/opt/ohpc/pub/compiler/conda/latest/lib/python3.12/shutil.py", line 703, in _rmtree_safe_fd
    onexc(func, path, err)
  File "/opt/ohpc/pub/compiler/conda/latest/lib/python3.12/shutil.py", line 759, in rmtree
    _rmtree_safe_fd(stack, onexc)
  File "/opt/ohpc/pub/compiler/conda/latest/lib/python3.12/shutil.py", line 750, in onexc
    return onerror(func, path, exc_info)
           ^^^^^^^^^^^^^^^^^^^^^^^^^^^^^
  File "/opt/ohpc/pub/compiler/conda/latest/lib/python3.12/shutil.py", line 703, in _rmtree_safe_fd
    onexc(func, path, err)
  File "/opt/ohpc/pub/compiler/conda/latest/lib/python3.12/shutil.py", line 700, in _rmtree_safe_fd
    onexc(os.unlink, fullname, err)
  File "/opt/ohpc/pub/compiler/conda/latest/lib/python3.12/shutil.py", line 750, in onexc
    return onerror(func, path, exc_info)
           ^^^^^^^^^^^^^^^^^^^^^^^^^^^^^
  File "/opt/ohpc/pub/compiler/conda/latest/lib/python3.12/shutil.py", line 750, in onexc
    return onerror(func, path, exc_info)
           ^^^^^^^^^^^^^^^^^^^^^^^^^^^^^
  File "/opt/ohpc/pub/compiler/conda/latest/lib/python3.12/shutil.py", line 700, in _rmtree_safe_fd
    onexc(os.unlink, fullname, err)
  File "/opt/ohpc/pub/compiler/conda/latest/lib/python3.12/shutil.py", line 698, in _rmtree_safe_fd
    os.unlink(entry.name, dir_fd=topfd)
  File "/opt/ohpc/pub/compiler/conda/latest/lib/python3.12/shutil.py", line 750, in onexc
    return onerror(func, path, exc_info)
           ^^^^^^^^^^^^^^^^^^^^^^^^^^^^^
  File "/opt/ohpc/pub/compiler/conda/latest/lib/python3.12/shutil.py", line 698, in _rmtree_safe_fd
    os.unlink(entry.name, dir_fd=topfd)
OSError: [Errno 16] Device or resource busy: '/tmp/pymp-nt3_syj7'
OSError: [Errno 16] Device or resource busy: '/tmp/pymp-6ut7jbo7'
  File "/opt/ohpc/pub/compiler/conda/latest/lib/python3.12/multiprocessing/util.py", line 303, in _run_finalizers
    finalizer()
  File "/opt/ohpc/pub/compiler/conda/latest/lib/python3.12/multiprocessing/util.py", line 227, in __call__
    res = self._callback(*self._args, **self._kwargs)
          ^^^^^^^^^^^^^^^^^^^^^^^^^^^^^^^^^^^^^^^^^^^
  File "/opt/ohpc/pub/compiler/conda/latest/lib/python3.12/multiprocessing/util.py", line 136, in _remove_temp_dir
    rmtree(tempdir, onerror=onerror)
  File "/opt/ohpc/pub/compiler/conda/latest/lib/python3.12/shutil.py", line 759, in rmtree
    _rmtree_safe_fd(stack, onexc)
  File "/opt/ohpc/pub/compiler/conda/latest/lib/python3.12/shutil.py", line 703, in _rmtree_safe_fd
    onexc(func, path, err)
  File "/opt/ohpc/pub/compiler/conda/latest/lib/python3.12/shutil.py", line 750, in onexc
    return onerror(func, path, exc_info)
           ^^^^^^^^^^^^^^^^^^^^^^^^^^^^^
  File "/opt/ohpc/pub/compiler/conda/latest/lib/python3.12/shutil.py", line 700, in _rmtree_safe_fd
    onexc(os.unlink, fullname, err)
  File "/opt/ohpc/pub/compiler/conda/latest/lib/python3.12/shutil.py", line 750, in onexc
    return onerror(func, path, exc_info)
           ^^^^^^^^^^^^^^^^^^^^^^^^^^^^^
  File "/opt/ohpc/pub/compiler/conda/latest/lib/python3.12/shutil.py", line 698, in _rmtree_safe_fd
    os.unlink(entry.name, dir_fd=topfd)
OSError: [Errno 16] Device or resource busy: '/tmp/pymp-6z98icka'
  File "/opt/ohpc/pub/compiler/conda/latest/lib/python3.12/multiprocessing/util.py", line 303, in _run_finalizers
    finalizer()
  File "/opt/ohpc/pub/compiler/conda/latest/lib/python3.12/multiprocessing/util.py", line 227, in __call__
    res = self._callback(*self._args, **self._kwargs)
          ^^^^^^^^^^^^^^^^^^^^^^^^^^^^^^^^^^^^^^^^^^^
  File "/opt/ohpc/pub/compiler/conda/latest/lib/python3.12/multiprocessing/util.py", line 136, in _remove_temp_dir
    rmtree(tempdir, onerror=onerror)
  File "/opt/ohpc/pub/compiler/conda/latest/lib/python3.12/shutil.py", line 759, in rmtree
    _rmtree_safe_fd(stack, onexc)
  File "/opt/ohpc/pub/compiler/conda/latest/lib/python3.12/shutil.py", line 703, in _rmtree_safe_fd
    onexc(func, path, err)
  File "/opt/ohpc/pub/compiler/conda/latest/lib/python3.12/shutil.py", line 750, in onexc
    return onerror(func, path, exc_info)
           ^^^^^^^^^^^^^^^^^^^^^^^^^^^^^
  File "/opt/ohpc/pub/compiler/conda/latest/lib/python3.12/shutil.py", line 700, in _rmtree_safe_fd
    onexc(os.unlink, fullname, err)
  File "/opt/ohpc/pub/compiler/conda/latest/lib/python3.12/shutil.py", line 750, in onexc
    return onerror(func, path, exc_info)
           ^^^^^^^^^^^^^^^^^^^^^^^^^^^^^
  File "/opt/ohpc/pub/compiler/conda/latest/lib/python3.12/shutil.py", line 698, in _rmtree_safe_fd
    os.unlink(entry.name, dir_fd=topfd)
OSError: [Errno 16] Device or resource busy: '/tmp/pymp-d30kzl19'
Traceback (most recent call last):
Traceback (most recent call last):
Traceback (most recent call last):
Traceback (most recent call last):
Traceback (most recent call last):
Traceback (most recent call last):
Traceback (most recent call last):
Traceback (most recent call last):
  File "/opt/ohpc/pub/compiler/conda/latest/lib/python3.12/multiprocessing/util.py", line 303, in _run_finalizers
    finalizer()
  File "/opt/ohpc/pub/compiler/conda/latest/lib/python3.12/multiprocessing/util.py", line 227, in __call__
    res = self._callback(*self._args, **self._kwargs)
          ^^^^^^^^^^^^^^^^^^^^^^^^^^^^^^^^^^^^^^^^^^^
  File "/opt/ohpc/pub/compiler/conda/latest/lib/python3.12/multiprocessing/util.py", line 136, in _remove_temp_dir
    rmtree(tempdir, onerror=onerror)
  File "/opt/ohpc/pub/compiler/conda/latest/lib/python3.12/shutil.py", line 759, in rmtree
    _rmtree_safe_fd(stack, onexc)
  File "/opt/ohpc/pub/compiler/conda/latest/lib/python3.12/shutil.py", line 703, in _rmtree_safe_fd
    onexc(func, path, err)
  File "/opt/ohpc/pub/compiler/conda/latest/lib/python3.12/shutil.py", line 750, in onexc
    return onerror(func, path, exc_info)
           ^^^^^^^^^^^^^^^^^^^^^^^^^^^^^
  File "/opt/ohpc/pub/compiler/conda/latest/lib/python3.12/shutil.py", line 700, in _rmtree_safe_fd
    onexc(os.unlink, fullname, err)
  File "/opt/ohpc/pub/compiler/conda/latest/lib/python3.12/shutil.py", line 750, in onexc
    return onerror(func, path, exc_info)
           ^^^^^^^^^^^^^^^^^^^^^^^^^^^^^
  File "/opt/ohpc/pub/compiler/conda/latest/lib/python3.12/shutil.py", line 698, in _rmtree_safe_fd
    os.unlink(entry.name, dir_fd=topfd)
OSError: [Errno 16] Device or resource busy: '/tmp/pymp-3carimtu'
Traceback (most recent call last):
Traceback (most recent call last):
  File "/opt/ohpc/pub/compiler/conda/latest/lib/python3.12/multiprocessing/util.py", line 303, in _run_finalizers
    finalizer()
  File "/opt/ohpc/pub/compiler/conda/latest/lib/python3.12/multiprocessing/util.py", line 303, in _run_finalizers
    finalizer()
  File "/opt/ohpc/pub/compiler/conda/latest/lib/python3.12/multiprocessing/util.py", line 227, in __call__
    res = self._callback(*self._args, **self._kwargs)
          ^^^^^^^^^^^^^^^^^^^^^^^^^^^^^^^^^^^^^^^^^^^
  File "/opt/ohpc/pub/compiler/conda/latest/lib/python3.12/multiprocessing/util.py", line 136, in _remove_temp_dir
    rmtree(tempdir, onerror=onerror)
  File "/opt/ohpc/pub/compiler/conda/latest/lib/python3.12/multiprocessing/util.py", line 227, in __call__
    res = self._callback(*self._args, **self._kwargs)
          ^^^^^^^^^^^^^^^^^^^^^^^^^^^^^^^^^^^^^^^^^^^
  File "/opt/ohpc/pub/compiler/conda/latest/lib/python3.12/shutil.py", line 759, in rmtree
    _rmtree_safe_fd(stack, onexc)
  File "/opt/ohpc/pub/compiler/conda/latest/lib/python3.12/multiprocessing/util.py", line 136, in _remove_temp_dir
    rmtree(tempdir, onerror=onerror)
  File "/opt/ohpc/pub/compiler/conda/latest/lib/python3.12/shutil.py", line 703, in _rmtree_safe_fd
    onexc(func, path, err)
  File "/opt/ohpc/pub/compiler/conda/latest/lib/python3.12/shutil.py", line 759, in rmtree
    _rmtree_safe_fd(stack, onexc)
  File "/opt/ohpc/pub/compiler/conda/latest/lib/python3.12/shutil.py", line 750, in onexc
    return onerror(func, path, exc_info)
           ^^^^^^^^^^^^^^^^^^^^^^^^^^^^^
  File "/opt/ohpc/pub/compiler/conda/latest/lib/python3.12/shutil.py", line 703, in _rmtree_safe_fd
    onexc(func, path, err)
  File "/opt/ohpc/pub/compiler/conda/latest/lib/python3.12/shutil.py", line 700, in _rmtree_safe_fd
    onexc(os.unlink, fullname, err)
  File "/opt/ohpc/pub/compiler/conda/latest/lib/python3.12/shutil.py", line 750, in onexc
    return onerror(func, path, exc_info)
           ^^^^^^^^^^^^^^^^^^^^^^^^^^^^^
  File "/opt/ohpc/pub/compiler/conda/latest/lib/python3.12/shutil.py", line 750, in onexc
    return onerror(func, path, exc_info)
           ^^^^^^^^^^^^^^^^^^^^^^^^^^^^^
  File "/opt/ohpc/pub/compiler/conda/latest/lib/python3.12/shutil.py", line 700, in _rmtree_safe_fd
    onexc(os.unlink, fullname, err)
  File "/opt/ohpc/pub/compiler/conda/latest/lib/python3.12/shutil.py", line 698, in _rmtree_safe_fd
    os.unlink(entry.name, dir_fd=topfd)
  File "/opt/ohpc/pub/compiler/conda/latest/lib/python3.12/shutil.py", line 750, in onexc
    return onerror(func, path, exc_info)
           ^^^^^^^^^^^^^^^^^^^^^^^^^^^^^
  File "/opt/ohpc/pub/compiler/conda/latest/lib/python3.12/shutil.py", line 698, in _rmtree_safe_fd
    os.unlink(entry.name, dir_fd=topfd)
  File "/opt/ohpc/pub/compiler/conda/latest/lib/python3.12/multiprocessing/util.py", line 303, in _run_finalizers
    finalizer()
  File "/opt/ohpc/pub/compiler/conda/latest/lib/python3.12/multiprocessing/util.py", line 227, in __call__
    res = self._callback(*self._args, **self._kwargs)
          ^^^^^^^^^^^^^^^^^^^^^^^^^^^^^^^^^^^^^^^^^^^
OSError: [Errno 16] Device or resource busy: '/tmp/pymp-4jzosw_8'
  File "/opt/ohpc/pub/compiler/conda/latest/lib/python3.12/multiprocessing/util.py", line 136, in _remove_temp_dir
    rmtree(tempdir, onerror=onerror)
OSError: [Errno 16] Device or resource busy: '/tmp/pymp-o45v6no_'
  File "/opt/ohpc/pub/compiler/conda/latest/lib/python3.12/shutil.py", line 759, in rmtree
    _rmtree_safe_fd(stack, onexc)
  File "/opt/ohpc/pub/compiler/conda/latest/lib/python3.12/shutil.py", line 703, in _rmtree_safe_fd
    onexc(func, path, err)
  File "/opt/ohpc/pub/compiler/conda/latest/lib/python3.12/shutil.py", line 750, in onexc
    return onerror(func, path, exc_info)
           ^^^^^^^^^^^^^^^^^^^^^^^^^^^^^
  File "/opt/ohpc/pub/compiler/conda/latest/lib/python3.12/shutil.py", line 700, in _rmtree_safe_fd
    onexc(os.unlink, fullname, err)
  File "/opt/ohpc/pub/compiler/conda/latest/lib/python3.12/shutil.py", line 750, in onexc
    return onerror(func, path, exc_info)
           ^^^^^^^^^^^^^^^^^^^^^^^^^^^^^
  File "/opt/ohpc/pub/compiler/conda/latest/lib/python3.12/multiprocessing/util.py", line 303, in _run_finalizers
    finalizer()
  File "/opt/ohpc/pub/compiler/conda/latest/lib/python3.12/shutil.py", line 698, in _rmtree_safe_fd
    os.unlink(entry.name, dir_fd=topfd)
  File "/opt/ohpc/pub/compiler/conda/latest/lib/python3.12/multiprocessing/util.py", line 227, in __call__
    res = self._callback(*self._args, **self._kwargs)
          ^^^^^^^^^^^^^^^^^^^^^^^^^^^^^^^^^^^^^^^^^^^
  File "/opt/ohpc/pub/compiler/conda/latest/lib/python3.12/multiprocessing/util.py", line 136, in _remove_temp_dir
    rmtree(tempdir, onerror=onerror)
  File "/opt/ohpc/pub/compiler/conda/latest/lib/python3.12/shutil.py", line 759, in rmtree
    _rmtree_safe_fd(stack, onexc)
OSError: [Errno 16] Device or resource busy: '/tmp/pymp-gfvkmvev'
  File "/opt/ohpc/pub/compiler/conda/latest/lib/python3.12/shutil.py", line 703, in _rmtree_safe_fd
    onexc(func, path, err)
  File "/opt/ohpc/pub/compiler/conda/latest/lib/python3.12/shutil.py", line 750, in onexc
    return onerror(func, path, exc_info)
           ^^^^^^^^^^^^^^^^^^^^^^^^^^^^^
  File "/opt/ohpc/pub/compiler/conda/latest/lib/python3.12/shutil.py", line 700, in _rmtree_safe_fd
    onexc(os.unlink, fullname, err)
  File "/opt/ohpc/pub/compiler/conda/latest/lib/python3.12/multiprocessing/util.py", line 303, in _run_finalizers
    finalizer()
  File "/opt/ohpc/pub/compiler/conda/latest/lib/python3.12/shutil.py", line 750, in onexc
    return onerror(func, path, exc_info)
           ^^^^^^^^^^^^^^^^^^^^^^^^^^^^^
  File "/opt/ohpc/pub/compiler/conda/latest/lib/python3.12/shutil.py", line 698, in _rmtree_safe_fd
    os.unlink(entry.name, dir_fd=topfd)
  File "/opt/ohpc/pub/compiler/conda/latest/lib/python3.12/multiprocessing/util.py", line 227, in __call__
    res = self._callback(*self._args, **self._kwargs)
          ^^^^^^^^^^^^^^^^^^^^^^^^^^^^^^^^^^^^^^^^^^^
  File "/opt/ohpc/pub/compiler/conda/latest/lib/python3.12/multiprocessing/util.py", line 136, in _remove_temp_dir
    rmtree(tempdir, onerror=onerror)
  File "/opt/ohpc/pub/compiler/conda/latest/lib/python3.12/multiprocessing/util.py", line 303, in _run_finalizers
    finalizer()
  File "/opt/ohpc/pub/compiler/conda/latest/lib/python3.12/shutil.py", line 759, in rmtree
    _rmtree_safe_fd(stack, onexc)
  File "/opt/ohpc/pub/compiler/conda/latest/lib/python3.12/shutil.py", line 703, in _rmtree_safe_fd
    onexc(func, path, err)
OSError: [Errno 16] Device or resource busy: '/tmp/pymp-sxjchwmi'
  File "/opt/ohpc/pub/compiler/conda/latest/lib/python3.12/multiprocessing/util.py", line 227, in __call__
    res = self._callback(*self._args, **self._kwargs)
          ^^^^^^^^^^^^^^^^^^^^^^^^^^^^^^^^^^^^^^^^^^^
  File "/opt/ohpc/pub/compiler/conda/latest/lib/python3.12/shutil.py", line 750, in onexc
    return onerror(func, path, exc_info)
           ^^^^^^^^^^^^^^^^^^^^^^^^^^^^^
  File "/opt/ohpc/pub/compiler/conda/latest/lib/python3.12/multiprocessing/util.py", line 136, in _remove_temp_dir
    rmtree(tempdir, onerror=onerror)
  File "/opt/ohpc/pub/compiler/conda/latest/lib/python3.12/shutil.py", line 700, in _rmtree_safe_fd
    onexc(os.unlink, fullname, err)
  File "/opt/ohpc/pub/compiler/conda/latest/lib/python3.12/shutil.py", line 759, in rmtree
    _rmtree_safe_fd(stack, onexc)
  File "/opt/ohpc/pub/compiler/conda/latest/lib/python3.12/shutil.py", line 750, in onexc
    return onerror(func, path, exc_info)
           ^^^^^^^^^^^^^^^^^^^^^^^^^^^^^
  File "/opt/ohpc/pub/compiler/conda/latest/lib/python3.12/shutil.py", line 703, in _rmtree_safe_fd
    onexc(func, path, err)
  File "/opt/ohpc/pub/compiler/conda/latest/lib/python3.12/shutil.py", line 698, in _rmtree_safe_fd
    os.unlink(entry.name, dir_fd=topfd)
  File "/opt/ohpc/pub/compiler/conda/latest/lib/python3.12/shutil.py", line 750, in onexc
    return onerror(func, path, exc_info)
           ^^^^^^^^^^^^^^^^^^^^^^^^^^^^^
  File "/opt/ohpc/pub/compiler/conda/latest/lib/python3.12/multiprocessing/util.py", line 303, in _run_finalizers
    finalizer()
  File "/opt/ohpc/pub/compiler/conda/latest/lib/python3.12/shutil.py", line 700, in _rmtree_safe_fd
    onexc(os.unlink, fullname, err)
  File "/opt/ohpc/pub/compiler/conda/latest/lib/python3.12/shutil.py", line 750, in onexc
    return onerror(func, path, exc_info)
           ^^^^^^^^^^^^^^^^^^^^^^^^^^^^^
  File "/opt/ohpc/pub/compiler/conda/latest/lib/python3.12/shutil.py", line 698, in _rmtree_safe_fd
    os.unlink(entry.name, dir_fd=topfd)
  File "/opt/ohpc/pub/compiler/conda/latest/lib/python3.12/multiprocessing/util.py", line 227, in __call__
    res = self._callback(*self._args, **self._kwargs)
          ^^^^^^^^^^^^^^^^^^^^^^^^^^^^^^^^^^^^^^^^^^^
OSError: [Errno 16] Device or resource busy: '/tmp/pymp-se2djf1c'
  File "/opt/ohpc/pub/compiler/conda/latest/lib/python3.12/multiprocessing/util.py", line 136, in _remove_temp_dir
    rmtree(tempdir, onerror=onerror)
  File "/opt/ohpc/pub/compiler/conda/latest/lib/python3.12/shutil.py", line 759, in rmtree
    _rmtree_safe_fd(stack, onexc)
  File "/opt/ohpc/pub/compiler/conda/latest/lib/python3.12/shutil.py", line 703, in _rmtree_safe_fd
    onexc(func, path, err)
  File "/opt/ohpc/pub/compiler/conda/latest/lib/python3.12/shutil.py", line 750, in onexc
    return onerror(func, path, exc_info)
           ^^^^^^^^^^^^^^^^^^^^^^^^^^^^^
OSError: [Errno 16] Device or resource busy: '/tmp/pymp-92q95_fa'
  File "/opt/ohpc/pub/compiler/conda/latest/lib/python3.12/shutil.py", line 700, in _rmtree_safe_fd
    onexc(os.unlink, fullname, err)
  File "/opt/ohpc/pub/compiler/conda/latest/lib/python3.12/shutil.py", line 750, in onexc
    return onerror(func, path, exc_info)
           ^^^^^^^^^^^^^^^^^^^^^^^^^^^^^
  File "/opt/ohpc/pub/compiler/conda/latest/lib/python3.12/shutil.py", line 698, in _rmtree_safe_fd
    os.unlink(entry.name, dir_fd=topfd)
OSError: [Errno 16] Device or resource busy: '/tmp/pymp-y4c0ubhc'
  File "/opt/ohpc/pub/compiler/conda/latest/lib/python3.12/multiprocessing/util.py", line 303, in _run_finalizers
    finalizer()
  File "/opt/ohpc/pub/compiler/conda/latest/lib/python3.12/multiprocessing/util.py", line 227, in __call__
    res = self._callback(*self._args, **self._kwargs)
          ^^^^^^^^^^^^^^^^^^^^^^^^^^^^^^^^^^^^^^^^^^^
  File "/opt/ohpc/pub/compiler/conda/latest/lib/python3.12/multiprocessing/util.py", line 136, in _remove_temp_dir
    rmtree(tempdir, onerror=onerror)
  File "/opt/ohpc/pub/compiler/conda/latest/lib/python3.12/shutil.py", line 759, in rmtree
    _rmtree_safe_fd(stack, onexc)
  File "/opt/ohpc/pub/compiler/conda/latest/lib/python3.12/shutil.py", line 703, in _rmtree_safe_fd
    onexc(func, path, err)
  File "/opt/ohpc/pub/compiler/conda/latest/lib/python3.12/shutil.py", line 750, in onexc
    return onerror(func, path, exc_info)
           ^^^^^^^^^^^^^^^^^^^^^^^^^^^^^
  File "/opt/ohpc/pub/compiler/conda/latest/lib/python3.12/shutil.py", line 700, in _rmtree_safe_fd
    onexc(os.unlink, fullname, err)
  File "/opt/ohpc/pub/compiler/conda/latest/lib/python3.12/shutil.py", line 750, in onexc
    return onerror(func, path, exc_info)
           ^^^^^^^^^^^^^^^^^^^^^^^^^^^^^
  File "/opt/ohpc/pub/compiler/conda/latest/lib/python3.12/shutil.py", line 698, in _rmtree_safe_fd
    os.unlink(entry.name, dir_fd=topfd)
OSError: [Errno 16] Device or resource busy: '/tmp/pymp-hrz0hc22'
  File "/opt/ohpc/pub/compiler/conda/latest/lib/python3.12/multiprocessing/util.py", line 303, in _run_finalizers
    finalizer()
  File "/opt/ohpc/pub/compiler/conda/latest/lib/python3.12/multiprocessing/util.py", line 227, in __call__
    res = self._callback(*self._args, **self._kwargs)
          ^^^^^^^^^^^^^^^^^^^^^^^^^^^^^^^^^^^^^^^^^^^
  File "/opt/ohpc/pub/compiler/conda/latest/lib/python3.12/multiprocessing/util.py", line 136, in _remove_temp_dir
    rmtree(tempdir, onerror=onerror)
  File "/opt/ohpc/pub/compiler/conda/latest/lib/python3.12/shutil.py", line 759, in rmtree
    _rmtree_safe_fd(stack, onexc)
  File "/opt/ohpc/pub/compiler/conda/latest/lib/python3.12/shutil.py", line 703, in _rmtree_safe_fd
    onexc(func, path, err)
  File "/opt/ohpc/pub/compiler/conda/latest/lib/python3.12/shutil.py", line 750, in onexc
    return onerror(func, path, exc_info)
           ^^^^^^^^^^^^^^^^^^^^^^^^^^^^^
  File "/opt/ohpc/pub/compiler/conda/latest/lib/python3.12/shutil.py", line 700, in _rmtree_safe_fd
    onexc(os.unlink, fullname, err)
  File "/opt/ohpc/pub/compiler/conda/latest/lib/python3.12/shutil.py", line 750, in onexc
    return onerror(func, path, exc_info)
           ^^^^^^^^^^^^^^^^^^^^^^^^^^^^^
  File "/opt/ohpc/pub/compiler/conda/latest/lib/python3.12/shutil.py", line 698, in _rmtree_safe_fd
    os.unlink(entry.name, dir_fd=topfd)
OSError: [Errno 16] Device or resource busy: '/tmp/pymp-4mmrm8cy'
Traceback (most recent call last):
  File "/opt/ohpc/pub/compiler/conda/latest/lib/python3.12/multiprocessing/util.py", line 303, in _run_finalizers
    finalizer()
  File "/opt/ohpc/pub/compiler/conda/latest/lib/python3.12/multiprocessing/util.py", line 227, in __call__
    res = self._callback(*self._args, **self._kwargs)
          ^^^^^^^^^^^^^^^^^^^^^^^^^^^^^^^^^^^^^^^^^^^
  File "/opt/ohpc/pub/compiler/conda/latest/lib/python3.12/multiprocessing/util.py", line 136, in _remove_temp_dir
    rmtree(tempdir, onerror=onerror)
  File "/opt/ohpc/pub/compiler/conda/latest/lib/python3.12/shutil.py", line 759, in rmtree
    _rmtree_safe_fd(stack, onexc)
  File "/opt/ohpc/pub/compiler/conda/latest/lib/python3.12/shutil.py", line 703, in _rmtree_safe_fd
    onexc(func, path, err)
  File "/opt/ohpc/pub/compiler/conda/latest/lib/python3.12/shutil.py", line 750, in onexc
    return onerror(func, path, exc_info)
           ^^^^^^^^^^^^^^^^^^^^^^^^^^^^^
  File "/opt/ohpc/pub/compiler/conda/latest/lib/python3.12/shutil.py", line 700, in _rmtree_safe_fd
    onexc(os.unlink, fullname, err)
  File "/opt/ohpc/pub/compiler/conda/latest/lib/python3.12/shutil.py", line 750, in onexc
    return onerror(func, path, exc_info)
           ^^^^^^^^^^^^^^^^^^^^^^^^^^^^^
  File "/opt/ohpc/pub/compiler/conda/latest/lib/python3.12/shutil.py", line 698, in _rmtree_safe_fd
    os.unlink(entry.name, dir_fd=topfd)
OSError: [Errno 16] Device or resource busy: '/tmp/pymp-pm5y7lj3'
Traceback (most recent call last):
  File "/opt/ohpc/pub/compiler/conda/latest/lib/python3.12/multiprocessing/util.py", line 303, in _run_finalizers
    finalizer()
  File "/opt/ohpc/pub/compiler/conda/latest/lib/python3.12/multiprocessing/util.py", line 227, in __call__
    res = self._callback(*self._args, **self._kwargs)
          ^^^^^^^^^^^^^^^^^^^^^^^^^^^^^^^^^^^^^^^^^^^
  File "/opt/ohpc/pub/compiler/conda/latest/lib/python3.12/multiprocessing/util.py", line 136, in _remove_temp_dir
    rmtree(tempdir, onerror=onerror)
  File "/opt/ohpc/pub/compiler/conda/latest/lib/python3.12/shutil.py", line 759, in rmtree
    _rmtree_safe_fd(stack, onexc)
  File "/opt/ohpc/pub/compiler/conda/latest/lib/python3.12/shutil.py", line 703, in _rmtree_safe_fd
    onexc(func, path, err)
  File "/opt/ohpc/pub/compiler/conda/latest/lib/python3.12/shutil.py", line 750, in onexc
    return onerror(func, path, exc_info)
           ^^^^^^^^^^^^^^^^^^^^^^^^^^^^^
  File "/opt/ohpc/pub/compiler/conda/latest/lib/python3.12/shutil.py", line 700, in _rmtree_safe_fd
    onexc(os.unlink, fullname, err)
  File "/opt/ohpc/pub/compiler/conda/latest/lib/python3.12/shutil.py", line 750, in onexc
    return onerror(func, path, exc_info)
           ^^^^^^^^^^^^^^^^^^^^^^^^^^^^^
  File "/opt/ohpc/pub/compiler/conda/latest/lib/python3.12/shutil.py", line 698, in _rmtree_safe_fd
    os.unlink(entry.name, dir_fd=topfd)
OSError: [Errno 16] Device or resource busy: '/tmp/pymp-jtlc_844'
Traceback (most recent call last):
Traceback (most recent call last):
Traceback (most recent call last):
  File "/opt/ohpc/pub/compiler/conda/latest/lib/python3.12/multiprocessing/util.py", line 303, in _run_finalizers
    finalizer()
  File "/opt/ohpc/pub/compiler/conda/latest/lib/python3.12/multiprocessing/util.py", line 227, in __call__
    res = self._callback(*self._args, **self._kwargs)
          ^^^^^^^^^^^^^^^^^^^^^^^^^^^^^^^^^^^^^^^^^^^
  File "/opt/ohpc/pub/compiler/conda/latest/lib/python3.12/multiprocessing/util.py", line 136, in _remove_temp_dir
    rmtree(tempdir, onerror=onerror)
  File "/opt/ohpc/pub/compiler/conda/latest/lib/python3.12/shutil.py", line 759, in rmtree
    _rmtree_safe_fd(stack, onexc)
  File "/opt/ohpc/pub/compiler/conda/latest/lib/python3.12/shutil.py", line 703, in _rmtree_safe_fd
    onexc(func, path, err)
  File "/opt/ohpc/pub/compiler/conda/latest/lib/python3.12/shutil.py", line 750, in onexc
    return onerror(func, path, exc_info)
           ^^^^^^^^^^^^^^^^^^^^^^^^^^^^^
  File "/opt/ohpc/pub/compiler/conda/latest/lib/python3.12/multiprocessing/util.py", line 303, in _run_finalizers
    finalizer()
  File "/opt/ohpc/pub/compiler/conda/latest/lib/python3.12/shutil.py", line 700, in _rmtree_safe_fd
    onexc(os.unlink, fullname, err)
  File "/opt/ohpc/pub/compiler/conda/latest/lib/python3.12/shutil.py", line 750, in onexc
    return onerror(func, path, exc_info)
           ^^^^^^^^^^^^^^^^^^^^^^^^^^^^^
  File "/opt/ohpc/pub/compiler/conda/latest/lib/python3.12/multiprocessing/util.py", line 227, in __call__
    res = self._callback(*self._args, **self._kwargs)
          ^^^^^^^^^^^^^^^^^^^^^^^^^^^^^^^^^^^^^^^^^^^
  File "/opt/ohpc/pub/compiler/conda/latest/lib/python3.12/shutil.py", line 698, in _rmtree_safe_fd
    os.unlink(entry.name, dir_fd=topfd)
  File "/opt/ohpc/pub/compiler/conda/latest/lib/python3.12/multiprocessing/util.py", line 136, in _remove_temp_dir
    rmtree(tempdir, onerror=onerror)
  File "/opt/ohpc/pub/compiler/conda/latest/lib/python3.12/shutil.py", line 759, in rmtree
    _rmtree_safe_fd(stack, onexc)
  File "/opt/ohpc/pub/compiler/conda/latest/lib/python3.12/shutil.py", line 703, in _rmtree_safe_fd
    onexc(func, path, err)
OSError: [Errno 16] Device or resource busy: '/tmp/pymp-_eut5bhh'
  File "/opt/ohpc/pub/compiler/conda/latest/lib/python3.12/shutil.py", line 750, in onexc
    return onerror(func, path, exc_info)
           ^^^^^^^^^^^^^^^^^^^^^^^^^^^^^
  File "/opt/ohpc/pub/compiler/conda/latest/lib/python3.12/shutil.py", line 700, in _rmtree_safe_fd
    onexc(os.unlink, fullname, err)
  File "/opt/ohpc/pub/compiler/conda/latest/lib/python3.12/shutil.py", line 750, in onexc
    return onerror(func, path, exc_info)
           ^^^^^^^^^^^^^^^^^^^^^^^^^^^^^
  File "/opt/ohpc/pub/compiler/conda/latest/lib/python3.12/shutil.py", line 698, in _rmtree_safe_fd
    os.unlink(entry.name, dir_fd=topfd)
OSError: [Errno 16] Device or resource busy: '/tmp/pymp-xb4eman4'
  File "/opt/ohpc/pub/compiler/conda/latest/lib/python3.12/multiprocessing/util.py", line 303, in _run_finalizers
    finalizer()
  File "/opt/ohpc/pub/compiler/conda/latest/lib/python3.12/multiprocessing/util.py", line 227, in __call__
    res = self._callback(*self._args, **self._kwargs)
          ^^^^^^^^^^^^^^^^^^^^^^^^^^^^^^^^^^^^^^^^^^^
  File "/opt/ohpc/pub/compiler/conda/latest/lib/python3.12/multiprocessing/util.py", line 136, in _remove_temp_dir
    rmtree(tempdir, onerror=onerror)
  File "/opt/ohpc/pub/compiler/conda/latest/lib/python3.12/shutil.py", line 759, in rmtree
    _rmtree_safe_fd(stack, onexc)
  File "/opt/ohpc/pub/compiler/conda/latest/lib/python3.12/shutil.py", line 703, in _rmtree_safe_fd
    onexc(func, path, err)
  File "/opt/ohpc/pub/compiler/conda/latest/lib/python3.12/shutil.py", line 750, in onexc
    return onerror(func, path, exc_info)
           ^^^^^^^^^^^^^^^^^^^^^^^^^^^^^
  File "/opt/ohpc/pub/compiler/conda/latest/lib/python3.12/shutil.py", line 700, in _rmtree_safe_fd
    onexc(os.unlink, fullname, err)
  File "/opt/ohpc/pub/compiler/conda/latest/lib/python3.12/shutil.py", line 750, in onexc
    return onerror(func, path, exc_info)
           ^^^^^^^^^^^^^^^^^^^^^^^^^^^^^
  File "/opt/ohpc/pub/compiler/conda/latest/lib/python3.12/shutil.py", line 698, in _rmtree_safe_fd
    os.unlink(entry.name, dir_fd=topfd)
OSError: [Errno 16] Device or resource busy: '/tmp/pymp-gvc_mx2y'
Traceback (most recent call last):
Traceback (most recent call last):
  File "/opt/ohpc/pub/compiler/conda/latest/lib/python3.12/multiprocessing/util.py", line 303, in _run_finalizers
    finalizer()
  File "/opt/ohpc/pub/compiler/conda/latest/lib/python3.12/multiprocessing/util.py", line 227, in __call__
    res = self._callback(*self._args, **self._kwargs)
          ^^^^^^^^^^^^^^^^^^^^^^^^^^^^^^^^^^^^^^^^^^^
  File "/opt/ohpc/pub/compiler/conda/latest/lib/python3.12/multiprocessing/util.py", line 136, in _remove_temp_dir
    rmtree(tempdir, onerror=onerror)
  File "/opt/ohpc/pub/compiler/conda/latest/lib/python3.12/shutil.py", line 759, in rmtree
    _rmtree_safe_fd(stack, onexc)
  File "/opt/ohpc/pub/compiler/conda/latest/lib/python3.12/shutil.py", line 703, in _rmtree_safe_fd
    onexc(func, path, err)
  File "/opt/ohpc/pub/compiler/conda/latest/lib/python3.12/shutil.py", line 750, in onexc
    return onerror(func, path, exc_info)
           ^^^^^^^^^^^^^^^^^^^^^^^^^^^^^
  File "/opt/ohpc/pub/compiler/conda/latest/lib/python3.12/shutil.py", line 700, in _rmtree_safe_fd
    onexc(os.unlink, fullname, err)
  File "/opt/ohpc/pub/compiler/conda/latest/lib/python3.12/shutil.py", line 750, in onexc
    return onerror(func, path, exc_info)
           ^^^^^^^^^^^^^^^^^^^^^^^^^^^^^
  File "/opt/ohpc/pub/compiler/conda/latest/lib/python3.12/shutil.py", line 698, in _rmtree_safe_fd
    os.unlink(entry.name, dir_fd=topfd)
OSError: [Errno 16] Device or resource busy: '/tmp/pymp-tr624dgo'
  File "/opt/ohpc/pub/compiler/conda/latest/lib/python3.12/multiprocessing/util.py", line 303, in _run_finalizers
    finalizer()
  File "/opt/ohpc/pub/compiler/conda/latest/lib/python3.12/multiprocessing/util.py", line 227, in __call__
    res = self._callback(*self._args, **self._kwargs)
          ^^^^^^^^^^^^^^^^^^^^^^^^^^^^^^^^^^^^^^^^^^^
  File "/opt/ohpc/pub/compiler/conda/latest/lib/python3.12/multiprocessing/util.py", line 136, in _remove_temp_dir
    rmtree(tempdir, onerror=onerror)
  File "/opt/ohpc/pub/compiler/conda/latest/lib/python3.12/shutil.py", line 759, in rmtree
    _rmtree_safe_fd(stack, onexc)
  File "/opt/ohpc/pub/compiler/conda/latest/lib/python3.12/shutil.py", line 703, in _rmtree_safe_fd
    onexc(func, path, err)
  File "/opt/ohpc/pub/compiler/conda/latest/lib/python3.12/shutil.py", line 750, in onexc
    return onerror(func, path, exc_info)
           ^^^^^^^^^^^^^^^^^^^^^^^^^^^^^
  File "/opt/ohpc/pub/compiler/conda/latest/lib/python3.12/shutil.py", line 700, in _rmtree_safe_fd
    onexc(os.unlink, fullname, err)
  File "/opt/ohpc/pub/compiler/conda/latest/lib/python3.12/shutil.py", line 750, in onexc
    return onerror(func, path, exc_info)
           ^^^^^^^^^^^^^^^^^^^^^^^^^^^^^
  File "/opt/ohpc/pub/compiler/conda/latest/lib/python3.12/shutil.py", line 698, in _rmtree_safe_fd
    os.unlink(entry.name, dir_fd=topfd)
OSError: [Errno 16] Device or resource busy: '/tmp/pymp-jfhdflug'
Traceback (most recent call last):
  File "/opt/ohpc/pub/compiler/conda/latest/lib/python3.12/multiprocessing/util.py", line 303, in _run_finalizers
    finalizer()
  File "/opt/ohpc/pub/compiler/conda/latest/lib/python3.12/multiprocessing/util.py", line 227, in __call__
    res = self._callback(*self._args, **self._kwargs)
          ^^^^^^^^^^^^^^^^^^^^^^^^^^^^^^^^^^^^^^^^^^^
  File "/opt/ohpc/pub/compiler/conda/latest/lib/python3.12/multiprocessing/util.py", line 136, in _remove_temp_dir
    rmtree(tempdir, onerror=onerror)
  File "/opt/ohpc/pub/compiler/conda/latest/lib/python3.12/shutil.py", line 759, in rmtree
    _rmtree_safe_fd(stack, onexc)
  File "/opt/ohpc/pub/compiler/conda/latest/lib/python3.12/shutil.py", line 703, in _rmtree_safe_fd
    onexc(func, path, err)
  File "/opt/ohpc/pub/compiler/conda/latest/lib/python3.12/shutil.py", line 750, in onexc
    return onerror(func, path, exc_info)
           ^^^^^^^^^^^^^^^^^^^^^^^^^^^^^
  File "/opt/ohpc/pub/compiler/conda/latest/lib/python3.12/shutil.py", line 700, in _rmtree_safe_fd
    onexc(os.unlink, fullname, err)
  File "/opt/ohpc/pub/compiler/conda/latest/lib/python3.12/shutil.py", line 750, in onexc
    return onerror(func, path, exc_info)
           ^^^^^^^^^^^^^^^^^^^^^^^^^^^^^
  File "/opt/ohpc/pub/compiler/conda/latest/lib/python3.12/shutil.py", line 698, in _rmtree_safe_fd
    os.unlink(entry.name, dir_fd=topfd)
OSError: [Errno 16] Device or resource busy: '/tmp/pymp-mfvt5v2t'
Traceback (most recent call last):
  File "/opt/ohpc/pub/compiler/conda/latest/lib/python3.12/multiprocessing/util.py", line 303, in _run_finalizers
    finalizer()
  File "/opt/ohpc/pub/compiler/conda/latest/lib/python3.12/multiprocessing/util.py", line 227, in __call__
    res = self._callback(*self._args, **self._kwargs)
          ^^^^^^^^^^^^^^^^^^^^^^^^^^^^^^^^^^^^^^^^^^^
  File "/opt/ohpc/pub/compiler/conda/latest/lib/python3.12/multiprocessing/util.py", line 136, in _remove_temp_dir
    rmtree(tempdir, onerror=onerror)
  File "/opt/ohpc/pub/compiler/conda/latest/lib/python3.12/shutil.py", line 759, in rmtree
    _rmtree_safe_fd(stack, onexc)
  File "/opt/ohpc/pub/compiler/conda/latest/lib/python3.12/shutil.py", line 703, in _rmtree_safe_fd
    onexc(func, path, err)
  File "/opt/ohpc/pub/compiler/conda/latest/lib/python3.12/shutil.py", line 750, in onexc
    return onerror(func, path, exc_info)
           ^^^^^^^^^^^^^^^^^^^^^^^^^^^^^
  File "/opt/ohpc/pub/compiler/conda/latest/lib/python3.12/shutil.py", line 700, in _rmtree_safe_fd
    onexc(os.unlink, fullname, err)
  File "/opt/ohpc/pub/compiler/conda/latest/lib/python3.12/shutil.py", line 750, in onexc
    return onerror(func, path, exc_info)
           ^^^^^^^^^^^^^^^^^^^^^^^^^^^^^
  File "/opt/ohpc/pub/compiler/conda/latest/lib/python3.12/shutil.py", line 698, in _rmtree_safe_fd
    os.unlink(entry.name, dir_fd=topfd)
OSError: [Errno 16] Device or resource busy: '/tmp/pymp-rwn1c5r5'
Traceback (most recent call last):
  File "/opt/ohpc/pub/compiler/conda/latest/lib/python3.12/multiprocessing/util.py", line 303, in _run_finalizers
    finalizer()
  File "/opt/ohpc/pub/compiler/conda/latest/lib/python3.12/multiprocessing/util.py", line 227, in __call__
    res = self._callback(*self._args, **self._kwargs)
          ^^^^^^^^^^^^^^^^^^^^^^^^^^^^^^^^^^^^^^^^^^^
  File "/opt/ohpc/pub/compiler/conda/latest/lib/python3.12/multiprocessing/util.py", line 136, in _remove_temp_dir
    rmtree(tempdir, onerror=onerror)
  File "/opt/ohpc/pub/compiler/conda/latest/lib/python3.12/shutil.py", line 759, in rmtree
    _rmtree_safe_fd(stack, onexc)
  File "/opt/ohpc/pub/compiler/conda/latest/lib/python3.12/shutil.py", line 703, in _rmtree_safe_fd
    onexc(func, path, err)
  File "/opt/ohpc/pub/compiler/conda/latest/lib/python3.12/shutil.py", line 750, in onexc
    return onerror(func, path, exc_info)
           ^^^^^^^^^^^^^^^^^^^^^^^^^^^^^
  File "/opt/ohpc/pub/compiler/conda/latest/lib/python3.12/shutil.py", line 700, in _rmtree_safe_fd
    onexc(os.unlink, fullname, err)
  File "/opt/ohpc/pub/compiler/conda/latest/lib/python3.12/shutil.py", line 750, in onexc
    return onerror(func, path, exc_info)
           ^^^^^^^^^^^^^^^^^^^^^^^^^^^^^
  File "/opt/ohpc/pub/compiler/conda/latest/lib/python3.12/shutil.py", line 698, in _rmtree_safe_fd
    os.unlink(entry.name, dir_fd=topfd)
OSError: [Errno 16] Device or resource busy: '/tmp/pymp-auo7okpw'
[val 001] loss=-0.0228 z_std=0.0483 rankme=79.965 lidar=55.837 areq=1.311 pr=2.76 align=0.6234 unif=-1.768 converged=False collapsed=False
  e002 it0000/62 lr=0.0006 loss=-0.0399 z_std=0.0643
  e002 it0010/62 lr=0.0007 loss=-0.0228 z_std=0.0643
  e002 it0020/62 lr=0.0007 loss=-0.0271 z_std=0.0643
  e002 it0030/62 lr=0.0008 loss=-0.0271 z_std=0.0642
  e002 it0040/62 lr=0.0008 loss=-0.0291 z_std=0.0643
  e002 it0050/62 lr=0.0009 loss=-0.0325 z_std=0.0643
  e002 it0060/62 lr=0.0009 loss=-0.0360 z_std=0.0643
[epoch 002] loss=-0.0366 z_std=0.0643 (healthy~0.0625) time=187.0s
Traceback (most recent call last):
Traceback (most recent call last):
Traceback (most recent call last):
Traceback (most recent call last):
Traceback (most recent call last):
Traceback (most recent call last):
Traceback (most recent call last):
  File "/opt/ohpc/pub/compiler/conda/latest/lib/python3.12/multiprocessing/util.py", line 303, in _run_finalizers
    finalizer()
  File "/opt/ohpc/pub/compiler/conda/latest/lib/python3.12/multiprocessing/util.py", line 227, in __call__
    res = self._callback(*self._args, **self._kwargs)
          ^^^^^^^^^^^^^^^^^^^^^^^^^^^^^^^^^^^^^^^^^^^
  File "/opt/ohpc/pub/compiler/conda/latest/lib/python3.12/multiprocessing/util.py", line 136, in _remove_temp_dir
    rmtree(tempdir, onerror=onerror)
  File "/opt/ohpc/pub/compiler/conda/latest/lib/python3.12/shutil.py", line 759, in rmtree
    _rmtree_safe_fd(stack, onexc)
  File "/opt/ohpc/pub/compiler/conda/latest/lib/python3.12/shutil.py", line 703, in _rmtree_safe_fd
    onexc(func, path, err)
  File "/opt/ohpc/pub/compiler/conda/latest/lib/python3.12/shutil.py", line 750, in onexc
    return onerror(func, path, exc_info)
           ^^^^^^^^^^^^^^^^^^^^^^^^^^^^^
  File "/opt/ohpc/pub/compiler/conda/latest/lib/python3.12/shutil.py", line 700, in _rmtree_safe_fd
    onexc(os.unlink, fullname, err)
  File "/opt/ohpc/pub/compiler/conda/latest/lib/python3.12/shutil.py", line 750, in onexc
    return onerror(func, path, exc_info)
           ^^^^^^^^^^^^^^^^^^^^^^^^^^^^^
  File "/opt/ohpc/pub/compiler/conda/latest/lib/python3.12/shutil.py", line 698, in _rmtree_safe_fd
    os.unlink(entry.name, dir_fd=topfd)
OSError: [Errno 16] Device or resource busy: '/tmp/pymp-b5g_6v2j'
  File "/opt/ohpc/pub/compiler/conda/latest/lib/python3.12/multiprocessing/util.py", line 303, in _run_finalizers
    finalizer()
  File "/opt/ohpc/pub/compiler/conda/latest/lib/python3.12/multiprocessing/util.py", line 227, in __call__
    res = self._callback(*self._args, **self._kwargs)
          ^^^^^^^^^^^^^^^^^^^^^^^^^^^^^^^^^^^^^^^^^^^
  File "/opt/ohpc/pub/compiler/conda/latest/lib/python3.12/multiprocessing/util.py", line 136, in _remove_temp_dir
    rmtree(tempdir, onerror=onerror)
  File "/opt/ohpc/pub/compiler/conda/latest/lib/python3.12/shutil.py", line 759, in rmtree
    _rmtree_safe_fd(stack, onexc)
  File "/opt/ohpc/pub/compiler/conda/latest/lib/python3.12/shutil.py", line 703, in _rmtree_safe_fd
    onexc(func, path, err)
  File "/opt/ohpc/pub/compiler/conda/latest/lib/python3.12/shutil.py", line 750, in onexc
    return onerror(func, path, exc_info)
           ^^^^^^^^^^^^^^^^^^^^^^^^^^^^^
  File "/opt/ohpc/pub/compiler/conda/latest/lib/python3.12/shutil.py", line 700, in _rmtree_safe_fd
    onexc(os.unlink, fullname, err)
  File "/opt/ohpc/pub/compiler/conda/latest/lib/python3.12/shutil.py", line 750, in onexc
    return onerror(func, path, exc_info)
           ^^^^^^^^^^^^^^^^^^^^^^^^^^^^^
  File "/opt/ohpc/pub/compiler/conda/latest/lib/python3.12/shutil.py", line 698, in _rmtree_safe_fd
    os.unlink(entry.name, dir_fd=topfd)
OSError: [Errno 16] Device or resource busy: '/tmp/pymp-ulde4j6e'
  File "/opt/ohpc/pub/compiler/conda/latest/lib/python3.12/multiprocessing/util.py", line 303, in _run_finalizers
    finalizer()
  File "/opt/ohpc/pub/compiler/conda/latest/lib/python3.12/multiprocessing/util.py", line 227, in __call__
    res = self._callback(*self._args, **self._kwargs)
          ^^^^^^^^^^^^^^^^^^^^^^^^^^^^^^^^^^^^^^^^^^^
  File "/opt/ohpc/pub/compiler/conda/latest/lib/python3.12/multiprocessing/util.py", line 136, in _remove_temp_dir
    rmtree(tempdir, onerror=onerror)
  File "/opt/ohpc/pub/compiler/conda/latest/lib/python3.12/shutil.py", line 759, in rmtree
    _rmtree_safe_fd(stack, onexc)
  File "/opt/ohpc/pub/compiler/conda/latest/lib/python3.12/shutil.py", line 703, in _rmtree_safe_fd
    onexc(func, path, err)
  File "/opt/ohpc/pub/compiler/conda/latest/lib/python3.12/shutil.py", line 750, in onexc
    return onerror(func, path, exc_info)
           ^^^^^^^^^^^^^^^^^^^^^^^^^^^^^
  File "/opt/ohpc/pub/compiler/conda/latest/lib/python3.12/shutil.py", line 700, in _rmtree_safe_fd
    onexc(os.unlink, fullname, err)
  File "/opt/ohpc/pub/compiler/conda/latest/lib/python3.12/shutil.py", line 750, in onexc
    return onerror(func, path, exc_info)
           ^^^^^^^^^^^^^^^^^^^^^^^^^^^^^
  File "/opt/ohpc/pub/compiler/conda/latest/lib/python3.12/shutil.py", line 698, in _rmtree_safe_fd
    os.unlink(entry.name, dir_fd=topfd)
Traceback (most recent call last):
OSError: [Errno 16] Device or resource busy: '/tmp/pymp-23kynkgl'
  File "/opt/ohpc/pub/compiler/conda/latest/lib/python3.12/multiprocessing/util.py", line 303, in _run_finalizers
    finalizer()
  File "/opt/ohpc/pub/compiler/conda/latest/lib/python3.12/multiprocessing/util.py", line 227, in __call__
    res = self._callback(*self._args, **self._kwargs)
          ^^^^^^^^^^^^^^^^^^^^^^^^^^^^^^^^^^^^^^^^^^^
  File "/opt/ohpc/pub/compiler/conda/latest/lib/python3.12/multiprocessing/util.py", line 136, in _remove_temp_dir
    rmtree(tempdir, onerror=onerror)
  File "/opt/ohpc/pub/compiler/conda/latest/lib/python3.12/multiprocessing/util.py", line 303, in _run_finalizers
    finalizer()
  File "/opt/ohpc/pub/compiler/conda/latest/lib/python3.12/shutil.py", line 759, in rmtree
    _rmtree_safe_fd(stack, onexc)
  File "/opt/ohpc/pub/compiler/conda/latest/lib/python3.12/shutil.py", line 703, in _rmtree_safe_fd
    onexc(func, path, err)
  File "/opt/ohpc/pub/compiler/conda/latest/lib/python3.12/shutil.py", line 750, in onexc
    return onerror(func, path, exc_info)
           ^^^^^^^^^^^^^^^^^^^^^^^^^^^^^
  File "/opt/ohpc/pub/compiler/conda/latest/lib/python3.12/multiprocessing/util.py", line 227, in __call__
    res = self._callback(*self._args, **self._kwargs)
          ^^^^^^^^^^^^^^^^^^^^^^^^^^^^^^^^^^^^^^^^^^^
  File "/opt/ohpc/pub/compiler/conda/latest/lib/python3.12/shutil.py", line 700, in _rmtree_safe_fd
    onexc(os.unlink, fullname, err)
  File "/opt/ohpc/pub/compiler/conda/latest/lib/python3.12/multiprocessing/util.py", line 136, in _remove_temp_dir
    rmtree(tempdir, onerror=onerror)
  File "/opt/ohpc/pub/compiler/conda/latest/lib/python3.12/shutil.py", line 750, in onexc
    return onerror(func, path, exc_info)
           ^^^^^^^^^^^^^^^^^^^^^^^^^^^^^
  File "/opt/ohpc/pub/compiler/conda/latest/lib/python3.12/shutil.py", line 759, in rmtree
    _rmtree_safe_fd(stack, onexc)
  File "/opt/ohpc/pub/compiler/conda/latest/lib/python3.12/shutil.py", line 698, in _rmtree_safe_fd
    os.unlink(entry.name, dir_fd=topfd)
  File "/opt/ohpc/pub/compiler/conda/latest/lib/python3.12/shutil.py", line 703, in _rmtree_safe_fd
    onexc(func, path, err)
  File "/opt/ohpc/pub/compiler/conda/latest/lib/python3.12/shutil.py", line 750, in onexc
    return onerror(func, path, exc_info)
           ^^^^^^^^^^^^^^^^^^^^^^^^^^^^^
  File "/opt/ohpc/pub/compiler/conda/latest/lib/python3.12/shutil.py", line 700, in _rmtree_safe_fd
    onexc(os.unlink, fullname, err)
  File "/opt/ohpc/pub/compiler/conda/latest/lib/python3.12/shutil.py", line 750, in onexc
    return onerror(func, path, exc_info)
           ^^^^^^^^^^^^^^^^^^^^^^^^^^^^^
  File "/opt/ohpc/pub/compiler/conda/latest/lib/python3.12/shutil.py", line 698, in _rmtree_safe_fd
    os.unlink(entry.name, dir_fd=topfd)
OSError: [Errno 16] Device or resource busy: '/tmp/pymp-9h1obgd3'
OSError: [Errno 16] Device or resource busy: '/tmp/pymp-tnz_y1fi'
  File "/opt/ohpc/pub/compiler/conda/latest/lib/python3.12/multiprocessing/util.py", line 303, in _run_finalizers
    finalizer()
  File "/opt/ohpc/pub/compiler/conda/latest/lib/python3.12/multiprocessing/util.py", line 227, in __call__
    res = self._callback(*self._args, **self._kwargs)
          ^^^^^^^^^^^^^^^^^^^^^^^^^^^^^^^^^^^^^^^^^^^
  File "/opt/ohpc/pub/compiler/conda/latest/lib/python3.12/multiprocessing/util.py", line 136, in _remove_temp_dir
    rmtree(tempdir, onerror=onerror)
  File "/opt/ohpc/pub/compiler/conda/latest/lib/python3.12/multiprocessing/util.py", line 303, in _run_finalizers
    finalizer()
  File "/opt/ohpc/pub/compiler/conda/latest/lib/python3.12/shutil.py", line 759, in rmtree
    _rmtree_safe_fd(stack, onexc)
  File "/opt/ohpc/pub/compiler/conda/latest/lib/python3.12/shutil.py", line 703, in _rmtree_safe_fd
    onexc(func, path, err)
  File "/opt/ohpc/pub/compiler/conda/latest/lib/python3.12/shutil.py", line 750, in onexc
    return onerror(func, path, exc_info)
           ^^^^^^^^^^^^^^^^^^^^^^^^^^^^^
  File "/opt/ohpc/pub/compiler/conda/latest/lib/python3.12/multiprocessing/util.py", line 227, in __call__
    res = self._callback(*self._args, **self._kwargs)
          ^^^^^^^^^^^^^^^^^^^^^^^^^^^^^^^^^^^^^^^^^^^
  File "/opt/ohpc/pub/compiler/conda/latest/lib/python3.12/shutil.py", line 700, in _rmtree_safe_fd
    onexc(os.unlink, fullname, err)
  File "/opt/ohpc/pub/compiler/conda/latest/lib/python3.12/multiprocessing/util.py", line 136, in _remove_temp_dir
    rmtree(tempdir, onerror=onerror)
  File "/opt/ohpc/pub/compiler/conda/latest/lib/python3.12/shutil.py", line 750, in onexc
    return onerror(func, path, exc_info)
           ^^^^^^^^^^^^^^^^^^^^^^^^^^^^^
  File "/opt/ohpc/pub/compiler/conda/latest/lib/python3.12/shutil.py", line 698, in _rmtree_safe_fd
    os.unlink(entry.name, dir_fd=topfd)
  File "/opt/ohpc/pub/compiler/conda/latest/lib/python3.12/shutil.py", line 759, in rmtree
    _rmtree_safe_fd(stack, onexc)
  File "/opt/ohpc/pub/compiler/conda/latest/lib/python3.12/shutil.py", line 703, in _rmtree_safe_fd
    onexc(func, path, err)
  File "/opt/ohpc/pub/compiler/conda/latest/lib/python3.12/shutil.py", line 750, in onexc
    return onerror(func, path, exc_info)
           ^^^^^^^^^^^^^^^^^^^^^^^^^^^^^
  File "/opt/ohpc/pub/compiler/conda/latest/lib/python3.12/shutil.py", line 700, in _rmtree_safe_fd
    onexc(os.unlink, fullname, err)
  File "/opt/ohpc/pub/compiler/conda/latest/lib/python3.12/shutil.py", line 750, in onexc
    return onerror(func, path, exc_info)
           ^^^^^^^^^^^^^^^^^^^^^^^^^^^^^
OSError: [Errno 16] Device or resource busy: '/tmp/pymp-9gn4a22f'
  File "/opt/ohpc/pub/compiler/conda/latest/lib/python3.12/shutil.py", line 698, in _rmtree_safe_fd
    os.unlink(entry.name, dir_fd=topfd)
OSError: [Errno 16] Device or resource busy: '/tmp/pymp-ildqqd13'
  File "/opt/ohpc/pub/compiler/conda/latest/lib/python3.12/multiprocessing/util.py", line 303, in _run_finalizers
    finalizer()
  File "/opt/ohpc/pub/compiler/conda/latest/lib/python3.12/multiprocessing/util.py", line 227, in __call__
    res = self._callback(*self._args, **self._kwargs)
          ^^^^^^^^^^^^^^^^^^^^^^^^^^^^^^^^^^^^^^^^^^^
  File "/opt/ohpc/pub/compiler/conda/latest/lib/python3.12/multiprocessing/util.py", line 136, in _remove_temp_dir
    rmtree(tempdir, onerror=onerror)
  File "/opt/ohpc/pub/compiler/conda/latest/lib/python3.12/shutil.py", line 759, in rmtree
    _rmtree_safe_fd(stack, onexc)
  File "/opt/ohpc/pub/compiler/conda/latest/lib/python3.12/shutil.py", line 703, in _rmtree_safe_fd
    onexc(func, path, err)
  File "/opt/ohpc/pub/compiler/conda/latest/lib/python3.12/shutil.py", line 750, in onexc
    return onerror(func, path, exc_info)
           ^^^^^^^^^^^^^^^^^^^^^^^^^^^^^
  File "/opt/ohpc/pub/compiler/conda/latest/lib/python3.12/shutil.py", line 700, in _rmtree_safe_fd
    onexc(os.unlink, fullname, err)
  File "/opt/ohpc/pub/compiler/conda/latest/lib/python3.12/shutil.py", line 750, in onexc
    return onerror(func, path, exc_info)
           ^^^^^^^^^^^^^^^^^^^^^^^^^^^^^
  File "/opt/ohpc/pub/compiler/conda/latest/lib/python3.12/shutil.py", line 698, in _rmtree_safe_fd
    os.unlink(entry.name, dir_fd=topfd)
OSError: [Errno 16] Device or resource busy: '/tmp/pymp-s5399xlz'
Traceback (most recent call last):
  File "/opt/ohpc/pub/compiler/conda/latest/lib/python3.12/multiprocessing/util.py", line 303, in _run_finalizers
    finalizer()
  File "/opt/ohpc/pub/compiler/conda/latest/lib/python3.12/multiprocessing/util.py", line 227, in __call__
    res = self._callback(*self._args, **self._kwargs)
          ^^^^^^^^^^^^^^^^^^^^^^^^^^^^^^^^^^^^^^^^^^^
  File "/opt/ohpc/pub/compiler/conda/latest/lib/python3.12/multiprocessing/util.py", line 136, in _remove_temp_dir
    rmtree(tempdir, onerror=onerror)
  File "/opt/ohpc/pub/compiler/conda/latest/lib/python3.12/shutil.py", line 759, in rmtree
    _rmtree_safe_fd(stack, onexc)
  File "/opt/ohpc/pub/compiler/conda/latest/lib/python3.12/shutil.py", line 703, in _rmtree_safe_fd
    onexc(func, path, err)
  File "/opt/ohpc/pub/compiler/conda/latest/lib/python3.12/shutil.py", line 750, in onexc
    return onerror(func, path, exc_info)
           ^^^^^^^^^^^^^^^^^^^^^^^^^^^^^
  File "/opt/ohpc/pub/compiler/conda/latest/lib/python3.12/shutil.py", line 700, in _rmtree_safe_fd
    onexc(os.unlink, fullname, err)
  File "/opt/ohpc/pub/compiler/conda/latest/lib/python3.12/shutil.py", line 750, in onexc
    return onerror(func, path, exc_info)
           ^^^^^^^^^^^^^^^^^^^^^^^^^^^^^
  File "/opt/ohpc/pub/compiler/conda/latest/lib/python3.12/shutil.py", line 698, in _rmtree_safe_fd
    os.unlink(entry.name, dir_fd=topfd)
OSError: [Errno 16] Device or resource busy: '/tmp/pymp-xxupuo8i'
Traceback (most recent call last):
  File "/opt/ohpc/pub/compiler/conda/latest/lib/python3.12/multiprocessing/util.py", line 303, in _run_finalizers
    finalizer()
  File "/opt/ohpc/pub/compiler/conda/latest/lib/python3.12/multiprocessing/util.py", line 227, in __call__
    res = self._callback(*self._args, **self._kwargs)
          ^^^^^^^^^^^^^^^^^^^^^^^^^^^^^^^^^^^^^^^^^^^
  File "/opt/ohpc/pub/compiler/conda/latest/lib/python3.12/multiprocessing/util.py", line 136, in _remove_temp_dir
    rmtree(tempdir, onerror=onerror)
  File "/opt/ohpc/pub/compiler/conda/latest/lib/python3.12/shutil.py", line 759, in rmtree
    _rmtree_safe_fd(stack, onexc)
  File "/opt/ohpc/pub/compiler/conda/latest/lib/python3.12/shutil.py", line 703, in _rmtree_safe_fd
    onexc(func, path, err)
  File "/opt/ohpc/pub/compiler/conda/latest/lib/python3.12/shutil.py", line 750, in onexc
    return onerror(func, path, exc_info)
           ^^^^^^^^^^^^^^^^^^^^^^^^^^^^^
  File "/opt/ohpc/pub/compiler/conda/latest/lib/python3.12/shutil.py", line 700, in _rmtree_safe_fd
    onexc(os.unlink, fullname, err)
  File "/opt/ohpc/pub/compiler/conda/latest/lib/python3.12/shutil.py", line 750, in onexc
    return onerror(func, path, exc_info)
           ^^^^^^^^^^^^^^^^^^^^^^^^^^^^^
  File "/opt/ohpc/pub/compiler/conda/latest/lib/python3.12/shutil.py", line 698, in _rmtree_safe_fd
    os.unlink(entry.name, dir_fd=topfd)
OSError: [Errno 16] Device or resource busy: '/tmp/pymp-20c7frip'
Traceback (most recent call last):
Traceback (most recent call last):
Traceback (most recent call last):
Traceback (most recent call last):
Traceback (most recent call last):
  File "/opt/ohpc/pub/compiler/conda/latest/lib/python3.12/multiprocessing/util.py", line 303, in _run_finalizers
    finalizer()
  File "/opt/ohpc/pub/compiler/conda/latest/lib/python3.12/multiprocessing/util.py", line 227, in __call__
    res = self._callback(*self._args, **self._kwargs)
          ^^^^^^^^^^^^^^^^^^^^^^^^^^^^^^^^^^^^^^^^^^^
  File "/opt/ohpc/pub/compiler/conda/latest/lib/python3.12/multiprocessing/util.py", line 136, in _remove_temp_dir
    rmtree(tempdir, onerror=onerror)
  File "/opt/ohpc/pub/compiler/conda/latest/lib/python3.12/shutil.py", line 759, in rmtree
    _rmtree_safe_fd(stack, onexc)
  File "/opt/ohpc/pub/compiler/conda/latest/lib/python3.12/shutil.py", line 703, in _rmtree_safe_fd
    onexc(func, path, err)
  File "/opt/ohpc/pub/compiler/conda/latest/lib/python3.12/shutil.py", line 750, in onexc
    return onerror(func, path, exc_info)
           ^^^^^^^^^^^^^^^^^^^^^^^^^^^^^
  File "/opt/ohpc/pub/compiler/conda/latest/lib/python3.12/shutil.py", line 700, in _rmtree_safe_fd
    onexc(os.unlink, fullname, err)
  File "/opt/ohpc/pub/compiler/conda/latest/lib/python3.12/shutil.py", line 750, in onexc
    return onerror(func, path, exc_info)
           ^^^^^^^^^^^^^^^^^^^^^^^^^^^^^
  File "/opt/ohpc/pub/compiler/conda/latest/lib/python3.12/shutil.py", line 698, in _rmtree_safe_fd
    os.unlink(entry.name, dir_fd=topfd)
  File "/opt/ohpc/pub/compiler/conda/latest/lib/python3.12/multiprocessing/util.py", line 303, in _run_finalizers
    finalizer()
  File "/opt/ohpc/pub/compiler/conda/latest/lib/python3.12/multiprocessing/util.py", line 227, in __call__
    res = self._callback(*self._args, **self._kwargs)
          ^^^^^^^^^^^^^^^^^^^^^^^^^^^^^^^^^^^^^^^^^^^
OSError: [Errno 16] Device or resource busy: '/tmp/pymp-t624m_99'
  File "/opt/ohpc/pub/compiler/conda/latest/lib/python3.12/multiprocessing/util.py", line 136, in _remove_temp_dir
    rmtree(tempdir, onerror=onerror)
  File "/opt/ohpc/pub/compiler/conda/latest/lib/python3.12/shutil.py", line 759, in rmtree
    _rmtree_safe_fd(stack, onexc)
  File "/opt/ohpc/pub/compiler/conda/latest/lib/python3.12/shutil.py", line 703, in _rmtree_safe_fd
    onexc(func, path, err)
  File "/opt/ohpc/pub/compiler/conda/latest/lib/python3.12/shutil.py", line 750, in onexc
    return onerror(func, path, exc_info)
           ^^^^^^^^^^^^^^^^^^^^^^^^^^^^^
  File "/opt/ohpc/pub/compiler/conda/latest/lib/python3.12/shutil.py", line 700, in _rmtree_safe_fd
    onexc(os.unlink, fullname, err)
  File "/opt/ohpc/pub/compiler/conda/latest/lib/python3.12/shutil.py", line 750, in onexc
    return onerror(func, path, exc_info)
           ^^^^^^^^^^^^^^^^^^^^^^^^^^^^^
  File "/opt/ohpc/pub/compiler/conda/latest/lib/python3.12/shutil.py", line 698, in _rmtree_safe_fd
    os.unlink(entry.name, dir_fd=topfd)
OSError: [Errno 16] Device or resource busy: '/tmp/pymp-6bj60z4s'
  File "/opt/ohpc/pub/compiler/conda/latest/lib/python3.12/multiprocessing/util.py", line 303, in _run_finalizers
    finalizer()
  File "/opt/ohpc/pub/compiler/conda/latest/lib/python3.12/multiprocessing/util.py", line 227, in __call__
    res = self._callback(*self._args, **self._kwargs)
          ^^^^^^^^^^^^^^^^^^^^^^^^^^^^^^^^^^^^^^^^^^^
  File "/opt/ohpc/pub/compiler/conda/latest/lib/python3.12/multiprocessing/util.py", line 136, in _remove_temp_dir
    rmtree(tempdir, onerror=onerror)
  File "/opt/ohpc/pub/compiler/conda/latest/lib/python3.12/shutil.py", line 759, in rmtree
    _rmtree_safe_fd(stack, onexc)
  File "/opt/ohpc/pub/compiler/conda/latest/lib/python3.12/shutil.py", line 703, in _rmtree_safe_fd
    onexc(func, path, err)
  File "/opt/ohpc/pub/compiler/conda/latest/lib/python3.12/multiprocessing/util.py", line 303, in _run_finalizers
    finalizer()
  File "/opt/ohpc/pub/compiler/conda/latest/lib/python3.12/shutil.py", line 750, in onexc
    return onerror(func, path, exc_info)
           ^^^^^^^^^^^^^^^^^^^^^^^^^^^^^
  File "/opt/ohpc/pub/compiler/conda/latest/lib/python3.12/shutil.py", line 700, in _rmtree_safe_fd
    onexc(os.unlink, fullname, err)
  File "/opt/ohpc/pub/compiler/conda/latest/lib/python3.12/shutil.py", line 750, in onexc
    return onerror(func, path, exc_info)
           ^^^^^^^^^^^^^^^^^^^^^^^^^^^^^
  File "/opt/ohpc/pub/compiler/conda/latest/lib/python3.12/shutil.py", line 698, in _rmtree_safe_fd
    os.unlink(entry.name, dir_fd=topfd)
  File "/opt/ohpc/pub/compiler/conda/latest/lib/python3.12/multiprocessing/util.py", line 227, in __call__
    res = self._callback(*self._args, **self._kwargs)
          ^^^^^^^^^^^^^^^^^^^^^^^^^^^^^^^^^^^^^^^^^^^
  File "/opt/ohpc/pub/compiler/conda/latest/lib/python3.12/multiprocessing/util.py", line 136, in _remove_temp_dir
    rmtree(tempdir, onerror=onerror)
OSError: [Errno 16] Device or resource busy: '/tmp/pymp-94_zmp0z'
  File "/opt/ohpc/pub/compiler/conda/latest/lib/python3.12/shutil.py", line 759, in rmtree
    _rmtree_safe_fd(stack, onexc)
  File "/opt/ohpc/pub/compiler/conda/latest/lib/python3.12/shutil.py", line 703, in _rmtree_safe_fd
    onexc(func, path, err)
  File "/opt/ohpc/pub/compiler/conda/latest/lib/python3.12/shutil.py", line 750, in onexc
    return onerror(func, path, exc_info)
           ^^^^^^^^^^^^^^^^^^^^^^^^^^^^^
  File "/opt/ohpc/pub/compiler/conda/latest/lib/python3.12/shutil.py", line 700, in _rmtree_safe_fd
    onexc(os.unlink, fullname, err)
  File "/opt/ohpc/pub/compiler/conda/latest/lib/python3.12/shutil.py", line 750, in onexc
    return onerror(func, path, exc_info)
           ^^^^^^^^^^^^^^^^^^^^^^^^^^^^^
  File "/opt/ohpc/pub/compiler/conda/latest/lib/python3.12/shutil.py", line 698, in _rmtree_safe_fd
    os.unlink(entry.name, dir_fd=topfd)
OSError: [Errno 16] Device or resource busy: '/tmp/pymp-mremzdw2'
  File "/opt/ohpc/pub/compiler/conda/latest/lib/python3.12/multiprocessing/util.py", line 303, in _run_finalizers
    finalizer()
  File "/opt/ohpc/pub/compiler/conda/latest/lib/python3.12/multiprocessing/util.py", line 227, in __call__
    res = self._callback(*self._args, **self._kwargs)
          ^^^^^^^^^^^^^^^^^^^^^^^^^^^^^^^^^^^^^^^^^^^
  File "/opt/ohpc/pub/compiler/conda/latest/lib/python3.12/multiprocessing/util.py", line 136, in _remove_temp_dir
    rmtree(tempdir, onerror=onerror)
  File "/opt/ohpc/pub/compiler/conda/latest/lib/python3.12/shutil.py", line 759, in rmtree
    _rmtree_safe_fd(stack, onexc)
  File "/opt/ohpc/pub/compiler/conda/latest/lib/python3.12/shutil.py", line 703, in _rmtree_safe_fd
    onexc(func, path, err)
  File "/opt/ohpc/pub/compiler/conda/latest/lib/python3.12/shutil.py", line 750, in onexc
    return onerror(func, path, exc_info)
           ^^^^^^^^^^^^^^^^^^^^^^^^^^^^^
  File "/opt/ohpc/pub/compiler/conda/latest/lib/python3.12/shutil.py", line 700, in _rmtree_safe_fd
    onexc(os.unlink, fullname, err)
  File "/opt/ohpc/pub/compiler/conda/latest/lib/python3.12/shutil.py", line 750, in onexc
    return onerror(func, path, exc_info)
           ^^^^^^^^^^^^^^^^^^^^^^^^^^^^^
  File "/opt/ohpc/pub/compiler/conda/latest/lib/python3.12/shutil.py", line 698, in _rmtree_safe_fd
    os.unlink(entry.name, dir_fd=topfd)
Traceback (most recent call last):
OSError: [Errno 16] Device or resource busy: '/tmp/pymp-7zcnekiz'
Traceback (most recent call last):
Traceback (most recent call last):
  File "/opt/ohpc/pub/compiler/conda/latest/lib/python3.12/multiprocessing/util.py", line 303, in _run_finalizers
    finalizer()
  File "/opt/ohpc/pub/compiler/conda/latest/lib/python3.12/multiprocessing/util.py", line 227, in __call__
    res = self._callback(*self._args, **self._kwargs)
          ^^^^^^^^^^^^^^^^^^^^^^^^^^^^^^^^^^^^^^^^^^^
  File "/opt/ohpc/pub/compiler/conda/latest/lib/python3.12/multiprocessing/util.py", line 136, in _remove_temp_dir
    rmtree(tempdir, onerror=onerror)
  File "/opt/ohpc/pub/compiler/conda/latest/lib/python3.12/shutil.py", line 759, in rmtree
    _rmtree_safe_fd(stack, onexc)
  File "/opt/ohpc/pub/compiler/conda/latest/lib/python3.12/shutil.py", line 703, in _rmtree_safe_fd
    onexc(func, path, err)
  File "/opt/ohpc/pub/compiler/conda/latest/lib/python3.12/shutil.py", line 750, in onexc
    return onerror(func, path, exc_info)
           ^^^^^^^^^^^^^^^^^^^^^^^^^^^^^
  File "/opt/ohpc/pub/compiler/conda/latest/lib/python3.12/shutil.py", line 700, in _rmtree_safe_fd
    onexc(os.unlink, fullname, err)
  File "/opt/ohpc/pub/compiler/conda/latest/lib/python3.12/shutil.py", line 750, in onexc
    return onerror(func, path, exc_info)
           ^^^^^^^^^^^^^^^^^^^^^^^^^^^^^
  File "/opt/ohpc/pub/compiler/conda/latest/lib/python3.12/shutil.py", line 698, in _rmtree_safe_fd
    os.unlink(entry.name, dir_fd=topfd)
OSError: [Errno 16] Device or resource busy: '/tmp/pymp-c9smlx8j'
  File "/opt/ohpc/pub/compiler/conda/latest/lib/python3.12/multiprocessing/util.py", line 303, in _run_finalizers
    finalizer()
  File "/opt/ohpc/pub/compiler/conda/latest/lib/python3.12/multiprocessing/util.py", line 227, in __call__
    res = self._callback(*self._args, **self._kwargs)
          ^^^^^^^^^^^^^^^^^^^^^^^^^^^^^^^^^^^^^^^^^^^
  File "/opt/ohpc/pub/compiler/conda/latest/lib/python3.12/multiprocessing/util.py", line 136, in _remove_temp_dir
    rmtree(tempdir, onerror=onerror)
  File "/opt/ohpc/pub/compiler/conda/latest/lib/python3.12/shutil.py", line 759, in rmtree
    _rmtree_safe_fd(stack, onexc)
  File "/opt/ohpc/pub/compiler/conda/latest/lib/python3.12/shutil.py", line 703, in _rmtree_safe_fd
    onexc(func, path, err)
Traceback (most recent call last):
  File "/opt/ohpc/pub/compiler/conda/latest/lib/python3.12/shutil.py", line 750, in onexc
    return onerror(func, path, exc_info)
           ^^^^^^^^^^^^^^^^^^^^^^^^^^^^^
  File "/opt/ohpc/pub/compiler/conda/latest/lib/python3.12/shutil.py", line 700, in _rmtree_safe_fd
    onexc(os.unlink, fullname, err)
  File "/opt/ohpc/pub/compiler/conda/latest/lib/python3.12/shutil.py", line 750, in onexc
    return onerror(func, path, exc_info)
           ^^^^^^^^^^^^^^^^^^^^^^^^^^^^^
  File "/opt/ohpc/pub/compiler/conda/latest/lib/python3.12/shutil.py", line 698, in _rmtree_safe_fd
    os.unlink(entry.name, dir_fd=topfd)
OSError: [Errno 16] Device or resource busy: '/tmp/pymp-2gdr_bhb'
Traceback (most recent call last):
  File "/opt/ohpc/pub/compiler/conda/latest/lib/python3.12/multiprocessing/util.py", line 303, in _run_finalizers
    finalizer()
  File "/opt/ohpc/pub/compiler/conda/latest/lib/python3.12/multiprocessing/util.py", line 227, in __call__
    res = self._callback(*self._args, **self._kwargs)
          ^^^^^^^^^^^^^^^^^^^^^^^^^^^^^^^^^^^^^^^^^^^
  File "/opt/ohpc/pub/compiler/conda/latest/lib/python3.12/multiprocessing/util.py", line 136, in _remove_temp_dir
    rmtree(tempdir, onerror=onerror)
  File "/opt/ohpc/pub/compiler/conda/latest/lib/python3.12/shutil.py", line 759, in rmtree
    _rmtree_safe_fd(stack, onexc)
  File "/opt/ohpc/pub/compiler/conda/latest/lib/python3.12/shutil.py", line 703, in _rmtree_safe_fd
    onexc(func, path, err)
  File "/opt/ohpc/pub/compiler/conda/latest/lib/python3.12/shutil.py", line 750, in onexc
    return onerror(func, path, exc_info)
           ^^^^^^^^^^^^^^^^^^^^^^^^^^^^^
  File "/opt/ohpc/pub/compiler/conda/latest/lib/python3.12/shutil.py", line 700, in _rmtree_safe_fd
    onexc(os.unlink, fullname, err)
  File "/opt/ohpc/pub/compiler/conda/latest/lib/python3.12/shutil.py", line 750, in onexc
    return onerror(func, path, exc_info)
           ^^^^^^^^^^^^^^^^^^^^^^^^^^^^^
  File "/opt/ohpc/pub/compiler/conda/latest/lib/python3.12/shutil.py", line 698, in _rmtree_safe_fd
    os.unlink(entry.name, dir_fd=topfd)
OSError: [Errno 16] Device or resource busy: '/tmp/pymp-skpf1_2x'
  File "/opt/ohpc/pub/compiler/conda/latest/lib/python3.12/multiprocessing/util.py", line 303, in _run_finalizers
    finalizer()
  File "/opt/ohpc/pub/compiler/conda/latest/lib/python3.12/multiprocessing/util.py", line 227, in __call__
    res = self._callback(*self._args, **self._kwargs)
          ^^^^^^^^^^^^^^^^^^^^^^^^^^^^^^^^^^^^^^^^^^^
  File "/opt/ohpc/pub/compiler/conda/latest/lib/python3.12/multiprocessing/util.py", line 136, in _remove_temp_dir
    rmtree(tempdir, onerror=onerror)
  File "/opt/ohpc/pub/compiler/conda/latest/lib/python3.12/shutil.py", line 759, in rmtree
    _rmtree_safe_fd(stack, onexc)
  File "/opt/ohpc/pub/compiler/conda/latest/lib/python3.12/shutil.py", line 703, in _rmtree_safe_fd
    onexc(func, path, err)
  File "/opt/ohpc/pub/compiler/conda/latest/lib/python3.12/shutil.py", line 750, in onexc
    return onerror(func, path, exc_info)
           ^^^^^^^^^^^^^^^^^^^^^^^^^^^^^
  File "/opt/ohpc/pub/compiler/conda/latest/lib/python3.12/shutil.py", line 700, in _rmtree_safe_fd
    onexc(os.unlink, fullname, err)
  File "/opt/ohpc/pub/compiler/conda/latest/lib/python3.12/shutil.py", line 750, in onexc
    return onerror(func, path, exc_info)
           ^^^^^^^^^^^^^^^^^^^^^^^^^^^^^
  File "/opt/ohpc/pub/compiler/conda/latest/lib/python3.12/shutil.py", line 698, in _rmtree_safe_fd
    os.unlink(entry.name, dir_fd=topfd)
OSError: [Errno 16] Device or resource busy: '/tmp/pymp-jenjl291'
  File "/opt/ohpc/pub/compiler/conda/latest/lib/python3.12/multiprocessing/util.py", line 303, in _run_finalizers
    finalizer()
  File "/opt/ohpc/pub/compiler/conda/latest/lib/python3.12/multiprocessing/util.py", line 227, in __call__
    res = self._callback(*self._args, **self._kwargs)
          ^^^^^^^^^^^^^^^^^^^^^^^^^^^^^^^^^^^^^^^^^^^
  File "/opt/ohpc/pub/compiler/conda/latest/lib/python3.12/multiprocessing/util.py", line 136, in _remove_temp_dir
    rmtree(tempdir, onerror=onerror)
  File "/opt/ohpc/pub/compiler/conda/latest/lib/python3.12/shutil.py", line 759, in rmtree
    _rmtree_safe_fd(stack, onexc)
  File "/opt/ohpc/pub/compiler/conda/latest/lib/python3.12/shutil.py", line 703, in _rmtree_safe_fd
    onexc(func, path, err)
  File "/opt/ohpc/pub/compiler/conda/latest/lib/python3.12/shutil.py", line 750, in onexc
    return onerror(func, path, exc_info)
           ^^^^^^^^^^^^^^^^^^^^^^^^^^^^^
  File "/opt/ohpc/pub/compiler/conda/latest/lib/python3.12/shutil.py", line 700, in _rmtree_safe_fd
    onexc(os.unlink, fullname, err)
  File "/opt/ohpc/pub/compiler/conda/latest/lib/python3.12/shutil.py", line 750, in onexc
    return onerror(func, path, exc_info)
           ^^^^^^^^^^^^^^^^^^^^^^^^^^^^^
  File "/opt/ohpc/pub/compiler/conda/latest/lib/python3.12/shutil.py", line 698, in _rmtree_safe_fd
    os.unlink(entry.name, dir_fd=topfd)
OSError: [Errno 16] Device or resource busy: '/tmp/pymp-q3n2oyhz'
Traceback (most recent call last):
  File "/opt/ohpc/pub/compiler/conda/latest/lib/python3.12/multiprocessing/util.py", line 303, in _run_finalizers
    finalizer()
  File "/opt/ohpc/pub/compiler/conda/latest/lib/python3.12/multiprocessing/util.py", line 227, in __call__
    res = self._callback(*self._args, **self._kwargs)
          ^^^^^^^^^^^^^^^^^^^^^^^^^^^^^^^^^^^^^^^^^^^
  File "/opt/ohpc/pub/compiler/conda/latest/lib/python3.12/multiprocessing/util.py", line 136, in _remove_temp_dir
    rmtree(tempdir, onerror=onerror)
  File "/opt/ohpc/pub/compiler/conda/latest/lib/python3.12/shutil.py", line 759, in rmtree
    _rmtree_safe_fd(stack, onexc)
  File "/opt/ohpc/pub/compiler/conda/latest/lib/python3.12/shutil.py", line 703, in _rmtree_safe_fd
    onexc(func, path, err)
  File "/opt/ohpc/pub/compiler/conda/latest/lib/python3.12/shutil.py", line 750, in onexc
    return onerror(func, path, exc_info)
           ^^^^^^^^^^^^^^^^^^^^^^^^^^^^^
  File "/opt/ohpc/pub/compiler/conda/latest/lib/python3.12/shutil.py", line 700, in _rmtree_safe_fd
    onexc(os.unlink, fullname, err)
  File "/opt/ohpc/pub/compiler/conda/latest/lib/python3.12/shutil.py", line 750, in onexc
    return onerror(func, path, exc_info)
           ^^^^^^^^^^^^^^^^^^^^^^^^^^^^^
  File "/opt/ohpc/pub/compiler/conda/latest/lib/python3.12/shutil.py", line 698, in _rmtree_safe_fd
    os.unlink(entry.name, dir_fd=topfd)
OSError: [Errno 16] Device or resource busy: '/tmp/pymp-ct8sbi8a'
Traceback (most recent call last):
  File "/opt/ohpc/pub/compiler/conda/latest/lib/python3.12/multiprocessing/util.py", line 303, in _run_finalizers
    finalizer()
  File "/opt/ohpc/pub/compiler/conda/latest/lib/python3.12/multiprocessing/util.py", line 227, in __call__
    res = self._callback(*self._args, **self._kwargs)
          ^^^^^^^^^^^^^^^^^^^^^^^^^^^^^^^^^^^^^^^^^^^
  File "/opt/ohpc/pub/compiler/conda/latest/lib/python3.12/multiprocessing/util.py", line 136, in _remove_temp_dir
    rmtree(tempdir, onerror=onerror)
  File "/opt/ohpc/pub/compiler/conda/latest/lib/python3.12/shutil.py", line 759, in rmtree
    _rmtree_safe_fd(stack, onexc)
  File "/opt/ohpc/pub/compiler/conda/latest/lib/python3.12/shutil.py", line 703, in _rmtree_safe_fd
    onexc(func, path, err)
  File "/opt/ohpc/pub/compiler/conda/latest/lib/python3.12/shutil.py", line 750, in onexc
    return onerror(func, path, exc_info)
           ^^^^^^^^^^^^^^^^^^^^^^^^^^^^^
  File "/opt/ohpc/pub/compiler/conda/latest/lib/python3.12/shutil.py", line 700, in _rmtree_safe_fd
    onexc(os.unlink, fullname, err)
  File "/opt/ohpc/pub/compiler/conda/latest/lib/python3.12/shutil.py", line 750, in onexc
    return onerror(func, path, exc_info)
           ^^^^^^^^^^^^^^^^^^^^^^^^^^^^^
  File "/opt/ohpc/pub/compiler/conda/latest/lib/python3.12/shutil.py", line 698, in _rmtree_safe_fd
    os.unlink(entry.name, dir_fd=topfd)
OSError: [Errno 16] Device or resource busy: '/tmp/pymp-db_eqb78'
Traceback (most recent call last):
Traceback (most recent call last):
Traceback (most recent call last):
  File "/opt/ohpc/pub/compiler/conda/latest/lib/python3.12/multiprocessing/util.py", line 303, in _run_finalizers
    finalizer()
  File "/opt/ohpc/pub/compiler/conda/latest/lib/python3.12/multiprocessing/util.py", line 227, in __call__
    res = self._callback(*self._args, **self._kwargs)
          ^^^^^^^^^^^^^^^^^^^^^^^^^^^^^^^^^^^^^^^^^^^
  File "/opt/ohpc/pub/compiler/conda/latest/lib/python3.12/multiprocessing/util.py", line 136, in _remove_temp_dir
    rmtree(tempdir, onerror=onerror)
  File "/opt/ohpc/pub/compiler/conda/latest/lib/python3.12/shutil.py", line 759, in rmtree
    _rmtree_safe_fd(stack, onexc)
  File "/opt/ohpc/pub/compiler/conda/latest/lib/python3.12/shutil.py", line 703, in _rmtree_safe_fd
    onexc(func, path, err)
  File "/opt/ohpc/pub/compiler/conda/latest/lib/python3.12/shutil.py", line 750, in onexc
    return onerror(func, path, exc_info)
           ^^^^^^^^^^^^^^^^^^^^^^^^^^^^^
  File "/opt/ohpc/pub/compiler/conda/latest/lib/python3.12/shutil.py", line 700, in _rmtree_safe_fd
    onexc(os.unlink, fullname, err)
  File "/opt/ohpc/pub/compiler/conda/latest/lib/python3.12/shutil.py", line 750, in onexc
    return onerror(func, path, exc_info)
           ^^^^^^^^^^^^^^^^^^^^^^^^^^^^^
  File "/opt/ohpc/pub/compiler/conda/latest/lib/python3.12/shutil.py", line 698, in _rmtree_safe_fd
    os.unlink(entry.name, dir_fd=topfd)
OSError: [Errno 16] Device or resource busy: '/tmp/pymp-aqqoet1a'
  File "/opt/ohpc/pub/compiler/conda/latest/lib/python3.12/multiprocessing/util.py", line 303, in _run_finalizers
    finalizer()
  File "/opt/ohpc/pub/compiler/conda/latest/lib/python3.12/multiprocessing/util.py", line 227, in __call__
    res = self._callback(*self._args, **self._kwargs)
          ^^^^^^^^^^^^^^^^^^^^^^^^^^^^^^^^^^^^^^^^^^^
  File "/opt/ohpc/pub/compiler/conda/latest/lib/python3.12/multiprocessing/util.py", line 136, in _remove_temp_dir
    rmtree(tempdir, onerror=onerror)
  File "/opt/ohpc/pub/compiler/conda/latest/lib/python3.12/shutil.py", line 759, in rmtree
    _rmtree_safe_fd(stack, onexc)
  File "/opt/ohpc/pub/compiler/conda/latest/lib/python3.12/shutil.py", line 703, in _rmtree_safe_fd
    onexc(func, path, err)
  File "/opt/ohpc/pub/compiler/conda/latest/lib/python3.12/shutil.py", line 750, in onexc
    return onerror(func, path, exc_info)
           ^^^^^^^^^^^^^^^^^^^^^^^^^^^^^
  File "/opt/ohpc/pub/compiler/conda/latest/lib/python3.12/shutil.py", line 700, in _rmtree_safe_fd
    onexc(os.unlink, fullname, err)
  File "/opt/ohpc/pub/compiler/conda/latest/lib/python3.12/shutil.py", line 750, in onexc
    return onerror(func, path, exc_info)
           ^^^^^^^^^^^^^^^^^^^^^^^^^^^^^
  File "/opt/ohpc/pub/compiler/conda/latest/lib/python3.12/shutil.py", line 698, in _rmtree_safe_fd
    os.unlink(entry.name, dir_fd=topfd)
OSError: [Errno 16] Device or resource busy: '/tmp/pymp-ageke761'
  File "/opt/ohpc/pub/compiler/conda/latest/lib/python3.12/multiprocessing/util.py", line 303, in _run_finalizers
    finalizer()
  File "/opt/ohpc/pub/compiler/conda/latest/lib/python3.12/multiprocessing/util.py", line 227, in __call__
    res = self._callback(*self._args, **self._kwargs)
          ^^^^^^^^^^^^^^^^^^^^^^^^^^^^^^^^^^^^^^^^^^^
  File "/opt/ohpc/pub/compiler/conda/latest/lib/python3.12/multiprocessing/util.py", line 136, in _remove_temp_dir
    rmtree(tempdir, onerror=onerror)
  File "/opt/ohpc/pub/compiler/conda/latest/lib/python3.12/shutil.py", line 759, in rmtree
    _rmtree_safe_fd(stack, onexc)
  File "/opt/ohpc/pub/compiler/conda/latest/lib/python3.12/shutil.py", line 703, in _rmtree_safe_fd
    onexc(func, path, err)
  File "/opt/ohpc/pub/compiler/conda/latest/lib/python3.12/shutil.py", line 750, in onexc
    return onerror(func, path, exc_info)
           ^^^^^^^^^^^^^^^^^^^^^^^^^^^^^
Traceback (most recent call last):
  File "/opt/ohpc/pub/compiler/conda/latest/lib/python3.12/shutil.py", line 700, in _rmtree_safe_fd
    onexc(os.unlink, fullname, err)
  File "/opt/ohpc/pub/compiler/conda/latest/lib/python3.12/shutil.py", line 750, in onexc
    return onerror(func, path, exc_info)
           ^^^^^^^^^^^^^^^^^^^^^^^^^^^^^
  File "/opt/ohpc/pub/compiler/conda/latest/lib/python3.12/shutil.py", line 698, in _rmtree_safe_fd
    os.unlink(entry.name, dir_fd=topfd)
OSError: [Errno 16] Device or resource busy: '/tmp/pymp-v3ddq8cl'
  File "/opt/ohpc/pub/compiler/conda/latest/lib/python3.12/multiprocessing/util.py", line 303, in _run_finalizers
    finalizer()
  File "/opt/ohpc/pub/compiler/conda/latest/lib/python3.12/multiprocessing/util.py", line 227, in __call__
    res = self._callback(*self._args, **self._kwargs)
          ^^^^^^^^^^^^^^^^^^^^^^^^^^^^^^^^^^^^^^^^^^^
  File "/opt/ohpc/pub/compiler/conda/latest/lib/python3.12/multiprocessing/util.py", line 136, in _remove_temp_dir
    rmtree(tempdir, onerror=onerror)
  File "/opt/ohpc/pub/compiler/conda/latest/lib/python3.12/shutil.py", line 759, in rmtree
    _rmtree_safe_fd(stack, onexc)
  File "/opt/ohpc/pub/compiler/conda/latest/lib/python3.12/shutil.py", line 703, in _rmtree_safe_fd
    onexc(func, path, err)
  File "/opt/ohpc/pub/compiler/conda/latest/lib/python3.12/shutil.py", line 750, in onexc
    return onerror(func, path, exc_info)
           ^^^^^^^^^^^^^^^^^^^^^^^^^^^^^
  File "/opt/ohpc/pub/compiler/conda/latest/lib/python3.12/shutil.py", line 700, in _rmtree_safe_fd
    onexc(os.unlink, fullname, err)
  File "/opt/ohpc/pub/compiler/conda/latest/lib/python3.12/shutil.py", line 750, in onexc
    return onerror(func, path, exc_info)
           ^^^^^^^^^^^^^^^^^^^^^^^^^^^^^
  File "/opt/ohpc/pub/compiler/conda/latest/lib/python3.12/shutil.py", line 698, in _rmtree_safe_fd
    os.unlink(entry.name, dir_fd=topfd)
OSError: [Errno 16] Device or resource busy: '/tmp/pymp-_vylld_v'
Traceback (most recent call last):
Traceback (most recent call last):
  File "/opt/ohpc/pub/compiler/conda/latest/lib/python3.12/multiprocessing/util.py", line 303, in _run_finalizers
    finalizer()
  File "/opt/ohpc/pub/compiler/conda/latest/lib/python3.12/multiprocessing/util.py", line 227, in __call__
    res = self._callback(*self._args, **self._kwargs)
          ^^^^^^^^^^^^^^^^^^^^^^^^^^^^^^^^^^^^^^^^^^^
  File "/opt/ohpc/pub/compiler/conda/latest/lib/python3.12/multiprocessing/util.py", line 136, in _remove_temp_dir
    rmtree(tempdir, onerror=onerror)
  File "/opt/ohpc/pub/compiler/conda/latest/lib/python3.12/shutil.py", line 759, in rmtree
    _rmtree_safe_fd(stack, onexc)
  File "/opt/ohpc/pub/compiler/conda/latest/lib/python3.12/multiprocessing/util.py", line 303, in _run_finalizers
    finalizer()
  File "/opt/ohpc/pub/compiler/conda/latest/lib/python3.12/multiprocessing/util.py", line 227, in __call__
    res = self._callback(*self._args, **self._kwargs)
          ^^^^^^^^^^^^^^^^^^^^^^^^^^^^^^^^^^^^^^^^^^^
  File "/opt/ohpc/pub/compiler/conda/latest/lib/python3.12/multiprocessing/util.py", line 136, in _remove_temp_dir
    rmtree(tempdir, onerror=onerror)
  File "/opt/ohpc/pub/compiler/conda/latest/lib/python3.12/shutil.py", line 759, in rmtree
    _rmtree_safe_fd(stack, onexc)
  File "/opt/ohpc/pub/compiler/conda/latest/lib/python3.12/shutil.py", line 703, in _rmtree_safe_fd
    onexc(func, path, err)
  File "/opt/ohpc/pub/compiler/conda/latest/lib/python3.12/shutil.py", line 750, in onexc
    return onerror(func, path, exc_info)
           ^^^^^^^^^^^^^^^^^^^^^^^^^^^^^
  File "/opt/ohpc/pub/compiler/conda/latest/lib/python3.12/shutil.py", line 700, in _rmtree_safe_fd
    onexc(os.unlink, fullname, err)
  File "/opt/ohpc/pub/compiler/conda/latest/lib/python3.12/shutil.py", line 750, in onexc
    return onerror(func, path, exc_info)
           ^^^^^^^^^^^^^^^^^^^^^^^^^^^^^
  File "/opt/ohpc/pub/compiler/conda/latest/lib/python3.12/shutil.py", line 698, in _rmtree_safe_fd
    os.unlink(entry.name, dir_fd=topfd)
Traceback (most recent call last):
OSError: [Errno 16] Device or resource busy: '/tmp/pymp-u990midz'
  File "/opt/ohpc/pub/compiler/conda/latest/lib/python3.12/multiprocessing/util.py", line 303, in _run_finalizers
    finalizer()
  File "/opt/ohpc/pub/compiler/conda/latest/lib/python3.12/multiprocessing/util.py", line 227, in __call__
    res = self._callback(*self._args, **self._kwargs)
          ^^^^^^^^^^^^^^^^^^^^^^^^^^^^^^^^^^^^^^^^^^^
  File "/opt/ohpc/pub/compiler/conda/latest/lib/python3.12/multiprocessing/util.py", line 136, in _remove_temp_dir
    rmtree(tempdir, onerror=onerror)
  File "/opt/ohpc/pub/compiler/conda/latest/lib/python3.12/shutil.py", line 759, in rmtree
    _rmtree_safe_fd(stack, onexc)
  File "/opt/ohpc/pub/compiler/conda/latest/lib/python3.12/shutil.py", line 703, in _rmtree_safe_fd
    onexc(func, path, err)
  File "/opt/ohpc/pub/compiler/conda/latest/lib/python3.12/shutil.py", line 750, in onexc
    return onerror(func, path, exc_info)
           ^^^^^^^^^^^^^^^^^^^^^^^^^^^^^
  File "/opt/ohpc/pub/compiler/conda/latest/lib/python3.12/shutil.py", line 700, in _rmtree_safe_fd
    onexc(os.unlink, fullname, err)
  File "/opt/ohpc/pub/compiler/conda/latest/lib/python3.12/shutil.py", line 750, in onexc
    return onerror(func, path, exc_info)
           ^^^^^^^^^^^^^^^^^^^^^^^^^^^^^
  File "/opt/ohpc/pub/compiler/conda/latest/lib/python3.12/shutil.py", line 698, in _rmtree_safe_fd
    os.unlink(entry.name, dir_fd=topfd)
OSError: [Errno 16] Device or resource busy: '/tmp/pymp-rc__px8i'
  File "/opt/ohpc/pub/compiler/conda/latest/lib/python3.12/shutil.py", line 703, in _rmtree_safe_fd
    onexc(func, path, err)
  File "/opt/ohpc/pub/compiler/conda/latest/lib/python3.12/shutil.py", line 750, in onexc
    return onerror(func, path, exc_info)
           ^^^^^^^^^^^^^^^^^^^^^^^^^^^^^
  File "/opt/ohpc/pub/compiler/conda/latest/lib/python3.12/shutil.py", line 700, in _rmtree_safe_fd
    onexc(os.unlink, fullname, err)
  File "/opt/ohpc/pub/compiler/conda/latest/lib/python3.12/shutil.py", line 750, in onexc
    return onerror(func, path, exc_info)
           ^^^^^^^^^^^^^^^^^^^^^^^^^^^^^
  File "/opt/ohpc/pub/compiler/conda/latest/lib/python3.12/shutil.py", line 698, in _rmtree_safe_fd
    os.unlink(entry.name, dir_fd=topfd)
OSError: [Errno 16] Device or resource busy: '/tmp/pymp-nygfdt9r'
Traceback (most recent call last):
  File "/opt/ohpc/pub/compiler/conda/latest/lib/python3.12/multiprocessing/util.py", line 303, in _run_finalizers
    finalizer()
  File "/opt/ohpc/pub/compiler/conda/latest/lib/python3.12/multiprocessing/util.py", line 227, in __call__
    res = self._callback(*self._args, **self._kwargs)
          ^^^^^^^^^^^^^^^^^^^^^^^^^^^^^^^^^^^^^^^^^^^
  File "/opt/ohpc/pub/compiler/conda/latest/lib/python3.12/multiprocessing/util.py", line 136, in _remove_temp_dir
    rmtree(tempdir, onerror=onerror)
  File "/opt/ohpc/pub/compiler/conda/latest/lib/python3.12/shutil.py", line 759, in rmtree
    _rmtree_safe_fd(stack, onexc)
  File "/opt/ohpc/pub/compiler/conda/latest/lib/python3.12/shutil.py", line 703, in _rmtree_safe_fd
    onexc(func, path, err)
  File "/opt/ohpc/pub/compiler/conda/latest/lib/python3.12/shutil.py", line 750, in onexc
    return onerror(func, path, exc_info)
           ^^^^^^^^^^^^^^^^^^^^^^^^^^^^^
  File "/opt/ohpc/pub/compiler/conda/latest/lib/python3.12/shutil.py", line 700, in _rmtree_safe_fd
    onexc(os.unlink, fullname, err)
  File "/opt/ohpc/pub/compiler/conda/latest/lib/python3.12/shutil.py", line 750, in onexc
    return onerror(func, path, exc_info)
           ^^^^^^^^^^^^^^^^^^^^^^^^^^^^^
  File "/opt/ohpc/pub/compiler/conda/latest/lib/python3.12/shutil.py", line 698, in _rmtree_safe_fd
    os.unlink(entry.name, dir_fd=topfd)
OSError: [Errno 16] Device or resource busy: '/tmp/pymp-8rxtf767'
[val 002] loss=-0.0408 z_std=0.0482 rankme=77.213 lidar=54.098 areq=1.337 pr=2.61 align=0.6402 unif=-1.703 converged=False collapsed=False
  e003 it0000/62 lr=0.0009 loss=-0.0529 z_std=0.0641
  e003 it0010/62 lr=0.0010 loss=-0.0610 z_std=0.0642
  e003 it0020/62 lr=0.0010 loss=-0.0553 z_std=0.0642
  e003 it0030/62 lr=0.0011 loss=-0.0569 z_std=0.0642
  e003 it0040/62 lr=0.0011 loss=-0.0578 z_std=0.0642
  e003 it0050/62 lr=0.0012 loss=-0.0596 z_std=0.0641
  e003 it0060/62 lr=0.0012 loss=-0.0616 z_std=0.0641
[epoch 003] loss=-0.0614 z_std=0.0642 (healthy~0.0625) time=189.4s
Traceback (most recent call last):
Traceback (most recent call last):
Traceback (most recent call last):
  File "/opt/ohpc/pub/compiler/conda/latest/lib/python3.12/multiprocessing/util.py", line 303, in _run_finalizers
    finalizer()
  File "/opt/ohpc/pub/compiler/conda/latest/lib/python3.12/multiprocessing/util.py", line 227, in __call__
    res = self._callback(*self._args, **self._kwargs)
          ^^^^^^^^^^^^^^^^^^^^^^^^^^^^^^^^^^^^^^^^^^^
  File "/opt/ohpc/pub/compiler/conda/latest/lib/python3.12/multiprocessing/util.py", line 136, in _remove_temp_dir
    rmtree(tempdir, onerror=onerror)
  File "/opt/ohpc/pub/compiler/conda/latest/lib/python3.12/shutil.py", line 759, in rmtree
    _rmtree_safe_fd(stack, onexc)
  File "/opt/ohpc/pub/compiler/conda/latest/lib/python3.12/shutil.py", line 703, in _rmtree_safe_fd
    onexc(func, path, err)
  File "/opt/ohpc/pub/compiler/conda/latest/lib/python3.12/shutil.py", line 750, in onexc
    return onerror(func, path, exc_info)
           ^^^^^^^^^^^^^^^^^^^^^^^^^^^^^
  File "/opt/ohpc/pub/compiler/conda/latest/lib/python3.12/shutil.py", line 700, in _rmtree_safe_fd
    onexc(os.unlink, fullname, err)
  File "/opt/ohpc/pub/compiler/conda/latest/lib/python3.12/shutil.py", line 750, in onexc
    return onerror(func, path, exc_info)
           ^^^^^^^^^^^^^^^^^^^^^^^^^^^^^
  File "/opt/ohpc/pub/compiler/conda/latest/lib/python3.12/shutil.py", line 698, in _rmtree_safe_fd
    os.unlink(entry.name, dir_fd=topfd)
OSError: [Errno 16] Device or resource busy: '/tmp/pymp-n54eqfet'
Traceback (most recent call last):
Traceback (most recent call last):
Traceback (most recent call last):
Traceback (most recent call last):
  File "/opt/ohpc/pub/compiler/conda/latest/lib/python3.12/multiprocessing/util.py", line 303, in _run_finalizers
    finalizer()
  File "/opt/ohpc/pub/compiler/conda/latest/lib/python3.12/multiprocessing/util.py", line 227, in __call__
    res = self._callback(*self._args, **self._kwargs)
          ^^^^^^^^^^^^^^^^^^^^^^^^^^^^^^^^^^^^^^^^^^^
  File "/opt/ohpc/pub/compiler/conda/latest/lib/python3.12/multiprocessing/util.py", line 303, in _run_finalizers
    finalizer()
  File "/opt/ohpc/pub/compiler/conda/latest/lib/python3.12/multiprocessing/util.py", line 136, in _remove_temp_dir
    rmtree(tempdir, onerror=onerror)
  File "/opt/ohpc/pub/compiler/conda/latest/lib/python3.12/shutil.py", line 759, in rmtree
    _rmtree_safe_fd(stack, onexc)
  File "/opt/ohpc/pub/compiler/conda/latest/lib/python3.12/multiprocessing/util.py", line 227, in __call__
    res = self._callback(*self._args, **self._kwargs)
          ^^^^^^^^^^^^^^^^^^^^^^^^^^^^^^^^^^^^^^^^^^^
  File "/opt/ohpc/pub/compiler/conda/latest/lib/python3.12/shutil.py", line 703, in _rmtree_safe_fd
    onexc(func, path, err)
  File "/opt/ohpc/pub/compiler/conda/latest/lib/python3.12/multiprocessing/util.py", line 136, in _remove_temp_dir
    rmtree(tempdir, onerror=onerror)
  File "/opt/ohpc/pub/compiler/conda/latest/lib/python3.12/shutil.py", line 750, in onexc
    return onerror(func, path, exc_info)
           ^^^^^^^^^^^^^^^^^^^^^^^^^^^^^
  File "/opt/ohpc/pub/compiler/conda/latest/lib/python3.12/shutil.py", line 759, in rmtree
    _rmtree_safe_fd(stack, onexc)
  File "/opt/ohpc/pub/compiler/conda/latest/lib/python3.12/shutil.py", line 700, in _rmtree_safe_fd
    onexc(os.unlink, fullname, err)
  File "/opt/ohpc/pub/compiler/conda/latest/lib/python3.12/shutil.py", line 703, in _rmtree_safe_fd
    onexc(func, path, err)
  File "/opt/ohpc/pub/compiler/conda/latest/lib/python3.12/shutil.py", line 750, in onexc
    return onerror(func, path, exc_info)
           ^^^^^^^^^^^^^^^^^^^^^^^^^^^^^
  File "/opt/ohpc/pub/compiler/conda/latest/lib/python3.12/shutil.py", line 698, in _rmtree_safe_fd
    os.unlink(entry.name, dir_fd=topfd)
  File "/opt/ohpc/pub/compiler/conda/latest/lib/python3.12/shutil.py", line 750, in onexc
    return onerror(func, path, exc_info)
           ^^^^^^^^^^^^^^^^^^^^^^^^^^^^^
  File "/opt/ohpc/pub/compiler/conda/latest/lib/python3.12/shutil.py", line 700, in _rmtree_safe_fd
    onexc(os.unlink, fullname, err)
  File "/opt/ohpc/pub/compiler/conda/latest/lib/python3.12/shutil.py", line 750, in onexc
    return onerror(func, path, exc_info)
           ^^^^^^^^^^^^^^^^^^^^^^^^^^^^^
  File "/opt/ohpc/pub/compiler/conda/latest/lib/python3.12/shutil.py", line 698, in _rmtree_safe_fd
    os.unlink(entry.name, dir_fd=topfd)
OSError: [Errno 16] Device or resource busy: '/tmp/pymp-vn96_542'
OSError: [Errno 16] Device or resource busy: '/tmp/pymp-fuv67ezm'
Traceback (most recent call last):
Traceback (most recent call last):
Traceback (most recent call last):
  File "/opt/ohpc/pub/compiler/conda/latest/lib/python3.12/multiprocessing/util.py", line 303, in _run_finalizers
    finalizer()
  File "/opt/ohpc/pub/compiler/conda/latest/lib/python3.12/multiprocessing/util.py", line 227, in __call__
    res = self._callback(*self._args, **self._kwargs)
          ^^^^^^^^^^^^^^^^^^^^^^^^^^^^^^^^^^^^^^^^^^^
  File "/opt/ohpc/pub/compiler/conda/latest/lib/python3.12/multiprocessing/util.py", line 136, in _remove_temp_dir
    rmtree(tempdir, onerror=onerror)
  File "/opt/ohpc/pub/compiler/conda/latest/lib/python3.12/shutil.py", line 759, in rmtree
    _rmtree_safe_fd(stack, onexc)
  File "/opt/ohpc/pub/compiler/conda/latest/lib/python3.12/shutil.py", line 703, in _rmtree_safe_fd
    onexc(func, path, err)
  File "/opt/ohpc/pub/compiler/conda/latest/lib/python3.12/shutil.py", line 750, in onexc
    return onerror(func, path, exc_info)
           ^^^^^^^^^^^^^^^^^^^^^^^^^^^^^
  File "/opt/ohpc/pub/compiler/conda/latest/lib/python3.12/shutil.py", line 700, in _rmtree_safe_fd
    onexc(os.unlink, fullname, err)
  File "/opt/ohpc/pub/compiler/conda/latest/lib/python3.12/shutil.py", line 750, in onexc
    return onerror(func, path, exc_info)
           ^^^^^^^^^^^^^^^^^^^^^^^^^^^^^
  File "/opt/ohpc/pub/compiler/conda/latest/lib/python3.12/shutil.py", line 698, in _rmtree_safe_fd
    os.unlink(entry.name, dir_fd=topfd)
OSError: [Errno 16] Device or resource busy: '/tmp/pymp-5sn6d91l'
  File "/opt/ohpc/pub/compiler/conda/latest/lib/python3.12/multiprocessing/util.py", line 303, in _run_finalizers
    finalizer()
  File "/opt/ohpc/pub/compiler/conda/latest/lib/python3.12/multiprocessing/util.py", line 227, in __call__
    res = self._callback(*self._args, **self._kwargs)
          ^^^^^^^^^^^^^^^^^^^^^^^^^^^^^^^^^^^^^^^^^^^
  File "/opt/ohpc/pub/compiler/conda/latest/lib/python3.12/multiprocessing/util.py", line 136, in _remove_temp_dir
    rmtree(tempdir, onerror=onerror)
  File "/opt/ohpc/pub/compiler/conda/latest/lib/python3.12/shutil.py", line 759, in rmtree
    _rmtree_safe_fd(stack, onexc)
  File "/opt/ohpc/pub/compiler/conda/latest/lib/python3.12/shutil.py", line 703, in _rmtree_safe_fd
    onexc(func, path, err)
  File "/opt/ohpc/pub/compiler/conda/latest/lib/python3.12/shutil.py", line 750, in onexc
    return onerror(func, path, exc_info)
           ^^^^^^^^^^^^^^^^^^^^^^^^^^^^^
  File "/opt/ohpc/pub/compiler/conda/latest/lib/python3.12/shutil.py", line 700, in _rmtree_safe_fd
    onexc(os.unlink, fullname, err)
  File "/opt/ohpc/pub/compiler/conda/latest/lib/python3.12/shutil.py", line 750, in onexc
    return onerror(func, path, exc_info)
           ^^^^^^^^^^^^^^^^^^^^^^^^^^^^^
  File "/opt/ohpc/pub/compiler/conda/latest/lib/python3.12/shutil.py", line 698, in _rmtree_safe_fd
    os.unlink(entry.name, dir_fd=topfd)
OSError: [Errno 16] Device or resource busy: '/tmp/pymp-6v795cao'
  File "/opt/ohpc/pub/compiler/conda/latest/lib/python3.12/multiprocessing/util.py", line 303, in _run_finalizers
    finalizer()
  File "/opt/ohpc/pub/compiler/conda/latest/lib/python3.12/multiprocessing/util.py", line 227, in __call__
    res = self._callback(*self._args, **self._kwargs)
          ^^^^^^^^^^^^^^^^^^^^^^^^^^^^^^^^^^^^^^^^^^^
  File "/opt/ohpc/pub/compiler/conda/latest/lib/python3.12/multiprocessing/util.py", line 136, in _remove_temp_dir
    rmtree(tempdir, onerror=onerror)
  File "/opt/ohpc/pub/compiler/conda/latest/lib/python3.12/shutil.py", line 759, in rmtree
    _rmtree_safe_fd(stack, onexc)
  File "/opt/ohpc/pub/compiler/conda/latest/lib/python3.12/shutil.py", line 703, in _rmtree_safe_fd
    onexc(func, path, err)
  File "/opt/ohpc/pub/compiler/conda/latest/lib/python3.12/shutil.py", line 750, in onexc
    return onerror(func, path, exc_info)
           ^^^^^^^^^^^^^^^^^^^^^^^^^^^^^
  File "/opt/ohpc/pub/compiler/conda/latest/lib/python3.12/shutil.py", line 700, in _rmtree_safe_fd
    onexc(os.unlink, fullname, err)
  File "/opt/ohpc/pub/compiler/conda/latest/lib/python3.12/shutil.py", line 750, in onexc
    return onerror(func, path, exc_info)
           ^^^^^^^^^^^^^^^^^^^^^^^^^^^^^
  File "/opt/ohpc/pub/compiler/conda/latest/lib/python3.12/shutil.py", line 698, in _rmtree_safe_fd
    os.unlink(entry.name, dir_fd=topfd)
OSError: [Errno 16] Device or resource busy: '/tmp/pymp-r2sfigwj'
  File "/opt/ohpc/pub/compiler/conda/latest/lib/python3.12/multiprocessing/util.py", line 303, in _run_finalizers
    finalizer()
  File "/opt/ohpc/pub/compiler/conda/latest/lib/python3.12/multiprocessing/util.py", line 227, in __call__
    res = self._callback(*self._args, **self._kwargs)
          ^^^^^^^^^^^^^^^^^^^^^^^^^^^^^^^^^^^^^^^^^^^
  File "/opt/ohpc/pub/compiler/conda/latest/lib/python3.12/multiprocessing/util.py", line 136, in _remove_temp_dir
    rmtree(tempdir, onerror=onerror)
  File "/opt/ohpc/pub/compiler/conda/latest/lib/python3.12/shutil.py", line 759, in rmtree
    _rmtree_safe_fd(stack, onexc)
  File "/opt/ohpc/pub/compiler/conda/latest/lib/python3.12/shutil.py", line 703, in _rmtree_safe_fd
    onexc(func, path, err)
  File "/opt/ohpc/pub/compiler/conda/latest/lib/python3.12/shutil.py", line 750, in onexc
    return onerror(func, path, exc_info)
           ^^^^^^^^^^^^^^^^^^^^^^^^^^^^^
  File "/opt/ohpc/pub/compiler/conda/latest/lib/python3.12/shutil.py", line 700, in _rmtree_safe_fd
    onexc(os.unlink, fullname, err)
  File "/opt/ohpc/pub/compiler/conda/latest/lib/python3.12/shutil.py", line 750, in onexc
    return onerror(func, path, exc_info)
           ^^^^^^^^^^^^^^^^^^^^^^^^^^^^^
  File "/opt/ohpc/pub/compiler/conda/latest/lib/python3.12/shutil.py", line 698, in _rmtree_safe_fd
    os.unlink(entry.name, dir_fd=topfd)
OSError: [Errno 16] Device or resource busy: '/tmp/pymp-vtp4kak3'
  File "/opt/ohpc/pub/compiler/conda/latest/lib/python3.12/multiprocessing/util.py", line 303, in _run_finalizers
    finalizer()
  File "/opt/ohpc/pub/compiler/conda/latest/lib/python3.12/multiprocessing/util.py", line 303, in _run_finalizers
    finalizer()
  File "/opt/ohpc/pub/compiler/conda/latest/lib/python3.12/multiprocessing/util.py", line 227, in __call__
    res = self._callback(*self._args, **self._kwargs)
          ^^^^^^^^^^^^^^^^^^^^^^^^^^^^^^^^^^^^^^^^^^^
  File "/opt/ohpc/pub/compiler/conda/latest/lib/python3.12/multiprocessing/util.py", line 136, in _remove_temp_dir
    rmtree(tempdir, onerror=onerror)
  File "/opt/ohpc/pub/compiler/conda/latest/lib/python3.12/multiprocessing/util.py", line 227, in __call__
    res = self._callback(*self._args, **self._kwargs)
          ^^^^^^^^^^^^^^^^^^^^^^^^^^^^^^^^^^^^^^^^^^^
  File "/opt/ohpc/pub/compiler/conda/latest/lib/python3.12/shutil.py", line 759, in rmtree
    _rmtree_safe_fd(stack, onexc)
  File "/opt/ohpc/pub/compiler/conda/latest/lib/python3.12/multiprocessing/util.py", line 136, in _remove_temp_dir
    rmtree(tempdir, onerror=onerror)
  File "/opt/ohpc/pub/compiler/conda/latest/lib/python3.12/shutil.py", line 703, in _rmtree_safe_fd
    onexc(func, path, err)
  File "/opt/ohpc/pub/compiler/conda/latest/lib/python3.12/shutil.py", line 759, in rmtree
    _rmtree_safe_fd(stack, onexc)
  File "/opt/ohpc/pub/compiler/conda/latest/lib/python3.12/shutil.py", line 750, in onexc
    return onerror(func, path, exc_info)
           ^^^^^^^^^^^^^^^^^^^^^^^^^^^^^
  File "/opt/ohpc/pub/compiler/conda/latest/lib/python3.12/shutil.py", line 703, in _rmtree_safe_fd
    onexc(func, path, err)
  File "/opt/ohpc/pub/compiler/conda/latest/lib/python3.12/shutil.py", line 700, in _rmtree_safe_fd
    onexc(os.unlink, fullname, err)
  File "/opt/ohpc/pub/compiler/conda/latest/lib/python3.12/shutil.py", line 750, in onexc
    return onerror(func, path, exc_info)
           ^^^^^^^^^^^^^^^^^^^^^^^^^^^^^
  File "/opt/ohpc/pub/compiler/conda/latest/lib/python3.12/shutil.py", line 750, in onexc
    return onerror(func, path, exc_info)
           ^^^^^^^^^^^^^^^^^^^^^^^^^^^^^
  File "/opt/ohpc/pub/compiler/conda/latest/lib/python3.12/shutil.py", line 700, in _rmtree_safe_fd
    onexc(os.unlink, fullname, err)
  File "/opt/ohpc/pub/compiler/conda/latest/lib/python3.12/shutil.py", line 698, in _rmtree_safe_fd
    os.unlink(entry.name, dir_fd=topfd)
  File "/opt/ohpc/pub/compiler/conda/latest/lib/python3.12/shutil.py", line 750, in onexc
    return onerror(func, path, exc_info)
           ^^^^^^^^^^^^^^^^^^^^^^^^^^^^^
  File "/opt/ohpc/pub/compiler/conda/latest/lib/python3.12/shutil.py", line 698, in _rmtree_safe_fd
    os.unlink(entry.name, dir_fd=topfd)
OSError: [Errno 16] Device or resource busy: '/tmp/pymp-pivb_91p'
OSError: [Errno 16] Device or resource busy: '/tmp/pymp-4o33s_f3'
  File "/opt/ohpc/pub/compiler/conda/latest/lib/python3.12/multiprocessing/util.py", line 303, in _run_finalizers
    finalizer()
  File "/opt/ohpc/pub/compiler/conda/latest/lib/python3.12/multiprocessing/util.py", line 227, in __call__
    res = self._callback(*self._args, **self._kwargs)
          ^^^^^^^^^^^^^^^^^^^^^^^^^^^^^^^^^^^^^^^^^^^
  File "/opt/ohpc/pub/compiler/conda/latest/lib/python3.12/multiprocessing/util.py", line 136, in _remove_temp_dir
    rmtree(tempdir, onerror=onerror)
  File "/opt/ohpc/pub/compiler/conda/latest/lib/python3.12/shutil.py", line 759, in rmtree
    _rmtree_safe_fd(stack, onexc)
  File "/opt/ohpc/pub/compiler/conda/latest/lib/python3.12/shutil.py", line 703, in _rmtree_safe_fd
    onexc(func, path, err)
  File "/opt/ohpc/pub/compiler/conda/latest/lib/python3.12/shutil.py", line 750, in onexc
    return onerror(func, path, exc_info)
           ^^^^^^^^^^^^^^^^^^^^^^^^^^^^^
  File "/opt/ohpc/pub/compiler/conda/latest/lib/python3.12/shutil.py", line 700, in _rmtree_safe_fd
    onexc(os.unlink, fullname, err)
  File "/opt/ohpc/pub/compiler/conda/latest/lib/python3.12/shutil.py", line 750, in onexc
    return onerror(func, path, exc_info)
           ^^^^^^^^^^^^^^^^^^^^^^^^^^^^^
  File "/opt/ohpc/pub/compiler/conda/latest/lib/python3.12/shutil.py", line 698, in _rmtree_safe_fd
    os.unlink(entry.name, dir_fd=topfd)
OSError: [Errno 16] Device or resource busy: '/tmp/pymp-nxweqjqf'
Traceback (most recent call last):
Traceback (most recent call last):
Traceback (most recent call last):
Traceback (most recent call last):
Traceback (most recent call last):
Traceback (most recent call last):
Traceback (most recent call last):
  File "/opt/ohpc/pub/compiler/conda/latest/lib/python3.12/multiprocessing/util.py", line 303, in _run_finalizers
    finalizer()
Traceback (most recent call last):
  File "/opt/ohpc/pub/compiler/conda/latest/lib/python3.12/multiprocessing/util.py", line 227, in __call__
    res = self._callback(*self._args, **self._kwargs)
          ^^^^^^^^^^^^^^^^^^^^^^^^^^^^^^^^^^^^^^^^^^^
  File "/opt/ohpc/pub/compiler/conda/latest/lib/python3.12/multiprocessing/util.py", line 136, in _remove_temp_dir
    rmtree(tempdir, onerror=onerror)
  File "/opt/ohpc/pub/compiler/conda/latest/lib/python3.12/multiprocessing/util.py", line 303, in _run_finalizers
    finalizer()
  File "/opt/ohpc/pub/compiler/conda/latest/lib/python3.12/shutil.py", line 759, in rmtree
    _rmtree_safe_fd(stack, onexc)
  File "/opt/ohpc/pub/compiler/conda/latest/lib/python3.12/shutil.py", line 703, in _rmtree_safe_fd
    onexc(func, path, err)
  File "/opt/ohpc/pub/compiler/conda/latest/lib/python3.12/shutil.py", line 750, in onexc
    return onerror(func, path, exc_info)
           ^^^^^^^^^^^^^^^^^^^^^^^^^^^^^
  File "/opt/ohpc/pub/compiler/conda/latest/lib/python3.12/multiprocessing/util.py", line 227, in __call__
    res = self._callback(*self._args, **self._kwargs)
          ^^^^^^^^^^^^^^^^^^^^^^^^^^^^^^^^^^^^^^^^^^^
  File "/opt/ohpc/pub/compiler/conda/latest/lib/python3.12/shutil.py", line 700, in _rmtree_safe_fd
    onexc(os.unlink, fullname, err)
  File "/opt/ohpc/pub/compiler/conda/latest/lib/python3.12/multiprocessing/util.py", line 136, in _remove_temp_dir
    rmtree(tempdir, onerror=onerror)
  File "/opt/ohpc/pub/compiler/conda/latest/lib/python3.12/shutil.py", line 750, in onexc
    return onerror(func, path, exc_info)
           ^^^^^^^^^^^^^^^^^^^^^^^^^^^^^
  File "/opt/ohpc/pub/compiler/conda/latest/lib/python3.12/shutil.py", line 759, in rmtree
    _rmtree_safe_fd(stack, onexc)
  File "/opt/ohpc/pub/compiler/conda/latest/lib/python3.12/shutil.py", line 698, in _rmtree_safe_fd
    os.unlink(entry.name, dir_fd=topfd)
  File "/opt/ohpc/pub/compiler/conda/latest/lib/python3.12/shutil.py", line 703, in _rmtree_safe_fd
    onexc(func, path, err)
  File "/opt/ohpc/pub/compiler/conda/latest/lib/python3.12/shutil.py", line 750, in onexc
    return onerror(func, path, exc_info)
           ^^^^^^^^^^^^^^^^^^^^^^^^^^^^^
  File "/opt/ohpc/pub/compiler/conda/latest/lib/python3.12/shutil.py", line 700, in _rmtree_safe_fd
    onexc(os.unlink, fullname, err)
  File "/opt/ohpc/pub/compiler/conda/latest/lib/python3.12/shutil.py", line 750, in onexc
    return onerror(func, path, exc_info)
           ^^^^^^^^^^^^^^^^^^^^^^^^^^^^^
  File "/opt/ohpc/pub/compiler/conda/latest/lib/python3.12/shutil.py", line 698, in _rmtree_safe_fd
    os.unlink(entry.name, dir_fd=topfd)
OSError: [Errno 16] Device or resource busy: '/tmp/pymp-9epv6j56'
OSError: [Errno 16] Device or resource busy: '/tmp/pymp-rpsb575e'
  File "/opt/ohpc/pub/compiler/conda/latest/lib/python3.12/multiprocessing/util.py", line 303, in _run_finalizers
    finalizer()
  File "/opt/ohpc/pub/compiler/conda/latest/lib/python3.12/multiprocessing/util.py", line 227, in __call__
    res = self._callback(*self._args, **self._kwargs)
          ^^^^^^^^^^^^^^^^^^^^^^^^^^^^^^^^^^^^^^^^^^^
  File "/opt/ohpc/pub/compiler/conda/latest/lib/python3.12/multiprocessing/util.py", line 136, in _remove_temp_dir
    rmtree(tempdir, onerror=onerror)
  File "/opt/ohpc/pub/compiler/conda/latest/lib/python3.12/shutil.py", line 759, in rmtree
    _rmtree_safe_fd(stack, onexc)
  File "/opt/ohpc/pub/compiler/conda/latest/lib/python3.12/shutil.py", line 703, in _rmtree_safe_fd
    onexc(func, path, err)
  File "/opt/ohpc/pub/compiler/conda/latest/lib/python3.12/shutil.py", line 750, in onexc
    return onerror(func, path, exc_info)
           ^^^^^^^^^^^^^^^^^^^^^^^^^^^^^
  File "/opt/ohpc/pub/compiler/conda/latest/lib/python3.12/shutil.py", line 700, in _rmtree_safe_fd
    onexc(os.unlink, fullname, err)
  File "/opt/ohpc/pub/compiler/conda/latest/lib/python3.12/shutil.py", line 750, in onexc
    return onerror(func, path, exc_info)
           ^^^^^^^^^^^^^^^^^^^^^^^^^^^^^
  File "/opt/ohpc/pub/compiler/conda/latest/lib/python3.12/shutil.py", line 698, in _rmtree_safe_fd
    os.unlink(entry.name, dir_fd=topfd)
OSError: [Errno 16] Device or resource busy: '/tmp/pymp-bywr_7ji'
  File "/opt/ohpc/pub/compiler/conda/latest/lib/python3.12/multiprocessing/util.py", line 303, in _run_finalizers
    finalizer()
  File "/opt/ohpc/pub/compiler/conda/latest/lib/python3.12/multiprocessing/util.py", line 227, in __call__
    res = self._callback(*self._args, **self._kwargs)
          ^^^^^^^^^^^^^^^^^^^^^^^^^^^^^^^^^^^^^^^^^^^
  File "/opt/ohpc/pub/compiler/conda/latest/lib/python3.12/multiprocessing/util.py", line 136, in _remove_temp_dir
    rmtree(tempdir, onerror=onerror)
  File "/opt/ohpc/pub/compiler/conda/latest/lib/python3.12/shutil.py", line 759, in rmtree
    _rmtree_safe_fd(stack, onexc)
  File "/opt/ohpc/pub/compiler/conda/latest/lib/python3.12/shutil.py", line 703, in _rmtree_safe_fd
    onexc(func, path, err)
  File "/opt/ohpc/pub/compiler/conda/latest/lib/python3.12/shutil.py", line 750, in onexc
    return onerror(func, path, exc_info)
           ^^^^^^^^^^^^^^^^^^^^^^^^^^^^^
  File "/opt/ohpc/pub/compiler/conda/latest/lib/python3.12/shutil.py", line 700, in _rmtree_safe_fd
    onexc(os.unlink, fullname, err)
  File "/opt/ohpc/pub/compiler/conda/latest/lib/python3.12/shutil.py", line 750, in onexc
    return onerror(func, path, exc_info)
           ^^^^^^^^^^^^^^^^^^^^^^^^^^^^^
  File "/opt/ohpc/pub/compiler/conda/latest/lib/python3.12/shutil.py", line 698, in _rmtree_safe_fd
    os.unlink(entry.name, dir_fd=topfd)
OSError: [Errno 16] Device or resource busy: '/tmp/pymp-2_kgr1db'
  File "/opt/ohpc/pub/compiler/conda/latest/lib/python3.12/multiprocessing/util.py", line 303, in _run_finalizers
    finalizer()
  File "/opt/ohpc/pub/compiler/conda/latest/lib/python3.12/multiprocessing/util.py", line 227, in __call__
    res = self._callback(*self._args, **self._kwargs)
          ^^^^^^^^^^^^^^^^^^^^^^^^^^^^^^^^^^^^^^^^^^^
  File "/opt/ohpc/pub/compiler/conda/latest/lib/python3.12/multiprocessing/util.py", line 136, in _remove_temp_dir
    rmtree(tempdir, onerror=onerror)
  File "/opt/ohpc/pub/compiler/conda/latest/lib/python3.12/shutil.py", line 759, in rmtree
    _rmtree_safe_fd(stack, onexc)
  File "/opt/ohpc/pub/compiler/conda/latest/lib/python3.12/shutil.py", line 703, in _rmtree_safe_fd
    onexc(func, path, err)
  File "/opt/ohpc/pub/compiler/conda/latest/lib/python3.12/shutil.py", line 750, in onexc
    return onerror(func, path, exc_info)
           ^^^^^^^^^^^^^^^^^^^^^^^^^^^^^
  File "/opt/ohpc/pub/compiler/conda/latest/lib/python3.12/shutil.py", line 700, in _rmtree_safe_fd
    onexc(os.unlink, fullname, err)
  File "/opt/ohpc/pub/compiler/conda/latest/lib/python3.12/shutil.py", line 750, in onexc
    return onerror(func, path, exc_info)
           ^^^^^^^^^^^^^^^^^^^^^^^^^^^^^
  File "/opt/ohpc/pub/compiler/conda/latest/lib/python3.12/shutil.py", line 698, in _rmtree_safe_fd
    os.unlink(entry.name, dir_fd=topfd)
OSError: [Errno 16] Device or resource busy: '/tmp/pymp-pmnn1n41'
  File "/opt/ohpc/pub/compiler/conda/latest/lib/python3.12/multiprocessing/util.py", line 303, in _run_finalizers
    finalizer()
  File "/opt/ohpc/pub/compiler/conda/latest/lib/python3.12/multiprocessing/util.py", line 227, in __call__
    res = self._callback(*self._args, **self._kwargs)
          ^^^^^^^^^^^^^^^^^^^^^^^^^^^^^^^^^^^^^^^^^^^
  File "/opt/ohpc/pub/compiler/conda/latest/lib/python3.12/multiprocessing/util.py", line 136, in _remove_temp_dir
    rmtree(tempdir, onerror=onerror)
Traceback (most recent call last):
  File "/opt/ohpc/pub/compiler/conda/latest/lib/python3.12/shutil.py", line 759, in rmtree
    _rmtree_safe_fd(stack, onexc)
  File "/opt/ohpc/pub/compiler/conda/latest/lib/python3.12/shutil.py", line 703, in _rmtree_safe_fd
    onexc(func, path, err)
  File "/opt/ohpc/pub/compiler/conda/latest/lib/python3.12/shutil.py", line 750, in onexc
    return onerror(func, path, exc_info)
           ^^^^^^^^^^^^^^^^^^^^^^^^^^^^^
  File "/opt/ohpc/pub/compiler/conda/latest/lib/python3.12/shutil.py", line 700, in _rmtree_safe_fd
    onexc(os.unlink, fullname, err)
  File "/opt/ohpc/pub/compiler/conda/latest/lib/python3.12/shutil.py", line 750, in onexc
    return onerror(func, path, exc_info)
           ^^^^^^^^^^^^^^^^^^^^^^^^^^^^^
  File "/opt/ohpc/pub/compiler/conda/latest/lib/python3.12/multiprocessing/util.py", line 303, in _run_finalizers
    finalizer()
  File "/opt/ohpc/pub/compiler/conda/latest/lib/python3.12/shutil.py", line 698, in _rmtree_safe_fd
    os.unlink(entry.name, dir_fd=topfd)
  File "/opt/ohpc/pub/compiler/conda/latest/lib/python3.12/multiprocessing/util.py", line 227, in __call__
    res = self._callback(*self._args, **self._kwargs)
          ^^^^^^^^^^^^^^^^^^^^^^^^^^^^^^^^^^^^^^^^^^^
  File "/opt/ohpc/pub/compiler/conda/latest/lib/python3.12/multiprocessing/util.py", line 303, in _run_finalizers
    finalizer()
  File "/opt/ohpc/pub/compiler/conda/latest/lib/python3.12/multiprocessing/util.py", line 136, in _remove_temp_dir
    rmtree(tempdir, onerror=onerror)
  File "/opt/ohpc/pub/compiler/conda/latest/lib/python3.12/shutil.py", line 759, in rmtree
    _rmtree_safe_fd(stack, onexc)
  File "/opt/ohpc/pub/compiler/conda/latest/lib/python3.12/multiprocessing/util.py", line 227, in __call__
    res = self._callback(*self._args, **self._kwargs)
          ^^^^^^^^^^^^^^^^^^^^^^^^^^^^^^^^^^^^^^^^^^^
OSError: [Errno 16] Device or resource busy: '/tmp/pymp-za8yb9d7'
  File "/opt/ohpc/pub/compiler/conda/latest/lib/python3.12/shutil.py", line 703, in _rmtree_safe_fd
    onexc(func, path, err)
  File "/opt/ohpc/pub/compiler/conda/latest/lib/python3.12/multiprocessing/util.py", line 136, in _remove_temp_dir
    rmtree(tempdir, onerror=onerror)
  File "/opt/ohpc/pub/compiler/conda/latest/lib/python3.12/shutil.py", line 750, in onexc
    return onerror(func, path, exc_info)
           ^^^^^^^^^^^^^^^^^^^^^^^^^^^^^
  File "/opt/ohpc/pub/compiler/conda/latest/lib/python3.12/shutil.py", line 759, in rmtree
    _rmtree_safe_fd(stack, onexc)
  File "/opt/ohpc/pub/compiler/conda/latest/lib/python3.12/shutil.py", line 700, in _rmtree_safe_fd
    onexc(os.unlink, fullname, err)
  File "/opt/ohpc/pub/compiler/conda/latest/lib/python3.12/shutil.py", line 703, in _rmtree_safe_fd
    onexc(func, path, err)
  File "/opt/ohpc/pub/compiler/conda/latest/lib/python3.12/shutil.py", line 750, in onexc
    return onerror(func, path, exc_info)
           ^^^^^^^^^^^^^^^^^^^^^^^^^^^^^
  File "/opt/ohpc/pub/compiler/conda/latest/lib/python3.12/shutil.py", line 750, in onexc
    return onerror(func, path, exc_info)
           ^^^^^^^^^^^^^^^^^^^^^^^^^^^^^
  File "/opt/ohpc/pub/compiler/conda/latest/lib/python3.12/shutil.py", line 698, in _rmtree_safe_fd
    os.unlink(entry.name, dir_fd=topfd)
  File "/opt/ohpc/pub/compiler/conda/latest/lib/python3.12/shutil.py", line 700, in _rmtree_safe_fd
    onexc(os.unlink, fullname, err)
  File "/opt/ohpc/pub/compiler/conda/latest/lib/python3.12/shutil.py", line 750, in onexc
    return onerror(func, path, exc_info)
           ^^^^^^^^^^^^^^^^^^^^^^^^^^^^^
  File "/opt/ohpc/pub/compiler/conda/latest/lib/python3.12/shutil.py", line 698, in _rmtree_safe_fd
    os.unlink(entry.name, dir_fd=topfd)
OSError: [Errno 16] Device or resource busy: '/tmp/pymp-1ral8ktx'
OSError: [Errno 16] Device or resource busy: '/tmp/pymp-4wk49zw7'
  File "/opt/ohpc/pub/compiler/conda/latest/lib/python3.12/multiprocessing/util.py", line 303, in _run_finalizers
    finalizer()
  File "/opt/ohpc/pub/compiler/conda/latest/lib/python3.12/multiprocessing/util.py", line 227, in __call__
    res = self._callback(*self._args, **self._kwargs)
          ^^^^^^^^^^^^^^^^^^^^^^^^^^^^^^^^^^^^^^^^^^^
  File "/opt/ohpc/pub/compiler/conda/latest/lib/python3.12/multiprocessing/util.py", line 136, in _remove_temp_dir
    rmtree(tempdir, onerror=onerror)
  File "/opt/ohpc/pub/compiler/conda/latest/lib/python3.12/shutil.py", line 759, in rmtree
    _rmtree_safe_fd(stack, onexc)
  File "/opt/ohpc/pub/compiler/conda/latest/lib/python3.12/shutil.py", line 703, in _rmtree_safe_fd
    onexc(func, path, err)
  File "/opt/ohpc/pub/compiler/conda/latest/lib/python3.12/shutil.py", line 750, in onexc
    return onerror(func, path, exc_info)
           ^^^^^^^^^^^^^^^^^^^^^^^^^^^^^
  File "/opt/ohpc/pub/compiler/conda/latest/lib/python3.12/shutil.py", line 700, in _rmtree_safe_fd
    onexc(os.unlink, fullname, err)
  File "/opt/ohpc/pub/compiler/conda/latest/lib/python3.12/shutil.py", line 750, in onexc
    return onerror(func, path, exc_info)
           ^^^^^^^^^^^^^^^^^^^^^^^^^^^^^
  File "/opt/ohpc/pub/compiler/conda/latest/lib/python3.12/shutil.py", line 698, in _rmtree_safe_fd
    os.unlink(entry.name, dir_fd=topfd)
OSError: [Errno 16] Device or resource busy: '/tmp/pymp-8ag0wely'
Traceback (most recent call last):
  File "/opt/ohpc/pub/compiler/conda/latest/lib/python3.12/multiprocessing/util.py", line 303, in _run_finalizers
    finalizer()
  File "/opt/ohpc/pub/compiler/conda/latest/lib/python3.12/multiprocessing/util.py", line 227, in __call__
    res = self._callback(*self._args, **self._kwargs)
          ^^^^^^^^^^^^^^^^^^^^^^^^^^^^^^^^^^^^^^^^^^^
  File "/opt/ohpc/pub/compiler/conda/latest/lib/python3.12/multiprocessing/util.py", line 136, in _remove_temp_dir
    rmtree(tempdir, onerror=onerror)
  File "/opt/ohpc/pub/compiler/conda/latest/lib/python3.12/shutil.py", line 759, in rmtree
    _rmtree_safe_fd(stack, onexc)
  File "/opt/ohpc/pub/compiler/conda/latest/lib/python3.12/shutil.py", line 703, in _rmtree_safe_fd
    onexc(func, path, err)
  File "/opt/ohpc/pub/compiler/conda/latest/lib/python3.12/shutil.py", line 750, in onexc
    return onerror(func, path, exc_info)
           ^^^^^^^^^^^^^^^^^^^^^^^^^^^^^
  File "/opt/ohpc/pub/compiler/conda/latest/lib/python3.12/shutil.py", line 700, in _rmtree_safe_fd
    onexc(os.unlink, fullname, err)
  File "/opt/ohpc/pub/compiler/conda/latest/lib/python3.12/shutil.py", line 750, in onexc
    return onerror(func, path, exc_info)
           ^^^^^^^^^^^^^^^^^^^^^^^^^^^^^
  File "/opt/ohpc/pub/compiler/conda/latest/lib/python3.12/shutil.py", line 698, in _rmtree_safe_fd
    os.unlink(entry.name, dir_fd=topfd)
OSError: [Errno 16] Device or resource busy: '/tmp/pymp-vh1n4411'
Traceback (most recent call last):
  File "/opt/ohpc/pub/compiler/conda/latest/lib/python3.12/multiprocessing/util.py", line 303, in _run_finalizers
    finalizer()
  File "/opt/ohpc/pub/compiler/conda/latest/lib/python3.12/multiprocessing/util.py", line 227, in __call__
    res = self._callback(*self._args, **self._kwargs)
          ^^^^^^^^^^^^^^^^^^^^^^^^^^^^^^^^^^^^^^^^^^^
  File "/opt/ohpc/pub/compiler/conda/latest/lib/python3.12/multiprocessing/util.py", line 136, in _remove_temp_dir
    rmtree(tempdir, onerror=onerror)
  File "/opt/ohpc/pub/compiler/conda/latest/lib/python3.12/shutil.py", line 759, in rmtree
    _rmtree_safe_fd(stack, onexc)
  File "/opt/ohpc/pub/compiler/conda/latest/lib/python3.12/shutil.py", line 703, in _rmtree_safe_fd
    onexc(func, path, err)
  File "/opt/ohpc/pub/compiler/conda/latest/lib/python3.12/shutil.py", line 750, in onexc
    return onerror(func, path, exc_info)
           ^^^^^^^^^^^^^^^^^^^^^^^^^^^^^
  File "/opt/ohpc/pub/compiler/conda/latest/lib/python3.12/shutil.py", line 700, in _rmtree_safe_fd
    onexc(os.unlink, fullname, err)
  File "/opt/ohpc/pub/compiler/conda/latest/lib/python3.12/shutil.py", line 750, in onexc
    return onerror(func, path, exc_info)
           ^^^^^^^^^^^^^^^^^^^^^^^^^^^^^
  File "/opt/ohpc/pub/compiler/conda/latest/lib/python3.12/shutil.py", line 698, in _rmtree_safe_fd
    os.unlink(entry.name, dir_fd=topfd)
Traceback (most recent call last):
OSError: [Errno 16] Device or resource busy: '/tmp/pymp-k4uzma4l'
Traceback (most recent call last):
  File "/opt/ohpc/pub/compiler/conda/latest/lib/python3.12/multiprocessing/util.py", line 303, in _run_finalizers
    finalizer()
  File "/opt/ohpc/pub/compiler/conda/latest/lib/python3.12/multiprocessing/util.py", line 227, in __call__
    res = self._callback(*self._args, **self._kwargs)
          ^^^^^^^^^^^^^^^^^^^^^^^^^^^^^^^^^^^^^^^^^^^
  File "/opt/ohpc/pub/compiler/conda/latest/lib/python3.12/multiprocessing/util.py", line 136, in _remove_temp_dir
    rmtree(tempdir, onerror=onerror)
  File "/opt/ohpc/pub/compiler/conda/latest/lib/python3.12/shutil.py", line 759, in rmtree
    _rmtree_safe_fd(stack, onexc)
  File "/opt/ohpc/pub/compiler/conda/latest/lib/python3.12/shutil.py", line 703, in _rmtree_safe_fd
    onexc(func, path, err)
Traceback (most recent call last):
  File "/opt/ohpc/pub/compiler/conda/latest/lib/python3.12/shutil.py", line 750, in onexc
    return onerror(func, path, exc_info)
           ^^^^^^^^^^^^^^^^^^^^^^^^^^^^^
  File "/opt/ohpc/pub/compiler/conda/latest/lib/python3.12/shutil.py", line 700, in _rmtree_safe_fd
    onexc(os.unlink, fullname, err)
  File "/opt/ohpc/pub/compiler/conda/latest/lib/python3.12/shutil.py", line 750, in onexc
    return onerror(func, path, exc_info)
           ^^^^^^^^^^^^^^^^^^^^^^^^^^^^^
  File "/opt/ohpc/pub/compiler/conda/latest/lib/python3.12/shutil.py", line 698, in _rmtree_safe_fd
    os.unlink(entry.name, dir_fd=topfd)
OSError: [Errno 16] Device or resource busy: '/tmp/pymp-lbqwxb7q'
  File "/opt/ohpc/pub/compiler/conda/latest/lib/python3.12/multiprocessing/util.py", line 303, in _run_finalizers
    finalizer()
  File "/opt/ohpc/pub/compiler/conda/latest/lib/python3.12/multiprocessing/util.py", line 227, in __call__
    res = self._callback(*self._args, **self._kwargs)
          ^^^^^^^^^^^^^^^^^^^^^^^^^^^^^^^^^^^^^^^^^^^
  File "/opt/ohpc/pub/compiler/conda/latest/lib/python3.12/multiprocessing/util.py", line 136, in _remove_temp_dir
    rmtree(tempdir, onerror=onerror)
  File "/opt/ohpc/pub/compiler/conda/latest/lib/python3.12/shutil.py", line 759, in rmtree
    _rmtree_safe_fd(stack, onexc)
  File "/opt/ohpc/pub/compiler/conda/latest/lib/python3.12/shutil.py", line 703, in _rmtree_safe_fd
    onexc(func, path, err)
  File "/opt/ohpc/pub/compiler/conda/latest/lib/python3.12/shutil.py", line 750, in onexc
    return onerror(func, path, exc_info)
           ^^^^^^^^^^^^^^^^^^^^^^^^^^^^^
  File "/opt/ohpc/pub/compiler/conda/latest/lib/python3.12/shutil.py", line 700, in _rmtree_safe_fd
    onexc(os.unlink, fullname, err)
  File "/opt/ohpc/pub/compiler/conda/latest/lib/python3.12/shutil.py", line 750, in onexc
    return onerror(func, path, exc_info)
           ^^^^^^^^^^^^^^^^^^^^^^^^^^^^^
  File "/opt/ohpc/pub/compiler/conda/latest/lib/python3.12/shutil.py", line 698, in _rmtree_safe_fd
    os.unlink(entry.name, dir_fd=topfd)
OSError: [Errno 16] Device or resource busy: '/tmp/pymp-la3futqc'
Traceback (most recent call last):
  File "/opt/ohpc/pub/compiler/conda/latest/lib/python3.12/multiprocessing/util.py", line 303, in _run_finalizers
    finalizer()
  File "/opt/ohpc/pub/compiler/conda/latest/lib/python3.12/multiprocessing/util.py", line 227, in __call__
    res = self._callback(*self._args, **self._kwargs)
          ^^^^^^^^^^^^^^^^^^^^^^^^^^^^^^^^^^^^^^^^^^^
  File "/opt/ohpc/pub/compiler/conda/latest/lib/python3.12/multiprocessing/util.py", line 136, in _remove_temp_dir
    rmtree(tempdir, onerror=onerror)
  File "/opt/ohpc/pub/compiler/conda/latest/lib/python3.12/shutil.py", line 759, in rmtree
    _rmtree_safe_fd(stack, onexc)
  File "/opt/ohpc/pub/compiler/conda/latest/lib/python3.12/shutil.py", line 703, in _rmtree_safe_fd
    onexc(func, path, err)
  File "/opt/ohpc/pub/compiler/conda/latest/lib/python3.12/shutil.py", line 750, in onexc
    return onerror(func, path, exc_info)
           ^^^^^^^^^^^^^^^^^^^^^^^^^^^^^
  File "/opt/ohpc/pub/compiler/conda/latest/lib/python3.12/shutil.py", line 700, in _rmtree_safe_fd
    onexc(os.unlink, fullname, err)
  File "/opt/ohpc/pub/compiler/conda/latest/lib/python3.12/shutil.py", line 750, in onexc
    return onerror(func, path, exc_info)
           ^^^^^^^^^^^^^^^^^^^^^^^^^^^^^
  File "/opt/ohpc/pub/compiler/conda/latest/lib/python3.12/shutil.py", line 698, in _rmtree_safe_fd
    os.unlink(entry.name, dir_fd=topfd)
OSError: [Errno 16] Device or resource busy: '/tmp/pymp-jucipvvv'
Traceback (most recent call last):
  File "/opt/ohpc/pub/compiler/conda/latest/lib/python3.12/multiprocessing/util.py", line 303, in _run_finalizers
    finalizer()
  File "/opt/ohpc/pub/compiler/conda/latest/lib/python3.12/multiprocessing/util.py", line 227, in __call__
    res = self._callback(*self._args, **self._kwargs)
          ^^^^^^^^^^^^^^^^^^^^^^^^^^^^^^^^^^^^^^^^^^^
  File "/opt/ohpc/pub/compiler/conda/latest/lib/python3.12/multiprocessing/util.py", line 136, in _remove_temp_dir
    rmtree(tempdir, onerror=onerror)
  File "/opt/ohpc/pub/compiler/conda/latest/lib/python3.12/shutil.py", line 759, in rmtree
    _rmtree_safe_fd(stack, onexc)
  File "/opt/ohpc/pub/compiler/conda/latest/lib/python3.12/shutil.py", line 703, in _rmtree_safe_fd
    onexc(func, path, err)
  File "/opt/ohpc/pub/compiler/conda/latest/lib/python3.12/shutil.py", line 750, in onexc
    return onerror(func, path, exc_info)
           ^^^^^^^^^^^^^^^^^^^^^^^^^^^^^
  File "/opt/ohpc/pub/compiler/conda/latest/lib/python3.12/shutil.py", line 700, in _rmtree_safe_fd
    onexc(os.unlink, fullname, err)
  File "/opt/ohpc/pub/compiler/conda/latest/lib/python3.12/shutil.py", line 750, in onexc
    return onerror(func, path, exc_info)
           ^^^^^^^^^^^^^^^^^^^^^^^^^^^^^
  File "/opt/ohpc/pub/compiler/conda/latest/lib/python3.12/shutil.py", line 698, in _rmtree_safe_fd
    os.unlink(entry.name, dir_fd=topfd)
Traceback (most recent call last):
OSError: [Errno 16] Device or resource busy: '/tmp/pymp-gb54ejls'
  File "/opt/ohpc/pub/compiler/conda/latest/lib/python3.12/multiprocessing/util.py", line 303, in _run_finalizers
    finalizer()
  File "/opt/ohpc/pub/compiler/conda/latest/lib/python3.12/multiprocessing/util.py", line 227, in __call__
    res = self._callback(*self._args, **self._kwargs)
          ^^^^^^^^^^^^^^^^^^^^^^^^^^^^^^^^^^^^^^^^^^^
  File "/opt/ohpc/pub/compiler/conda/latest/lib/python3.12/multiprocessing/util.py", line 136, in _remove_temp_dir
    rmtree(tempdir, onerror=onerror)
  File "/opt/ohpc/pub/compiler/conda/latest/lib/python3.12/shutil.py", line 759, in rmtree
    _rmtree_safe_fd(stack, onexc)
  File "/opt/ohpc/pub/compiler/conda/latest/lib/python3.12/shutil.py", line 703, in _rmtree_safe_fd
    onexc(func, path, err)
  File "/opt/ohpc/pub/compiler/conda/latest/lib/python3.12/shutil.py", line 750, in onexc
    return onerror(func, path, exc_info)
           ^^^^^^^^^^^^^^^^^^^^^^^^^^^^^
  File "/opt/ohpc/pub/compiler/conda/latest/lib/python3.12/shutil.py", line 700, in _rmtree_safe_fd
    onexc(os.unlink, fullname, err)
  File "/opt/ohpc/pub/compiler/conda/latest/lib/python3.12/shutil.py", line 750, in onexc
    return onerror(func, path, exc_info)
           ^^^^^^^^^^^^^^^^^^^^^^^^^^^^^
  File "/opt/ohpc/pub/compiler/conda/latest/lib/python3.12/shutil.py", line 698, in _rmtree_safe_fd
    os.unlink(entry.name, dir_fd=topfd)
OSError: [Errno 16] Device or resource busy: '/tmp/pymp-xa371v4j'
  File "/opt/ohpc/pub/compiler/conda/latest/lib/python3.12/multiprocessing/util.py", line 303, in _run_finalizers
    finalizer()
  File "/opt/ohpc/pub/compiler/conda/latest/lib/python3.12/multiprocessing/util.py", line 227, in __call__
    res = self._callback(*self._args, **self._kwargs)
          ^^^^^^^^^^^^^^^^^^^^^^^^^^^^^^^^^^^^^^^^^^^
  File "/opt/ohpc/pub/compiler/conda/latest/lib/python3.12/multiprocessing/util.py", line 136, in _remove_temp_dir
    rmtree(tempdir, onerror=onerror)
  File "/opt/ohpc/pub/compiler/conda/latest/lib/python3.12/shutil.py", line 759, in rmtree
    _rmtree_safe_fd(stack, onexc)
  File "/opt/ohpc/pub/compiler/conda/latest/lib/python3.12/shutil.py", line 703, in _rmtree_safe_fd
    onexc(func, path, err)
  File "/opt/ohpc/pub/compiler/conda/latest/lib/python3.12/shutil.py", line 750, in onexc
    return onerror(func, path, exc_info)
           ^^^^^^^^^^^^^^^^^^^^^^^^^^^^^
  File "/opt/ohpc/pub/compiler/conda/latest/lib/python3.12/shutil.py", line 700, in _rmtree_safe_fd
    onexc(os.unlink, fullname, err)
  File "/opt/ohpc/pub/compiler/conda/latest/lib/python3.12/shutil.py", line 750, in onexc
    return onerror(func, path, exc_info)
           ^^^^^^^^^^^^^^^^^^^^^^^^^^^^^
  File "/opt/ohpc/pub/compiler/conda/latest/lib/python3.12/shutil.py", line 698, in _rmtree_safe_fd
    os.unlink(entry.name, dir_fd=topfd)
OSError: [Errno 16] Device or resource busy: '/tmp/pymp-6mjv9nr9'
Traceback (most recent call last):
  File "/opt/ohpc/pub/compiler/conda/latest/lib/python3.12/multiprocessing/util.py", line 303, in _run_finalizers
    finalizer()
  File "/opt/ohpc/pub/compiler/conda/latest/lib/python3.12/multiprocessing/util.py", line 227, in __call__
    res = self._callback(*self._args, **self._kwargs)
          ^^^^^^^^^^^^^^^^^^^^^^^^^^^^^^^^^^^^^^^^^^^
  File "/opt/ohpc/pub/compiler/conda/latest/lib/python3.12/multiprocessing/util.py", line 136, in _remove_temp_dir
    rmtree(tempdir, onerror=onerror)
  File "/opt/ohpc/pub/compiler/conda/latest/lib/python3.12/shutil.py", line 759, in rmtree
    _rmtree_safe_fd(stack, onexc)
  File "/opt/ohpc/pub/compiler/conda/latest/lib/python3.12/shutil.py", line 703, in _rmtree_safe_fd
    onexc(func, path, err)
  File "/opt/ohpc/pub/compiler/conda/latest/lib/python3.12/shutil.py", line 750, in onexc
    return onerror(func, path, exc_info)
           ^^^^^^^^^^^^^^^^^^^^^^^^^^^^^
  File "/opt/ohpc/pub/compiler/conda/latest/lib/python3.12/shutil.py", line 700, in _rmtree_safe_fd
    onexc(os.unlink, fullname, err)
  File "/opt/ohpc/pub/compiler/conda/latest/lib/python3.12/shutil.py", line 750, in onexc
    return onerror(func, path, exc_info)
           ^^^^^^^^^^^^^^^^^^^^^^^^^^^^^
  File "/opt/ohpc/pub/compiler/conda/latest/lib/python3.12/shutil.py", line 698, in _rmtree_safe_fd
    os.unlink(entry.name, dir_fd=topfd)
OSError: [Errno 16] Device or resource busy: '/tmp/pymp-5uifekut'
Traceback (most recent call last):
  File "/opt/ohpc/pub/compiler/conda/latest/lib/python3.12/multiprocessing/util.py", line 303, in _run_finalizers
    finalizer()
  File "/opt/ohpc/pub/compiler/conda/latest/lib/python3.12/multiprocessing/util.py", line 227, in __call__
    res = self._callback(*self._args, **self._kwargs)
          ^^^^^^^^^^^^^^^^^^^^^^^^^^^^^^^^^^^^^^^^^^^
  File "/opt/ohpc/pub/compiler/conda/latest/lib/python3.12/multiprocessing/util.py", line 136, in _remove_temp_dir
    rmtree(tempdir, onerror=onerror)
  File "/opt/ohpc/pub/compiler/conda/latest/lib/python3.12/shutil.py", line 759, in rmtree
    _rmtree_safe_fd(stack, onexc)
  File "/opt/ohpc/pub/compiler/conda/latest/lib/python3.12/shutil.py", line 703, in _rmtree_safe_fd
    onexc(func, path, err)
  File "/opt/ohpc/pub/compiler/conda/latest/lib/python3.12/shutil.py", line 750, in onexc
    return onerror(func, path, exc_info)
           ^^^^^^^^^^^^^^^^^^^^^^^^^^^^^
  File "/opt/ohpc/pub/compiler/conda/latest/lib/python3.12/shutil.py", line 700, in _rmtree_safe_fd
    onexc(os.unlink, fullname, err)
  File "/opt/ohpc/pub/compiler/conda/latest/lib/python3.12/shutil.py", line 750, in onexc
    return onerror(func, path, exc_info)
           ^^^^^^^^^^^^^^^^^^^^^^^^^^^^^
  File "/opt/ohpc/pub/compiler/conda/latest/lib/python3.12/shutil.py", line 698, in _rmtree_safe_fd
    os.unlink(entry.name, dir_fd=topfd)
OSError: [Errno 16] Device or resource busy: '/tmp/pymp-p_q8_7z5'
Traceback (most recent call last):
  File "/opt/ohpc/pub/compiler/conda/latest/lib/python3.12/multiprocessing/util.py", line 303, in _run_finalizers
    finalizer()
  File "/opt/ohpc/pub/compiler/conda/latest/lib/python3.12/multiprocessing/util.py", line 227, in __call__
    res = self._callback(*self._args, **self._kwargs)
          ^^^^^^^^^^^^^^^^^^^^^^^^^^^^^^^^^^^^^^^^^^^
  File "/opt/ohpc/pub/compiler/conda/latest/lib/python3.12/multiprocessing/util.py", line 136, in _remove_temp_dir
    rmtree(tempdir, onerror=onerror)
  File "/opt/ohpc/pub/compiler/conda/latest/lib/python3.12/shutil.py", line 759, in rmtree
    _rmtree_safe_fd(stack, onexc)
  File "/opt/ohpc/pub/compiler/conda/latest/lib/python3.12/shutil.py", line 703, in _rmtree_safe_fd
    onexc(func, path, err)
  File "/opt/ohpc/pub/compiler/conda/latest/lib/python3.12/shutil.py", line 750, in onexc
    return onerror(func, path, exc_info)
           ^^^^^^^^^^^^^^^^^^^^^^^^^^^^^
  File "/opt/ohpc/pub/compiler/conda/latest/lib/python3.12/shutil.py", line 700, in _rmtree_safe_fd
    onexc(os.unlink, fullname, err)
  File "/opt/ohpc/pub/compiler/conda/latest/lib/python3.12/shutil.py", line 750, in onexc
    return onerror(func, path, exc_info)
           ^^^^^^^^^^^^^^^^^^^^^^^^^^^^^
  File "/opt/ohpc/pub/compiler/conda/latest/lib/python3.12/shutil.py", line 698, in _rmtree_safe_fd
    os.unlink(entry.name, dir_fd=topfd)
OSError: [Errno 16] Device or resource busy: '/tmp/pymp-juroft4e'
[val 003] loss=-0.0751 z_std=0.0481 rankme=74.021 lidar=55.299 areq=1.388 pr=2.46 align=0.6127 unif=-1.660 converged=False collapsed=False
  e004 it0000/62 lr=0.0013 loss=-0.0776 z_std=0.0639
  e004 it0010/62 lr=0.0013 loss=-0.0822 z_std=0.0641
  e004 it0020/62 lr=0.0014 loss=-0.0773 z_std=0.0641
  e004 it0030/62 lr=0.0014 loss=-0.0764 z_std=0.0641
  e004 it0040/62 lr=0.0015 loss=-0.0804 z_std=0.0642
  e004 it0050/62 lr=0.0015 loss=-0.0810 z_std=0.0641
  e004 it0060/62 lr=0.0016 loss=-0.0830 z_std=0.0641
[epoch 004] loss=-0.0835 z_std=0.0641 (healthy~0.0625) time=186.1s
Traceback (most recent call last):
Traceback (most recent call last):
Traceback (most recent call last):
  File "/opt/ohpc/pub/compiler/conda/latest/lib/python3.12/multiprocessing/util.py", line 303, in _run_finalizers
    finalizer()
  File "/opt/ohpc/pub/compiler/conda/latest/lib/python3.12/multiprocessing/util.py", line 303, in _run_finalizers
    finalizer()
  File "/opt/ohpc/pub/compiler/conda/latest/lib/python3.12/multiprocessing/util.py", line 227, in __call__
    res = self._callback(*self._args, **self._kwargs)
          ^^^^^^^^^^^^^^^^^^^^^^^^^^^^^^^^^^^^^^^^^^^
  File "/opt/ohpc/pub/compiler/conda/latest/lib/python3.12/multiprocessing/util.py", line 227, in __call__
    res = self._callback(*self._args, **self._kwargs)
          ^^^^^^^^^^^^^^^^^^^^^^^^^^^^^^^^^^^^^^^^^^^
  File "/opt/ohpc/pub/compiler/conda/latest/lib/python3.12/multiprocessing/util.py", line 136, in _remove_temp_dir
    rmtree(tempdir, onerror=onerror)
  File "/opt/ohpc/pub/compiler/conda/latest/lib/python3.12/multiprocessing/util.py", line 136, in _remove_temp_dir
    rmtree(tempdir, onerror=onerror)
  File "/opt/ohpc/pub/compiler/conda/latest/lib/python3.12/shutil.py", line 759, in rmtree
    _rmtree_safe_fd(stack, onexc)
  File "/opt/ohpc/pub/compiler/conda/latest/lib/python3.12/shutil.py", line 759, in rmtree
    _rmtree_safe_fd(stack, onexc)
  File "/opt/ohpc/pub/compiler/conda/latest/lib/python3.12/shutil.py", line 703, in _rmtree_safe_fd
    onexc(func, path, err)
  File "/opt/ohpc/pub/compiler/conda/latest/lib/python3.12/shutil.py", line 703, in _rmtree_safe_fd
    onexc(func, path, err)
  File "/opt/ohpc/pub/compiler/conda/latest/lib/python3.12/multiprocessing/util.py", line 303, in _run_finalizers
    finalizer()
  File "/opt/ohpc/pub/compiler/conda/latest/lib/python3.12/shutil.py", line 750, in onexc
    return onerror(func, path, exc_info)
           ^^^^^^^^^^^^^^^^^^^^^^^^^^^^^
  File "/opt/ohpc/pub/compiler/conda/latest/lib/python3.12/shutil.py", line 750, in onexc
    return onerror(func, path, exc_info)
           ^^^^^^^^^^^^^^^^^^^^^^^^^^^^^
  File "/opt/ohpc/pub/compiler/conda/latest/lib/python3.12/shutil.py", line 700, in _rmtree_safe_fd
    onexc(os.unlink, fullname, err)
  File "/opt/ohpc/pub/compiler/conda/latest/lib/python3.12/shutil.py", line 700, in _rmtree_safe_fd
    onexc(os.unlink, fullname, err)
  File "/opt/ohpc/pub/compiler/conda/latest/lib/python3.12/shutil.py", line 750, in onexc
    return onerror(func, path, exc_info)
           ^^^^^^^^^^^^^^^^^^^^^^^^^^^^^
  File "/opt/ohpc/pub/compiler/conda/latest/lib/python3.12/shutil.py", line 750, in onexc
    return onerror(func, path, exc_info)
           ^^^^^^^^^^^^^^^^^^^^^^^^^^^^^
  File "/opt/ohpc/pub/compiler/conda/latest/lib/python3.12/multiprocessing/util.py", line 227, in __call__
    res = self._callback(*self._args, **self._kwargs)
          ^^^^^^^^^^^^^^^^^^^^^^^^^^^^^^^^^^^^^^^^^^^
  File "/opt/ohpc/pub/compiler/conda/latest/lib/python3.12/shutil.py", line 698, in _rmtree_safe_fd
    os.unlink(entry.name, dir_fd=topfd)
  File "/opt/ohpc/pub/compiler/conda/latest/lib/python3.12/shutil.py", line 698, in _rmtree_safe_fd
    os.unlink(entry.name, dir_fd=topfd)
  File "/opt/ohpc/pub/compiler/conda/latest/lib/python3.12/multiprocessing/util.py", line 136, in _remove_temp_dir
    rmtree(tempdir, onerror=onerror)
  File "/opt/ohpc/pub/compiler/conda/latest/lib/python3.12/shutil.py", line 759, in rmtree
    _rmtree_safe_fd(stack, onexc)
  File "/opt/ohpc/pub/compiler/conda/latest/lib/python3.12/shutil.py", line 703, in _rmtree_safe_fd
    onexc(func, path, err)
  File "/opt/ohpc/pub/compiler/conda/latest/lib/python3.12/shutil.py", line 750, in onexc
    return onerror(func, path, exc_info)
           ^^^^^^^^^^^^^^^^^^^^^^^^^^^^^
  File "/opt/ohpc/pub/compiler/conda/latest/lib/python3.12/shutil.py", line 700, in _rmtree_safe_fd
    onexc(os.unlink, fullname, err)
OSError: [Errno 16] Device or resource busy: '/tmp/pymp-lvf864h8'
OSError: [Errno 16] Device or resource busy: '/tmp/pymp-scd25zkd'
  File "/opt/ohpc/pub/compiler/conda/latest/lib/python3.12/shutil.py", line 750, in onexc
    return onerror(func, path, exc_info)
           ^^^^^^^^^^^^^^^^^^^^^^^^^^^^^
  File "/opt/ohpc/pub/compiler/conda/latest/lib/python3.12/shutil.py", line 698, in _rmtree_safe_fd
    os.unlink(entry.name, dir_fd=topfd)
OSError: [Errno 16] Device or resource busy: '/tmp/pymp-u85f95e3'
Traceback (most recent call last):
Traceback (most recent call last):
  File "/opt/ohpc/pub/compiler/conda/latest/lib/python3.12/multiprocessing/util.py", line 303, in _run_finalizers
    finalizer()
  File "/opt/ohpc/pub/compiler/conda/latest/lib/python3.12/multiprocessing/util.py", line 227, in __call__
    res = self._callback(*self._args, **self._kwargs)
          ^^^^^^^^^^^^^^^^^^^^^^^^^^^^^^^^^^^^^^^^^^^
  File "/opt/ohpc/pub/compiler/conda/latest/lib/python3.12/multiprocessing/util.py", line 136, in _remove_temp_dir
    rmtree(tempdir, onerror=onerror)
  File "/opt/ohpc/pub/compiler/conda/latest/lib/python3.12/shutil.py", line 759, in rmtree
    _rmtree_safe_fd(stack, onexc)
  File "/opt/ohpc/pub/compiler/conda/latest/lib/python3.12/shutil.py", line 703, in _rmtree_safe_fd
    onexc(func, path, err)
  File "/opt/ohpc/pub/compiler/conda/latest/lib/python3.12/shutil.py", line 750, in onexc
    return onerror(func, path, exc_info)
           ^^^^^^^^^^^^^^^^^^^^^^^^^^^^^
  File "/opt/ohpc/pub/compiler/conda/latest/lib/python3.12/shutil.py", line 700, in _rmtree_safe_fd
    onexc(os.unlink, fullname, err)
  File "/opt/ohpc/pub/compiler/conda/latest/lib/python3.12/shutil.py", line 750, in onexc
    return onerror(func, path, exc_info)
           ^^^^^^^^^^^^^^^^^^^^^^^^^^^^^
  File "/opt/ohpc/pub/compiler/conda/latest/lib/python3.12/shutil.py", line 698, in _rmtree_safe_fd
    os.unlink(entry.name, dir_fd=topfd)
OSError: [Errno 16] Device or resource busy: '/tmp/pymp-zfpnougc'
Traceback (most recent call last):
  File "/opt/ohpc/pub/compiler/conda/latest/lib/python3.12/multiprocessing/util.py", line 303, in _run_finalizers
    finalizer()
  File "/opt/ohpc/pub/compiler/conda/latest/lib/python3.12/multiprocessing/util.py", line 227, in __call__
    res = self._callback(*self._args, **self._kwargs)
          ^^^^^^^^^^^^^^^^^^^^^^^^^^^^^^^^^^^^^^^^^^^
  File "/opt/ohpc/pub/compiler/conda/latest/lib/python3.12/multiprocessing/util.py", line 136, in _remove_temp_dir
    rmtree(tempdir, onerror=onerror)
  File "/opt/ohpc/pub/compiler/conda/latest/lib/python3.12/shutil.py", line 759, in rmtree
    _rmtree_safe_fd(stack, onexc)
  File "/opt/ohpc/pub/compiler/conda/latest/lib/python3.12/shutil.py", line 703, in _rmtree_safe_fd
    onexc(func, path, err)
  File "/opt/ohpc/pub/compiler/conda/latest/lib/python3.12/shutil.py", line 750, in onexc
    return onerror(func, path, exc_info)
           ^^^^^^^^^^^^^^^^^^^^^^^^^^^^^
  File "/opt/ohpc/pub/compiler/conda/latest/lib/python3.12/shutil.py", line 700, in _rmtree_safe_fd
    onexc(os.unlink, fullname, err)
  File "/opt/ohpc/pub/compiler/conda/latest/lib/python3.12/shutil.py", line 750, in onexc
    return onerror(func, path, exc_info)
           ^^^^^^^^^^^^^^^^^^^^^^^^^^^^^
  File "/opt/ohpc/pub/compiler/conda/latest/lib/python3.12/shutil.py", line 698, in _rmtree_safe_fd
    os.unlink(entry.name, dir_fd=topfd)
OSError: [Errno 16] Device or resource busy: '/tmp/pymp-tjjpgtuh'
Traceback (most recent call last):
Traceback (most recent call last):
  File "/opt/ohpc/pub/compiler/conda/latest/lib/python3.12/multiprocessing/util.py", line 303, in _run_finalizers
    finalizer()
  File "/opt/ohpc/pub/compiler/conda/latest/lib/python3.12/multiprocessing/util.py", line 227, in __call__
    res = self._callback(*self._args, **self._kwargs)
          ^^^^^^^^^^^^^^^^^^^^^^^^^^^^^^^^^^^^^^^^^^^
  File "/opt/ohpc/pub/compiler/conda/latest/lib/python3.12/multiprocessing/util.py", line 136, in _remove_temp_dir
    rmtree(tempdir, onerror=onerror)
  File "/opt/ohpc/pub/compiler/conda/latest/lib/python3.12/shutil.py", line 759, in rmtree
    _rmtree_safe_fd(stack, onexc)
  File "/opt/ohpc/pub/compiler/conda/latest/lib/python3.12/shutil.py", line 703, in _rmtree_safe_fd
    onexc(func, path, err)
  File "/opt/ohpc/pub/compiler/conda/latest/lib/python3.12/shutil.py", line 750, in onexc
    return onerror(func, path, exc_info)
           ^^^^^^^^^^^^^^^^^^^^^^^^^^^^^
  File "/opt/ohpc/pub/compiler/conda/latest/lib/python3.12/shutil.py", line 700, in _rmtree_safe_fd
    onexc(os.unlink, fullname, err)
  File "/opt/ohpc/pub/compiler/conda/latest/lib/python3.12/shutil.py", line 750, in onexc
    return onerror(func, path, exc_info)
           ^^^^^^^^^^^^^^^^^^^^^^^^^^^^^
  File "/opt/ohpc/pub/compiler/conda/latest/lib/python3.12/shutil.py", line 698, in _rmtree_safe_fd
    os.unlink(entry.name, dir_fd=topfd)
OSError: [Errno 16] Device or resource busy: '/tmp/pymp-e4jvus6h'
  File "/opt/ohpc/pub/compiler/conda/latest/lib/python3.12/multiprocessing/util.py", line 303, in _run_finalizers
    finalizer()
  File "/opt/ohpc/pub/compiler/conda/latest/lib/python3.12/multiprocessing/util.py", line 227, in __call__
    res = self._callback(*self._args, **self._kwargs)
          ^^^^^^^^^^^^^^^^^^^^^^^^^^^^^^^^^^^^^^^^^^^
  File "/opt/ohpc/pub/compiler/conda/latest/lib/python3.12/multiprocessing/util.py", line 136, in _remove_temp_dir
    rmtree(tempdir, onerror=onerror)
  File "/opt/ohpc/pub/compiler/conda/latest/lib/python3.12/shutil.py", line 759, in rmtree
    _rmtree_safe_fd(stack, onexc)
  File "/opt/ohpc/pub/compiler/conda/latest/lib/python3.12/shutil.py", line 703, in _rmtree_safe_fd
    onexc(func, path, err)
  File "/opt/ohpc/pub/compiler/conda/latest/lib/python3.12/shutil.py", line 750, in onexc
    return onerror(func, path, exc_info)
           ^^^^^^^^^^^^^^^^^^^^^^^^^^^^^
  File "/opt/ohpc/pub/compiler/conda/latest/lib/python3.12/shutil.py", line 700, in _rmtree_safe_fd
    onexc(os.unlink, fullname, err)
  File "/opt/ohpc/pub/compiler/conda/latest/lib/python3.12/shutil.py", line 750, in onexc
    return onerror(func, path, exc_info)
           ^^^^^^^^^^^^^^^^^^^^^^^^^^^^^
  File "/opt/ohpc/pub/compiler/conda/latest/lib/python3.12/shutil.py", line 698, in _rmtree_safe_fd
    os.unlink(entry.name, dir_fd=topfd)
OSError: [Errno 16] Device or resource busy: '/tmp/pymp-dkkx2tfa'
  File "/opt/ohpc/pub/compiler/conda/latest/lib/python3.12/multiprocessing/util.py", line 303, in _run_finalizers
    finalizer()
  File "/opt/ohpc/pub/compiler/conda/latest/lib/python3.12/multiprocessing/util.py", line 227, in __call__
    res = self._callback(*self._args, **self._kwargs)
          ^^^^^^^^^^^^^^^^^^^^^^^^^^^^^^^^^^^^^^^^^^^
  File "/opt/ohpc/pub/compiler/conda/latest/lib/python3.12/multiprocessing/util.py", line 136, in _remove_temp_dir
    rmtree(tempdir, onerror=onerror)
  File "/opt/ohpc/pub/compiler/conda/latest/lib/python3.12/shutil.py", line 759, in rmtree
    _rmtree_safe_fd(stack, onexc)
  File "/opt/ohpc/pub/compiler/conda/latest/lib/python3.12/shutil.py", line 703, in _rmtree_safe_fd
    onexc(func, path, err)
  File "/opt/ohpc/pub/compiler/conda/latest/lib/python3.12/shutil.py", line 750, in onexc
    return onerror(func, path, exc_info)
           ^^^^^^^^^^^^^^^^^^^^^^^^^^^^^
  File "/opt/ohpc/pub/compiler/conda/latest/lib/python3.12/shutil.py", line 700, in _rmtree_safe_fd
    onexc(os.unlink, fullname, err)
  File "/opt/ohpc/pub/compiler/conda/latest/lib/python3.12/shutil.py", line 750, in onexc
    return onerror(func, path, exc_info)
           ^^^^^^^^^^^^^^^^^^^^^^^^^^^^^
  File "/opt/ohpc/pub/compiler/conda/latest/lib/python3.12/shutil.py", line 698, in _rmtree_safe_fd
    os.unlink(entry.name, dir_fd=topfd)
OSError: [Errno 16] Device or resource busy: '/tmp/pymp-tp5l3b23'
Traceback (most recent call last):
  File "/opt/ohpc/pub/compiler/conda/latest/lib/python3.12/multiprocessing/util.py", line 303, in _run_finalizers
    finalizer()
  File "/opt/ohpc/pub/compiler/conda/latest/lib/python3.12/multiprocessing/util.py", line 227, in __call__
    res = self._callback(*self._args, **self._kwargs)
          ^^^^^^^^^^^^^^^^^^^^^^^^^^^^^^^^^^^^^^^^^^^
  File "/opt/ohpc/pub/compiler/conda/latest/lib/python3.12/multiprocessing/util.py", line 136, in _remove_temp_dir
    rmtree(tempdir, onerror=onerror)
  File "/opt/ohpc/pub/compiler/conda/latest/lib/python3.12/shutil.py", line 759, in rmtree
    _rmtree_safe_fd(stack, onexc)
  File "/opt/ohpc/pub/compiler/conda/latest/lib/python3.12/shutil.py", line 703, in _rmtree_safe_fd
    onexc(func, path, err)
  File "/opt/ohpc/pub/compiler/conda/latest/lib/python3.12/shutil.py", line 750, in onexc
    return onerror(func, path, exc_info)
           ^^^^^^^^^^^^^^^^^^^^^^^^^^^^^
  File "/opt/ohpc/pub/compiler/conda/latest/lib/python3.12/shutil.py", line 700, in _rmtree_safe_fd
    onexc(os.unlink, fullname, err)
  File "/opt/ohpc/pub/compiler/conda/latest/lib/python3.12/shutil.py", line 750, in onexc
    return onerror(func, path, exc_info)
           ^^^^^^^^^^^^^^^^^^^^^^^^^^^^^
  File "/opt/ohpc/pub/compiler/conda/latest/lib/python3.12/shutil.py", line 698, in _rmtree_safe_fd
    os.unlink(entry.name, dir_fd=topfd)
OSError: [Errno 16] Device or resource busy: '/tmp/pymp-3vgnsf7q'
Traceback (most recent call last):
  File "/opt/ohpc/pub/compiler/conda/latest/lib/python3.12/multiprocessing/util.py", line 303, in _run_finalizers
    finalizer()
  File "/opt/ohpc/pub/compiler/conda/latest/lib/python3.12/multiprocessing/util.py", line 227, in __call__
    res = self._callback(*self._args, **self._kwargs)
          ^^^^^^^^^^^^^^^^^^^^^^^^^^^^^^^^^^^^^^^^^^^
  File "/opt/ohpc/pub/compiler/conda/latest/lib/python3.12/multiprocessing/util.py", line 136, in _remove_temp_dir
    rmtree(tempdir, onerror=onerror)
  File "/opt/ohpc/pub/compiler/conda/latest/lib/python3.12/shutil.py", line 759, in rmtree
    _rmtree_safe_fd(stack, onexc)
  File "/opt/ohpc/pub/compiler/conda/latest/lib/python3.12/shutil.py", line 703, in _rmtree_safe_fd
    onexc(func, path, err)
  File "/opt/ohpc/pub/compiler/conda/latest/lib/python3.12/shutil.py", line 750, in onexc
    return onerror(func, path, exc_info)
           ^^^^^^^^^^^^^^^^^^^^^^^^^^^^^
  File "/opt/ohpc/pub/compiler/conda/latest/lib/python3.12/shutil.py", line 700, in _rmtree_safe_fd
    onexc(os.unlink, fullname, err)
  File "/opt/ohpc/pub/compiler/conda/latest/lib/python3.12/shutil.py", line 750, in onexc
    return onerror(func, path, exc_info)
           ^^^^^^^^^^^^^^^^^^^^^^^^^^^^^
  File "/opt/ohpc/pub/compiler/conda/latest/lib/python3.12/shutil.py", line 698, in _rmtree_safe_fd
    os.unlink(entry.name, dir_fd=topfd)
OSError: [Errno 16] Device or resource busy: '/tmp/pymp-umu1iaax'
Traceback (most recent call last):
Traceback (most recent call last):
  File "/opt/ohpc/pub/compiler/conda/latest/lib/python3.12/multiprocessing/util.py", line 303, in _run_finalizers
    finalizer()
  File "/opt/ohpc/pub/compiler/conda/latest/lib/python3.12/multiprocessing/util.py", line 227, in __call__
    res = self._callback(*self._args, **self._kwargs)
          ^^^^^^^^^^^^^^^^^^^^^^^^^^^^^^^^^^^^^^^^^^^
  File "/opt/ohpc/pub/compiler/conda/latest/lib/python3.12/multiprocessing/util.py", line 136, in _remove_temp_dir
    rmtree(tempdir, onerror=onerror)
  File "/opt/ohpc/pub/compiler/conda/latest/lib/python3.12/shutil.py", line 759, in rmtree
    _rmtree_safe_fd(stack, onexc)
  File "/opt/ohpc/pub/compiler/conda/latest/lib/python3.12/shutil.py", line 703, in _rmtree_safe_fd
    onexc(func, path, err)
  File "/opt/ohpc/pub/compiler/conda/latest/lib/python3.12/shutil.py", line 750, in onexc
    return onerror(func, path, exc_info)
           ^^^^^^^^^^^^^^^^^^^^^^^^^^^^^
  File "/opt/ohpc/pub/compiler/conda/latest/lib/python3.12/shutil.py", line 700, in _rmtree_safe_fd
    onexc(os.unlink, fullname, err)
  File "/opt/ohpc/pub/compiler/conda/latest/lib/python3.12/shutil.py", line 750, in onexc
    return onerror(func, path, exc_info)
           ^^^^^^^^^^^^^^^^^^^^^^^^^^^^^
  File "/opt/ohpc/pub/compiler/conda/latest/lib/python3.12/shutil.py", line 698, in _rmtree_safe_fd
    os.unlink(entry.name, dir_fd=topfd)
OSError: [Errno 16] Device or resource busy: '/tmp/pymp-arhqkpwv'
Traceback (most recent call last):
Traceback (most recent call last):
  File "/opt/ohpc/pub/compiler/conda/latest/lib/python3.12/multiprocessing/util.py", line 303, in _run_finalizers
    finalizer()
  File "/opt/ohpc/pub/compiler/conda/latest/lib/python3.12/multiprocessing/util.py", line 227, in __call__
    res = self._callback(*self._args, **self._kwargs)
          ^^^^^^^^^^^^^^^^^^^^^^^^^^^^^^^^^^^^^^^^^^^
  File "/opt/ohpc/pub/compiler/conda/latest/lib/python3.12/multiprocessing/util.py", line 136, in _remove_temp_dir
    rmtree(tempdir, onerror=onerror)
  File "/opt/ohpc/pub/compiler/conda/latest/lib/python3.12/shutil.py", line 759, in rmtree
    _rmtree_safe_fd(stack, onexc)
  File "/opt/ohpc/pub/compiler/conda/latest/lib/python3.12/shutil.py", line 703, in _rmtree_safe_fd
    onexc(func, path, err)
  File "/opt/ohpc/pub/compiler/conda/latest/lib/python3.12/shutil.py", line 750, in onexc
    return onerror(func, path, exc_info)
           ^^^^^^^^^^^^^^^^^^^^^^^^^^^^^
  File "/opt/ohpc/pub/compiler/conda/latest/lib/python3.12/shutil.py", line 700, in _rmtree_safe_fd
    onexc(os.unlink, fullname, err)
  File "/opt/ohpc/pub/compiler/conda/latest/lib/python3.12/shutil.py", line 750, in onexc
    return onerror(func, path, exc_info)
           ^^^^^^^^^^^^^^^^^^^^^^^^^^^^^
  File "/opt/ohpc/pub/compiler/conda/latest/lib/python3.12/shutil.py", line 698, in _rmtree_safe_fd
    os.unlink(entry.name, dir_fd=topfd)
OSError: [Errno 16] Device or resource busy: '/tmp/pymp-0cqkq28j'
  File "/opt/ohpc/pub/compiler/conda/latest/lib/python3.12/multiprocessing/util.py", line 303, in _run_finalizers
    finalizer()
  File "/opt/ohpc/pub/compiler/conda/latest/lib/python3.12/multiprocessing/util.py", line 227, in __call__
    res = self._callback(*self._args, **self._kwargs)
          ^^^^^^^^^^^^^^^^^^^^^^^^^^^^^^^^^^^^^^^^^^^
  File "/opt/ohpc/pub/compiler/conda/latest/lib/python3.12/multiprocessing/util.py", line 136, in _remove_temp_dir
    rmtree(tempdir, onerror=onerror)
  File "/opt/ohpc/pub/compiler/conda/latest/lib/python3.12/shutil.py", line 759, in rmtree
    _rmtree_safe_fd(stack, onexc)
  File "/opt/ohpc/pub/compiler/conda/latest/lib/python3.12/shutil.py", line 703, in _rmtree_safe_fd
    onexc(func, path, err)
  File "/opt/ohpc/pub/compiler/conda/latest/lib/python3.12/shutil.py", line 750, in onexc
    return onerror(func, path, exc_info)
           ^^^^^^^^^^^^^^^^^^^^^^^^^^^^^
  File "/opt/ohpc/pub/compiler/conda/latest/lib/python3.12/shutil.py", line 700, in _rmtree_safe_fd
    onexc(os.unlink, fullname, err)
  File "/opt/ohpc/pub/compiler/conda/latest/lib/python3.12/shutil.py", line 750, in onexc
    return onerror(func, path, exc_info)
           ^^^^^^^^^^^^^^^^^^^^^^^^^^^^^
  File "/opt/ohpc/pub/compiler/conda/latest/lib/python3.12/shutil.py", line 698, in _rmtree_safe_fd
    os.unlink(entry.name, dir_fd=topfd)
OSError: [Errno 16] Device or resource busy: '/tmp/pymp-6evcgzc1'
  File "/opt/ohpc/pub/compiler/conda/latest/lib/python3.12/multiprocessing/util.py", line 303, in _run_finalizers
    finalizer()
  File "/opt/ohpc/pub/compiler/conda/latest/lib/python3.12/multiprocessing/util.py", line 227, in __call__
    res = self._callback(*self._args, **self._kwargs)
          ^^^^^^^^^^^^^^^^^^^^^^^^^^^^^^^^^^^^^^^^^^^
  File "/opt/ohpc/pub/compiler/conda/latest/lib/python3.12/multiprocessing/util.py", line 136, in _remove_temp_dir
    rmtree(tempdir, onerror=onerror)
  File "/opt/ohpc/pub/compiler/conda/latest/lib/python3.12/shutil.py", line 759, in rmtree
    _rmtree_safe_fd(stack, onexc)
  File "/opt/ohpc/pub/compiler/conda/latest/lib/python3.12/shutil.py", line 703, in _rmtree_safe_fd
    onexc(func, path, err)
  File "/opt/ohpc/pub/compiler/conda/latest/lib/python3.12/shutil.py", line 750, in onexc
    return onerror(func, path, exc_info)
           ^^^^^^^^^^^^^^^^^^^^^^^^^^^^^
  File "/opt/ohpc/pub/compiler/conda/latest/lib/python3.12/shutil.py", line 700, in _rmtree_safe_fd
    onexc(os.unlink, fullname, err)
  File "/opt/ohpc/pub/compiler/conda/latest/lib/python3.12/shutil.py", line 750, in onexc
    return onerror(func, path, exc_info)
           ^^^^^^^^^^^^^^^^^^^^^^^^^^^^^
  File "/opt/ohpc/pub/compiler/conda/latest/lib/python3.12/shutil.py", line 698, in _rmtree_safe_fd
    os.unlink(entry.name, dir_fd=topfd)
OSError: [Errno 16] Device or resource busy: '/tmp/pymp-gbsn5ifu'
Traceback (most recent call last):
Traceback (most recent call last):
  File "/opt/ohpc/pub/compiler/conda/latest/lib/python3.12/multiprocessing/util.py", line 303, in _run_finalizers
    finalizer()
  File "/opt/ohpc/pub/compiler/conda/latest/lib/python3.12/multiprocessing/util.py", line 227, in __call__
    res = self._callback(*self._args, **self._kwargs)
          ^^^^^^^^^^^^^^^^^^^^^^^^^^^^^^^^^^^^^^^^^^^
  File "/opt/ohpc/pub/compiler/conda/latest/lib/python3.12/multiprocessing/util.py", line 136, in _remove_temp_dir
    rmtree(tempdir, onerror=onerror)
  File "/opt/ohpc/pub/compiler/conda/latest/lib/python3.12/shutil.py", line 759, in rmtree
    _rmtree_safe_fd(stack, onexc)
  File "/opt/ohpc/pub/compiler/conda/latest/lib/python3.12/shutil.py", line 703, in _rmtree_safe_fd
    onexc(func, path, err)
  File "/opt/ohpc/pub/compiler/conda/latest/lib/python3.12/shutil.py", line 750, in onexc
    return onerror(func, path, exc_info)
           ^^^^^^^^^^^^^^^^^^^^^^^^^^^^^
  File "/opt/ohpc/pub/compiler/conda/latest/lib/python3.12/shutil.py", line 700, in _rmtree_safe_fd
    onexc(os.unlink, fullname, err)
  File "/opt/ohpc/pub/compiler/conda/latest/lib/python3.12/shutil.py", line 750, in onexc
    return onerror(func, path, exc_info)
           ^^^^^^^^^^^^^^^^^^^^^^^^^^^^^
  File "/opt/ohpc/pub/compiler/conda/latest/lib/python3.12/shutil.py", line 698, in _rmtree_safe_fd
    os.unlink(entry.name, dir_fd=topfd)
OSError: [Errno 16] Device or resource busy: '/tmp/pymp-w1o36d7l'
Traceback (most recent call last):
  File "/opt/ohpc/pub/compiler/conda/latest/lib/python3.12/multiprocessing/util.py", line 303, in _run_finalizers
    finalizer()
  File "/opt/ohpc/pub/compiler/conda/latest/lib/python3.12/multiprocessing/util.py", line 227, in __call__
    res = self._callback(*self._args, **self._kwargs)
          ^^^^^^^^^^^^^^^^^^^^^^^^^^^^^^^^^^^^^^^^^^^
  File "/opt/ohpc/pub/compiler/conda/latest/lib/python3.12/multiprocessing/util.py", line 136, in _remove_temp_dir
    rmtree(tempdir, onerror=onerror)
  File "/opt/ohpc/pub/compiler/conda/latest/lib/python3.12/shutil.py", line 759, in rmtree
    _rmtree_safe_fd(stack, onexc)
  File "/opt/ohpc/pub/compiler/conda/latest/lib/python3.12/shutil.py", line 703, in _rmtree_safe_fd
    onexc(func, path, err)
  File "/opt/ohpc/pub/compiler/conda/latest/lib/python3.12/shutil.py", line 750, in onexc
    return onerror(func, path, exc_info)
           ^^^^^^^^^^^^^^^^^^^^^^^^^^^^^
  File "/opt/ohpc/pub/compiler/conda/latest/lib/python3.12/shutil.py", line 700, in _rmtree_safe_fd
    onexc(os.unlink, fullname, err)
  File "/opt/ohpc/pub/compiler/conda/latest/lib/python3.12/shutil.py", line 750, in onexc
    return onerror(func, path, exc_info)
           ^^^^^^^^^^^^^^^^^^^^^^^^^^^^^
  File "/opt/ohpc/pub/compiler/conda/latest/lib/python3.12/shutil.py", line 698, in _rmtree_safe_fd
    os.unlink(entry.name, dir_fd=topfd)
OSError: [Errno 16] Device or resource busy: '/tmp/pymp-d3002r2v'
  File "/opt/ohpc/pub/compiler/conda/latest/lib/python3.12/multiprocessing/util.py", line 303, in _run_finalizers
    finalizer()
  File "/opt/ohpc/pub/compiler/conda/latest/lib/python3.12/multiprocessing/util.py", line 227, in __call__
    res = self._callback(*self._args, **self._kwargs)
          ^^^^^^^^^^^^^^^^^^^^^^^^^^^^^^^^^^^^^^^^^^^
  File "/opt/ohpc/pub/compiler/conda/latest/lib/python3.12/multiprocessing/util.py", line 136, in _remove_temp_dir
    rmtree(tempdir, onerror=onerror)
  File "/opt/ohpc/pub/compiler/conda/latest/lib/python3.12/shutil.py", line 759, in rmtree
    _rmtree_safe_fd(stack, onexc)
  File "/opt/ohpc/pub/compiler/conda/latest/lib/python3.12/shutil.py", line 703, in _rmtree_safe_fd
    onexc(func, path, err)
  File "/opt/ohpc/pub/compiler/conda/latest/lib/python3.12/shutil.py", line 750, in onexc
    return onerror(func, path, exc_info)
           ^^^^^^^^^^^^^^^^^^^^^^^^^^^^^
  File "/opt/ohpc/pub/compiler/conda/latest/lib/python3.12/shutil.py", line 700, in _rmtree_safe_fd
    onexc(os.unlink, fullname, err)
  File "/opt/ohpc/pub/compiler/conda/latest/lib/python3.12/shutil.py", line 750, in onexc
    return onerror(func, path, exc_info)
           ^^^^^^^^^^^^^^^^^^^^^^^^^^^^^
  File "/opt/ohpc/pub/compiler/conda/latest/lib/python3.12/shutil.py", line 698, in _rmtree_safe_fd
    os.unlink(entry.name, dir_fd=topfd)
OSError: [Errno 16] Device or resource busy: '/tmp/pymp-mub1_s4v'
Traceback (most recent call last):
  File "/opt/ohpc/pub/compiler/conda/latest/lib/python3.12/multiprocessing/util.py", line 303, in _run_finalizers
    finalizer()
  File "/opt/ohpc/pub/compiler/conda/latest/lib/python3.12/multiprocessing/util.py", line 227, in __call__
    res = self._callback(*self._args, **self._kwargs)
          ^^^^^^^^^^^^^^^^^^^^^^^^^^^^^^^^^^^^^^^^^^^
  File "/opt/ohpc/pub/compiler/conda/latest/lib/python3.12/multiprocessing/util.py", line 136, in _remove_temp_dir
    rmtree(tempdir, onerror=onerror)
  File "/opt/ohpc/pub/compiler/conda/latest/lib/python3.12/shutil.py", line 759, in rmtree
    _rmtree_safe_fd(stack, onexc)
  File "/opt/ohpc/pub/compiler/conda/latest/lib/python3.12/shutil.py", line 703, in _rmtree_safe_fd
    onexc(func, path, err)
  File "/opt/ohpc/pub/compiler/conda/latest/lib/python3.12/shutil.py", line 750, in onexc
    return onerror(func, path, exc_info)
           ^^^^^^^^^^^^^^^^^^^^^^^^^^^^^
  File "/opt/ohpc/pub/compiler/conda/latest/lib/python3.12/shutil.py", line 700, in _rmtree_safe_fd
    onexc(os.unlink, fullname, err)
  File "/opt/ohpc/pub/compiler/conda/latest/lib/python3.12/shutil.py", line 750, in onexc
    return onerror(func, path, exc_info)
           ^^^^^^^^^^^^^^^^^^^^^^^^^^^^^
  File "/opt/ohpc/pub/compiler/conda/latest/lib/python3.12/shutil.py", line 698, in _rmtree_safe_fd
    os.unlink(entry.name, dir_fd=topfd)
OSError: [Errno 16] Device or resource busy: '/tmp/pymp-qvt_y_88'
Traceback (most recent call last):
  File "/opt/ohpc/pub/compiler/conda/latest/lib/python3.12/multiprocessing/util.py", line 303, in _run_finalizers
    finalizer()
  File "/opt/ohpc/pub/compiler/conda/latest/lib/python3.12/multiprocessing/util.py", line 227, in __call__
    res = self._callback(*self._args, **self._kwargs)
          ^^^^^^^^^^^^^^^^^^^^^^^^^^^^^^^^^^^^^^^^^^^
  File "/opt/ohpc/pub/compiler/conda/latest/lib/python3.12/multiprocessing/util.py", line 136, in _remove_temp_dir
    rmtree(tempdir, onerror=onerror)
  File "/opt/ohpc/pub/compiler/conda/latest/lib/python3.12/shutil.py", line 759, in rmtree
    _rmtree_safe_fd(stack, onexc)
  File "/opt/ohpc/pub/compiler/conda/latest/lib/python3.12/shutil.py", line 703, in _rmtree_safe_fd
    onexc(func, path, err)
  File "/opt/ohpc/pub/compiler/conda/latest/lib/python3.12/shutil.py", line 750, in onexc
    return onerror(func, path, exc_info)
           ^^^^^^^^^^^^^^^^^^^^^^^^^^^^^
  File "/opt/ohpc/pub/compiler/conda/latest/lib/python3.12/shutil.py", line 700, in _rmtree_safe_fd
    onexc(os.unlink, fullname, err)
  File "/opt/ohpc/pub/compiler/conda/latest/lib/python3.12/shutil.py", line 750, in onexc
    return onerror(func, path, exc_info)
           ^^^^^^^^^^^^^^^^^^^^^^^^^^^^^
  File "/opt/ohpc/pub/compiler/conda/latest/lib/python3.12/shutil.py", line 698, in _rmtree_safe_fd
    os.unlink(entry.name, dir_fd=topfd)
OSError: [Errno 16] Device or resource busy: '/tmp/pymp-yy9mk5nr'
Traceback (most recent call last):
  File "/opt/ohpc/pub/compiler/conda/latest/lib/python3.12/multiprocessing/util.py", line 303, in _run_finalizers
    finalizer()
  File "/opt/ohpc/pub/compiler/conda/latest/lib/python3.12/multiprocessing/util.py", line 227, in __call__
    res = self._callback(*self._args, **self._kwargs)
          ^^^^^^^^^^^^^^^^^^^^^^^^^^^^^^^^^^^^^^^^^^^
  File "/opt/ohpc/pub/compiler/conda/latest/lib/python3.12/multiprocessing/util.py", line 136, in _remove_temp_dir
    rmtree(tempdir, onerror=onerror)
  File "/opt/ohpc/pub/compiler/conda/latest/lib/python3.12/shutil.py", line 759, in rmtree
    _rmtree_safe_fd(stack, onexc)
  File "/opt/ohpc/pub/compiler/conda/latest/lib/python3.12/shutil.py", line 703, in _rmtree_safe_fd
    onexc(func, path, err)
  File "/opt/ohpc/pub/compiler/conda/latest/lib/python3.12/shutil.py", line 750, in onexc
    return onerror(func, path, exc_info)
           ^^^^^^^^^^^^^^^^^^^^^^^^^^^^^
  File "/opt/ohpc/pub/compiler/conda/latest/lib/python3.12/shutil.py", line 700, in _rmtree_safe_fd
    onexc(os.unlink, fullname, err)
  File "/opt/ohpc/pub/compiler/conda/latest/lib/python3.12/shutil.py", line 750, in onexc
    return onerror(func, path, exc_info)
           ^^^^^^^^^^^^^^^^^^^^^^^^^^^^^
  File "/opt/ohpc/pub/compiler/conda/latest/lib/python3.12/shutil.py", line 698, in _rmtree_safe_fd
    os.unlink(entry.name, dir_fd=topfd)
OSError: [Errno 16] Device or resource busy: '/tmp/pymp-_4nyomqw'
Traceback (most recent call last):
Traceback (most recent call last):
  File "/opt/ohpc/pub/compiler/conda/latest/lib/python3.12/multiprocessing/util.py", line 303, in _run_finalizers
    finalizer()
  File "/opt/ohpc/pub/compiler/conda/latest/lib/python3.12/multiprocessing/util.py", line 227, in __call__
    res = self._callback(*self._args, **self._kwargs)
          ^^^^^^^^^^^^^^^^^^^^^^^^^^^^^^^^^^^^^^^^^^^
  File "/opt/ohpc/pub/compiler/conda/latest/lib/python3.12/multiprocessing/util.py", line 136, in _remove_temp_dir
    rmtree(tempdir, onerror=onerror)
  File "/opt/ohpc/pub/compiler/conda/latest/lib/python3.12/shutil.py", line 759, in rmtree
    _rmtree_safe_fd(stack, onexc)
  File "/opt/ohpc/pub/compiler/conda/latest/lib/python3.12/shutil.py", line 703, in _rmtree_safe_fd
    onexc(func, path, err)
  File "/opt/ohpc/pub/compiler/conda/latest/lib/python3.12/shutil.py", line 750, in onexc
    return onerror(func, path, exc_info)
           ^^^^^^^^^^^^^^^^^^^^^^^^^^^^^
  File "/opt/ohpc/pub/compiler/conda/latest/lib/python3.12/shutil.py", line 700, in _rmtree_safe_fd
    onexc(os.unlink, fullname, err)
  File "/opt/ohpc/pub/compiler/conda/latest/lib/python3.12/shutil.py", line 750, in onexc
    return onerror(func, path, exc_info)
           ^^^^^^^^^^^^^^^^^^^^^^^^^^^^^
  File "/opt/ohpc/pub/compiler/conda/latest/lib/python3.12/shutil.py", line 698, in _rmtree_safe_fd
    os.unlink(entry.name, dir_fd=topfd)
OSError: [Errno 16] Device or resource busy: '/tmp/pymp-v6czyo5a'
Traceback (most recent call last):
  File "/opt/ohpc/pub/compiler/conda/latest/lib/python3.12/multiprocessing/util.py", line 303, in _run_finalizers
    finalizer()
  File "/opt/ohpc/pub/compiler/conda/latest/lib/python3.12/multiprocessing/util.py", line 227, in __call__
    res = self._callback(*self._args, **self._kwargs)
          ^^^^^^^^^^^^^^^^^^^^^^^^^^^^^^^^^^^^^^^^^^^
  File "/opt/ohpc/pub/compiler/conda/latest/lib/python3.12/multiprocessing/util.py", line 136, in _remove_temp_dir
    rmtree(tempdir, onerror=onerror)
  File "/opt/ohpc/pub/compiler/conda/latest/lib/python3.12/shutil.py", line 759, in rmtree
    _rmtree_safe_fd(stack, onexc)
  File "/opt/ohpc/pub/compiler/conda/latest/lib/python3.12/shutil.py", line 703, in _rmtree_safe_fd
    onexc(func, path, err)
  File "/opt/ohpc/pub/compiler/conda/latest/lib/python3.12/shutil.py", line 750, in onexc
    return onerror(func, path, exc_info)
           ^^^^^^^^^^^^^^^^^^^^^^^^^^^^^
  File "/opt/ohpc/pub/compiler/conda/latest/lib/python3.12/shutil.py", line 700, in _rmtree_safe_fd
    onexc(os.unlink, fullname, err)
  File "/opt/ohpc/pub/compiler/conda/latest/lib/python3.12/shutil.py", line 750, in onexc
    return onerror(func, path, exc_info)
           ^^^^^^^^^^^^^^^^^^^^^^^^^^^^^
  File "/opt/ohpc/pub/compiler/conda/latest/lib/python3.12/shutil.py", line 698, in _rmtree_safe_fd
    os.unlink(entry.name, dir_fd=topfd)
OSError: [Errno 16] Device or resource busy: '/tmp/pymp-ytu0m_ib'
  File "/opt/ohpc/pub/compiler/conda/latest/lib/python3.12/multiprocessing/util.py", line 303, in _run_finalizers
    finalizer()
  File "/opt/ohpc/pub/compiler/conda/latest/lib/python3.12/multiprocessing/util.py", line 227, in __call__
    res = self._callback(*self._args, **self._kwargs)
          ^^^^^^^^^^^^^^^^^^^^^^^^^^^^^^^^^^^^^^^^^^^
  File "/opt/ohpc/pub/compiler/conda/latest/lib/python3.12/multiprocessing/util.py", line 136, in _remove_temp_dir
    rmtree(tempdir, onerror=onerror)
  File "/opt/ohpc/pub/compiler/conda/latest/lib/python3.12/shutil.py", line 759, in rmtree
    _rmtree_safe_fd(stack, onexc)
  File "/opt/ohpc/pub/compiler/conda/latest/lib/python3.12/shutil.py", line 703, in _rmtree_safe_fd
    onexc(func, path, err)
  File "/opt/ohpc/pub/compiler/conda/latest/lib/python3.12/shutil.py", line 750, in onexc
    return onerror(func, path, exc_info)
           ^^^^^^^^^^^^^^^^^^^^^^^^^^^^^
  File "/opt/ohpc/pub/compiler/conda/latest/lib/python3.12/shutil.py", line 700, in _rmtree_safe_fd
    onexc(os.unlink, fullname, err)
  File "/opt/ohpc/pub/compiler/conda/latest/lib/python3.12/shutil.py", line 750, in onexc
    return onerror(func, path, exc_info)
           ^^^^^^^^^^^^^^^^^^^^^^^^^^^^^
  File "/opt/ohpc/pub/compiler/conda/latest/lib/python3.12/shutil.py", line 698, in _rmtree_safe_fd
    os.unlink(entry.name, dir_fd=topfd)
OSError: [Errno 16] Device or resource busy: '/tmp/pymp-7m_f57et'
Traceback (most recent call last):
Traceback (most recent call last):
  File "/opt/ohpc/pub/compiler/conda/latest/lib/python3.12/multiprocessing/util.py", line 303, in _run_finalizers
    finalizer()
  File "/opt/ohpc/pub/compiler/conda/latest/lib/python3.12/multiprocessing/util.py", line 227, in __call__
    res = self._callback(*self._args, **self._kwargs)
          ^^^^^^^^^^^^^^^^^^^^^^^^^^^^^^^^^^^^^^^^^^^
  File "/opt/ohpc/pub/compiler/conda/latest/lib/python3.12/multiprocessing/util.py", line 136, in _remove_temp_dir
    rmtree(tempdir, onerror=onerror)
  File "/opt/ohpc/pub/compiler/conda/latest/lib/python3.12/shutil.py", line 759, in rmtree
    _rmtree_safe_fd(stack, onexc)
  File "/opt/ohpc/pub/compiler/conda/latest/lib/python3.12/shutil.py", line 703, in _rmtree_safe_fd
    onexc(func, path, err)
  File "/opt/ohpc/pub/compiler/conda/latest/lib/python3.12/shutil.py", line 750, in onexc
    return onerror(func, path, exc_info)
           ^^^^^^^^^^^^^^^^^^^^^^^^^^^^^
  File "/opt/ohpc/pub/compiler/conda/latest/lib/python3.12/shutil.py", line 700, in _rmtree_safe_fd
    onexc(os.unlink, fullname, err)
  File "/opt/ohpc/pub/compiler/conda/latest/lib/python3.12/shutil.py", line 750, in onexc
    return onerror(func, path, exc_info)
           ^^^^^^^^^^^^^^^^^^^^^^^^^^^^^
  File "/opt/ohpc/pub/compiler/conda/latest/lib/python3.12/shutil.py", line 698, in _rmtree_safe_fd
    os.unlink(entry.name, dir_fd=topfd)
OSError: [Errno 16] Device or resource busy: '/tmp/pymp-_ikb7g48'
Traceback (most recent call last):
Traceback (most recent call last):
  File "/opt/ohpc/pub/compiler/conda/latest/lib/python3.12/multiprocessing/util.py", line 303, in _run_finalizers
    finalizer()
  File "/opt/ohpc/pub/compiler/conda/latest/lib/python3.12/multiprocessing/util.py", line 227, in __call__
    res = self._callback(*self._args, **self._kwargs)
          ^^^^^^^^^^^^^^^^^^^^^^^^^^^^^^^^^^^^^^^^^^^
  File "/opt/ohpc/pub/compiler/conda/latest/lib/python3.12/multiprocessing/util.py", line 136, in _remove_temp_dir
    rmtree(tempdir, onerror=onerror)
  File "/opt/ohpc/pub/compiler/conda/latest/lib/python3.12/shutil.py", line 759, in rmtree
    _rmtree_safe_fd(stack, onexc)
  File "/opt/ohpc/pub/compiler/conda/latest/lib/python3.12/shutil.py", line 703, in _rmtree_safe_fd
    onexc(func, path, err)
  File "/opt/ohpc/pub/compiler/conda/latest/lib/python3.12/shutil.py", line 750, in onexc
    return onerror(func, path, exc_info)
           ^^^^^^^^^^^^^^^^^^^^^^^^^^^^^
  File "/opt/ohpc/pub/compiler/conda/latest/lib/python3.12/shutil.py", line 700, in _rmtree_safe_fd
    onexc(os.unlink, fullname, err)
  File "/opt/ohpc/pub/compiler/conda/latest/lib/python3.12/shutil.py", line 750, in onexc
    return onerror(func, path, exc_info)
           ^^^^^^^^^^^^^^^^^^^^^^^^^^^^^
  File "/opt/ohpc/pub/compiler/conda/latest/lib/python3.12/shutil.py", line 698, in _rmtree_safe_fd
    os.unlink(entry.name, dir_fd=topfd)
OSError: [Errno 16] Device or resource busy: '/tmp/pymp-6h3lgq26'
  File "/opt/ohpc/pub/compiler/conda/latest/lib/python3.12/multiprocessing/util.py", line 303, in _run_finalizers
    finalizer()
  File "/opt/ohpc/pub/compiler/conda/latest/lib/python3.12/multiprocessing/util.py", line 227, in __call__
    res = self._callback(*self._args, **self._kwargs)
          ^^^^^^^^^^^^^^^^^^^^^^^^^^^^^^^^^^^^^^^^^^^
  File "/opt/ohpc/pub/compiler/conda/latest/lib/python3.12/multiprocessing/util.py", line 136, in _remove_temp_dir
    rmtree(tempdir, onerror=onerror)
  File "/opt/ohpc/pub/compiler/conda/latest/lib/python3.12/shutil.py", line 759, in rmtree
    _rmtree_safe_fd(stack, onexc)
  File "/opt/ohpc/pub/compiler/conda/latest/lib/python3.12/shutil.py", line 703, in _rmtree_safe_fd
    onexc(func, path, err)
  File "/opt/ohpc/pub/compiler/conda/latest/lib/python3.12/shutil.py", line 750, in onexc
    return onerror(func, path, exc_info)
           ^^^^^^^^^^^^^^^^^^^^^^^^^^^^^
  File "/opt/ohpc/pub/compiler/conda/latest/lib/python3.12/shutil.py", line 700, in _rmtree_safe_fd
    onexc(os.unlink, fullname, err)
  File "/opt/ohpc/pub/compiler/conda/latest/lib/python3.12/shutil.py", line 750, in onexc
    return onerror(func, path, exc_info)
           ^^^^^^^^^^^^^^^^^^^^^^^^^^^^^
  File "/opt/ohpc/pub/compiler/conda/latest/lib/python3.12/shutil.py", line 698, in _rmtree_safe_fd
    os.unlink(entry.name, dir_fd=topfd)
OSError: [Errno 16] Device or resource busy: '/tmp/pymp-h572zess'
  File "/opt/ohpc/pub/compiler/conda/latest/lib/python3.12/multiprocessing/util.py", line 303, in _run_finalizers
    finalizer()
  File "/opt/ohpc/pub/compiler/conda/latest/lib/python3.12/multiprocessing/util.py", line 227, in __call__
    res = self._callback(*self._args, **self._kwargs)
          ^^^^^^^^^^^^^^^^^^^^^^^^^^^^^^^^^^^^^^^^^^^
  File "/opt/ohpc/pub/compiler/conda/latest/lib/python3.12/multiprocessing/util.py", line 136, in _remove_temp_dir
    rmtree(tempdir, onerror=onerror)
  File "/opt/ohpc/pub/compiler/conda/latest/lib/python3.12/shutil.py", line 759, in rmtree
    _rmtree_safe_fd(stack, onexc)
  File "/opt/ohpc/pub/compiler/conda/latest/lib/python3.12/shutil.py", line 703, in _rmtree_safe_fd
    onexc(func, path, err)
  File "/opt/ohpc/pub/compiler/conda/latest/lib/python3.12/shutil.py", line 750, in onexc
    return onerror(func, path, exc_info)
           ^^^^^^^^^^^^^^^^^^^^^^^^^^^^^
  File "/opt/ohpc/pub/compiler/conda/latest/lib/python3.12/shutil.py", line 700, in _rmtree_safe_fd
    onexc(os.unlink, fullname, err)
  File "/opt/ohpc/pub/compiler/conda/latest/lib/python3.12/shutil.py", line 750, in onexc
    return onerror(func, path, exc_info)
           ^^^^^^^^^^^^^^^^^^^^^^^^^^^^^
  File "/opt/ohpc/pub/compiler/conda/latest/lib/python3.12/shutil.py", line 698, in _rmtree_safe_fd
    os.unlink(entry.name, dir_fd=topfd)
OSError: [Errno 16] Device or resource busy: '/tmp/pymp-7v4sjb63'
Traceback (most recent call last):
  File "/opt/ohpc/pub/compiler/conda/latest/lib/python3.12/multiprocessing/util.py", line 303, in _run_finalizers
    finalizer()
  File "/opt/ohpc/pub/compiler/conda/latest/lib/python3.12/multiprocessing/util.py", line 227, in __call__
    res = self._callback(*self._args, **self._kwargs)
          ^^^^^^^^^^^^^^^^^^^^^^^^^^^^^^^^^^^^^^^^^^^
  File "/opt/ohpc/pub/compiler/conda/latest/lib/python3.12/multiprocessing/util.py", line 136, in _remove_temp_dir
    rmtree(tempdir, onerror=onerror)
  File "/opt/ohpc/pub/compiler/conda/latest/lib/python3.12/shutil.py", line 759, in rmtree
    _rmtree_safe_fd(stack, onexc)
  File "/opt/ohpc/pub/compiler/conda/latest/lib/python3.12/shutil.py", line 703, in _rmtree_safe_fd
    onexc(func, path, err)
  File "/opt/ohpc/pub/compiler/conda/latest/lib/python3.12/shutil.py", line 750, in onexc
    return onerror(func, path, exc_info)
           ^^^^^^^^^^^^^^^^^^^^^^^^^^^^^
  File "/opt/ohpc/pub/compiler/conda/latest/lib/python3.12/shutil.py", line 700, in _rmtree_safe_fd
    onexc(os.unlink, fullname, err)
  File "/opt/ohpc/pub/compiler/conda/latest/lib/python3.12/shutil.py", line 750, in onexc
    return onerror(func, path, exc_info)
           ^^^^^^^^^^^^^^^^^^^^^^^^^^^^^
  File "/opt/ohpc/pub/compiler/conda/latest/lib/python3.12/shutil.py", line 698, in _rmtree_safe_fd
    os.unlink(entry.name, dir_fd=topfd)
OSError: [Errno 16] Device or resource busy: '/tmp/pymp-3o14287x'
Traceback (most recent call last):
  File "/opt/ohpc/pub/compiler/conda/latest/lib/python3.12/multiprocessing/util.py", line 303, in _run_finalizers
    finalizer()
  File "/opt/ohpc/pub/compiler/conda/latest/lib/python3.12/multiprocessing/util.py", line 227, in __call__
    res = self._callback(*self._args, **self._kwargs)
          ^^^^^^^^^^^^^^^^^^^^^^^^^^^^^^^^^^^^^^^^^^^
  File "/opt/ohpc/pub/compiler/conda/latest/lib/python3.12/multiprocessing/util.py", line 136, in _remove_temp_dir
    rmtree(tempdir, onerror=onerror)
  File "/opt/ohpc/pub/compiler/conda/latest/lib/python3.12/shutil.py", line 759, in rmtree
    _rmtree_safe_fd(stack, onexc)
  File "/opt/ohpc/pub/compiler/conda/latest/lib/python3.12/shutil.py", line 703, in _rmtree_safe_fd
    onexc(func, path, err)
  File "/opt/ohpc/pub/compiler/conda/latest/lib/python3.12/shutil.py", line 750, in onexc
    return onerror(func, path, exc_info)
           ^^^^^^^^^^^^^^^^^^^^^^^^^^^^^
  File "/opt/ohpc/pub/compiler/conda/latest/lib/python3.12/shutil.py", line 700, in _rmtree_safe_fd
    onexc(os.unlink, fullname, err)
  File "/opt/ohpc/pub/compiler/conda/latest/lib/python3.12/shutil.py", line 750, in onexc
    return onerror(func, path, exc_info)
           ^^^^^^^^^^^^^^^^^^^^^^^^^^^^^
  File "/opt/ohpc/pub/compiler/conda/latest/lib/python3.12/shutil.py", line 698, in _rmtree_safe_fd
    os.unlink(entry.name, dir_fd=topfd)
OSError: [Errno 16] Device or resource busy: '/tmp/pymp-3vs1qusg'
Traceback (most recent call last):
  File "/opt/ohpc/pub/compiler/conda/latest/lib/python3.12/multiprocessing/util.py", line 303, in _run_finalizers
    finalizer()
  File "/opt/ohpc/pub/compiler/conda/latest/lib/python3.12/multiprocessing/util.py", line 227, in __call__
    res = self._callback(*self._args, **self._kwargs)
          ^^^^^^^^^^^^^^^^^^^^^^^^^^^^^^^^^^^^^^^^^^^
  File "/opt/ohpc/pub/compiler/conda/latest/lib/python3.12/multiprocessing/util.py", line 136, in _remove_temp_dir
    rmtree(tempdir, onerror=onerror)
  File "/opt/ohpc/pub/compiler/conda/latest/lib/python3.12/shutil.py", line 759, in rmtree
    _rmtree_safe_fd(stack, onexc)
  File "/opt/ohpc/pub/compiler/conda/latest/lib/python3.12/shutil.py", line 703, in _rmtree_safe_fd
    onexc(func, path, err)
  File "/opt/ohpc/pub/compiler/conda/latest/lib/python3.12/shutil.py", line 750, in onexc
    return onerror(func, path, exc_info)
           ^^^^^^^^^^^^^^^^^^^^^^^^^^^^^
  File "/opt/ohpc/pub/compiler/conda/latest/lib/python3.12/shutil.py", line 700, in _rmtree_safe_fd
    onexc(os.unlink, fullname, err)
  File "/opt/ohpc/pub/compiler/conda/latest/lib/python3.12/shutil.py", line 750, in onexc
    return onerror(func, path, exc_info)
           ^^^^^^^^^^^^^^^^^^^^^^^^^^^^^
  File "/opt/ohpc/pub/compiler/conda/latest/lib/python3.12/shutil.py", line 698, in _rmtree_safe_fd
    os.unlink(entry.name, dir_fd=topfd)
OSError: [Errno 16] Device or resource busy: '/tmp/pymp-f72t53hy'
[val 004] loss=-0.0980 z_std=0.0478 rankme=70.703 lidar=53.235 areq=1.431 pr=2.34 align=0.5048 unif=-1.615 converged=False collapsed=False
  e005 it0000/62 lr=0.0016 loss=-0.0969 z_std=0.0643
  e005 it0010/62 lr=0.0016 loss=-0.0968 z_std=0.0642
  e005 it0020/62 lr=0.0017 loss=-0.0952 z_std=0.0642
  e005 it0030/62 lr=0.0017 loss=-0.0976 z_std=0.0642
  e005 it0040/62 lr=0.0018 loss=-0.0983 z_std=0.0641
  e005 it0050/62 lr=0.0018 loss=-0.1024 z_std=0.0641
  e005 it0060/62 lr=0.0019 loss=-0.1061 z_std=0.0641
[epoch 005] loss=-0.1065 z_std=0.0641 (healthy~0.0625) time=192.1s
Traceback (most recent call last):
Traceback (most recent call last):
Traceback (most recent call last):
  File "/opt/ohpc/pub/compiler/conda/latest/lib/python3.12/multiprocessing/util.py", line 303, in _run_finalizers
    finalizer()
  File "/opt/ohpc/pub/compiler/conda/latest/lib/python3.12/multiprocessing/util.py", line 227, in __call__
    res = self._callback(*self._args, **self._kwargs)
          ^^^^^^^^^^^^^^^^^^^^^^^^^^^^^^^^^^^^^^^^^^^
  File "/opt/ohpc/pub/compiler/conda/latest/lib/python3.12/multiprocessing/util.py", line 136, in _remove_temp_dir
    rmtree(tempdir, onerror=onerror)
  File "/opt/ohpc/pub/compiler/conda/latest/lib/python3.12/shutil.py", line 759, in rmtree
    _rmtree_safe_fd(stack, onexc)
  File "/opt/ohpc/pub/compiler/conda/latest/lib/python3.12/shutil.py", line 703, in _rmtree_safe_fd
    onexc(func, path, err)
  File "/opt/ohpc/pub/compiler/conda/latest/lib/python3.12/shutil.py", line 750, in onexc
    return onerror(func, path, exc_info)
           ^^^^^^^^^^^^^^^^^^^^^^^^^^^^^
  File "/opt/ohpc/pub/compiler/conda/latest/lib/python3.12/shutil.py", line 700, in _rmtree_safe_fd
    onexc(os.unlink, fullname, err)
  File "/opt/ohpc/pub/compiler/conda/latest/lib/python3.12/shutil.py", line 750, in onexc
    return onerror(func, path, exc_info)
           ^^^^^^^^^^^^^^^^^^^^^^^^^^^^^
  File "/opt/ohpc/pub/compiler/conda/latest/lib/python3.12/shutil.py", line 698, in _rmtree_safe_fd
    os.unlink(entry.name, dir_fd=topfd)
OSError: [Errno 16] Device or resource busy: '/tmp/pymp-8pjw7i2w'
  File "/opt/ohpc/pub/compiler/conda/latest/lib/python3.12/multiprocessing/util.py", line 303, in _run_finalizers
    finalizer()
  File "/opt/ohpc/pub/compiler/conda/latest/lib/python3.12/multiprocessing/util.py", line 227, in __call__
    res = self._callback(*self._args, **self._kwargs)
          ^^^^^^^^^^^^^^^^^^^^^^^^^^^^^^^^^^^^^^^^^^^
  File "/opt/ohpc/pub/compiler/conda/latest/lib/python3.12/multiprocessing/util.py", line 136, in _remove_temp_dir
    rmtree(tempdir, onerror=onerror)
  File "/opt/ohpc/pub/compiler/conda/latest/lib/python3.12/shutil.py", line 759, in rmtree
    _rmtree_safe_fd(stack, onexc)
  File "/opt/ohpc/pub/compiler/conda/latest/lib/python3.12/shutil.py", line 703, in _rmtree_safe_fd
    onexc(func, path, err)
  File "/opt/ohpc/pub/compiler/conda/latest/lib/python3.12/shutil.py", line 750, in onexc
    return onerror(func, path, exc_info)
           ^^^^^^^^^^^^^^^^^^^^^^^^^^^^^
  File "/opt/ohpc/pub/compiler/conda/latest/lib/python3.12/shutil.py", line 700, in _rmtree_safe_fd
    onexc(os.unlink, fullname, err)
  File "/opt/ohpc/pub/compiler/conda/latest/lib/python3.12/shutil.py", line 750, in onexc
    return onerror(func, path, exc_info)
           ^^^^^^^^^^^^^^^^^^^^^^^^^^^^^
  File "/opt/ohpc/pub/compiler/conda/latest/lib/python3.12/shutil.py", line 698, in _rmtree_safe_fd
    os.unlink(entry.name, dir_fd=topfd)
OSError: [Errno 16] Device or resource busy: '/tmp/pymp-e0mz6l89'
  File "/opt/ohpc/pub/compiler/conda/latest/lib/python3.12/multiprocessing/util.py", line 303, in _run_finalizers
    finalizer()
  File "/opt/ohpc/pub/compiler/conda/latest/lib/python3.12/multiprocessing/util.py", line 227, in __call__
    res = self._callback(*self._args, **self._kwargs)
          ^^^^^^^^^^^^^^^^^^^^^^^^^^^^^^^^^^^^^^^^^^^
  File "/opt/ohpc/pub/compiler/conda/latest/lib/python3.12/multiprocessing/util.py", line 136, in _remove_temp_dir
    rmtree(tempdir, onerror=onerror)
  File "/opt/ohpc/pub/compiler/conda/latest/lib/python3.12/shutil.py", line 759, in rmtree
    _rmtree_safe_fd(stack, onexc)
  File "/opt/ohpc/pub/compiler/conda/latest/lib/python3.12/shutil.py", line 703, in _rmtree_safe_fd
    onexc(func, path, err)
  File "/opt/ohpc/pub/compiler/conda/latest/lib/python3.12/shutil.py", line 750, in onexc
    return onerror(func, path, exc_info)
           ^^^^^^^^^^^^^^^^^^^^^^^^^^^^^
  File "/opt/ohpc/pub/compiler/conda/latest/lib/python3.12/shutil.py", line 700, in _rmtree_safe_fd
    onexc(os.unlink, fullname, err)
  File "/opt/ohpc/pub/compiler/conda/latest/lib/python3.12/shutil.py", line 750, in onexc
    return onerror(func, path, exc_info)
           ^^^^^^^^^^^^^^^^^^^^^^^^^^^^^
  File "/opt/ohpc/pub/compiler/conda/latest/lib/python3.12/shutil.py", line 698, in _rmtree_safe_fd
    os.unlink(entry.name, dir_fd=topfd)
OSError: [Errno 16] Device or resource busy: '/tmp/pymp-6kp7r5z7'
Traceback (most recent call last):
  File "/opt/ohpc/pub/compiler/conda/latest/lib/python3.12/multiprocessing/util.py", line 303, in _run_finalizers
    finalizer()
  File "/opt/ohpc/pub/compiler/conda/latest/lib/python3.12/multiprocessing/util.py", line 227, in __call__
    res = self._callback(*self._args, **self._kwargs)
          ^^^^^^^^^^^^^^^^^^^^^^^^^^^^^^^^^^^^^^^^^^^
  File "/opt/ohpc/pub/compiler/conda/latest/lib/python3.12/multiprocessing/util.py", line 136, in _remove_temp_dir
    rmtree(tempdir, onerror=onerror)
  File "/opt/ohpc/pub/compiler/conda/latest/lib/python3.12/shutil.py", line 759, in rmtree
    _rmtree_safe_fd(stack, onexc)
  File "/opt/ohpc/pub/compiler/conda/latest/lib/python3.12/shutil.py", line 703, in _rmtree_safe_fd
    onexc(func, path, err)
  File "/opt/ohpc/pub/compiler/conda/latest/lib/python3.12/shutil.py", line 750, in onexc
    return onerror(func, path, exc_info)
           ^^^^^^^^^^^^^^^^^^^^^^^^^^^^^
  File "/opt/ohpc/pub/compiler/conda/latest/lib/python3.12/shutil.py", line 700, in _rmtree_safe_fd
    onexc(os.unlink, fullname, err)
  File "/opt/ohpc/pub/compiler/conda/latest/lib/python3.12/shutil.py", line 750, in onexc
    return onerror(func, path, exc_info)
           ^^^^^^^^^^^^^^^^^^^^^^^^^^^^^
  File "/opt/ohpc/pub/compiler/conda/latest/lib/python3.12/shutil.py", line 698, in _rmtree_safe_fd
    os.unlink(entry.name, dir_fd=topfd)
OSError: [Errno 16] Device or resource busy: '/tmp/pymp-9dljrt1_'
Traceback (most recent call last):
Traceback (most recent call last):
  File "/opt/ohpc/pub/compiler/conda/latest/lib/python3.12/multiprocessing/util.py", line 303, in _run_finalizers
    finalizer()
  File "/opt/ohpc/pub/compiler/conda/latest/lib/python3.12/multiprocessing/util.py", line 227, in __call__
    res = self._callback(*self._args, **self._kwargs)
          ^^^^^^^^^^^^^^^^^^^^^^^^^^^^^^^^^^^^^^^^^^^
  File "/opt/ohpc/pub/compiler/conda/latest/lib/python3.12/multiprocessing/util.py", line 136, in _remove_temp_dir
    rmtree(tempdir, onerror=onerror)
  File "/opt/ohpc/pub/compiler/conda/latest/lib/python3.12/shutil.py", line 759, in rmtree
    _rmtree_safe_fd(stack, onexc)
  File "/opt/ohpc/pub/compiler/conda/latest/lib/python3.12/shutil.py", line 703, in _rmtree_safe_fd
    onexc(func, path, err)
  File "/opt/ohpc/pub/compiler/conda/latest/lib/python3.12/shutil.py", line 750, in onexc
    return onerror(func, path, exc_info)
           ^^^^^^^^^^^^^^^^^^^^^^^^^^^^^
  File "/opt/ohpc/pub/compiler/conda/latest/lib/python3.12/shutil.py", line 700, in _rmtree_safe_fd
    onexc(os.unlink, fullname, err)
  File "/opt/ohpc/pub/compiler/conda/latest/lib/python3.12/shutil.py", line 750, in onexc
    return onerror(func, path, exc_info)
           ^^^^^^^^^^^^^^^^^^^^^^^^^^^^^
  File "/opt/ohpc/pub/compiler/conda/latest/lib/python3.12/shutil.py", line 698, in _rmtree_safe_fd
    os.unlink(entry.name, dir_fd=topfd)
OSError: [Errno 16] Device or resource busy: '/tmp/pymp-pnulce5z'
Traceback (most recent call last):
  File "/opt/ohpc/pub/compiler/conda/latest/lib/python3.12/multiprocessing/util.py", line 303, in _run_finalizers
    finalizer()
  File "/opt/ohpc/pub/compiler/conda/latest/lib/python3.12/multiprocessing/util.py", line 227, in __call__
    res = self._callback(*self._args, **self._kwargs)
          ^^^^^^^^^^^^^^^^^^^^^^^^^^^^^^^^^^^^^^^^^^^
  File "/opt/ohpc/pub/compiler/conda/latest/lib/python3.12/multiprocessing/util.py", line 136, in _remove_temp_dir
    rmtree(tempdir, onerror=onerror)
  File "/opt/ohpc/pub/compiler/conda/latest/lib/python3.12/shutil.py", line 759, in rmtree
    _rmtree_safe_fd(stack, onexc)
  File "/opt/ohpc/pub/compiler/conda/latest/lib/python3.12/shutil.py", line 703, in _rmtree_safe_fd
    onexc(func, path, err)
  File "/opt/ohpc/pub/compiler/conda/latest/lib/python3.12/shutil.py", line 750, in onexc
    return onerror(func, path, exc_info)
           ^^^^^^^^^^^^^^^^^^^^^^^^^^^^^
  File "/opt/ohpc/pub/compiler/conda/latest/lib/python3.12/shutil.py", line 700, in _rmtree_safe_fd
    onexc(os.unlink, fullname, err)
  File "/opt/ohpc/pub/compiler/conda/latest/lib/python3.12/shutil.py", line 750, in onexc
    return onerror(func, path, exc_info)
           ^^^^^^^^^^^^^^^^^^^^^^^^^^^^^
  File "/opt/ohpc/pub/compiler/conda/latest/lib/python3.12/shutil.py", line 698, in _rmtree_safe_fd
    os.unlink(entry.name, dir_fd=topfd)
OSError: [Errno 16] Device or resource busy: '/tmp/pymp-6eio1e6r'
Traceback (most recent call last):
  File "/opt/ohpc/pub/compiler/conda/latest/lib/python3.12/multiprocessing/util.py", line 303, in _run_finalizers
    finalizer()
  File "/opt/ohpc/pub/compiler/conda/latest/lib/python3.12/multiprocessing/util.py", line 227, in __call__
    res = self._callback(*self._args, **self._kwargs)
          ^^^^^^^^^^^^^^^^^^^^^^^^^^^^^^^^^^^^^^^^^^^
  File "/opt/ohpc/pub/compiler/conda/latest/lib/python3.12/multiprocessing/util.py", line 136, in _remove_temp_dir
    rmtree(tempdir, onerror=onerror)
  File "/opt/ohpc/pub/compiler/conda/latest/lib/python3.12/shutil.py", line 759, in rmtree
    _rmtree_safe_fd(stack, onexc)
  File "/opt/ohpc/pub/compiler/conda/latest/lib/python3.12/shutil.py", line 703, in _rmtree_safe_fd
    onexc(func, path, err)
  File "/opt/ohpc/pub/compiler/conda/latest/lib/python3.12/shutil.py", line 750, in onexc
    return onerror(func, path, exc_info)
           ^^^^^^^^^^^^^^^^^^^^^^^^^^^^^
  File "/opt/ohpc/pub/compiler/conda/latest/lib/python3.12/shutil.py", line 700, in _rmtree_safe_fd
    onexc(os.unlink, fullname, err)
  File "/opt/ohpc/pub/compiler/conda/latest/lib/python3.12/shutil.py", line 750, in onexc
    return onerror(func, path, exc_info)
           ^^^^^^^^^^^^^^^^^^^^^^^^^^^^^
  File "/opt/ohpc/pub/compiler/conda/latest/lib/python3.12/shutil.py", line 698, in _rmtree_safe_fd
    os.unlink(entry.name, dir_fd=topfd)
OSError: [Errno 16] Device or resource busy: '/tmp/pymp-x20nungj'
Traceback (most recent call last):
  File "/opt/ohpc/pub/compiler/conda/latest/lib/python3.12/multiprocessing/util.py", line 303, in _run_finalizers
    finalizer()
  File "/opt/ohpc/pub/compiler/conda/latest/lib/python3.12/multiprocessing/util.py", line 227, in __call__
    res = self._callback(*self._args, **self._kwargs)
          ^^^^^^^^^^^^^^^^^^^^^^^^^^^^^^^^^^^^^^^^^^^
  File "/opt/ohpc/pub/compiler/conda/latest/lib/python3.12/multiprocessing/util.py", line 136, in _remove_temp_dir
    rmtree(tempdir, onerror=onerror)
  File "/opt/ohpc/pub/compiler/conda/latest/lib/python3.12/shutil.py", line 759, in rmtree
    _rmtree_safe_fd(stack, onexc)
  File "/opt/ohpc/pub/compiler/conda/latest/lib/python3.12/shutil.py", line 703, in _rmtree_safe_fd
    onexc(func, path, err)
  File "/opt/ohpc/pub/compiler/conda/latest/lib/python3.12/shutil.py", line 750, in onexc
    return onerror(func, path, exc_info)
           ^^^^^^^^^^^^^^^^^^^^^^^^^^^^^
  File "/opt/ohpc/pub/compiler/conda/latest/lib/python3.12/shutil.py", line 700, in _rmtree_safe_fd
    onexc(os.unlink, fullname, err)
  File "/opt/ohpc/pub/compiler/conda/latest/lib/python3.12/shutil.py", line 750, in onexc
    return onerror(func, path, exc_info)
           ^^^^^^^^^^^^^^^^^^^^^^^^^^^^^
  File "/opt/ohpc/pub/compiler/conda/latest/lib/python3.12/shutil.py", line 698, in _rmtree_safe_fd
    os.unlink(entry.name, dir_fd=topfd)
OSError: [Errno 16] Device or resource busy: '/tmp/pymp-sqm9tfl8'
  File "/opt/ohpc/pub/compiler/conda/latest/lib/python3.12/multiprocessing/util.py", line 303, in _run_finalizers
    finalizer()
  File "/opt/ohpc/pub/compiler/conda/latest/lib/python3.12/multiprocessing/util.py", line 227, in __call__
    res = self._callback(*self._args, **self._kwargs)
          ^^^^^^^^^^^^^^^^^^^^^^^^^^^^^^^^^^^^^^^^^^^
  File "/opt/ohpc/pub/compiler/conda/latest/lib/python3.12/multiprocessing/util.py", line 136, in _remove_temp_dir
    rmtree(tempdir, onerror=onerror)
  File "/opt/ohpc/pub/compiler/conda/latest/lib/python3.12/shutil.py", line 759, in rmtree
    _rmtree_safe_fd(stack, onexc)
  File "/opt/ohpc/pub/compiler/conda/latest/lib/python3.12/shutil.py", line 703, in _rmtree_safe_fd
    onexc(func, path, err)
  File "/opt/ohpc/pub/compiler/conda/latest/lib/python3.12/shutil.py", line 750, in onexc
    return onerror(func, path, exc_info)
           ^^^^^^^^^^^^^^^^^^^^^^^^^^^^^
  File "/opt/ohpc/pub/compiler/conda/latest/lib/python3.12/shutil.py", line 700, in _rmtree_safe_fd
    onexc(os.unlink, fullname, err)
  File "/opt/ohpc/pub/compiler/conda/latest/lib/python3.12/shutil.py", line 750, in onexc
    return onerror(func, path, exc_info)
           ^^^^^^^^^^^^^^^^^^^^^^^^^^^^^
  File "/opt/ohpc/pub/compiler/conda/latest/lib/python3.12/shutil.py", line 698, in _rmtree_safe_fd
    os.unlink(entry.name, dir_fd=topfd)
OSError: [Errno 16] Device or resource busy: '/tmp/pymp-ri3vzqyf'
Traceback (most recent call last):
  File "/opt/ohpc/pub/compiler/conda/latest/lib/python3.12/multiprocessing/util.py", line 303, in _run_finalizers
    finalizer()
  File "/opt/ohpc/pub/compiler/conda/latest/lib/python3.12/multiprocessing/util.py", line 227, in __call__
    res = self._callback(*self._args, **self._kwargs)
          ^^^^^^^^^^^^^^^^^^^^^^^^^^^^^^^^^^^^^^^^^^^
  File "/opt/ohpc/pub/compiler/conda/latest/lib/python3.12/multiprocessing/util.py", line 136, in _remove_temp_dir
    rmtree(tempdir, onerror=onerror)
  File "/opt/ohpc/pub/compiler/conda/latest/lib/python3.12/shutil.py", line 759, in rmtree
    _rmtree_safe_fd(stack, onexc)
  File "/opt/ohpc/pub/compiler/conda/latest/lib/python3.12/shutil.py", line 703, in _rmtree_safe_fd
    onexc(func, path, err)
  File "/opt/ohpc/pub/compiler/conda/latest/lib/python3.12/shutil.py", line 750, in onexc
    return onerror(func, path, exc_info)
           ^^^^^^^^^^^^^^^^^^^^^^^^^^^^^
  File "/opt/ohpc/pub/compiler/conda/latest/lib/python3.12/shutil.py", line 700, in _rmtree_safe_fd
    onexc(os.unlink, fullname, err)
  File "/opt/ohpc/pub/compiler/conda/latest/lib/python3.12/shutil.py", line 750, in onexc
    return onerror(func, path, exc_info)
           ^^^^^^^^^^^^^^^^^^^^^^^^^^^^^
  File "/opt/ohpc/pub/compiler/conda/latest/lib/python3.12/shutil.py", line 698, in _rmtree_safe_fd
    os.unlink(entry.name, dir_fd=topfd)
OSError: [Errno 16] Device or resource busy: '/tmp/pymp-3whics_4'
Traceback (most recent call last):
Traceback (most recent call last):
Traceback (most recent call last):
  File "/opt/ohpc/pub/compiler/conda/latest/lib/python3.12/multiprocessing/util.py", line 303, in _run_finalizers
    finalizer()
  File "/opt/ohpc/pub/compiler/conda/latest/lib/python3.12/multiprocessing/util.py", line 303, in _run_finalizers
    finalizer()
  File "/opt/ohpc/pub/compiler/conda/latest/lib/python3.12/multiprocessing/util.py", line 227, in __call__
    res = self._callback(*self._args, **self._kwargs)
          ^^^^^^^^^^^^^^^^^^^^^^^^^^^^^^^^^^^^^^^^^^^
  File "/opt/ohpc/pub/compiler/conda/latest/lib/python3.12/multiprocessing/util.py", line 136, in _remove_temp_dir
    rmtree(tempdir, onerror=onerror)
  File "/opt/ohpc/pub/compiler/conda/latest/lib/python3.12/shutil.py", line 759, in rmtree
    _rmtree_safe_fd(stack, onexc)
  File "/opt/ohpc/pub/compiler/conda/latest/lib/python3.12/shutil.py", line 703, in _rmtree_safe_fd
    onexc(func, path, err)
  File "/opt/ohpc/pub/compiler/conda/latest/lib/python3.12/shutil.py", line 750, in onexc
    return onerror(func, path, exc_info)
           ^^^^^^^^^^^^^^^^^^^^^^^^^^^^^
  File "/opt/ohpc/pub/compiler/conda/latest/lib/python3.12/multiprocessing/util.py", line 227, in __call__
    res = self._callback(*self._args, **self._kwargs)
          ^^^^^^^^^^^^^^^^^^^^^^^^^^^^^^^^^^^^^^^^^^^
  File "/opt/ohpc/pub/compiler/conda/latest/lib/python3.12/shutil.py", line 700, in _rmtree_safe_fd
    onexc(os.unlink, fullname, err)
  File "/opt/ohpc/pub/compiler/conda/latest/lib/python3.12/multiprocessing/util.py", line 136, in _remove_temp_dir
    rmtree(tempdir, onerror=onerror)
  File "/opt/ohpc/pub/compiler/conda/latest/lib/python3.12/shutil.py", line 750, in onexc
    return onerror(func, path, exc_info)
           ^^^^^^^^^^^^^^^^^^^^^^^^^^^^^
  File "/opt/ohpc/pub/compiler/conda/latest/lib/python3.12/shutil.py", line 759, in rmtree
    _rmtree_safe_fd(stack, onexc)
  File "/opt/ohpc/pub/compiler/conda/latest/lib/python3.12/shutil.py", line 698, in _rmtree_safe_fd
    os.unlink(entry.name, dir_fd=topfd)
  File "/opt/ohpc/pub/compiler/conda/latest/lib/python3.12/shutil.py", line 703, in _rmtree_safe_fd
    onexc(func, path, err)
  File "/opt/ohpc/pub/compiler/conda/latest/lib/python3.12/shutil.py", line 750, in onexc
    return onerror(func, path, exc_info)
           ^^^^^^^^^^^^^^^^^^^^^^^^^^^^^
  File "/opt/ohpc/pub/compiler/conda/latest/lib/python3.12/shutil.py", line 700, in _rmtree_safe_fd
    onexc(os.unlink, fullname, err)
  File "/opt/ohpc/pub/compiler/conda/latest/lib/python3.12/shutil.py", line 750, in onexc
    return onerror(func, path, exc_info)
           ^^^^^^^^^^^^^^^^^^^^^^^^^^^^^
OSError: [Errno 16] Device or resource busy: '/tmp/pymp-e_66o17n'
  File "/opt/ohpc/pub/compiler/conda/latest/lib/python3.12/shutil.py", line 698, in _rmtree_safe_fd
    os.unlink(entry.name, dir_fd=topfd)
OSError: [Errno 16] Device or resource busy: '/tmp/pymp-_axolrjc'
Traceback (most recent call last):
Traceback (most recent call last):
Traceback (most recent call last):
  File "/opt/ohpc/pub/compiler/conda/latest/lib/python3.12/multiprocessing/util.py", line 303, in _run_finalizers
    finalizer()
  File "/opt/ohpc/pub/compiler/conda/latest/lib/python3.12/multiprocessing/util.py", line 227, in __call__
    res = self._callback(*self._args, **self._kwargs)
          ^^^^^^^^^^^^^^^^^^^^^^^^^^^^^^^^^^^^^^^^^^^
  File "/opt/ohpc/pub/compiler/conda/latest/lib/python3.12/multiprocessing/util.py", line 303, in _run_finalizers
    finalizer()
  File "/opt/ohpc/pub/compiler/conda/latest/lib/python3.12/multiprocessing/util.py", line 136, in _remove_temp_dir
    rmtree(tempdir, onerror=onerror)
  File "/opt/ohpc/pub/compiler/conda/latest/lib/python3.12/shutil.py", line 759, in rmtree
    _rmtree_safe_fd(stack, onexc)
  File "/opt/ohpc/pub/compiler/conda/latest/lib/python3.12/shutil.py", line 703, in _rmtree_safe_fd
    onexc(func, path, err)
  File "/opt/ohpc/pub/compiler/conda/latest/lib/python3.12/multiprocessing/util.py", line 227, in __call__
    res = self._callback(*self._args, **self._kwargs)
          ^^^^^^^^^^^^^^^^^^^^^^^^^^^^^^^^^^^^^^^^^^^
  File "/opt/ohpc/pub/compiler/conda/latest/lib/python3.12/shutil.py", line 750, in onexc
    return onerror(func, path, exc_info)
           ^^^^^^^^^^^^^^^^^^^^^^^^^^^^^
  File "/opt/ohpc/pub/compiler/conda/latest/lib/python3.12/shutil.py", line 700, in _rmtree_safe_fd
    onexc(os.unlink, fullname, err)
  File "/opt/ohpc/pub/compiler/conda/latest/lib/python3.12/multiprocessing/util.py", line 136, in _remove_temp_dir
    rmtree(tempdir, onerror=onerror)
  File "/opt/ohpc/pub/compiler/conda/latest/lib/python3.12/shutil.py", line 750, in onexc
    return onerror(func, path, exc_info)
           ^^^^^^^^^^^^^^^^^^^^^^^^^^^^^
  File "/opt/ohpc/pub/compiler/conda/latest/lib/python3.12/shutil.py", line 759, in rmtree
    _rmtree_safe_fd(stack, onexc)
  File "/opt/ohpc/pub/compiler/conda/latest/lib/python3.12/shutil.py", line 698, in _rmtree_safe_fd
    os.unlink(entry.name, dir_fd=topfd)
  File "/opt/ohpc/pub/compiler/conda/latest/lib/python3.12/shutil.py", line 703, in _rmtree_safe_fd
    onexc(func, path, err)
Traceback (most recent call last):
  File "/opt/ohpc/pub/compiler/conda/latest/lib/python3.12/shutil.py", line 750, in onexc
    return onerror(func, path, exc_info)
           ^^^^^^^^^^^^^^^^^^^^^^^^^^^^^
  File "/opt/ohpc/pub/compiler/conda/latest/lib/python3.12/shutil.py", line 700, in _rmtree_safe_fd
    onexc(os.unlink, fullname, err)
  File "/opt/ohpc/pub/compiler/conda/latest/lib/python3.12/shutil.py", line 750, in onexc
    return onerror(func, path, exc_info)
           ^^^^^^^^^^^^^^^^^^^^^^^^^^^^^
  File "/opt/ohpc/pub/compiler/conda/latest/lib/python3.12/shutil.py", line 698, in _rmtree_safe_fd
    os.unlink(entry.name, dir_fd=topfd)
OSError: [Errno 16] Device or resource busy: '/tmp/pymp-hmx2sykm'
Traceback (most recent call last):
OSError: [Errno 16] Device or resource busy: '/tmp/pymp-56f06crr'
  File "/opt/ohpc/pub/compiler/conda/latest/lib/python3.12/multiprocessing/util.py", line 303, in _run_finalizers
    finalizer()
  File "/opt/ohpc/pub/compiler/conda/latest/lib/python3.12/multiprocessing/util.py", line 227, in __call__
    res = self._callback(*self._args, **self._kwargs)
          ^^^^^^^^^^^^^^^^^^^^^^^^^^^^^^^^^^^^^^^^^^^
  File "/opt/ohpc/pub/compiler/conda/latest/lib/python3.12/multiprocessing/util.py", line 136, in _remove_temp_dir
    rmtree(tempdir, onerror=onerror)
  File "/opt/ohpc/pub/compiler/conda/latest/lib/python3.12/shutil.py", line 759, in rmtree
    _rmtree_safe_fd(stack, onexc)
  File "/opt/ohpc/pub/compiler/conda/latest/lib/python3.12/shutil.py", line 703, in _rmtree_safe_fd
    onexc(func, path, err)
  File "/opt/ohpc/pub/compiler/conda/latest/lib/python3.12/shutil.py", line 750, in onexc
    return onerror(func, path, exc_info)
           ^^^^^^^^^^^^^^^^^^^^^^^^^^^^^
  File "/opt/ohpc/pub/compiler/conda/latest/lib/python3.12/shutil.py", line 700, in _rmtree_safe_fd
    onexc(os.unlink, fullname, err)
  File "/opt/ohpc/pub/compiler/conda/latest/lib/python3.12/shutil.py", line 750, in onexc
    return onerror(func, path, exc_info)
           ^^^^^^^^^^^^^^^^^^^^^^^^^^^^^
  File "/opt/ohpc/pub/compiler/conda/latest/lib/python3.12/shutil.py", line 698, in _rmtree_safe_fd
    os.unlink(entry.name, dir_fd=topfd)
OSError: [Errno 16] Device or resource busy: '/tmp/pymp-jxizo05j'
  File "/opt/ohpc/pub/compiler/conda/latest/lib/python3.12/multiprocessing/util.py", line 303, in _run_finalizers
    finalizer()
  File "/opt/ohpc/pub/compiler/conda/latest/lib/python3.12/multiprocessing/util.py", line 227, in __call__
    res = self._callback(*self._args, **self._kwargs)
          ^^^^^^^^^^^^^^^^^^^^^^^^^^^^^^^^^^^^^^^^^^^
  File "/opt/ohpc/pub/compiler/conda/latest/lib/python3.12/multiprocessing/util.py", line 136, in _remove_temp_dir
    rmtree(tempdir, onerror=onerror)
  File "/opt/ohpc/pub/compiler/conda/latest/lib/python3.12/shutil.py", line 759, in rmtree
    _rmtree_safe_fd(stack, onexc)
  File "/opt/ohpc/pub/compiler/conda/latest/lib/python3.12/shutil.py", line 703, in _rmtree_safe_fd
    onexc(func, path, err)
  File "/opt/ohpc/pub/compiler/conda/latest/lib/python3.12/shutil.py", line 750, in onexc
    return onerror(func, path, exc_info)
           ^^^^^^^^^^^^^^^^^^^^^^^^^^^^^
  File "/opt/ohpc/pub/compiler/conda/latest/lib/python3.12/shutil.py", line 700, in _rmtree_safe_fd
    onexc(os.unlink, fullname, err)
  File "/opt/ohpc/pub/compiler/conda/latest/lib/python3.12/shutil.py", line 750, in onexc
    return onerror(func, path, exc_info)
           ^^^^^^^^^^^^^^^^^^^^^^^^^^^^^
  File "/opt/ohpc/pub/compiler/conda/latest/lib/python3.12/shutil.py", line 698, in _rmtree_safe_fd
    os.unlink(entry.name, dir_fd=topfd)
  File "/opt/ohpc/pub/compiler/conda/latest/lib/python3.12/multiprocessing/util.py", line 303, in _run_finalizers
    finalizer()
OSError: [Errno 16] Device or resource busy: '/tmp/pymp-lhxz1zdg'
  File "/opt/ohpc/pub/compiler/conda/latest/lib/python3.12/multiprocessing/util.py", line 227, in __call__
    res = self._callback(*self._args, **self._kwargs)
          ^^^^^^^^^^^^^^^^^^^^^^^^^^^^^^^^^^^^^^^^^^^
  File "/opt/ohpc/pub/compiler/conda/latest/lib/python3.12/multiprocessing/util.py", line 136, in _remove_temp_dir
    rmtree(tempdir, onerror=onerror)
  File "/opt/ohpc/pub/compiler/conda/latest/lib/python3.12/shutil.py", line 759, in rmtree
    _rmtree_safe_fd(stack, onexc)
  File "/opt/ohpc/pub/compiler/conda/latest/lib/python3.12/shutil.py", line 703, in _rmtree_safe_fd
    onexc(func, path, err)
  File "/opt/ohpc/pub/compiler/conda/latest/lib/python3.12/shutil.py", line 750, in onexc
    return onerror(func, path, exc_info)
           ^^^^^^^^^^^^^^^^^^^^^^^^^^^^^
  File "/opt/ohpc/pub/compiler/conda/latest/lib/python3.12/shutil.py", line 700, in _rmtree_safe_fd
    onexc(os.unlink, fullname, err)
  File "/opt/ohpc/pub/compiler/conda/latest/lib/python3.12/shutil.py", line 750, in onexc
    return onerror(func, path, exc_info)
           ^^^^^^^^^^^^^^^^^^^^^^^^^^^^^
  File "/opt/ohpc/pub/compiler/conda/latest/lib/python3.12/shutil.py", line 698, in _rmtree_safe_fd
    os.unlink(entry.name, dir_fd=topfd)
OSError: [Errno 16] Device or resource busy: '/tmp/pymp-8slhmoct'
Traceback (most recent call last):
  File "/opt/ohpc/pub/compiler/conda/latest/lib/python3.12/multiprocessing/util.py", line 303, in _run_finalizers
    finalizer()
  File "/opt/ohpc/pub/compiler/conda/latest/lib/python3.12/multiprocessing/util.py", line 227, in __call__
    res = self._callback(*self._args, **self._kwargs)
          ^^^^^^^^^^^^^^^^^^^^^^^^^^^^^^^^^^^^^^^^^^^
  File "/opt/ohpc/pub/compiler/conda/latest/lib/python3.12/multiprocessing/util.py", line 136, in _remove_temp_dir
    rmtree(tempdir, onerror=onerror)
  File "/opt/ohpc/pub/compiler/conda/latest/lib/python3.12/shutil.py", line 759, in rmtree
    _rmtree_safe_fd(stack, onexc)
  File "/opt/ohpc/pub/compiler/conda/latest/lib/python3.12/shutil.py", line 703, in _rmtree_safe_fd
    onexc(func, path, err)
  File "/opt/ohpc/pub/compiler/conda/latest/lib/python3.12/shutil.py", line 750, in onexc
    return onerror(func, path, exc_info)
           ^^^^^^^^^^^^^^^^^^^^^^^^^^^^^
  File "/opt/ohpc/pub/compiler/conda/latest/lib/python3.12/shutil.py", line 700, in _rmtree_safe_fd
    onexc(os.unlink, fullname, err)
  File "/opt/ohpc/pub/compiler/conda/latest/lib/python3.12/shutil.py", line 750, in onexc
    return onerror(func, path, exc_info)
           ^^^^^^^^^^^^^^^^^^^^^^^^^^^^^
  File "/opt/ohpc/pub/compiler/conda/latest/lib/python3.12/shutil.py", line 698, in _rmtree_safe_fd
    os.unlink(entry.name, dir_fd=topfd)
OSError: [Errno 16] Device or resource busy: '/tmp/pymp-3jqsi4ul'
Traceback (most recent call last):
  File "/opt/ohpc/pub/compiler/conda/latest/lib/python3.12/multiprocessing/util.py", line 303, in _run_finalizers
    finalizer()
  File "/opt/ohpc/pub/compiler/conda/latest/lib/python3.12/multiprocessing/util.py", line 227, in __call__
    res = self._callback(*self._args, **self._kwargs)
          ^^^^^^^^^^^^^^^^^^^^^^^^^^^^^^^^^^^^^^^^^^^
  File "/opt/ohpc/pub/compiler/conda/latest/lib/python3.12/multiprocessing/util.py", line 136, in _remove_temp_dir
    rmtree(tempdir, onerror=onerror)
  File "/opt/ohpc/pub/compiler/conda/latest/lib/python3.12/shutil.py", line 759, in rmtree
    _rmtree_safe_fd(stack, onexc)
  File "/opt/ohpc/pub/compiler/conda/latest/lib/python3.12/shutil.py", line 703, in _rmtree_safe_fd
    onexc(func, path, err)
  File "/opt/ohpc/pub/compiler/conda/latest/lib/python3.12/shutil.py", line 750, in onexc
    return onerror(func, path, exc_info)
           ^^^^^^^^^^^^^^^^^^^^^^^^^^^^^
  File "/opt/ohpc/pub/compiler/conda/latest/lib/python3.12/shutil.py", line 700, in _rmtree_safe_fd
    onexc(os.unlink, fullname, err)
  File "/opt/ohpc/pub/compiler/conda/latest/lib/python3.12/shutil.py", line 750, in onexc
    return onerror(func, path, exc_info)
           ^^^^^^^^^^^^^^^^^^^^^^^^^^^^^
  File "/opt/ohpc/pub/compiler/conda/latest/lib/python3.12/shutil.py", line 698, in _rmtree_safe_fd
    os.unlink(entry.name, dir_fd=topfd)
OSError: [Errno 16] Device or resource busy: '/tmp/pymp-su01bar3'
  File "/opt/ohpc/pub/compiler/conda/latest/lib/python3.12/multiprocessing/util.py", line 303, in _run_finalizers
    finalizer()
  File "/opt/ohpc/pub/compiler/conda/latest/lib/python3.12/multiprocessing/util.py", line 227, in __call__
    res = self._callback(*self._args, **self._kwargs)
          ^^^^^^^^^^^^^^^^^^^^^^^^^^^^^^^^^^^^^^^^^^^
  File "/opt/ohpc/pub/compiler/conda/latest/lib/python3.12/multiprocessing/util.py", line 136, in _remove_temp_dir
    rmtree(tempdir, onerror=onerror)
  File "/opt/ohpc/pub/compiler/conda/latest/lib/python3.12/shutil.py", line 759, in rmtree
    _rmtree_safe_fd(stack, onexc)
  File "/opt/ohpc/pub/compiler/conda/latest/lib/python3.12/shutil.py", line 703, in _rmtree_safe_fd
    onexc(func, path, err)
  File "/opt/ohpc/pub/compiler/conda/latest/lib/python3.12/shutil.py", line 750, in onexc
    return onerror(func, path, exc_info)
           ^^^^^^^^^^^^^^^^^^^^^^^^^^^^^
  File "/opt/ohpc/pub/compiler/conda/latest/lib/python3.12/shutil.py", line 700, in _rmtree_safe_fd
    onexc(os.unlink, fullname, err)
  File "/opt/ohpc/pub/compiler/conda/latest/lib/python3.12/shutil.py", line 750, in onexc
    return onerror(func, path, exc_info)
           ^^^^^^^^^^^^^^^^^^^^^^^^^^^^^
  File "/opt/ohpc/pub/compiler/conda/latest/lib/python3.12/shutil.py", line 698, in _rmtree_safe_fd
    os.unlink(entry.name, dir_fd=topfd)
OSError: [Errno 16] Device or resource busy: '/tmp/pymp-wvqj72b9'
Traceback (most recent call last):
Traceback (most recent call last):
  File "/opt/ohpc/pub/compiler/conda/latest/lib/python3.12/multiprocessing/util.py", line 303, in _run_finalizers
    finalizer()
  File "/opt/ohpc/pub/compiler/conda/latest/lib/python3.12/multiprocessing/util.py", line 227, in __call__
    res = self._callback(*self._args, **self._kwargs)
          ^^^^^^^^^^^^^^^^^^^^^^^^^^^^^^^^^^^^^^^^^^^
  File "/opt/ohpc/pub/compiler/conda/latest/lib/python3.12/multiprocessing/util.py", line 136, in _remove_temp_dir
    rmtree(tempdir, onerror=onerror)
  File "/opt/ohpc/pub/compiler/conda/latest/lib/python3.12/shutil.py", line 759, in rmtree
    _rmtree_safe_fd(stack, onexc)
  File "/opt/ohpc/pub/compiler/conda/latest/lib/python3.12/shutil.py", line 703, in _rmtree_safe_fd
    onexc(func, path, err)
  File "/opt/ohpc/pub/compiler/conda/latest/lib/python3.12/shutil.py", line 750, in onexc
    return onerror(func, path, exc_info)
           ^^^^^^^^^^^^^^^^^^^^^^^^^^^^^
  File "/opt/ohpc/pub/compiler/conda/latest/lib/python3.12/shutil.py", line 700, in _rmtree_safe_fd
    onexc(os.unlink, fullname, err)
  File "/opt/ohpc/pub/compiler/conda/latest/lib/python3.12/shutil.py", line 750, in onexc
    return onerror(func, path, exc_info)
           ^^^^^^^^^^^^^^^^^^^^^^^^^^^^^
  File "/opt/ohpc/pub/compiler/conda/latest/lib/python3.12/shutil.py", line 698, in _rmtree_safe_fd
    os.unlink(entry.name, dir_fd=topfd)
OSError: [Errno 16] Device or resource busy: '/tmp/pymp-e95hky3u'
  File "/opt/ohpc/pub/compiler/conda/latest/lib/python3.12/multiprocessing/util.py", line 303, in _run_finalizers
    finalizer()
  File "/opt/ohpc/pub/compiler/conda/latest/lib/python3.12/multiprocessing/util.py", line 227, in __call__
    res = self._callback(*self._args, **self._kwargs)
          ^^^^^^^^^^^^^^^^^^^^^^^^^^^^^^^^^^^^^^^^^^^
  File "/opt/ohpc/pub/compiler/conda/latest/lib/python3.12/multiprocessing/util.py", line 136, in _remove_temp_dir
    rmtree(tempdir, onerror=onerror)
  File "/opt/ohpc/pub/compiler/conda/latest/lib/python3.12/shutil.py", line 759, in rmtree
    _rmtree_safe_fd(stack, onexc)
  File "/opt/ohpc/pub/compiler/conda/latest/lib/python3.12/shutil.py", line 703, in _rmtree_safe_fd
    onexc(func, path, err)
  File "/opt/ohpc/pub/compiler/conda/latest/lib/python3.12/shutil.py", line 750, in onexc
    return onerror(func, path, exc_info)
           ^^^^^^^^^^^^^^^^^^^^^^^^^^^^^
  File "/opt/ohpc/pub/compiler/conda/latest/lib/python3.12/shutil.py", line 700, in _rmtree_safe_fd
    onexc(os.unlink, fullname, err)
  File "/opt/ohpc/pub/compiler/conda/latest/lib/python3.12/shutil.py", line 750, in onexc
    return onerror(func, path, exc_info)
           ^^^^^^^^^^^^^^^^^^^^^^^^^^^^^
  File "/opt/ohpc/pub/compiler/conda/latest/lib/python3.12/shutil.py", line 698, in _rmtree_safe_fd
    os.unlink(entry.name, dir_fd=topfd)
OSError: [Errno 16] Device or resource busy: '/tmp/pymp-1jyak0sx'
Traceback (most recent call last):
Traceback (most recent call last):
  File "/opt/ohpc/pub/compiler/conda/latest/lib/python3.12/multiprocessing/util.py", line 303, in _run_finalizers
    finalizer()
  File "/opt/ohpc/pub/compiler/conda/latest/lib/python3.12/multiprocessing/util.py", line 227, in __call__
    res = self._callback(*self._args, **self._kwargs)
          ^^^^^^^^^^^^^^^^^^^^^^^^^^^^^^^^^^^^^^^^^^^
  File "/opt/ohpc/pub/compiler/conda/latest/lib/python3.12/multiprocessing/util.py", line 136, in _remove_temp_dir
    rmtree(tempdir, onerror=onerror)
  File "/opt/ohpc/pub/compiler/conda/latest/lib/python3.12/shutil.py", line 759, in rmtree
    _rmtree_safe_fd(stack, onexc)
  File "/opt/ohpc/pub/compiler/conda/latest/lib/python3.12/shutil.py", line 703, in _rmtree_safe_fd
    onexc(func, path, err)
  File "/opt/ohpc/pub/compiler/conda/latest/lib/python3.12/shutil.py", line 750, in onexc
    return onerror(func, path, exc_info)
           ^^^^^^^^^^^^^^^^^^^^^^^^^^^^^
  File "/opt/ohpc/pub/compiler/conda/latest/lib/python3.12/shutil.py", line 700, in _rmtree_safe_fd
    onexc(os.unlink, fullname, err)
  File "/opt/ohpc/pub/compiler/conda/latest/lib/python3.12/shutil.py", line 750, in onexc
    return onerror(func, path, exc_info)
           ^^^^^^^^^^^^^^^^^^^^^^^^^^^^^
  File "/opt/ohpc/pub/compiler/conda/latest/lib/python3.12/shutil.py", line 698, in _rmtree_safe_fd
    os.unlink(entry.name, dir_fd=topfd)
OSError: [Errno 16] Device or resource busy: '/tmp/pymp-24k1mepi'
  File "/opt/ohpc/pub/compiler/conda/latest/lib/python3.12/multiprocessing/util.py", line 303, in _run_finalizers
    finalizer()
  File "/opt/ohpc/pub/compiler/conda/latest/lib/python3.12/multiprocessing/util.py", line 227, in __call__
    res = self._callback(*self._args, **self._kwargs)
          ^^^^^^^^^^^^^^^^^^^^^^^^^^^^^^^^^^^^^^^^^^^
  File "/opt/ohpc/pub/compiler/conda/latest/lib/python3.12/multiprocessing/util.py", line 136, in _remove_temp_dir
    rmtree(tempdir, onerror=onerror)
  File "/opt/ohpc/pub/compiler/conda/latest/lib/python3.12/shutil.py", line 759, in rmtree
    _rmtree_safe_fd(stack, onexc)
  File "/opt/ohpc/pub/compiler/conda/latest/lib/python3.12/shutil.py", line 703, in _rmtree_safe_fd
    onexc(func, path, err)
  File "/opt/ohpc/pub/compiler/conda/latest/lib/python3.12/shutil.py", line 750, in onexc
    return onerror(func, path, exc_info)
           ^^^^^^^^^^^^^^^^^^^^^^^^^^^^^
  File "/opt/ohpc/pub/compiler/conda/latest/lib/python3.12/shutil.py", line 700, in _rmtree_safe_fd
    onexc(os.unlink, fullname, err)
  File "/opt/ohpc/pub/compiler/conda/latest/lib/python3.12/shutil.py", line 750, in onexc
    return onerror(func, path, exc_info)
           ^^^^^^^^^^^^^^^^^^^^^^^^^^^^^
  File "/opt/ohpc/pub/compiler/conda/latest/lib/python3.12/shutil.py", line 698, in _rmtree_safe_fd
    os.unlink(entry.name, dir_fd=topfd)
OSError: [Errno 16] Device or resource busy: '/tmp/pymp-s4ufbec6'
Traceback (most recent call last):
Traceback (most recent call last):
  File "/opt/ohpc/pub/compiler/conda/latest/lib/python3.12/multiprocessing/util.py", line 303, in _run_finalizers
    finalizer()
  File "/opt/ohpc/pub/compiler/conda/latest/lib/python3.12/multiprocessing/util.py", line 227, in __call__
    res = self._callback(*self._args, **self._kwargs)
          ^^^^^^^^^^^^^^^^^^^^^^^^^^^^^^^^^^^^^^^^^^^
  File "/opt/ohpc/pub/compiler/conda/latest/lib/python3.12/multiprocessing/util.py", line 136, in _remove_temp_dir
    rmtree(tempdir, onerror=onerror)
  File "/opt/ohpc/pub/compiler/conda/latest/lib/python3.12/shutil.py", line 759, in rmtree
    _rmtree_safe_fd(stack, onexc)
  File "/opt/ohpc/pub/compiler/conda/latest/lib/python3.12/shutil.py", line 703, in _rmtree_safe_fd
    onexc(func, path, err)
  File "/opt/ohpc/pub/compiler/conda/latest/lib/python3.12/shutil.py", line 750, in onexc
    return onerror(func, path, exc_info)
           ^^^^^^^^^^^^^^^^^^^^^^^^^^^^^
  File "/opt/ohpc/pub/compiler/conda/latest/lib/python3.12/shutil.py", line 700, in _rmtree_safe_fd
    onexc(os.unlink, fullname, err)
  File "/opt/ohpc/pub/compiler/conda/latest/lib/python3.12/shutil.py", line 750, in onexc
    return onerror(func, path, exc_info)
           ^^^^^^^^^^^^^^^^^^^^^^^^^^^^^
  File "/opt/ohpc/pub/compiler/conda/latest/lib/python3.12/shutil.py", line 698, in _rmtree_safe_fd
    os.unlink(entry.name, dir_fd=topfd)
OSError: [Errno 16] Device or resource busy: '/tmp/pymp-3xmiru21'
Traceback (most recent call last):
  File "/opt/ohpc/pub/compiler/conda/latest/lib/python3.12/multiprocessing/util.py", line 303, in _run_finalizers
    finalizer()
  File "/opt/ohpc/pub/compiler/conda/latest/lib/python3.12/multiprocessing/util.py", line 227, in __call__
    res = self._callback(*self._args, **self._kwargs)
          ^^^^^^^^^^^^^^^^^^^^^^^^^^^^^^^^^^^^^^^^^^^
  File "/opt/ohpc/pub/compiler/conda/latest/lib/python3.12/multiprocessing/util.py", line 136, in _remove_temp_dir
    rmtree(tempdir, onerror=onerror)
  File "/opt/ohpc/pub/compiler/conda/latest/lib/python3.12/shutil.py", line 759, in rmtree
    _rmtree_safe_fd(stack, onexc)
  File "/opt/ohpc/pub/compiler/conda/latest/lib/python3.12/shutil.py", line 703, in _rmtree_safe_fd
    onexc(func, path, err)
  File "/opt/ohpc/pub/compiler/conda/latest/lib/python3.12/shutil.py", line 750, in onexc
    return onerror(func, path, exc_info)
           ^^^^^^^^^^^^^^^^^^^^^^^^^^^^^
  File "/opt/ohpc/pub/compiler/conda/latest/lib/python3.12/shutil.py", line 700, in _rmtree_safe_fd
    onexc(os.unlink, fullname, err)
  File "/opt/ohpc/pub/compiler/conda/latest/lib/python3.12/shutil.py", line 750, in onexc
    return onerror(func, path, exc_info)
           ^^^^^^^^^^^^^^^^^^^^^^^^^^^^^
  File "/opt/ohpc/pub/compiler/conda/latest/lib/python3.12/shutil.py", line 698, in _rmtree_safe_fd
    os.unlink(entry.name, dir_fd=topfd)
OSError: [Errno 16] Device or resource busy: '/tmp/pymp-cz3b3bwa'
  File "/opt/ohpc/pub/compiler/conda/latest/lib/python3.12/multiprocessing/util.py", line 303, in _run_finalizers
    finalizer()
  File "/opt/ohpc/pub/compiler/conda/latest/lib/python3.12/multiprocessing/util.py", line 227, in __call__
    res = self._callback(*self._args, **self._kwargs)
          ^^^^^^^^^^^^^^^^^^^^^^^^^^^^^^^^^^^^^^^^^^^
  File "/opt/ohpc/pub/compiler/conda/latest/lib/python3.12/multiprocessing/util.py", line 136, in _remove_temp_dir
    rmtree(tempdir, onerror=onerror)
  File "/opt/ohpc/pub/compiler/conda/latest/lib/python3.12/shutil.py", line 759, in rmtree
    _rmtree_safe_fd(stack, onexc)
  File "/opt/ohpc/pub/compiler/conda/latest/lib/python3.12/shutil.py", line 703, in _rmtree_safe_fd
    onexc(func, path, err)
  File "/opt/ohpc/pub/compiler/conda/latest/lib/python3.12/shutil.py", line 750, in onexc
    return onerror(func, path, exc_info)
           ^^^^^^^^^^^^^^^^^^^^^^^^^^^^^
  File "/opt/ohpc/pub/compiler/conda/latest/lib/python3.12/shutil.py", line 700, in _rmtree_safe_fd
    onexc(os.unlink, fullname, err)
  File "/opt/ohpc/pub/compiler/conda/latest/lib/python3.12/shutil.py", line 750, in onexc
    return onerror(func, path, exc_info)
           ^^^^^^^^^^^^^^^^^^^^^^^^^^^^^
  File "/opt/ohpc/pub/compiler/conda/latest/lib/python3.12/shutil.py", line 698, in _rmtree_safe_fd
    os.unlink(entry.name, dir_fd=topfd)
OSError: [Errno 16] Device or resource busy: '/tmp/pymp-iwfkxl8x'
Traceback (most recent call last):
  File "/opt/ohpc/pub/compiler/conda/latest/lib/python3.12/multiprocessing/util.py", line 303, in _run_finalizers
    finalizer()
  File "/opt/ohpc/pub/compiler/conda/latest/lib/python3.12/multiprocessing/util.py", line 227, in __call__
    res = self._callback(*self._args, **self._kwargs)
          ^^^^^^^^^^^^^^^^^^^^^^^^^^^^^^^^^^^^^^^^^^^
  File "/opt/ohpc/pub/compiler/conda/latest/lib/python3.12/multiprocessing/util.py", line 136, in _remove_temp_dir
    rmtree(tempdir, onerror=onerror)
  File "/opt/ohpc/pub/compiler/conda/latest/lib/python3.12/shutil.py", line 759, in rmtree
    _rmtree_safe_fd(stack, onexc)
  File "/opt/ohpc/pub/compiler/conda/latest/lib/python3.12/shutil.py", line 703, in _rmtree_safe_fd
    onexc(func, path, err)
  File "/opt/ohpc/pub/compiler/conda/latest/lib/python3.12/shutil.py", line 750, in onexc
    return onerror(func, path, exc_info)
           ^^^^^^^^^^^^^^^^^^^^^^^^^^^^^
  File "/opt/ohpc/pub/compiler/conda/latest/lib/python3.12/shutil.py", line 700, in _rmtree_safe_fd
    onexc(os.unlink, fullname, err)
  File "/opt/ohpc/pub/compiler/conda/latest/lib/python3.12/shutil.py", line 750, in onexc
    return onerror(func, path, exc_info)
           ^^^^^^^^^^^^^^^^^^^^^^^^^^^^^
  File "/opt/ohpc/pub/compiler/conda/latest/lib/python3.12/shutil.py", line 698, in _rmtree_safe_fd
    os.unlink(entry.name, dir_fd=topfd)
OSError: [Errno 16] Device or resource busy: '/tmp/pymp-9kz21hvj'
Traceback (most recent call last):
  File "/opt/ohpc/pub/compiler/conda/latest/lib/python3.12/multiprocessing/util.py", line 303, in _run_finalizers
    finalizer()
  File "/opt/ohpc/pub/compiler/conda/latest/lib/python3.12/multiprocessing/util.py", line 227, in __call__
    res = self._callback(*self._args, **self._kwargs)
          ^^^^^^^^^^^^^^^^^^^^^^^^^^^^^^^^^^^^^^^^^^^
  File "/opt/ohpc/pub/compiler/conda/latest/lib/python3.12/multiprocessing/util.py", line 136, in _remove_temp_dir
    rmtree(tempdir, onerror=onerror)
  File "/opt/ohpc/pub/compiler/conda/latest/lib/python3.12/shutil.py", line 759, in rmtree
    _rmtree_safe_fd(stack, onexc)
  File "/opt/ohpc/pub/compiler/conda/latest/lib/python3.12/shutil.py", line 703, in _rmtree_safe_fd
    onexc(func, path, err)
  File "/opt/ohpc/pub/compiler/conda/latest/lib/python3.12/shutil.py", line 750, in onexc
    return onerror(func, path, exc_info)
           ^^^^^^^^^^^^^^^^^^^^^^^^^^^^^
  File "/opt/ohpc/pub/compiler/conda/latest/lib/python3.12/shutil.py", line 700, in _rmtree_safe_fd
    onexc(os.unlink, fullname, err)
  File "/opt/ohpc/pub/compiler/conda/latest/lib/python3.12/shutil.py", line 750, in onexc
    return onerror(func, path, exc_info)
           ^^^^^^^^^^^^^^^^^^^^^^^^^^^^^
  File "/opt/ohpc/pub/compiler/conda/latest/lib/python3.12/shutil.py", line 698, in _rmtree_safe_fd
    os.unlink(entry.name, dir_fd=topfd)
OSError: [Errno 16] Device or resource busy: '/tmp/pymp-a26pr67r'
Traceback (most recent call last):
  File "/opt/ohpc/pub/compiler/conda/latest/lib/python3.12/multiprocessing/util.py", line 303, in _run_finalizers
    finalizer()
  File "/opt/ohpc/pub/compiler/conda/latest/lib/python3.12/multiprocessing/util.py", line 227, in __call__
    res = self._callback(*self._args, **self._kwargs)
          ^^^^^^^^^^^^^^^^^^^^^^^^^^^^^^^^^^^^^^^^^^^
  File "/opt/ohpc/pub/compiler/conda/latest/lib/python3.12/multiprocessing/util.py", line 136, in _remove_temp_dir
    rmtree(tempdir, onerror=onerror)
  File "/opt/ohpc/pub/compiler/conda/latest/lib/python3.12/shutil.py", line 759, in rmtree
    _rmtree_safe_fd(stack, onexc)
  File "/opt/ohpc/pub/compiler/conda/latest/lib/python3.12/shutil.py", line 703, in _rmtree_safe_fd
    onexc(func, path, err)
  File "/opt/ohpc/pub/compiler/conda/latest/lib/python3.12/shutil.py", line 750, in onexc
    return onerror(func, path, exc_info)
           ^^^^^^^^^^^^^^^^^^^^^^^^^^^^^
  File "/opt/ohpc/pub/compiler/conda/latest/lib/python3.12/shutil.py", line 700, in _rmtree_safe_fd
    onexc(os.unlink, fullname, err)
  File "/opt/ohpc/pub/compiler/conda/latest/lib/python3.12/shutil.py", line 750, in onexc
    return onerror(func, path, exc_info)
           ^^^^^^^^^^^^^^^^^^^^^^^^^^^^^
  File "/opt/ohpc/pub/compiler/conda/latest/lib/python3.12/shutil.py", line 698, in _rmtree_safe_fd
    os.unlink(entry.name, dir_fd=topfd)
OSError: [Errno 16] Device or resource busy: '/tmp/pymp-wm4e0_qr'
[val 005] loss=-0.1173 z_std=0.0476 rankme=66.746 lidar=52.542 areq=1.504 pr=2.25 align=0.5029 unif=-1.564 converged=False collapsed=False
  e006 it0000/62 lr=0.0019 loss=-0.1191 z_std=0.0638
  e006 it0010/62 lr=0.0019 loss=-0.1334 z_std=0.0641
  e006 it0020/62 lr=0.0020 loss=-0.1386 z_std=0.0641
  e006 it0030/62 lr=0.0020 loss=-0.1395 z_std=0.0641
  e006 it0040/62 lr=0.0021 loss=-0.1403 z_std=0.0640
  e006 it0050/62 lr=0.0021 loss=-0.1439 z_std=0.0640
  e006 it0060/62 lr=0.0022 loss=-0.1459 z_std=0.0640
[epoch 006] loss=-0.1462 z_std=0.0640 (healthy~0.0625) time=195.5s
Traceback (most recent call last):
Traceback (most recent call last):
Traceback (most recent call last):
  File "/opt/ohpc/pub/compiler/conda/latest/lib/python3.12/multiprocessing/util.py", line 303, in _run_finalizers
    finalizer()
  File "/opt/ohpc/pub/compiler/conda/latest/lib/python3.12/multiprocessing/util.py", line 227, in __call__
    res = self._callback(*self._args, **self._kwargs)
          ^^^^^^^^^^^^^^^^^^^^^^^^^^^^^^^^^^^^^^^^^^^
  File "/opt/ohpc/pub/compiler/conda/latest/lib/python3.12/multiprocessing/util.py", line 136, in _remove_temp_dir
    rmtree(tempdir, onerror=onerror)
  File "/opt/ohpc/pub/compiler/conda/latest/lib/python3.12/shutil.py", line 759, in rmtree
    _rmtree_safe_fd(stack, onexc)
  File "/opt/ohpc/pub/compiler/conda/latest/lib/python3.12/multiprocessing/util.py", line 303, in _run_finalizers
    finalizer()
  File "/opt/ohpc/pub/compiler/conda/latest/lib/python3.12/shutil.py", line 703, in _rmtree_safe_fd
    onexc(func, path, err)
  File "/opt/ohpc/pub/compiler/conda/latest/lib/python3.12/shutil.py", line 750, in onexc
    return onerror(func, path, exc_info)
           ^^^^^^^^^^^^^^^^^^^^^^^^^^^^^
  File "/opt/ohpc/pub/compiler/conda/latest/lib/python3.12/multiprocessing/util.py", line 227, in __call__
    res = self._callback(*self._args, **self._kwargs)
          ^^^^^^^^^^^^^^^^^^^^^^^^^^^^^^^^^^^^^^^^^^^
  File "/opt/ohpc/pub/compiler/conda/latest/lib/python3.12/shutil.py", line 700, in _rmtree_safe_fd
    onexc(os.unlink, fullname, err)
  File "/opt/ohpc/pub/compiler/conda/latest/lib/python3.12/multiprocessing/util.py", line 136, in _remove_temp_dir
    rmtree(tempdir, onerror=onerror)
  File "/opt/ohpc/pub/compiler/conda/latest/lib/python3.12/shutil.py", line 750, in onexc
    return onerror(func, path, exc_info)
           ^^^^^^^^^^^^^^^^^^^^^^^^^^^^^
  File "/opt/ohpc/pub/compiler/conda/latest/lib/python3.12/shutil.py", line 759, in rmtree
    _rmtree_safe_fd(stack, onexc)
  File "/opt/ohpc/pub/compiler/conda/latest/lib/python3.12/shutil.py", line 698, in _rmtree_safe_fd
    os.unlink(entry.name, dir_fd=topfd)
  File "/opt/ohpc/pub/compiler/conda/latest/lib/python3.12/shutil.py", line 703, in _rmtree_safe_fd
    onexc(func, path, err)
  File "/opt/ohpc/pub/compiler/conda/latest/lib/python3.12/shutil.py", line 750, in onexc
    return onerror(func, path, exc_info)
           ^^^^^^^^^^^^^^^^^^^^^^^^^^^^^
  File "/opt/ohpc/pub/compiler/conda/latest/lib/python3.12/shutil.py", line 700, in _rmtree_safe_fd
    onexc(os.unlink, fullname, err)
  File "/opt/ohpc/pub/compiler/conda/latest/lib/python3.12/shutil.py", line 750, in onexc
    return onerror(func, path, exc_info)
           ^^^^^^^^^^^^^^^^^^^^^^^^^^^^^
  File "/opt/ohpc/pub/compiler/conda/latest/lib/python3.12/shutil.py", line 698, in _rmtree_safe_fd
    os.unlink(entry.name, dir_fd=topfd)
OSError: [Errno 16] Device or resource busy: '/tmp/pymp-kg0v9885'
OSError: [Errno 16] Device or resource busy: '/tmp/pymp-mejgh7ve'
  File "/opt/ohpc/pub/compiler/conda/latest/lib/python3.12/multiprocessing/util.py", line 303, in _run_finalizers
    finalizer()
  File "/opt/ohpc/pub/compiler/conda/latest/lib/python3.12/multiprocessing/util.py", line 227, in __call__
    res = self._callback(*self._args, **self._kwargs)
          ^^^^^^^^^^^^^^^^^^^^^^^^^^^^^^^^^^^^^^^^^^^
  File "/opt/ohpc/pub/compiler/conda/latest/lib/python3.12/multiprocessing/util.py", line 136, in _remove_temp_dir
    rmtree(tempdir, onerror=onerror)
  File "/opt/ohpc/pub/compiler/conda/latest/lib/python3.12/shutil.py", line 759, in rmtree
    _rmtree_safe_fd(stack, onexc)
  File "/opt/ohpc/pub/compiler/conda/latest/lib/python3.12/shutil.py", line 703, in _rmtree_safe_fd
    onexc(func, path, err)
  File "/opt/ohpc/pub/compiler/conda/latest/lib/python3.12/shutil.py", line 750, in onexc
    return onerror(func, path, exc_info)
           ^^^^^^^^^^^^^^^^^^^^^^^^^^^^^
  File "/opt/ohpc/pub/compiler/conda/latest/lib/python3.12/shutil.py", line 700, in _rmtree_safe_fd
    onexc(os.unlink, fullname, err)
  File "/opt/ohpc/pub/compiler/conda/latest/lib/python3.12/shutil.py", line 750, in onexc
    return onerror(func, path, exc_info)
           ^^^^^^^^^^^^^^^^^^^^^^^^^^^^^
  File "/opt/ohpc/pub/compiler/conda/latest/lib/python3.12/shutil.py", line 698, in _rmtree_safe_fd
    os.unlink(entry.name, dir_fd=topfd)
OSError: [Errno 16] Device or resource busy: '/tmp/pymp-vfbyj71h'
Traceback (most recent call last):
Traceback (most recent call last):
  File "/opt/ohpc/pub/compiler/conda/latest/lib/python3.12/multiprocessing/util.py", line 303, in _run_finalizers
    finalizer()
  File "/opt/ohpc/pub/compiler/conda/latest/lib/python3.12/multiprocessing/util.py", line 227, in __call__
    res = self._callback(*self._args, **self._kwargs)
          ^^^^^^^^^^^^^^^^^^^^^^^^^^^^^^^^^^^^^^^^^^^
  File "/opt/ohpc/pub/compiler/conda/latest/lib/python3.12/multiprocessing/util.py", line 136, in _remove_temp_dir
    rmtree(tempdir, onerror=onerror)
  File "/opt/ohpc/pub/compiler/conda/latest/lib/python3.12/shutil.py", line 759, in rmtree
    _rmtree_safe_fd(stack, onexc)
  File "/opt/ohpc/pub/compiler/conda/latest/lib/python3.12/shutil.py", line 703, in _rmtree_safe_fd
    onexc(func, path, err)
  File "/opt/ohpc/pub/compiler/conda/latest/lib/python3.12/shutil.py", line 750, in onexc
    return onerror(func, path, exc_info)
           ^^^^^^^^^^^^^^^^^^^^^^^^^^^^^
  File "/opt/ohpc/pub/compiler/conda/latest/lib/python3.12/shutil.py", line 700, in _rmtree_safe_fd
    onexc(os.unlink, fullname, err)
  File "/opt/ohpc/pub/compiler/conda/latest/lib/python3.12/shutil.py", line 750, in onexc
    return onerror(func, path, exc_info)
           ^^^^^^^^^^^^^^^^^^^^^^^^^^^^^
  File "/opt/ohpc/pub/compiler/conda/latest/lib/python3.12/shutil.py", line 698, in _rmtree_safe_fd
    os.unlink(entry.name, dir_fd=topfd)
OSError: [Errno 16] Device or resource busy: '/tmp/pymp-1qebe6nz'
  File "/opt/ohpc/pub/compiler/conda/latest/lib/python3.12/multiprocessing/util.py", line 303, in _run_finalizers
    finalizer()
  File "/opt/ohpc/pub/compiler/conda/latest/lib/python3.12/multiprocessing/util.py", line 227, in __call__
    res = self._callback(*self._args, **self._kwargs)
          ^^^^^^^^^^^^^^^^^^^^^^^^^^^^^^^^^^^^^^^^^^^
  File "/opt/ohpc/pub/compiler/conda/latest/lib/python3.12/multiprocessing/util.py", line 136, in _remove_temp_dir
    rmtree(tempdir, onerror=onerror)
  File "/opt/ohpc/pub/compiler/conda/latest/lib/python3.12/shutil.py", line 759, in rmtree
    _rmtree_safe_fd(stack, onexc)
  File "/opt/ohpc/pub/compiler/conda/latest/lib/python3.12/shutil.py", line 703, in _rmtree_safe_fd
    onexc(func, path, err)
  File "/opt/ohpc/pub/compiler/conda/latest/lib/python3.12/shutil.py", line 750, in onexc
    return onerror(func, path, exc_info)
           ^^^^^^^^^^^^^^^^^^^^^^^^^^^^^
  File "/opt/ohpc/pub/compiler/conda/latest/lib/python3.12/shutil.py", line 700, in _rmtree_safe_fd
    onexc(os.unlink, fullname, err)
  File "/opt/ohpc/pub/compiler/conda/latest/lib/python3.12/shutil.py", line 750, in onexc
    return onerror(func, path, exc_info)
           ^^^^^^^^^^^^^^^^^^^^^^^^^^^^^
  File "/opt/ohpc/pub/compiler/conda/latest/lib/python3.12/shutil.py", line 698, in _rmtree_safe_fd
    os.unlink(entry.name, dir_fd=topfd)
OSError: [Errno 16] Device or resource busy: '/tmp/pymp-1kns4x5d'
Traceback (most recent call last):
  File "/opt/ohpc/pub/compiler/conda/latest/lib/python3.12/multiprocessing/util.py", line 303, in _run_finalizers
    finalizer()
  File "/opt/ohpc/pub/compiler/conda/latest/lib/python3.12/multiprocessing/util.py", line 227, in __call__
    res = self._callback(*self._args, **self._kwargs)
          ^^^^^^^^^^^^^^^^^^^^^^^^^^^^^^^^^^^^^^^^^^^
  File "/opt/ohpc/pub/compiler/conda/latest/lib/python3.12/multiprocessing/util.py", line 136, in _remove_temp_dir
    rmtree(tempdir, onerror=onerror)
  File "/opt/ohpc/pub/compiler/conda/latest/lib/python3.12/shutil.py", line 759, in rmtree
    _rmtree_safe_fd(stack, onexc)
  File "/opt/ohpc/pub/compiler/conda/latest/lib/python3.12/shutil.py", line 703, in _rmtree_safe_fd
    onexc(func, path, err)
  File "/opt/ohpc/pub/compiler/conda/latest/lib/python3.12/shutil.py", line 750, in onexc
    return onerror(func, path, exc_info)
           ^^^^^^^^^^^^^^^^^^^^^^^^^^^^^
  File "/opt/ohpc/pub/compiler/conda/latest/lib/python3.12/shutil.py", line 700, in _rmtree_safe_fd
    onexc(os.unlink, fullname, err)
  File "/opt/ohpc/pub/compiler/conda/latest/lib/python3.12/shutil.py", line 750, in onexc
    return onerror(func, path, exc_info)
           ^^^^^^^^^^^^^^^^^^^^^^^^^^^^^
  File "/opt/ohpc/pub/compiler/conda/latest/lib/python3.12/shutil.py", line 698, in _rmtree_safe_fd
    os.unlink(entry.name, dir_fd=topfd)
OSError: [Errno 16] Device or resource busy: '/tmp/pymp-91py2340'
Traceback (most recent call last):
Traceback (most recent call last):
  File "/opt/ohpc/pub/compiler/conda/latest/lib/python3.12/multiprocessing/util.py", line 303, in _run_finalizers
    finalizer()
  File "/opt/ohpc/pub/compiler/conda/latest/lib/python3.12/multiprocessing/util.py", line 227, in __call__
    res = self._callback(*self._args, **self._kwargs)
          ^^^^^^^^^^^^^^^^^^^^^^^^^^^^^^^^^^^^^^^^^^^
  File "/opt/ohpc/pub/compiler/conda/latest/lib/python3.12/multiprocessing/util.py", line 136, in _remove_temp_dir
    rmtree(tempdir, onerror=onerror)
  File "/opt/ohpc/pub/compiler/conda/latest/lib/python3.12/shutil.py", line 759, in rmtree
    _rmtree_safe_fd(stack, onexc)
  File "/opt/ohpc/pub/compiler/conda/latest/lib/python3.12/shutil.py", line 703, in _rmtree_safe_fd
    onexc(func, path, err)
  File "/opt/ohpc/pub/compiler/conda/latest/lib/python3.12/shutil.py", line 750, in onexc
    return onerror(func, path, exc_info)
           ^^^^^^^^^^^^^^^^^^^^^^^^^^^^^
  File "/opt/ohpc/pub/compiler/conda/latest/lib/python3.12/shutil.py", line 700, in _rmtree_safe_fd
    onexc(os.unlink, fullname, err)
  File "/opt/ohpc/pub/compiler/conda/latest/lib/python3.12/shutil.py", line 750, in onexc
    return onerror(func, path, exc_info)
           ^^^^^^^^^^^^^^^^^^^^^^^^^^^^^
  File "/opt/ohpc/pub/compiler/conda/latest/lib/python3.12/shutil.py", line 698, in _rmtree_safe_fd
    os.unlink(entry.name, dir_fd=topfd)
OSError: [Errno 16] Device or resource busy: '/tmp/pymp-nz374ach'
Traceback (most recent call last):
Traceback (most recent call last):
  File "/opt/ohpc/pub/compiler/conda/latest/lib/python3.12/multiprocessing/util.py", line 303, in _run_finalizers
    finalizer()
  File "/opt/ohpc/pub/compiler/conda/latest/lib/python3.12/multiprocessing/util.py", line 227, in __call__
    res = self._callback(*self._args, **self._kwargs)
          ^^^^^^^^^^^^^^^^^^^^^^^^^^^^^^^^^^^^^^^^^^^
  File "/opt/ohpc/pub/compiler/conda/latest/lib/python3.12/multiprocessing/util.py", line 136, in _remove_temp_dir
    rmtree(tempdir, onerror=onerror)
  File "/opt/ohpc/pub/compiler/conda/latest/lib/python3.12/shutil.py", line 759, in rmtree
    _rmtree_safe_fd(stack, onexc)
  File "/opt/ohpc/pub/compiler/conda/latest/lib/python3.12/shutil.py", line 703, in _rmtree_safe_fd
    onexc(func, path, err)
  File "/opt/ohpc/pub/compiler/conda/latest/lib/python3.12/shutil.py", line 750, in onexc
    return onerror(func, path, exc_info)
           ^^^^^^^^^^^^^^^^^^^^^^^^^^^^^
  File "/opt/ohpc/pub/compiler/conda/latest/lib/python3.12/shutil.py", line 700, in _rmtree_safe_fd
    onexc(os.unlink, fullname, err)
  File "/opt/ohpc/pub/compiler/conda/latest/lib/python3.12/shutil.py", line 750, in onexc
    return onerror(func, path, exc_info)
           ^^^^^^^^^^^^^^^^^^^^^^^^^^^^^
  File "/opt/ohpc/pub/compiler/conda/latest/lib/python3.12/shutil.py", line 698, in _rmtree_safe_fd
    os.unlink(entry.name, dir_fd=topfd)
OSError: [Errno 16] Device or resource busy: '/tmp/pymp-81akm2nd'
  File "/opt/ohpc/pub/compiler/conda/latest/lib/python3.12/multiprocessing/util.py", line 303, in _run_finalizers
    finalizer()
  File "/opt/ohpc/pub/compiler/conda/latest/lib/python3.12/multiprocessing/util.py", line 227, in __call__
    res = self._callback(*self._args, **self._kwargs)
          ^^^^^^^^^^^^^^^^^^^^^^^^^^^^^^^^^^^^^^^^^^^
  File "/opt/ohpc/pub/compiler/conda/latest/lib/python3.12/multiprocessing/util.py", line 136, in _remove_temp_dir
    rmtree(tempdir, onerror=onerror)
  File "/opt/ohpc/pub/compiler/conda/latest/lib/python3.12/shutil.py", line 759, in rmtree
    _rmtree_safe_fd(stack, onexc)
  File "/opt/ohpc/pub/compiler/conda/latest/lib/python3.12/shutil.py", line 703, in _rmtree_safe_fd
    onexc(func, path, err)
  File "/opt/ohpc/pub/compiler/conda/latest/lib/python3.12/shutil.py", line 750, in onexc
    return onerror(func, path, exc_info)
           ^^^^^^^^^^^^^^^^^^^^^^^^^^^^^
  File "/opt/ohpc/pub/compiler/conda/latest/lib/python3.12/shutil.py", line 700, in _rmtree_safe_fd
    onexc(os.unlink, fullname, err)
  File "/opt/ohpc/pub/compiler/conda/latest/lib/python3.12/shutil.py", line 750, in onexc
    return onerror(func, path, exc_info)
           ^^^^^^^^^^^^^^^^^^^^^^^^^^^^^
  File "/opt/ohpc/pub/compiler/conda/latest/lib/python3.12/shutil.py", line 698, in _rmtree_safe_fd
    os.unlink(entry.name, dir_fd=topfd)
OSError: [Errno 16] Device or resource busy: '/tmp/pymp-jhj3f2b4'
  File "/opt/ohpc/pub/compiler/conda/latest/lib/python3.12/multiprocessing/util.py", line 303, in _run_finalizers
    finalizer()
  File "/opt/ohpc/pub/compiler/conda/latest/lib/python3.12/multiprocessing/util.py", line 227, in __call__
    res = self._callback(*self._args, **self._kwargs)
          ^^^^^^^^^^^^^^^^^^^^^^^^^^^^^^^^^^^^^^^^^^^
  File "/opt/ohpc/pub/compiler/conda/latest/lib/python3.12/multiprocessing/util.py", line 136, in _remove_temp_dir
    rmtree(tempdir, onerror=onerror)
  File "/opt/ohpc/pub/compiler/conda/latest/lib/python3.12/shutil.py", line 759, in rmtree
    _rmtree_safe_fd(stack, onexc)
  File "/opt/ohpc/pub/compiler/conda/latest/lib/python3.12/shutil.py", line 703, in _rmtree_safe_fd
    onexc(func, path, err)
  File "/opt/ohpc/pub/compiler/conda/latest/lib/python3.12/shutil.py", line 750, in onexc
    return onerror(func, path, exc_info)
           ^^^^^^^^^^^^^^^^^^^^^^^^^^^^^
  File "/opt/ohpc/pub/compiler/conda/latest/lib/python3.12/shutil.py", line 700, in _rmtree_safe_fd
    onexc(os.unlink, fullname, err)
  File "/opt/ohpc/pub/compiler/conda/latest/lib/python3.12/shutil.py", line 750, in onexc
    return onerror(func, path, exc_info)
           ^^^^^^^^^^^^^^^^^^^^^^^^^^^^^
  File "/opt/ohpc/pub/compiler/conda/latest/lib/python3.12/shutil.py", line 698, in _rmtree_safe_fd
    os.unlink(entry.name, dir_fd=topfd)
OSError: [Errno 16] Device or resource busy: '/tmp/pymp-chqaxxso'
Traceback (most recent call last):
Traceback (most recent call last):
Traceback (most recent call last):
Traceback (most recent call last):
  File "/opt/ohpc/pub/compiler/conda/latest/lib/python3.12/multiprocessing/util.py", line 303, in _run_finalizers
    finalizer()
  File "/opt/ohpc/pub/compiler/conda/latest/lib/python3.12/multiprocessing/util.py", line 303, in _run_finalizers
    finalizer()
  File "/opt/ohpc/pub/compiler/conda/latest/lib/python3.12/multiprocessing/util.py", line 227, in __call__
    res = self._callback(*self._args, **self._kwargs)
          ^^^^^^^^^^^^^^^^^^^^^^^^^^^^^^^^^^^^^^^^^^^
  File "/opt/ohpc/pub/compiler/conda/latest/lib/python3.12/multiprocessing/util.py", line 227, in __call__
    res = self._callback(*self._args, **self._kwargs)
          ^^^^^^^^^^^^^^^^^^^^^^^^^^^^^^^^^^^^^^^^^^^
  File "/opt/ohpc/pub/compiler/conda/latest/lib/python3.12/multiprocessing/util.py", line 136, in _remove_temp_dir
    rmtree(tempdir, onerror=onerror)
  File "/opt/ohpc/pub/compiler/conda/latest/lib/python3.12/multiprocessing/util.py", line 136, in _remove_temp_dir
    rmtree(tempdir, onerror=onerror)
  File "/opt/ohpc/pub/compiler/conda/latest/lib/python3.12/shutil.py", line 759, in rmtree
    _rmtree_safe_fd(stack, onexc)
  File "/opt/ohpc/pub/compiler/conda/latest/lib/python3.12/shutil.py", line 759, in rmtree
    _rmtree_safe_fd(stack, onexc)
  File "/opt/ohpc/pub/compiler/conda/latest/lib/python3.12/shutil.py", line 703, in _rmtree_safe_fd
    onexc(func, path, err)
  File "/opt/ohpc/pub/compiler/conda/latest/lib/python3.12/shutil.py", line 703, in _rmtree_safe_fd
    onexc(func, path, err)
  File "/opt/ohpc/pub/compiler/conda/latest/lib/python3.12/shutil.py", line 750, in onexc
    return onerror(func, path, exc_info)
           ^^^^^^^^^^^^^^^^^^^^^^^^^^^^^
  File "/opt/ohpc/pub/compiler/conda/latest/lib/python3.12/shutil.py", line 750, in onexc
    return onerror(func, path, exc_info)
           ^^^^^^^^^^^^^^^^^^^^^^^^^^^^^
  File "/opt/ohpc/pub/compiler/conda/latest/lib/python3.12/shutil.py", line 700, in _rmtree_safe_fd
    onexc(os.unlink, fullname, err)
  File "/opt/ohpc/pub/compiler/conda/latest/lib/python3.12/shutil.py", line 700, in _rmtree_safe_fd
    onexc(os.unlink, fullname, err)
  File "/opt/ohpc/pub/compiler/conda/latest/lib/python3.12/shutil.py", line 750, in onexc
    return onerror(func, path, exc_info)
           ^^^^^^^^^^^^^^^^^^^^^^^^^^^^^
  File "/opt/ohpc/pub/compiler/conda/latest/lib/python3.12/shutil.py", line 750, in onexc
    return onerror(func, path, exc_info)
           ^^^^^^^^^^^^^^^^^^^^^^^^^^^^^
  File "/opt/ohpc/pub/compiler/conda/latest/lib/python3.12/shutil.py", line 698, in _rmtree_safe_fd
    os.unlink(entry.name, dir_fd=topfd)
  File "/opt/ohpc/pub/compiler/conda/latest/lib/python3.12/shutil.py", line 698, in _rmtree_safe_fd
    os.unlink(entry.name, dir_fd=topfd)
OSError: [Errno 16] Device or resource busy: '/tmp/pymp-6bmsivrc'
OSError: [Errno 16] Device or resource busy: '/tmp/pymp-9pm1am_7'
  File "/opt/ohpc/pub/compiler/conda/latest/lib/python3.12/multiprocessing/util.py", line 303, in _run_finalizers
    finalizer()
  File "/opt/ohpc/pub/compiler/conda/latest/lib/python3.12/multiprocessing/util.py", line 227, in __call__
    res = self._callback(*self._args, **self._kwargs)
          ^^^^^^^^^^^^^^^^^^^^^^^^^^^^^^^^^^^^^^^^^^^
  File "/opt/ohpc/pub/compiler/conda/latest/lib/python3.12/multiprocessing/util.py", line 136, in _remove_temp_dir
    rmtree(tempdir, onerror=onerror)
  File "/opt/ohpc/pub/compiler/conda/latest/lib/python3.12/shutil.py", line 759, in rmtree
    _rmtree_safe_fd(stack, onexc)
  File "/opt/ohpc/pub/compiler/conda/latest/lib/python3.12/shutil.py", line 703, in _rmtree_safe_fd
    onexc(func, path, err)
  File "/opt/ohpc/pub/compiler/conda/latest/lib/python3.12/shutil.py", line 750, in onexc
    return onerror(func, path, exc_info)
           ^^^^^^^^^^^^^^^^^^^^^^^^^^^^^
  File "/opt/ohpc/pub/compiler/conda/latest/lib/python3.12/shutil.py", line 700, in _rmtree_safe_fd
    onexc(os.unlink, fullname, err)
  File "/opt/ohpc/pub/compiler/conda/latest/lib/python3.12/shutil.py", line 750, in onexc
    return onerror(func, path, exc_info)
           ^^^^^^^^^^^^^^^^^^^^^^^^^^^^^
  File "/opt/ohpc/pub/compiler/conda/latest/lib/python3.12/shutil.py", line 698, in _rmtree_safe_fd
    os.unlink(entry.name, dir_fd=topfd)
OSError: [Errno 16] Device or resource busy: '/tmp/pymp-4rde4lkw'
  File "/opt/ohpc/pub/compiler/conda/latest/lib/python3.12/multiprocessing/util.py", line 303, in _run_finalizers
    finalizer()
  File "/opt/ohpc/pub/compiler/conda/latest/lib/python3.12/multiprocessing/util.py", line 227, in __call__
    res = self._callback(*self._args, **self._kwargs)
          ^^^^^^^^^^^^^^^^^^^^^^^^^^^^^^^^^^^^^^^^^^^
  File "/opt/ohpc/pub/compiler/conda/latest/lib/python3.12/multiprocessing/util.py", line 136, in _remove_temp_dir
    rmtree(tempdir, onerror=onerror)
  File "/opt/ohpc/pub/compiler/conda/latest/lib/python3.12/shutil.py", line 759, in rmtree
    _rmtree_safe_fd(stack, onexc)
  File "/opt/ohpc/pub/compiler/conda/latest/lib/python3.12/shutil.py", line 703, in _rmtree_safe_fd
    onexc(func, path, err)
  File "/opt/ohpc/pub/compiler/conda/latest/lib/python3.12/shutil.py", line 750, in onexc
    return onerror(func, path, exc_info)
           ^^^^^^^^^^^^^^^^^^^^^^^^^^^^^
  File "/opt/ohpc/pub/compiler/conda/latest/lib/python3.12/shutil.py", line 700, in _rmtree_safe_fd
    onexc(os.unlink, fullname, err)
  File "/opt/ohpc/pub/compiler/conda/latest/lib/python3.12/shutil.py", line 750, in onexc
    return onerror(func, path, exc_info)
           ^^^^^^^^^^^^^^^^^^^^^^^^^^^^^
  File "/opt/ohpc/pub/compiler/conda/latest/lib/python3.12/shutil.py", line 698, in _rmtree_safe_fd
    os.unlink(entry.name, dir_fd=topfd)
OSError: [Errno 16] Device or resource busy: '/tmp/pymp-2u_ua102'
Traceback (most recent call last):
  File "/opt/ohpc/pub/compiler/conda/latest/lib/python3.12/multiprocessing/util.py", line 303, in _run_finalizers
    finalizer()
  File "/opt/ohpc/pub/compiler/conda/latest/lib/python3.12/multiprocessing/util.py", line 227, in __call__
    res = self._callback(*self._args, **self._kwargs)
          ^^^^^^^^^^^^^^^^^^^^^^^^^^^^^^^^^^^^^^^^^^^
  File "/opt/ohpc/pub/compiler/conda/latest/lib/python3.12/multiprocessing/util.py", line 136, in _remove_temp_dir
    rmtree(tempdir, onerror=onerror)
  File "/opt/ohpc/pub/compiler/conda/latest/lib/python3.12/shutil.py", line 759, in rmtree
    _rmtree_safe_fd(stack, onexc)
  File "/opt/ohpc/pub/compiler/conda/latest/lib/python3.12/shutil.py", line 703, in _rmtree_safe_fd
    onexc(func, path, err)
  File "/opt/ohpc/pub/compiler/conda/latest/lib/python3.12/shutil.py", line 750, in onexc
    return onerror(func, path, exc_info)
           ^^^^^^^^^^^^^^^^^^^^^^^^^^^^^
  File "/opt/ohpc/pub/compiler/conda/latest/lib/python3.12/shutil.py", line 700, in _rmtree_safe_fd
    onexc(os.unlink, fullname, err)
  File "/opt/ohpc/pub/compiler/conda/latest/lib/python3.12/shutil.py", line 750, in onexc
    return onerror(func, path, exc_info)
           ^^^^^^^^^^^^^^^^^^^^^^^^^^^^^
  File "/opt/ohpc/pub/compiler/conda/latest/lib/python3.12/shutil.py", line 698, in _rmtree_safe_fd
    os.unlink(entry.name, dir_fd=topfd)
OSError: [Errno 16] Device or resource busy: '/tmp/pymp-j475rli2'
Traceback (most recent call last):
Traceback (most recent call last):
  File "/opt/ohpc/pub/compiler/conda/latest/lib/python3.12/multiprocessing/util.py", line 303, in _run_finalizers
    finalizer()
  File "/opt/ohpc/pub/compiler/conda/latest/lib/python3.12/multiprocessing/util.py", line 227, in __call__
    res = self._callback(*self._args, **self._kwargs)
          ^^^^^^^^^^^^^^^^^^^^^^^^^^^^^^^^^^^^^^^^^^^
  File "/opt/ohpc/pub/compiler/conda/latest/lib/python3.12/multiprocessing/util.py", line 136, in _remove_temp_dir
    rmtree(tempdir, onerror=onerror)
  File "/opt/ohpc/pub/compiler/conda/latest/lib/python3.12/shutil.py", line 759, in rmtree
    _rmtree_safe_fd(stack, onexc)
  File "/opt/ohpc/pub/compiler/conda/latest/lib/python3.12/shutil.py", line 703, in _rmtree_safe_fd
    onexc(func, path, err)
  File "/opt/ohpc/pub/compiler/conda/latest/lib/python3.12/shutil.py", line 750, in onexc
    return onerror(func, path, exc_info)
           ^^^^^^^^^^^^^^^^^^^^^^^^^^^^^
  File "/opt/ohpc/pub/compiler/conda/latest/lib/python3.12/shutil.py", line 700, in _rmtree_safe_fd
    onexc(os.unlink, fullname, err)
  File "/opt/ohpc/pub/compiler/conda/latest/lib/python3.12/shutil.py", line 750, in onexc
    return onerror(func, path, exc_info)
           ^^^^^^^^^^^^^^^^^^^^^^^^^^^^^
  File "/opt/ohpc/pub/compiler/conda/latest/lib/python3.12/shutil.py", line 698, in _rmtree_safe_fd
    os.unlink(entry.name, dir_fd=topfd)
OSError: [Errno 16] Device or resource busy: '/tmp/pymp-r01bdepb'
  File "/opt/ohpc/pub/compiler/conda/latest/lib/python3.12/multiprocessing/util.py", line 303, in _run_finalizers
    finalizer()
  File "/opt/ohpc/pub/compiler/conda/latest/lib/python3.12/multiprocessing/util.py", line 227, in __call__
    res = self._callback(*self._args, **self._kwargs)
          ^^^^^^^^^^^^^^^^^^^^^^^^^^^^^^^^^^^^^^^^^^^
  File "/opt/ohpc/pub/compiler/conda/latest/lib/python3.12/multiprocessing/util.py", line 136, in _remove_temp_dir
    rmtree(tempdir, onerror=onerror)
  File "/opt/ohpc/pub/compiler/conda/latest/lib/python3.12/shutil.py", line 759, in rmtree
    _rmtree_safe_fd(stack, onexc)
  File "/opt/ohpc/pub/compiler/conda/latest/lib/python3.12/shutil.py", line 703, in _rmtree_safe_fd
    onexc(func, path, err)
  File "/opt/ohpc/pub/compiler/conda/latest/lib/python3.12/shutil.py", line 750, in onexc
    return onerror(func, path, exc_info)
           ^^^^^^^^^^^^^^^^^^^^^^^^^^^^^
  File "/opt/ohpc/pub/compiler/conda/latest/lib/python3.12/shutil.py", line 700, in _rmtree_safe_fd
    onexc(os.unlink, fullname, err)
  File "/opt/ohpc/pub/compiler/conda/latest/lib/python3.12/shutil.py", line 750, in onexc
    return onerror(func, path, exc_info)
           ^^^^^^^^^^^^^^^^^^^^^^^^^^^^^
  File "/opt/ohpc/pub/compiler/conda/latest/lib/python3.12/shutil.py", line 698, in _rmtree_safe_fd
    os.unlink(entry.name, dir_fd=topfd)
OSError: [Errno 16] Device or resource busy: '/tmp/pymp-g5ezbklt'
Traceback (most recent call last):
  File "/opt/ohpc/pub/compiler/conda/latest/lib/python3.12/multiprocessing/util.py", line 303, in _run_finalizers
    finalizer()
  File "/opt/ohpc/pub/compiler/conda/latest/lib/python3.12/multiprocessing/util.py", line 227, in __call__
    res = self._callback(*self._args, **self._kwargs)
          ^^^^^^^^^^^^^^^^^^^^^^^^^^^^^^^^^^^^^^^^^^^
  File "/opt/ohpc/pub/compiler/conda/latest/lib/python3.12/multiprocessing/util.py", line 136, in _remove_temp_dir
    rmtree(tempdir, onerror=onerror)
  File "/opt/ohpc/pub/compiler/conda/latest/lib/python3.12/shutil.py", line 759, in rmtree
    _rmtree_safe_fd(stack, onexc)
  File "/opt/ohpc/pub/compiler/conda/latest/lib/python3.12/shutil.py", line 703, in _rmtree_safe_fd
    onexc(func, path, err)
  File "/opt/ohpc/pub/compiler/conda/latest/lib/python3.12/shutil.py", line 750, in onexc
    return onerror(func, path, exc_info)
           ^^^^^^^^^^^^^^^^^^^^^^^^^^^^^
  File "/opt/ohpc/pub/compiler/conda/latest/lib/python3.12/shutil.py", line 700, in _rmtree_safe_fd
    onexc(os.unlink, fullname, err)
  File "/opt/ohpc/pub/compiler/conda/latest/lib/python3.12/shutil.py", line 750, in onexc
    return onerror(func, path, exc_info)
           ^^^^^^^^^^^^^^^^^^^^^^^^^^^^^
  File "/opt/ohpc/pub/compiler/conda/latest/lib/python3.12/shutil.py", line 698, in _rmtree_safe_fd
    os.unlink(entry.name, dir_fd=topfd)
OSError: [Errno 16] Device or resource busy: '/tmp/pymp-el4eaqph'
Traceback (most recent call last):
  File "/opt/ohpc/pub/compiler/conda/latest/lib/python3.12/multiprocessing/util.py", line 303, in _run_finalizers
    finalizer()
  File "/opt/ohpc/pub/compiler/conda/latest/lib/python3.12/multiprocessing/util.py", line 227, in __call__
    res = self._callback(*self._args, **self._kwargs)
          ^^^^^^^^^^^^^^^^^^^^^^^^^^^^^^^^^^^^^^^^^^^
  File "/opt/ohpc/pub/compiler/conda/latest/lib/python3.12/multiprocessing/util.py", line 136, in _remove_temp_dir
    rmtree(tempdir, onerror=onerror)
  File "/opt/ohpc/pub/compiler/conda/latest/lib/python3.12/shutil.py", line 759, in rmtree
    _rmtree_safe_fd(stack, onexc)
  File "/opt/ohpc/pub/compiler/conda/latest/lib/python3.12/shutil.py", line 703, in _rmtree_safe_fd
    onexc(func, path, err)
  File "/opt/ohpc/pub/compiler/conda/latest/lib/python3.12/shutil.py", line 750, in onexc
    return onerror(func, path, exc_info)
           ^^^^^^^^^^^^^^^^^^^^^^^^^^^^^
  File "/opt/ohpc/pub/compiler/conda/latest/lib/python3.12/shutil.py", line 700, in _rmtree_safe_fd
    onexc(os.unlink, fullname, err)
  File "/opt/ohpc/pub/compiler/conda/latest/lib/python3.12/shutil.py", line 750, in onexc
    return onerror(func, path, exc_info)
           ^^^^^^^^^^^^^^^^^^^^^^^^^^^^^
  File "/opt/ohpc/pub/compiler/conda/latest/lib/python3.12/shutil.py", line 698, in _rmtree_safe_fd
    os.unlink(entry.name, dir_fd=topfd)
OSError: [Errno 16] Device or resource busy: '/tmp/pymp-g8o0qeyi'
Traceback (most recent call last):
  File "/opt/ohpc/pub/compiler/conda/latest/lib/python3.12/multiprocessing/util.py", line 303, in _run_finalizers
    finalizer()
  File "/opt/ohpc/pub/compiler/conda/latest/lib/python3.12/multiprocessing/util.py", line 227, in __call__
    res = self._callback(*self._args, **self._kwargs)
          ^^^^^^^^^^^^^^^^^^^^^^^^^^^^^^^^^^^^^^^^^^^
  File "/opt/ohpc/pub/compiler/conda/latest/lib/python3.12/multiprocessing/util.py", line 136, in _remove_temp_dir
    rmtree(tempdir, onerror=onerror)
  File "/opt/ohpc/pub/compiler/conda/latest/lib/python3.12/shutil.py", line 759, in rmtree
    _rmtree_safe_fd(stack, onexc)
  File "/opt/ohpc/pub/compiler/conda/latest/lib/python3.12/shutil.py", line 703, in _rmtree_safe_fd
    onexc(func, path, err)
  File "/opt/ohpc/pub/compiler/conda/latest/lib/python3.12/shutil.py", line 750, in onexc
    return onerror(func, path, exc_info)
           ^^^^^^^^^^^^^^^^^^^^^^^^^^^^^
  File "/opt/ohpc/pub/compiler/conda/latest/lib/python3.12/shutil.py", line 700, in _rmtree_safe_fd
    onexc(os.unlink, fullname, err)
  File "/opt/ohpc/pub/compiler/conda/latest/lib/python3.12/shutil.py", line 750, in onexc
    return onerror(func, path, exc_info)
           ^^^^^^^^^^^^^^^^^^^^^^^^^^^^^
  File "/opt/ohpc/pub/compiler/conda/latest/lib/python3.12/shutil.py", line 698, in _rmtree_safe_fd
    os.unlink(entry.name, dir_fd=topfd)
OSError: [Errno 16] Device or resource busy: '/tmp/pymp-imak1ldx'
Traceback (most recent call last):
  File "/opt/ohpc/pub/compiler/conda/latest/lib/python3.12/multiprocessing/util.py", line 303, in _run_finalizers
    finalizer()
  File "/opt/ohpc/pub/compiler/conda/latest/lib/python3.12/multiprocessing/util.py", line 227, in __call__
    res = self._callback(*self._args, **self._kwargs)
          ^^^^^^^^^^^^^^^^^^^^^^^^^^^^^^^^^^^^^^^^^^^
  File "/opt/ohpc/pub/compiler/conda/latest/lib/python3.12/multiprocessing/util.py", line 136, in _remove_temp_dir
    rmtree(tempdir, onerror=onerror)
  File "/opt/ohpc/pub/compiler/conda/latest/lib/python3.12/shutil.py", line 759, in rmtree
    _rmtree_safe_fd(stack, onexc)
  File "/opt/ohpc/pub/compiler/conda/latest/lib/python3.12/shutil.py", line 703, in _rmtree_safe_fd
    onexc(func, path, err)
  File "/opt/ohpc/pub/compiler/conda/latest/lib/python3.12/shutil.py", line 750, in onexc
    return onerror(func, path, exc_info)
           ^^^^^^^^^^^^^^^^^^^^^^^^^^^^^
  File "/opt/ohpc/pub/compiler/conda/latest/lib/python3.12/shutil.py", line 700, in _rmtree_safe_fd
    onexc(os.unlink, fullname, err)
  File "/opt/ohpc/pub/compiler/conda/latest/lib/python3.12/shutil.py", line 750, in onexc
    return onerror(func, path, exc_info)
           ^^^^^^^^^^^^^^^^^^^^^^^^^^^^^
  File "/opt/ohpc/pub/compiler/conda/latest/lib/python3.12/shutil.py", line 698, in _rmtree_safe_fd
    os.unlink(entry.name, dir_fd=topfd)
OSError: [Errno 16] Device or resource busy: '/tmp/pymp-yjq5me2j'
Traceback (most recent call last):
  File "/opt/ohpc/pub/compiler/conda/latest/lib/python3.12/multiprocessing/util.py", line 303, in _run_finalizers
    finalizer()
  File "/opt/ohpc/pub/compiler/conda/latest/lib/python3.12/multiprocessing/util.py", line 227, in __call__
    res = self._callback(*self._args, **self._kwargs)
          ^^^^^^^^^^^^^^^^^^^^^^^^^^^^^^^^^^^^^^^^^^^
  File "/opt/ohpc/pub/compiler/conda/latest/lib/python3.12/multiprocessing/util.py", line 136, in _remove_temp_dir
    rmtree(tempdir, onerror=onerror)
  File "/opt/ohpc/pub/compiler/conda/latest/lib/python3.12/shutil.py", line 759, in rmtree
    _rmtree_safe_fd(stack, onexc)
  File "/opt/ohpc/pub/compiler/conda/latest/lib/python3.12/shutil.py", line 703, in _rmtree_safe_fd
    onexc(func, path, err)
  File "/opt/ohpc/pub/compiler/conda/latest/lib/python3.12/shutil.py", line 750, in onexc
    return onerror(func, path, exc_info)
           ^^^^^^^^^^^^^^^^^^^^^^^^^^^^^
  File "/opt/ohpc/pub/compiler/conda/latest/lib/python3.12/shutil.py", line 700, in _rmtree_safe_fd
    onexc(os.unlink, fullname, err)
  File "/opt/ohpc/pub/compiler/conda/latest/lib/python3.12/shutil.py", line 750, in onexc
    return onerror(func, path, exc_info)
           ^^^^^^^^^^^^^^^^^^^^^^^^^^^^^
  File "/opt/ohpc/pub/compiler/conda/latest/lib/python3.12/shutil.py", line 698, in _rmtree_safe_fd
    os.unlink(entry.name, dir_fd=topfd)
OSError: [Errno 16] Device or resource busy: '/tmp/pymp-hmfb1dku'
Traceback (most recent call last):
Traceback (most recent call last):
Traceback (most recent call last):
Traceback (most recent call last):
Traceback (most recent call last):
  File "/opt/ohpc/pub/compiler/conda/latest/lib/python3.12/multiprocessing/util.py", line 303, in _run_finalizers
    finalizer()
  File "/opt/ohpc/pub/compiler/conda/latest/lib/python3.12/multiprocessing/util.py", line 227, in __call__
    res = self._callback(*self._args, **self._kwargs)
          ^^^^^^^^^^^^^^^^^^^^^^^^^^^^^^^^^^^^^^^^^^^
  File "/opt/ohpc/pub/compiler/conda/latest/lib/python3.12/multiprocessing/util.py", line 136, in _remove_temp_dir
    rmtree(tempdir, onerror=onerror)
  File "/opt/ohpc/pub/compiler/conda/latest/lib/python3.12/shutil.py", line 759, in rmtree
    _rmtree_safe_fd(stack, onexc)
  File "/opt/ohpc/pub/compiler/conda/latest/lib/python3.12/shutil.py", line 703, in _rmtree_safe_fd
    onexc(func, path, err)
  File "/opt/ohpc/pub/compiler/conda/latest/lib/python3.12/shutil.py", line 750, in onexc
    return onerror(func, path, exc_info)
           ^^^^^^^^^^^^^^^^^^^^^^^^^^^^^
  File "/opt/ohpc/pub/compiler/conda/latest/lib/python3.12/shutil.py", line 700, in _rmtree_safe_fd
    onexc(os.unlink, fullname, err)
  File "/opt/ohpc/pub/compiler/conda/latest/lib/python3.12/shutil.py", line 750, in onexc
    return onerror(func, path, exc_info)
           ^^^^^^^^^^^^^^^^^^^^^^^^^^^^^
  File "/opt/ohpc/pub/compiler/conda/latest/lib/python3.12/shutil.py", line 698, in _rmtree_safe_fd
    os.unlink(entry.name, dir_fd=topfd)
OSError: [Errno 16] Device or resource busy: '/tmp/pymp-voun99bm'
  File "/opt/ohpc/pub/compiler/conda/latest/lib/python3.12/multiprocessing/util.py", line 303, in _run_finalizers
    finalizer()
  File "/opt/ohpc/pub/compiler/conda/latest/lib/python3.12/multiprocessing/util.py", line 227, in __call__
    res = self._callback(*self._args, **self._kwargs)
          ^^^^^^^^^^^^^^^^^^^^^^^^^^^^^^^^^^^^^^^^^^^
  File "/opt/ohpc/pub/compiler/conda/latest/lib/python3.12/multiprocessing/util.py", line 136, in _remove_temp_dir
    rmtree(tempdir, onerror=onerror)
  File "/opt/ohpc/pub/compiler/conda/latest/lib/python3.12/shutil.py", line 759, in rmtree
    _rmtree_safe_fd(stack, onexc)
  File "/opt/ohpc/pub/compiler/conda/latest/lib/python3.12/shutil.py", line 703, in _rmtree_safe_fd
    onexc(func, path, err)
  File "/opt/ohpc/pub/compiler/conda/latest/lib/python3.12/shutil.py", line 750, in onexc
    return onerror(func, path, exc_info)
           ^^^^^^^^^^^^^^^^^^^^^^^^^^^^^
  File "/opt/ohpc/pub/compiler/conda/latest/lib/python3.12/shutil.py", line 700, in _rmtree_safe_fd
    onexc(os.unlink, fullname, err)
  File "/opt/ohpc/pub/compiler/conda/latest/lib/python3.12/shutil.py", line 750, in onexc
    return onerror(func, path, exc_info)
           ^^^^^^^^^^^^^^^^^^^^^^^^^^^^^
  File "/opt/ohpc/pub/compiler/conda/latest/lib/python3.12/shutil.py", line 698, in _rmtree_safe_fd
    os.unlink(entry.name, dir_fd=topfd)
OSError: [Errno 16] Device or resource busy: '/tmp/pymp-tgf95u34'
  File "/opt/ohpc/pub/compiler/conda/latest/lib/python3.12/multiprocessing/util.py", line 303, in _run_finalizers
    finalizer()
  File "/opt/ohpc/pub/compiler/conda/latest/lib/python3.12/multiprocessing/util.py", line 227, in __call__
    res = self._callback(*self._args, **self._kwargs)
          ^^^^^^^^^^^^^^^^^^^^^^^^^^^^^^^^^^^^^^^^^^^
  File "/opt/ohpc/pub/compiler/conda/latest/lib/python3.12/multiprocessing/util.py", line 136, in _remove_temp_dir
    rmtree(tempdir, onerror=onerror)
  File "/opt/ohpc/pub/compiler/conda/latest/lib/python3.12/shutil.py", line 759, in rmtree
    _rmtree_safe_fd(stack, onexc)
  File "/opt/ohpc/pub/compiler/conda/latest/lib/python3.12/shutil.py", line 703, in _rmtree_safe_fd
    onexc(func, path, err)
  File "/opt/ohpc/pub/compiler/conda/latest/lib/python3.12/shutil.py", line 750, in onexc
    return onerror(func, path, exc_info)
           ^^^^^^^^^^^^^^^^^^^^^^^^^^^^^
  File "/opt/ohpc/pub/compiler/conda/latest/lib/python3.12/shutil.py", line 700, in _rmtree_safe_fd
    onexc(os.unlink, fullname, err)
  File "/opt/ohpc/pub/compiler/conda/latest/lib/python3.12/shutil.py", line 750, in onexc
    return onerror(func, path, exc_info)
           ^^^^^^^^^^^^^^^^^^^^^^^^^^^^^
  File "/opt/ohpc/pub/compiler/conda/latest/lib/python3.12/shutil.py", line 698, in _rmtree_safe_fd
    os.unlink(entry.name, dir_fd=topfd)
OSError: [Errno 16] Device or resource busy: '/tmp/pymp-wd_0z6yi'
Traceback (most recent call last):
  File "/opt/ohpc/pub/compiler/conda/latest/lib/python3.12/multiprocessing/util.py", line 303, in _run_finalizers
    finalizer()
  File "/opt/ohpc/pub/compiler/conda/latest/lib/python3.12/multiprocessing/util.py", line 227, in __call__
    res = self._callback(*self._args, **self._kwargs)
          ^^^^^^^^^^^^^^^^^^^^^^^^^^^^^^^^^^^^^^^^^^^
  File "/opt/ohpc/pub/compiler/conda/latest/lib/python3.12/multiprocessing/util.py", line 136, in _remove_temp_dir
    rmtree(tempdir, onerror=onerror)
  File "/opt/ohpc/pub/compiler/conda/latest/lib/python3.12/shutil.py", line 759, in rmtree
    _rmtree_safe_fd(stack, onexc)
  File "/opt/ohpc/pub/compiler/conda/latest/lib/python3.12/shutil.py", line 703, in _rmtree_safe_fd
    onexc(func, path, err)
  File "/opt/ohpc/pub/compiler/conda/latest/lib/python3.12/shutil.py", line 750, in onexc
    return onerror(func, path, exc_info)
           ^^^^^^^^^^^^^^^^^^^^^^^^^^^^^
  File "/opt/ohpc/pub/compiler/conda/latest/lib/python3.12/shutil.py", line 700, in _rmtree_safe_fd
    onexc(os.unlink, fullname, err)
  File "/opt/ohpc/pub/compiler/conda/latest/lib/python3.12/multiprocessing/util.py", line 303, in _run_finalizers
    finalizer()
  File "/opt/ohpc/pub/compiler/conda/latest/lib/python3.12/shutil.py", line 750, in onexc
    return onerror(func, path, exc_info)
           ^^^^^^^^^^^^^^^^^^^^^^^^^^^^^
  File "/opt/ohpc/pub/compiler/conda/latest/lib/python3.12/shutil.py", line 698, in _rmtree_safe_fd
    os.unlink(entry.name, dir_fd=topfd)
OSError: [Errno 16] Device or resource busy: '/tmp/pymp-py2_e23g'
Traceback (most recent call last):
Traceback (most recent call last):
  File "/opt/ohpc/pub/compiler/conda/latest/lib/python3.12/multiprocessing/util.py", line 303, in _run_finalizers
    finalizer()
  File "/opt/ohpc/pub/compiler/conda/latest/lib/python3.12/multiprocessing/util.py", line 303, in _run_finalizers
    finalizer()
  File "/opt/ohpc/pub/compiler/conda/latest/lib/python3.12/multiprocessing/util.py", line 227, in __call__
    res = self._callback(*self._args, **self._kwargs)
          ^^^^^^^^^^^^^^^^^^^^^^^^^^^^^^^^^^^^^^^^^^^
  File "/opt/ohpc/pub/compiler/conda/latest/lib/python3.12/multiprocessing/util.py", line 136, in _remove_temp_dir
    rmtree(tempdir, onerror=onerror)
  File "/opt/ohpc/pub/compiler/conda/latest/lib/python3.12/multiprocessing/util.py", line 227, in __call__
    res = self._callback(*self._args, **self._kwargs)
          ^^^^^^^^^^^^^^^^^^^^^^^^^^^^^^^^^^^^^^^^^^^
  File "/opt/ohpc/pub/compiler/conda/latest/lib/python3.12/shutil.py", line 759, in rmtree
    _rmtree_safe_fd(stack, onexc)
  File "/opt/ohpc/pub/compiler/conda/latest/lib/python3.12/multiprocessing/util.py", line 136, in _remove_temp_dir
    rmtree(tempdir, onerror=onerror)
  File "/opt/ohpc/pub/compiler/conda/latest/lib/python3.12/shutil.py", line 703, in _rmtree_safe_fd
    onexc(func, path, err)
  File "/opt/ohpc/pub/compiler/conda/latest/lib/python3.12/shutil.py", line 759, in rmtree
    _rmtree_safe_fd(stack, onexc)
  File "/opt/ohpc/pub/compiler/conda/latest/lib/python3.12/shutil.py", line 703, in _rmtree_safe_fd
    onexc(func, path, err)
  File "/opt/ohpc/pub/compiler/conda/latest/lib/python3.12/shutil.py", line 750, in onexc
    return onerror(func, path, exc_info)
           ^^^^^^^^^^^^^^^^^^^^^^^^^^^^^
  File "/opt/ohpc/pub/compiler/conda/latest/lib/python3.12/shutil.py", line 700, in _rmtree_safe_fd
    onexc(os.unlink, fullname, err)
  File "/opt/ohpc/pub/compiler/conda/latest/lib/python3.12/shutil.py", line 750, in onexc
    return onerror(func, path, exc_info)
           ^^^^^^^^^^^^^^^^^^^^^^^^^^^^^
  File "/opt/ohpc/pub/compiler/conda/latest/lib/python3.12/shutil.py", line 750, in onexc
    return onerror(func, path, exc_info)
           ^^^^^^^^^^^^^^^^^^^^^^^^^^^^^
  File "/opt/ohpc/pub/compiler/conda/latest/lib/python3.12/shutil.py", line 700, in _rmtree_safe_fd
    onexc(os.unlink, fullname, err)
  File "/opt/ohpc/pub/compiler/conda/latest/lib/python3.12/shutil.py", line 698, in _rmtree_safe_fd
    os.unlink(entry.name, dir_fd=topfd)
  File "/opt/ohpc/pub/compiler/conda/latest/lib/python3.12/shutil.py", line 750, in onexc
    return onerror(func, path, exc_info)
           ^^^^^^^^^^^^^^^^^^^^^^^^^^^^^
  File "/opt/ohpc/pub/compiler/conda/latest/lib/python3.12/shutil.py", line 698, in _rmtree_safe_fd
    os.unlink(entry.name, dir_fd=topfd)
OSError: [Errno 16] Device or resource busy: '/tmp/pymp-pg_q8_js'
OSError: [Errno 16] Device or resource busy: '/tmp/pymp-34ip7hk6'
  File "/opt/ohpc/pub/compiler/conda/latest/lib/python3.12/multiprocessing/util.py", line 303, in _run_finalizers
    finalizer()
  File "/opt/ohpc/pub/compiler/conda/latest/lib/python3.12/multiprocessing/util.py", line 227, in __call__
    res = self._callback(*self._args, **self._kwargs)
          ^^^^^^^^^^^^^^^^^^^^^^^^^^^^^^^^^^^^^^^^^^^
  File "/opt/ohpc/pub/compiler/conda/latest/lib/python3.12/multiprocessing/util.py", line 136, in _remove_temp_dir
    rmtree(tempdir, onerror=onerror)
  File "/opt/ohpc/pub/compiler/conda/latest/lib/python3.12/shutil.py", line 759, in rmtree
    _rmtree_safe_fd(stack, onexc)
  File "/opt/ohpc/pub/compiler/conda/latest/lib/python3.12/shutil.py", line 703, in _rmtree_safe_fd
    onexc(func, path, err)
  File "/opt/ohpc/pub/compiler/conda/latest/lib/python3.12/shutil.py", line 750, in onexc
    return onerror(func, path, exc_info)
           ^^^^^^^^^^^^^^^^^^^^^^^^^^^^^
  File "/opt/ohpc/pub/compiler/conda/latest/lib/python3.12/shutil.py", line 700, in _rmtree_safe_fd
    onexc(os.unlink, fullname, err)
  File "/opt/ohpc/pub/compiler/conda/latest/lib/python3.12/shutil.py", line 750, in onexc
    return onerror(func, path, exc_info)
           ^^^^^^^^^^^^^^^^^^^^^^^^^^^^^
  File "/opt/ohpc/pub/compiler/conda/latest/lib/python3.12/shutil.py", line 698, in _rmtree_safe_fd
    os.unlink(entry.name, dir_fd=topfd)
OSError: [Errno 16] Device or resource busy: '/tmp/pymp-iyi1sdf9'
  File "/opt/ohpc/pub/compiler/conda/latest/lib/python3.12/multiprocessing/util.py", line 227, in __call__
    res = self._callback(*self._args, **self._kwargs)
          ^^^^^^^^^^^^^^^^^^^^^^^^^^^^^^^^^^^^^^^^^^^
  File "/opt/ohpc/pub/compiler/conda/latest/lib/python3.12/multiprocessing/util.py", line 136, in _remove_temp_dir
    rmtree(tempdir, onerror=onerror)
  File "/opt/ohpc/pub/compiler/conda/latest/lib/python3.12/shutil.py", line 759, in rmtree
    _rmtree_safe_fd(stack, onexc)
  File "/opt/ohpc/pub/compiler/conda/latest/lib/python3.12/shutil.py", line 703, in _rmtree_safe_fd
    onexc(func, path, err)
  File "/opt/ohpc/pub/compiler/conda/latest/lib/python3.12/shutil.py", line 750, in onexc
    return onerror(func, path, exc_info)
           ^^^^^^^^^^^^^^^^^^^^^^^^^^^^^
  File "/opt/ohpc/pub/compiler/conda/latest/lib/python3.12/shutil.py", line 700, in _rmtree_safe_fd
    onexc(os.unlink, fullname, err)
  File "/opt/ohpc/pub/compiler/conda/latest/lib/python3.12/shutil.py", line 750, in onexc
    return onerror(func, path, exc_info)
           ^^^^^^^^^^^^^^^^^^^^^^^^^^^^^
  File "/opt/ohpc/pub/compiler/conda/latest/lib/python3.12/shutil.py", line 698, in _rmtree_safe_fd
    os.unlink(entry.name, dir_fd=topfd)
OSError: [Errno 16] Device or resource busy: '/tmp/pymp-klhoj640'
[val 006] loss=-0.1591 z_std=0.0474 rankme=61.083 lidar=47.304 areq=1.554 pr=2.11 align=0.4308 unif=-1.491 converged=False collapsed=False
  e007 it0000/62 lr=0.0022 loss=-0.1335 z_std=0.0643
  e007 it0010/62 lr=0.0022 loss=-0.1633 z_std=0.0642
  e007 it0020/62 lr=0.0023 loss=-0.1722 z_std=0.0640
  e007 it0030/62 lr=0.0023 loss=-0.1810 z_std=0.0640
  e007 it0040/62 lr=0.0024 loss=-0.1851 z_std=0.0640
  e007 it0050/62 lr=0.0024 loss=-0.1889 z_std=0.0640
  e007 it0060/62 lr=0.0025 loss=-0.1972 z_std=0.0640
[epoch 007] loss=-0.1978 z_std=0.0640 (healthy~0.0625) time=201.8s
Traceback (most recent call last):
Traceback (most recent call last):
Traceback (most recent call last):
Traceback (most recent call last):
Traceback (most recent call last):
  File "/opt/ohpc/pub/compiler/conda/latest/lib/python3.12/multiprocessing/util.py", line 303, in _run_finalizers
    finalizer()
  File "/opt/ohpc/pub/compiler/conda/latest/lib/python3.12/multiprocessing/util.py", line 303, in _run_finalizers
    finalizer()
  File "/opt/ohpc/pub/compiler/conda/latest/lib/python3.12/multiprocessing/util.py", line 303, in _run_finalizers
    finalizer()
Traceback (most recent call last):
Traceback (most recent call last):
  File "/opt/ohpc/pub/compiler/conda/latest/lib/python3.12/multiprocessing/util.py", line 227, in __call__
    res = self._callback(*self._args, **self._kwargs)
          ^^^^^^^^^^^^^^^^^^^^^^^^^^^^^^^^^^^^^^^^^^^
  File "/opt/ohpc/pub/compiler/conda/latest/lib/python3.12/multiprocessing/util.py", line 227, in __call__
    res = self._callback(*self._args, **self._kwargs)
          ^^^^^^^^^^^^^^^^^^^^^^^^^^^^^^^^^^^^^^^^^^^
  File "/opt/ohpc/pub/compiler/conda/latest/lib/python3.12/multiprocessing/util.py", line 227, in __call__
    res = self._callback(*self._args, **self._kwargs)
          ^^^^^^^^^^^^^^^^^^^^^^^^^^^^^^^^^^^^^^^^^^^
  File "/opt/ohpc/pub/compiler/conda/latest/lib/python3.12/multiprocessing/util.py", line 136, in _remove_temp_dir
    rmtree(tempdir, onerror=onerror)
  File "/opt/ohpc/pub/compiler/conda/latest/lib/python3.12/multiprocessing/util.py", line 136, in _remove_temp_dir
    rmtree(tempdir, onerror=onerror)
  File "/opt/ohpc/pub/compiler/conda/latest/lib/python3.12/multiprocessing/util.py", line 136, in _remove_temp_dir
    rmtree(tempdir, onerror=onerror)
  File "/opt/ohpc/pub/compiler/conda/latest/lib/python3.12/shutil.py", line 759, in rmtree
    _rmtree_safe_fd(stack, onexc)
  File "/opt/ohpc/pub/compiler/conda/latest/lib/python3.12/shutil.py", line 759, in rmtree
    _rmtree_safe_fd(stack, onexc)
  File "/opt/ohpc/pub/compiler/conda/latest/lib/python3.12/shutil.py", line 759, in rmtree
    _rmtree_safe_fd(stack, onexc)
  File "/opt/ohpc/pub/compiler/conda/latest/lib/python3.12/shutil.py", line 703, in _rmtree_safe_fd
    onexc(func, path, err)
  File "/opt/ohpc/pub/compiler/conda/latest/lib/python3.12/shutil.py", line 703, in _rmtree_safe_fd
    onexc(func, path, err)
  File "/opt/ohpc/pub/compiler/conda/latest/lib/python3.12/shutil.py", line 703, in _rmtree_safe_fd
    onexc(func, path, err)
  File "/opt/ohpc/pub/compiler/conda/latest/lib/python3.12/shutil.py", line 750, in onexc
    return onerror(func, path, exc_info)
           ^^^^^^^^^^^^^^^^^^^^^^^^^^^^^
  File "/opt/ohpc/pub/compiler/conda/latest/lib/python3.12/shutil.py", line 750, in onexc
    return onerror(func, path, exc_info)
           ^^^^^^^^^^^^^^^^^^^^^^^^^^^^^
  File "/opt/ohpc/pub/compiler/conda/latest/lib/python3.12/shutil.py", line 750, in onexc
    return onerror(func, path, exc_info)
           ^^^^^^^^^^^^^^^^^^^^^^^^^^^^^
  File "/opt/ohpc/pub/compiler/conda/latest/lib/python3.12/shutil.py", line 700, in _rmtree_safe_fd
    onexc(os.unlink, fullname, err)
  File "/opt/ohpc/pub/compiler/conda/latest/lib/python3.12/shutil.py", line 700, in _rmtree_safe_fd
    onexc(os.unlink, fullname, err)
  File "/opt/ohpc/pub/compiler/conda/latest/lib/python3.12/shutil.py", line 700, in _rmtree_safe_fd
    onexc(os.unlink, fullname, err)
  File "/opt/ohpc/pub/compiler/conda/latest/lib/python3.12/shutil.py", line 750, in onexc
    return onerror(func, path, exc_info)
           ^^^^^^^^^^^^^^^^^^^^^^^^^^^^^
  File "/opt/ohpc/pub/compiler/conda/latest/lib/python3.12/shutil.py", line 750, in onexc
    return onerror(func, path, exc_info)
           ^^^^^^^^^^^^^^^^^^^^^^^^^^^^^
  File "/opt/ohpc/pub/compiler/conda/latest/lib/python3.12/shutil.py", line 750, in onexc
    return onerror(func, path, exc_info)
           ^^^^^^^^^^^^^^^^^^^^^^^^^^^^^
  File "/opt/ohpc/pub/compiler/conda/latest/lib/python3.12/shutil.py", line 698, in _rmtree_safe_fd
    os.unlink(entry.name, dir_fd=topfd)
  File "/opt/ohpc/pub/compiler/conda/latest/lib/python3.12/shutil.py", line 698, in _rmtree_safe_fd
    os.unlink(entry.name, dir_fd=topfd)
  File "/opt/ohpc/pub/compiler/conda/latest/lib/python3.12/shutil.py", line 698, in _rmtree_safe_fd
    os.unlink(entry.name, dir_fd=topfd)
OSError: [Errno 16] Device or resource busy: '/tmp/pymp-redyzgk9'
OSError: [Errno 16] Device or resource busy: '/tmp/pymp-c4uzmw88'
OSError: [Errno 16] Device or resource busy: '/tmp/pymp-ikkyebnm'
Traceback (most recent call last):
Traceback (most recent call last):
  File "/opt/ohpc/pub/compiler/conda/latest/lib/python3.12/multiprocessing/util.py", line 303, in _run_finalizers
    finalizer()
  File "/opt/ohpc/pub/compiler/conda/latest/lib/python3.12/multiprocessing/util.py", line 227, in __call__
    res = self._callback(*self._args, **self._kwargs)
          ^^^^^^^^^^^^^^^^^^^^^^^^^^^^^^^^^^^^^^^^^^^
  File "/opt/ohpc/pub/compiler/conda/latest/lib/python3.12/multiprocessing/util.py", line 136, in _remove_temp_dir
    rmtree(tempdir, onerror=onerror)
  File "/opt/ohpc/pub/compiler/conda/latest/lib/python3.12/shutil.py", line 759, in rmtree
    _rmtree_safe_fd(stack, onexc)
  File "/opt/ohpc/pub/compiler/conda/latest/lib/python3.12/multiprocessing/util.py", line 303, in _run_finalizers
    finalizer()
  File "/opt/ohpc/pub/compiler/conda/latest/lib/python3.12/shutil.py", line 703, in _rmtree_safe_fd
    onexc(func, path, err)
  File "/opt/ohpc/pub/compiler/conda/latest/lib/python3.12/shutil.py", line 750, in onexc
    return onerror(func, path, exc_info)
           ^^^^^^^^^^^^^^^^^^^^^^^^^^^^^
  File "/opt/ohpc/pub/compiler/conda/latest/lib/python3.12/shutil.py", line 700, in _rmtree_safe_fd
    onexc(os.unlink, fullname, err)
  File "/opt/ohpc/pub/compiler/conda/latest/lib/python3.12/multiprocessing/util.py", line 227, in __call__
    res = self._callback(*self._args, **self._kwargs)
          ^^^^^^^^^^^^^^^^^^^^^^^^^^^^^^^^^^^^^^^^^^^
  File "/opt/ohpc/pub/compiler/conda/latest/lib/python3.12/shutil.py", line 750, in onexc
    return onerror(func, path, exc_info)
           ^^^^^^^^^^^^^^^^^^^^^^^^^^^^^
  File "/opt/ohpc/pub/compiler/conda/latest/lib/python3.12/multiprocessing/util.py", line 136, in _remove_temp_dir
    rmtree(tempdir, onerror=onerror)
  File "/opt/ohpc/pub/compiler/conda/latest/lib/python3.12/shutil.py", line 698, in _rmtree_safe_fd
    os.unlink(entry.name, dir_fd=topfd)
  File "/opt/ohpc/pub/compiler/conda/latest/lib/python3.12/shutil.py", line 759, in rmtree
    _rmtree_safe_fd(stack, onexc)
Traceback (most recent call last):
  File "/opt/ohpc/pub/compiler/conda/latest/lib/python3.12/shutil.py", line 703, in _rmtree_safe_fd
    onexc(func, path, err)
  File "/opt/ohpc/pub/compiler/conda/latest/lib/python3.12/shutil.py", line 750, in onexc
    return onerror(func, path, exc_info)
           ^^^^^^^^^^^^^^^^^^^^^^^^^^^^^
  File "/opt/ohpc/pub/compiler/conda/latest/lib/python3.12/shutil.py", line 700, in _rmtree_safe_fd
    onexc(os.unlink, fullname, err)
OSError: [Errno 16] Device or resource busy: '/tmp/pymp-_j1il0py'
  File "/opt/ohpc/pub/compiler/conda/latest/lib/python3.12/shutil.py", line 750, in onexc
    return onerror(func, path, exc_info)
           ^^^^^^^^^^^^^^^^^^^^^^^^^^^^^
  File "/opt/ohpc/pub/compiler/conda/latest/lib/python3.12/shutil.py", line 698, in _rmtree_safe_fd
    os.unlink(entry.name, dir_fd=topfd)
OSError: [Errno 16] Device or resource busy: '/tmp/pymp-7g3ljkqt'
  File "/opt/ohpc/pub/compiler/conda/latest/lib/python3.12/multiprocessing/util.py", line 303, in _run_finalizers
    finalizer()
  File "/opt/ohpc/pub/compiler/conda/latest/lib/python3.12/multiprocessing/util.py", line 303, in _run_finalizers
    finalizer()
  File "/opt/ohpc/pub/compiler/conda/latest/lib/python3.12/multiprocessing/util.py", line 227, in __call__
    res = self._callback(*self._args, **self._kwargs)
          ^^^^^^^^^^^^^^^^^^^^^^^^^^^^^^^^^^^^^^^^^^^
  File "/opt/ohpc/pub/compiler/conda/latest/lib/python3.12/multiprocessing/util.py", line 136, in _remove_temp_dir
    rmtree(tempdir, onerror=onerror)
  File "/opt/ohpc/pub/compiler/conda/latest/lib/python3.12/multiprocessing/util.py", line 227, in __call__
    res = self._callback(*self._args, **self._kwargs)
          ^^^^^^^^^^^^^^^^^^^^^^^^^^^^^^^^^^^^^^^^^^^
  File "/opt/ohpc/pub/compiler/conda/latest/lib/python3.12/shutil.py", line 759, in rmtree
    _rmtree_safe_fd(stack, onexc)
  File "/opt/ohpc/pub/compiler/conda/latest/lib/python3.12/multiprocessing/util.py", line 136, in _remove_temp_dir
    rmtree(tempdir, onerror=onerror)
  File "/opt/ohpc/pub/compiler/conda/latest/lib/python3.12/shutil.py", line 703, in _rmtree_safe_fd
    onexc(func, path, err)
  File "/opt/ohpc/pub/compiler/conda/latest/lib/python3.12/shutil.py", line 759, in rmtree
    _rmtree_safe_fd(stack, onexc)
  File "/opt/ohpc/pub/compiler/conda/latest/lib/python3.12/shutil.py", line 703, in _rmtree_safe_fd
    onexc(func, path, err)
  File "/opt/ohpc/pub/compiler/conda/latest/lib/python3.12/shutil.py", line 750, in onexc
    return onerror(func, path, exc_info)
           ^^^^^^^^^^^^^^^^^^^^^^^^^^^^^
  File "/opt/ohpc/pub/compiler/conda/latest/lib/python3.12/shutil.py", line 750, in onexc
    return onerror(func, path, exc_info)
           ^^^^^^^^^^^^^^^^^^^^^^^^^^^^^
  File "/opt/ohpc/pub/compiler/conda/latest/lib/python3.12/shutil.py", line 700, in _rmtree_safe_fd
    onexc(os.unlink, fullname, err)
  File "/opt/ohpc/pub/compiler/conda/latest/lib/python3.12/shutil.py", line 700, in _rmtree_safe_fd
    onexc(os.unlink, fullname, err)
  File "/opt/ohpc/pub/compiler/conda/latest/lib/python3.12/shutil.py", line 750, in onexc
    return onerror(func, path, exc_info)
           ^^^^^^^^^^^^^^^^^^^^^^^^^^^^^
  File "/opt/ohpc/pub/compiler/conda/latest/lib/python3.12/shutil.py", line 750, in onexc
    return onerror(func, path, exc_info)
           ^^^^^^^^^^^^^^^^^^^^^^^^^^^^^
  File "/opt/ohpc/pub/compiler/conda/latest/lib/python3.12/shutil.py", line 698, in _rmtree_safe_fd
    os.unlink(entry.name, dir_fd=topfd)
  File "/opt/ohpc/pub/compiler/conda/latest/lib/python3.12/shutil.py", line 698, in _rmtree_safe_fd
    os.unlink(entry.name, dir_fd=topfd)
OSError: [Errno 16] Device or resource busy: '/tmp/pymp-bttr7mse'
OSError: [Errno 16] Device or resource busy: '/tmp/pymp-ha916jh9'
  File "/opt/ohpc/pub/compiler/conda/latest/lib/python3.12/multiprocessing/util.py", line 303, in _run_finalizers
    finalizer()
  File "/opt/ohpc/pub/compiler/conda/latest/lib/python3.12/multiprocessing/util.py", line 227, in __call__
    res = self._callback(*self._args, **self._kwargs)
          ^^^^^^^^^^^^^^^^^^^^^^^^^^^^^^^^^^^^^^^^^^^
  File "/opt/ohpc/pub/compiler/conda/latest/lib/python3.12/multiprocessing/util.py", line 303, in _run_finalizers
    finalizer()
  File "/opt/ohpc/pub/compiler/conda/latest/lib/python3.12/multiprocessing/util.py", line 136, in _remove_temp_dir
    rmtree(tempdir, onerror=onerror)
  File "/opt/ohpc/pub/compiler/conda/latest/lib/python3.12/shutil.py", line 759, in rmtree
    _rmtree_safe_fd(stack, onexc)
  File "/opt/ohpc/pub/compiler/conda/latest/lib/python3.12/multiprocessing/util.py", line 227, in __call__
    res = self._callback(*self._args, **self._kwargs)
          ^^^^^^^^^^^^^^^^^^^^^^^^^^^^^^^^^^^^^^^^^^^
  File "/opt/ohpc/pub/compiler/conda/latest/lib/python3.12/shutil.py", line 703, in _rmtree_safe_fd
    onexc(func, path, err)
  File "/opt/ohpc/pub/compiler/conda/latest/lib/python3.12/multiprocessing/util.py", line 136, in _remove_temp_dir
    rmtree(tempdir, onerror=onerror)
  File "/opt/ohpc/pub/compiler/conda/latest/lib/python3.12/shutil.py", line 750, in onexc
    return onerror(func, path, exc_info)
           ^^^^^^^^^^^^^^^^^^^^^^^^^^^^^
  File "/opt/ohpc/pub/compiler/conda/latest/lib/python3.12/shutil.py", line 759, in rmtree
    _rmtree_safe_fd(stack, onexc)
  File "/opt/ohpc/pub/compiler/conda/latest/lib/python3.12/shutil.py", line 700, in _rmtree_safe_fd
    onexc(os.unlink, fullname, err)
  File "/opt/ohpc/pub/compiler/conda/latest/lib/python3.12/shutil.py", line 703, in _rmtree_safe_fd
    onexc(func, path, err)
  File "/opt/ohpc/pub/compiler/conda/latest/lib/python3.12/shutil.py", line 750, in onexc
    return onerror(func, path, exc_info)
           ^^^^^^^^^^^^^^^^^^^^^^^^^^^^^
  File "/opt/ohpc/pub/compiler/conda/latest/lib/python3.12/shutil.py", line 750, in onexc
    return onerror(func, path, exc_info)
           ^^^^^^^^^^^^^^^^^^^^^^^^^^^^^
  File "/opt/ohpc/pub/compiler/conda/latest/lib/python3.12/shutil.py", line 698, in _rmtree_safe_fd
    os.unlink(entry.name, dir_fd=topfd)
  File "/opt/ohpc/pub/compiler/conda/latest/lib/python3.12/shutil.py", line 700, in _rmtree_safe_fd
    onexc(os.unlink, fullname, err)
  File "/opt/ohpc/pub/compiler/conda/latest/lib/python3.12/shutil.py", line 750, in onexc
    return onerror(func, path, exc_info)
           ^^^^^^^^^^^^^^^^^^^^^^^^^^^^^
  File "/opt/ohpc/pub/compiler/conda/latest/lib/python3.12/shutil.py", line 698, in _rmtree_safe_fd
    os.unlink(entry.name, dir_fd=topfd)
OSError: [Errno 16] Device or resource busy: '/tmp/pymp-694xzh00'
OSError: [Errno 16] Device or resource busy: '/tmp/pymp-vyzl779u'
  File "/opt/ohpc/pub/compiler/conda/latest/lib/python3.12/multiprocessing/util.py", line 303, in _run_finalizers
    finalizer()
  File "/opt/ohpc/pub/compiler/conda/latest/lib/python3.12/multiprocessing/util.py", line 227, in __call__
    res = self._callback(*self._args, **self._kwargs)
          ^^^^^^^^^^^^^^^^^^^^^^^^^^^^^^^^^^^^^^^^^^^
  File "/opt/ohpc/pub/compiler/conda/latest/lib/python3.12/multiprocessing/util.py", line 136, in _remove_temp_dir
    rmtree(tempdir, onerror=onerror)
  File "/opt/ohpc/pub/compiler/conda/latest/lib/python3.12/shutil.py", line 759, in rmtree
    _rmtree_safe_fd(stack, onexc)
  File "/opt/ohpc/pub/compiler/conda/latest/lib/python3.12/shutil.py", line 703, in _rmtree_safe_fd
    onexc(func, path, err)
  File "/opt/ohpc/pub/compiler/conda/latest/lib/python3.12/shutil.py", line 750, in onexc
    return onerror(func, path, exc_info)
           ^^^^^^^^^^^^^^^^^^^^^^^^^^^^^
  File "/opt/ohpc/pub/compiler/conda/latest/lib/python3.12/shutil.py", line 700, in _rmtree_safe_fd
    onexc(os.unlink, fullname, err)
  File "/opt/ohpc/pub/compiler/conda/latest/lib/python3.12/shutil.py", line 750, in onexc
    return onerror(func, path, exc_info)
           ^^^^^^^^^^^^^^^^^^^^^^^^^^^^^
  File "/opt/ohpc/pub/compiler/conda/latest/lib/python3.12/shutil.py", line 698, in _rmtree_safe_fd
    os.unlink(entry.name, dir_fd=topfd)
OSError: [Errno 16] Device or resource busy: '/tmp/pymp-rsdw407c'
Traceback (most recent call last):
Traceback (most recent call last):
Traceback (most recent call last):
Traceback (most recent call last):
Traceback (most recent call last):
Traceback (most recent call last):
Traceback (most recent call last):
  File "/opt/ohpc/pub/compiler/conda/latest/lib/python3.12/multiprocessing/util.py", line 303, in _run_finalizers
    finalizer()
  File "/opt/ohpc/pub/compiler/conda/latest/lib/python3.12/multiprocessing/util.py", line 227, in __call__
    res = self._callback(*self._args, **self._kwargs)
          ^^^^^^^^^^^^^^^^^^^^^^^^^^^^^^^^^^^^^^^^^^^
  File "/opt/ohpc/pub/compiler/conda/latest/lib/python3.12/multiprocessing/util.py", line 136, in _remove_temp_dir
    rmtree(tempdir, onerror=onerror)
  File "/opt/ohpc/pub/compiler/conda/latest/lib/python3.12/shutil.py", line 759, in rmtree
    _rmtree_safe_fd(stack, onexc)
  File "/opt/ohpc/pub/compiler/conda/latest/lib/python3.12/shutil.py", line 703, in _rmtree_safe_fd
    onexc(func, path, err)
  File "/opt/ohpc/pub/compiler/conda/latest/lib/python3.12/shutil.py", line 750, in onexc
    return onerror(func, path, exc_info)
           ^^^^^^^^^^^^^^^^^^^^^^^^^^^^^
  File "/opt/ohpc/pub/compiler/conda/latest/lib/python3.12/shutil.py", line 700, in _rmtree_safe_fd
    onexc(os.unlink, fullname, err)
  File "/opt/ohpc/pub/compiler/conda/latest/lib/python3.12/shutil.py", line 750, in onexc
    return onerror(func, path, exc_info)
           ^^^^^^^^^^^^^^^^^^^^^^^^^^^^^
  File "/opt/ohpc/pub/compiler/conda/latest/lib/python3.12/shutil.py", line 698, in _rmtree_safe_fd
    os.unlink(entry.name, dir_fd=topfd)
Traceback (most recent call last):
OSError: [Errno 16] Device or resource busy: '/tmp/pymp-6bfirktd'
  File "/opt/ohpc/pub/compiler/conda/latest/lib/python3.12/multiprocessing/util.py", line 303, in _run_finalizers
    finalizer()
  File "/opt/ohpc/pub/compiler/conda/latest/lib/python3.12/multiprocessing/util.py", line 227, in __call__
    res = self._callback(*self._args, **self._kwargs)
          ^^^^^^^^^^^^^^^^^^^^^^^^^^^^^^^^^^^^^^^^^^^
  File "/opt/ohpc/pub/compiler/conda/latest/lib/python3.12/multiprocessing/util.py", line 303, in _run_finalizers
    finalizer()
  File "/opt/ohpc/pub/compiler/conda/latest/lib/python3.12/multiprocessing/util.py", line 136, in _remove_temp_dir
    rmtree(tempdir, onerror=onerror)
  File "/opt/ohpc/pub/compiler/conda/latest/lib/python3.12/shutil.py", line 759, in rmtree
    _rmtree_safe_fd(stack, onexc)
  File "/opt/ohpc/pub/compiler/conda/latest/lib/python3.12/multiprocessing/util.py", line 227, in __call__
    res = self._callback(*self._args, **self._kwargs)
          ^^^^^^^^^^^^^^^^^^^^^^^^^^^^^^^^^^^^^^^^^^^
  File "/opt/ohpc/pub/compiler/conda/latest/lib/python3.12/shutil.py", line 703, in _rmtree_safe_fd
    onexc(func, path, err)
  File "/opt/ohpc/pub/compiler/conda/latest/lib/python3.12/multiprocessing/util.py", line 136, in _remove_temp_dir
    rmtree(tempdir, onerror=onerror)
  File "/opt/ohpc/pub/compiler/conda/latest/lib/python3.12/shutil.py", line 759, in rmtree
    _rmtree_safe_fd(stack, onexc)
  File "/opt/ohpc/pub/compiler/conda/latest/lib/python3.12/shutil.py", line 750, in onexc
    return onerror(func, path, exc_info)
           ^^^^^^^^^^^^^^^^^^^^^^^^^^^^^
  File "/opt/ohpc/pub/compiler/conda/latest/lib/python3.12/shutil.py", line 703, in _rmtree_safe_fd
    onexc(func, path, err)
  File "/opt/ohpc/pub/compiler/conda/latest/lib/python3.12/multiprocessing/util.py", line 303, in _run_finalizers
    finalizer()
  File "/opt/ohpc/pub/compiler/conda/latest/lib/python3.12/shutil.py", line 700, in _rmtree_safe_fd
    onexc(os.unlink, fullname, err)
  File "/opt/ohpc/pub/compiler/conda/latest/lib/python3.12/shutil.py", line 750, in onexc
    return onerror(func, path, exc_info)
           ^^^^^^^^^^^^^^^^^^^^^^^^^^^^^
  File "/opt/ohpc/pub/compiler/conda/latest/lib/python3.12/shutil.py", line 750, in onexc
    return onerror(func, path, exc_info)
           ^^^^^^^^^^^^^^^^^^^^^^^^^^^^^
  File "/opt/ohpc/pub/compiler/conda/latest/lib/python3.12/shutil.py", line 698, in _rmtree_safe_fd
    os.unlink(entry.name, dir_fd=topfd)
  File "/opt/ohpc/pub/compiler/conda/latest/lib/python3.12/shutil.py", line 700, in _rmtree_safe_fd
    onexc(os.unlink, fullname, err)
  File "/opt/ohpc/pub/compiler/conda/latest/lib/python3.12/multiprocessing/util.py", line 227, in __call__
    res = self._callback(*self._args, **self._kwargs)
          ^^^^^^^^^^^^^^^^^^^^^^^^^^^^^^^^^^^^^^^^^^^
  File "/opt/ohpc/pub/compiler/conda/latest/lib/python3.12/multiprocessing/util.py", line 303, in _run_finalizers
    finalizer()
  File "/opt/ohpc/pub/compiler/conda/latest/lib/python3.12/shutil.py", line 750, in onexc
    return onerror(func, path, exc_info)
           ^^^^^^^^^^^^^^^^^^^^^^^^^^^^^
  File "/opt/ohpc/pub/compiler/conda/latest/lib/python3.12/multiprocessing/util.py", line 136, in _remove_temp_dir
    rmtree(tempdir, onerror=onerror)
  File "/opt/ohpc/pub/compiler/conda/latest/lib/python3.12/shutil.py", line 698, in _rmtree_safe_fd
    os.unlink(entry.name, dir_fd=topfd)
  File "/opt/ohpc/pub/compiler/conda/latest/lib/python3.12/shutil.py", line 759, in rmtree
    _rmtree_safe_fd(stack, onexc)
  File "/opt/ohpc/pub/compiler/conda/latest/lib/python3.12/multiprocessing/util.py", line 227, in __call__
    res = self._callback(*self._args, **self._kwargs)
          ^^^^^^^^^^^^^^^^^^^^^^^^^^^^^^^^^^^^^^^^^^^
  File "/opt/ohpc/pub/compiler/conda/latest/lib/python3.12/shutil.py", line 703, in _rmtree_safe_fd
    onexc(func, path, err)
  File "/opt/ohpc/pub/compiler/conda/latest/lib/python3.12/multiprocessing/util.py", line 136, in _remove_temp_dir
    rmtree(tempdir, onerror=onerror)
OSError: [Errno 16] Device or resource busy: '/tmp/pymp-4d2bas6s'
  File "/opt/ohpc/pub/compiler/conda/latest/lib/python3.12/shutil.py", line 759, in rmtree
    _rmtree_safe_fd(stack, onexc)
  File "/opt/ohpc/pub/compiler/conda/latest/lib/python3.12/shutil.py", line 750, in onexc
    return onerror(func, path, exc_info)
           ^^^^^^^^^^^^^^^^^^^^^^^^^^^^^
  File "/opt/ohpc/pub/compiler/conda/latest/lib/python3.12/shutil.py", line 703, in _rmtree_safe_fd
    onexc(func, path, err)
  File "/opt/ohpc/pub/compiler/conda/latest/lib/python3.12/shutil.py", line 700, in _rmtree_safe_fd
    onexc(os.unlink, fullname, err)
OSError: [Errno 16] Device or resource busy: '/tmp/pymp-hackm0tb'
  File "/opt/ohpc/pub/compiler/conda/latest/lib/python3.12/shutil.py", line 750, in onexc
    return onerror(func, path, exc_info)
           ^^^^^^^^^^^^^^^^^^^^^^^^^^^^^
  File "/opt/ohpc/pub/compiler/conda/latest/lib/python3.12/shutil.py", line 750, in onexc
    return onerror(func, path, exc_info)
           ^^^^^^^^^^^^^^^^^^^^^^^^^^^^^
  File "/opt/ohpc/pub/compiler/conda/latest/lib/python3.12/shutil.py", line 698, in _rmtree_safe_fd
    os.unlink(entry.name, dir_fd=topfd)
  File "/opt/ohpc/pub/compiler/conda/latest/lib/python3.12/shutil.py", line 700, in _rmtree_safe_fd
    onexc(os.unlink, fullname, err)
  File "/opt/ohpc/pub/compiler/conda/latest/lib/python3.12/shutil.py", line 750, in onexc
    return onerror(func, path, exc_info)
           ^^^^^^^^^^^^^^^^^^^^^^^^^^^^^
  File "/opt/ohpc/pub/compiler/conda/latest/lib/python3.12/shutil.py", line 698, in _rmtree_safe_fd
    os.unlink(entry.name, dir_fd=topfd)
OSError: [Errno 16] Device or resource busy: '/tmp/pymp-j6bgmtcq'
OSError: [Errno 16] Device or resource busy: '/tmp/pymp-qvwnqnq0'
  File "/opt/ohpc/pub/compiler/conda/latest/lib/python3.12/multiprocessing/util.py", line 303, in _run_finalizers
    finalizer()
  File "/opt/ohpc/pub/compiler/conda/latest/lib/python3.12/multiprocessing/util.py", line 227, in __call__
    res = self._callback(*self._args, **self._kwargs)
          ^^^^^^^^^^^^^^^^^^^^^^^^^^^^^^^^^^^^^^^^^^^
  File "/opt/ohpc/pub/compiler/conda/latest/lib/python3.12/multiprocessing/util.py", line 136, in _remove_temp_dir
    rmtree(tempdir, onerror=onerror)
  File "/opt/ohpc/pub/compiler/conda/latest/lib/python3.12/shutil.py", line 759, in rmtree
    _rmtree_safe_fd(stack, onexc)
  File "/opt/ohpc/pub/compiler/conda/latest/lib/python3.12/shutil.py", line 703, in _rmtree_safe_fd
    onexc(func, path, err)
  File "/opt/ohpc/pub/compiler/conda/latest/lib/python3.12/shutil.py", line 750, in onexc
    return onerror(func, path, exc_info)
           ^^^^^^^^^^^^^^^^^^^^^^^^^^^^^
  File "/opt/ohpc/pub/compiler/conda/latest/lib/python3.12/shutil.py", line 700, in _rmtree_safe_fd
    onexc(os.unlink, fullname, err)
  File "/opt/ohpc/pub/compiler/conda/latest/lib/python3.12/shutil.py", line 750, in onexc
    return onerror(func, path, exc_info)
           ^^^^^^^^^^^^^^^^^^^^^^^^^^^^^
  File "/opt/ohpc/pub/compiler/conda/latest/lib/python3.12/shutil.py", line 698, in _rmtree_safe_fd
    os.unlink(entry.name, dir_fd=topfd)
OSError: [Errno 16] Device or resource busy: '/tmp/pymp-78wbecpn'
  File "/opt/ohpc/pub/compiler/conda/latest/lib/python3.12/multiprocessing/util.py", line 303, in _run_finalizers
    finalizer()
  File "/opt/ohpc/pub/compiler/conda/latest/lib/python3.12/multiprocessing/util.py", line 227, in __call__
    res = self._callback(*self._args, **self._kwargs)
          ^^^^^^^^^^^^^^^^^^^^^^^^^^^^^^^^^^^^^^^^^^^
  File "/opt/ohpc/pub/compiler/conda/latest/lib/python3.12/multiprocessing/util.py", line 136, in _remove_temp_dir
    rmtree(tempdir, onerror=onerror)
  File "/opt/ohpc/pub/compiler/conda/latest/lib/python3.12/shutil.py", line 759, in rmtree
    _rmtree_safe_fd(stack, onexc)
  File "/opt/ohpc/pub/compiler/conda/latest/lib/python3.12/shutil.py", line 703, in _rmtree_safe_fd
    onexc(func, path, err)
  File "/opt/ohpc/pub/compiler/conda/latest/lib/python3.12/shutil.py", line 750, in onexc
    return onerror(func, path, exc_info)
           ^^^^^^^^^^^^^^^^^^^^^^^^^^^^^
  File "/opt/ohpc/pub/compiler/conda/latest/lib/python3.12/shutil.py", line 700, in _rmtree_safe_fd
    onexc(os.unlink, fullname, err)
  File "/opt/ohpc/pub/compiler/conda/latest/lib/python3.12/shutil.py", line 750, in onexc
    return onerror(func, path, exc_info)
           ^^^^^^^^^^^^^^^^^^^^^^^^^^^^^
  File "/opt/ohpc/pub/compiler/conda/latest/lib/python3.12/shutil.py", line 698, in _rmtree_safe_fd
    os.unlink(entry.name, dir_fd=topfd)
  File "/opt/ohpc/pub/compiler/conda/latest/lib/python3.12/multiprocessing/util.py", line 303, in _run_finalizers
    finalizer()
OSError: [Errno 16] Device or resource busy: '/tmp/pymp-m0i4u_tp'
  File "/opt/ohpc/pub/compiler/conda/latest/lib/python3.12/multiprocessing/util.py", line 227, in __call__
    res = self._callback(*self._args, **self._kwargs)
          ^^^^^^^^^^^^^^^^^^^^^^^^^^^^^^^^^^^^^^^^^^^
  File "/opt/ohpc/pub/compiler/conda/latest/lib/python3.12/multiprocessing/util.py", line 136, in _remove_temp_dir
    rmtree(tempdir, onerror=onerror)
  File "/opt/ohpc/pub/compiler/conda/latest/lib/python3.12/shutil.py", line 759, in rmtree
    _rmtree_safe_fd(stack, onexc)
  File "/opt/ohpc/pub/compiler/conda/latest/lib/python3.12/shutil.py", line 703, in _rmtree_safe_fd
    onexc(func, path, err)
  File "/opt/ohpc/pub/compiler/conda/latest/lib/python3.12/shutil.py", line 750, in onexc
    return onerror(func, path, exc_info)
           ^^^^^^^^^^^^^^^^^^^^^^^^^^^^^
  File "/opt/ohpc/pub/compiler/conda/latest/lib/python3.12/shutil.py", line 700, in _rmtree_safe_fd
    onexc(os.unlink, fullname, err)
  File "/opt/ohpc/pub/compiler/conda/latest/lib/python3.12/shutil.py", line 750, in onexc
    return onerror(func, path, exc_info)
           ^^^^^^^^^^^^^^^^^^^^^^^^^^^^^
  File "/opt/ohpc/pub/compiler/conda/latest/lib/python3.12/shutil.py", line 698, in _rmtree_safe_fd
    os.unlink(entry.name, dir_fd=topfd)
OSError: [Errno 16] Device or resource busy: '/tmp/pymp-0b72i7fn'
Traceback (most recent call last):
  File "/opt/ohpc/pub/compiler/conda/latest/lib/python3.12/multiprocessing/util.py", line 303, in _run_finalizers
    finalizer()
  File "/opt/ohpc/pub/compiler/conda/latest/lib/python3.12/multiprocessing/util.py", line 227, in __call__
    res = self._callback(*self._args, **self._kwargs)
          ^^^^^^^^^^^^^^^^^^^^^^^^^^^^^^^^^^^^^^^^^^^
  File "/opt/ohpc/pub/compiler/conda/latest/lib/python3.12/multiprocessing/util.py", line 136, in _remove_temp_dir
    rmtree(tempdir, onerror=onerror)
  File "/opt/ohpc/pub/compiler/conda/latest/lib/python3.12/shutil.py", line 759, in rmtree
    _rmtree_safe_fd(stack, onexc)
  File "/opt/ohpc/pub/compiler/conda/latest/lib/python3.12/shutil.py", line 703, in _rmtree_safe_fd
    onexc(func, path, err)
  File "/opt/ohpc/pub/compiler/conda/latest/lib/python3.12/shutil.py", line 750, in onexc
    return onerror(func, path, exc_info)
           ^^^^^^^^^^^^^^^^^^^^^^^^^^^^^
  File "/opt/ohpc/pub/compiler/conda/latest/lib/python3.12/shutil.py", line 700, in _rmtree_safe_fd
    onexc(os.unlink, fullname, err)
  File "/opt/ohpc/pub/compiler/conda/latest/lib/python3.12/shutil.py", line 750, in onexc
    return onerror(func, path, exc_info)
           ^^^^^^^^^^^^^^^^^^^^^^^^^^^^^
  File "/opt/ohpc/pub/compiler/conda/latest/lib/python3.12/shutil.py", line 698, in _rmtree_safe_fd
    os.unlink(entry.name, dir_fd=topfd)
OSError: [Errno 16] Device or resource busy: '/tmp/pymp-kovmjyr5'
Traceback (most recent call last):
  File "/opt/ohpc/pub/compiler/conda/latest/lib/python3.12/multiprocessing/util.py", line 303, in _run_finalizers
    finalizer()
  File "/opt/ohpc/pub/compiler/conda/latest/lib/python3.12/multiprocessing/util.py", line 227, in __call__
    res = self._callback(*self._args, **self._kwargs)
          ^^^^^^^^^^^^^^^^^^^^^^^^^^^^^^^^^^^^^^^^^^^
  File "/opt/ohpc/pub/compiler/conda/latest/lib/python3.12/multiprocessing/util.py", line 136, in _remove_temp_dir
    rmtree(tempdir, onerror=onerror)
  File "/opt/ohpc/pub/compiler/conda/latest/lib/python3.12/shutil.py", line 759, in rmtree
    _rmtree_safe_fd(stack, onexc)
  File "/opt/ohpc/pub/compiler/conda/latest/lib/python3.12/shutil.py", line 703, in _rmtree_safe_fd
    onexc(func, path, err)
  File "/opt/ohpc/pub/compiler/conda/latest/lib/python3.12/shutil.py", line 750, in onexc
    return onerror(func, path, exc_info)
           ^^^^^^^^^^^^^^^^^^^^^^^^^^^^^
  File "/opt/ohpc/pub/compiler/conda/latest/lib/python3.12/shutil.py", line 700, in _rmtree_safe_fd
    onexc(os.unlink, fullname, err)
  File "/opt/ohpc/pub/compiler/conda/latest/lib/python3.12/shutil.py", line 750, in onexc
    return onerror(func, path, exc_info)
           ^^^^^^^^^^^^^^^^^^^^^^^^^^^^^
  File "/opt/ohpc/pub/compiler/conda/latest/lib/python3.12/shutil.py", line 698, in _rmtree_safe_fd
    os.unlink(entry.name, dir_fd=topfd)
OSError: [Errno 16] Device or resource busy: '/tmp/pymp-luokpzpl'
Traceback (most recent call last):
Traceback (most recent call last):
  File "/opt/ohpc/pub/compiler/conda/latest/lib/python3.12/multiprocessing/util.py", line 303, in _run_finalizers
    finalizer()
Traceback (most recent call last):
  File "/opt/ohpc/pub/compiler/conda/latest/lib/python3.12/multiprocessing/util.py", line 227, in __call__
    res = self._callback(*self._args, **self._kwargs)
          ^^^^^^^^^^^^^^^^^^^^^^^^^^^^^^^^^^^^^^^^^^^
  File "/opt/ohpc/pub/compiler/conda/latest/lib/python3.12/multiprocessing/util.py", line 136, in _remove_temp_dir
    rmtree(tempdir, onerror=onerror)
  File "/opt/ohpc/pub/compiler/conda/latest/lib/python3.12/shutil.py", line 759, in rmtree
    _rmtree_safe_fd(stack, onexc)
  File "/opt/ohpc/pub/compiler/conda/latest/lib/python3.12/shutil.py", line 703, in _rmtree_safe_fd
    onexc(func, path, err)
  File "/opt/ohpc/pub/compiler/conda/latest/lib/python3.12/shutil.py", line 750, in onexc
    return onerror(func, path, exc_info)
           ^^^^^^^^^^^^^^^^^^^^^^^^^^^^^
  File "/opt/ohpc/pub/compiler/conda/latest/lib/python3.12/shutil.py", line 700, in _rmtree_safe_fd
    onexc(os.unlink, fullname, err)
  File "/opt/ohpc/pub/compiler/conda/latest/lib/python3.12/shutil.py", line 750, in onexc
    return onerror(func, path, exc_info)
           ^^^^^^^^^^^^^^^^^^^^^^^^^^^^^
  File "/opt/ohpc/pub/compiler/conda/latest/lib/python3.12/shutil.py", line 698, in _rmtree_safe_fd
    os.unlink(entry.name, dir_fd=topfd)
OSError: [Errno 16] Device or resource busy: '/tmp/pymp-cyxx10cr'
  File "/opt/ohpc/pub/compiler/conda/latest/lib/python3.12/multiprocessing/util.py", line 303, in _run_finalizers
    finalizer()
  File "/opt/ohpc/pub/compiler/conda/latest/lib/python3.12/multiprocessing/util.py", line 227, in __call__
    res = self._callback(*self._args, **self._kwargs)
          ^^^^^^^^^^^^^^^^^^^^^^^^^^^^^^^^^^^^^^^^^^^
  File "/opt/ohpc/pub/compiler/conda/latest/lib/python3.12/multiprocessing/util.py", line 136, in _remove_temp_dir
    rmtree(tempdir, onerror=onerror)
  File "/opt/ohpc/pub/compiler/conda/latest/lib/python3.12/shutil.py", line 759, in rmtree
    _rmtree_safe_fd(stack, onexc)
  File "/opt/ohpc/pub/compiler/conda/latest/lib/python3.12/shutil.py", line 703, in _rmtree_safe_fd
    onexc(func, path, err)
  File "/opt/ohpc/pub/compiler/conda/latest/lib/python3.12/shutil.py", line 750, in onexc
    return onerror(func, path, exc_info)
           ^^^^^^^^^^^^^^^^^^^^^^^^^^^^^
  File "/opt/ohpc/pub/compiler/conda/latest/lib/python3.12/shutil.py", line 700, in _rmtree_safe_fd
    onexc(os.unlink, fullname, err)
  File "/opt/ohpc/pub/compiler/conda/latest/lib/python3.12/shutil.py", line 750, in onexc
    return onerror(func, path, exc_info)
           ^^^^^^^^^^^^^^^^^^^^^^^^^^^^^
  File "/opt/ohpc/pub/compiler/conda/latest/lib/python3.12/shutil.py", line 698, in _rmtree_safe_fd
    os.unlink(entry.name, dir_fd=topfd)
OSError: [Errno 16] Device or resource busy: '/tmp/pymp-3azwkxov'
  File "/opt/ohpc/pub/compiler/conda/latest/lib/python3.12/multiprocessing/util.py", line 303, in _run_finalizers
    finalizer()
  File "/opt/ohpc/pub/compiler/conda/latest/lib/python3.12/multiprocessing/util.py", line 227, in __call__
    res = self._callback(*self._args, **self._kwargs)
          ^^^^^^^^^^^^^^^^^^^^^^^^^^^^^^^^^^^^^^^^^^^
  File "/opt/ohpc/pub/compiler/conda/latest/lib/python3.12/multiprocessing/util.py", line 136, in _remove_temp_dir
    rmtree(tempdir, onerror=onerror)
  File "/opt/ohpc/pub/compiler/conda/latest/lib/python3.12/shutil.py", line 759, in rmtree
    _rmtree_safe_fd(stack, onexc)
  File "/opt/ohpc/pub/compiler/conda/latest/lib/python3.12/shutil.py", line 703, in _rmtree_safe_fd
    onexc(func, path, err)
  File "/opt/ohpc/pub/compiler/conda/latest/lib/python3.12/shutil.py", line 750, in onexc
    return onerror(func, path, exc_info)
           ^^^^^^^^^^^^^^^^^^^^^^^^^^^^^
  File "/opt/ohpc/pub/compiler/conda/latest/lib/python3.12/shutil.py", line 700, in _rmtree_safe_fd
    onexc(os.unlink, fullname, err)
  File "/opt/ohpc/pub/compiler/conda/latest/lib/python3.12/shutil.py", line 750, in onexc
    return onerror(func, path, exc_info)
           ^^^^^^^^^^^^^^^^^^^^^^^^^^^^^
  File "/opt/ohpc/pub/compiler/conda/latest/lib/python3.12/shutil.py", line 698, in _rmtree_safe_fd
    os.unlink(entry.name, dir_fd=topfd)
OSError: [Errno 16] Device or resource busy: '/tmp/pymp-rcrujo54'
Traceback (most recent call last):
Traceback (most recent call last):
  File "/opt/ohpc/pub/compiler/conda/latest/lib/python3.12/multiprocessing/util.py", line 303, in _run_finalizers
    finalizer()
  File "/opt/ohpc/pub/compiler/conda/latest/lib/python3.12/multiprocessing/util.py", line 227, in __call__
    res = self._callback(*self._args, **self._kwargs)
          ^^^^^^^^^^^^^^^^^^^^^^^^^^^^^^^^^^^^^^^^^^^
  File "/opt/ohpc/pub/compiler/conda/latest/lib/python3.12/multiprocessing/util.py", line 136, in _remove_temp_dir
    rmtree(tempdir, onerror=onerror)
  File "/opt/ohpc/pub/compiler/conda/latest/lib/python3.12/shutil.py", line 759, in rmtree
    _rmtree_safe_fd(stack, onexc)
  File "/opt/ohpc/pub/compiler/conda/latest/lib/python3.12/shutil.py", line 703, in _rmtree_safe_fd
    onexc(func, path, err)
  File "/opt/ohpc/pub/compiler/conda/latest/lib/python3.12/shutil.py", line 750, in onexc
    return onerror(func, path, exc_info)
           ^^^^^^^^^^^^^^^^^^^^^^^^^^^^^
  File "/opt/ohpc/pub/compiler/conda/latest/lib/python3.12/shutil.py", line 700, in _rmtree_safe_fd
    onexc(os.unlink, fullname, err)
  File "/opt/ohpc/pub/compiler/conda/latest/lib/python3.12/shutil.py", line 750, in onexc
    return onerror(func, path, exc_info)
           ^^^^^^^^^^^^^^^^^^^^^^^^^^^^^
  File "/opt/ohpc/pub/compiler/conda/latest/lib/python3.12/shutil.py", line 698, in _rmtree_safe_fd
    os.unlink(entry.name, dir_fd=topfd)
OSError: [Errno 16] Device or resource busy: '/tmp/pymp-at36bvva'
  File "/opt/ohpc/pub/compiler/conda/latest/lib/python3.12/multiprocessing/util.py", line 303, in _run_finalizers
    finalizer()
  File "/opt/ohpc/pub/compiler/conda/latest/lib/python3.12/multiprocessing/util.py", line 227, in __call__
    res = self._callback(*self._args, **self._kwargs)
          ^^^^^^^^^^^^^^^^^^^^^^^^^^^^^^^^^^^^^^^^^^^
  File "/opt/ohpc/pub/compiler/conda/latest/lib/python3.12/multiprocessing/util.py", line 136, in _remove_temp_dir
    rmtree(tempdir, onerror=onerror)
  File "/opt/ohpc/pub/compiler/conda/latest/lib/python3.12/shutil.py", line 759, in rmtree
    _rmtree_safe_fd(stack, onexc)
  File "/opt/ohpc/pub/compiler/conda/latest/lib/python3.12/shutil.py", line 703, in _rmtree_safe_fd
    onexc(func, path, err)
  File "/opt/ohpc/pub/compiler/conda/latest/lib/python3.12/shutil.py", line 750, in onexc
    return onerror(func, path, exc_info)
           ^^^^^^^^^^^^^^^^^^^^^^^^^^^^^
  File "/opt/ohpc/pub/compiler/conda/latest/lib/python3.12/shutil.py", line 700, in _rmtree_safe_fd
    onexc(os.unlink, fullname, err)
  File "/opt/ohpc/pub/compiler/conda/latest/lib/python3.12/shutil.py", line 750, in onexc
    return onerror(func, path, exc_info)
           ^^^^^^^^^^^^^^^^^^^^^^^^^^^^^
  File "/opt/ohpc/pub/compiler/conda/latest/lib/python3.12/shutil.py", line 698, in _rmtree_safe_fd
    os.unlink(entry.name, dir_fd=topfd)
OSError: [Errno 16] Device or resource busy: '/tmp/pymp-qsrln4bu'
Traceback (most recent call last):
  File "/opt/ohpc/pub/compiler/conda/latest/lib/python3.12/multiprocessing/util.py", line 303, in _run_finalizers
    finalizer()
  File "/opt/ohpc/pub/compiler/conda/latest/lib/python3.12/multiprocessing/util.py", line 227, in __call__
    res = self._callback(*self._args, **self._kwargs)
          ^^^^^^^^^^^^^^^^^^^^^^^^^^^^^^^^^^^^^^^^^^^
  File "/opt/ohpc/pub/compiler/conda/latest/lib/python3.12/multiprocessing/util.py", line 136, in _remove_temp_dir
    rmtree(tempdir, onerror=onerror)
  File "/opt/ohpc/pub/compiler/conda/latest/lib/python3.12/shutil.py", line 759, in rmtree
    _rmtree_safe_fd(stack, onexc)
  File "/opt/ohpc/pub/compiler/conda/latest/lib/python3.12/shutil.py", line 703, in _rmtree_safe_fd
    onexc(func, path, err)
  File "/opt/ohpc/pub/compiler/conda/latest/lib/python3.12/shutil.py", line 750, in onexc
    return onerror(func, path, exc_info)
           ^^^^^^^^^^^^^^^^^^^^^^^^^^^^^
  File "/opt/ohpc/pub/compiler/conda/latest/lib/python3.12/shutil.py", line 700, in _rmtree_safe_fd
    onexc(os.unlink, fullname, err)
  File "/opt/ohpc/pub/compiler/conda/latest/lib/python3.12/shutil.py", line 750, in onexc
    return onerror(func, path, exc_info)
           ^^^^^^^^^^^^^^^^^^^^^^^^^^^^^
  File "/opt/ohpc/pub/compiler/conda/latest/lib/python3.12/shutil.py", line 698, in _rmtree_safe_fd
    os.unlink(entry.name, dir_fd=topfd)
OSError: [Errno 16] Device or resource busy: '/tmp/pymp-gb1e61og'
Traceback (most recent call last):
  File "/opt/ohpc/pub/compiler/conda/latest/lib/python3.12/multiprocessing/util.py", line 303, in _run_finalizers
    finalizer()
  File "/opt/ohpc/pub/compiler/conda/latest/lib/python3.12/multiprocessing/util.py", line 227, in __call__
    res = self._callback(*self._args, **self._kwargs)
          ^^^^^^^^^^^^^^^^^^^^^^^^^^^^^^^^^^^^^^^^^^^
  File "/opt/ohpc/pub/compiler/conda/latest/lib/python3.12/multiprocessing/util.py", line 136, in _remove_temp_dir
    rmtree(tempdir, onerror=onerror)
  File "/opt/ohpc/pub/compiler/conda/latest/lib/python3.12/shutil.py", line 759, in rmtree
    _rmtree_safe_fd(stack, onexc)
  File "/opt/ohpc/pub/compiler/conda/latest/lib/python3.12/shutil.py", line 703, in _rmtree_safe_fd
    onexc(func, path, err)
  File "/opt/ohpc/pub/compiler/conda/latest/lib/python3.12/shutil.py", line 750, in onexc
    return onerror(func, path, exc_info)
           ^^^^^^^^^^^^^^^^^^^^^^^^^^^^^
  File "/opt/ohpc/pub/compiler/conda/latest/lib/python3.12/shutil.py", line 700, in _rmtree_safe_fd
    onexc(os.unlink, fullname, err)
  File "/opt/ohpc/pub/compiler/conda/latest/lib/python3.12/shutil.py", line 750, in onexc
    return onerror(func, path, exc_info)
           ^^^^^^^^^^^^^^^^^^^^^^^^^^^^^
  File "/opt/ohpc/pub/compiler/conda/latest/lib/python3.12/shutil.py", line 698, in _rmtree_safe_fd
    os.unlink(entry.name, dir_fd=topfd)
OSError: [Errno 16] Device or resource busy: '/tmp/pymp-4998gort'
Traceback (most recent call last):
  File "/opt/ohpc/pub/compiler/conda/latest/lib/python3.12/multiprocessing/util.py", line 303, in _run_finalizers
    finalizer()
  File "/opt/ohpc/pub/compiler/conda/latest/lib/python3.12/multiprocessing/util.py", line 227, in __call__
    res = self._callback(*self._args, **self._kwargs)
          ^^^^^^^^^^^^^^^^^^^^^^^^^^^^^^^^^^^^^^^^^^^
  File "/opt/ohpc/pub/compiler/conda/latest/lib/python3.12/multiprocessing/util.py", line 136, in _remove_temp_dir
    rmtree(tempdir, onerror=onerror)
  File "/opt/ohpc/pub/compiler/conda/latest/lib/python3.12/shutil.py", line 759, in rmtree
    _rmtree_safe_fd(stack, onexc)
  File "/opt/ohpc/pub/compiler/conda/latest/lib/python3.12/shutil.py", line 703, in _rmtree_safe_fd
    onexc(func, path, err)
  File "/opt/ohpc/pub/compiler/conda/latest/lib/python3.12/shutil.py", line 750, in onexc
    return onerror(func, path, exc_info)
           ^^^^^^^^^^^^^^^^^^^^^^^^^^^^^
  File "/opt/ohpc/pub/compiler/conda/latest/lib/python3.12/shutil.py", line 700, in _rmtree_safe_fd
    onexc(os.unlink, fullname, err)
  File "/opt/ohpc/pub/compiler/conda/latest/lib/python3.12/shutil.py", line 750, in onexc
    return onerror(func, path, exc_info)
           ^^^^^^^^^^^^^^^^^^^^^^^^^^^^^
  File "/opt/ohpc/pub/compiler/conda/latest/lib/python3.12/shutil.py", line 698, in _rmtree_safe_fd
    os.unlink(entry.name, dir_fd=topfd)
OSError: [Errno 16] Device or resource busy: '/tmp/pymp-8xdyewal'
Traceback (most recent call last):
  File "/opt/ohpc/pub/compiler/conda/latest/lib/python3.12/multiprocessing/util.py", line 303, in _run_finalizers
    finalizer()
  File "/opt/ohpc/pub/compiler/conda/latest/lib/python3.12/multiprocessing/util.py", line 227, in __call__
    res = self._callback(*self._args, **self._kwargs)
          ^^^^^^^^^^^^^^^^^^^^^^^^^^^^^^^^^^^^^^^^^^^
  File "/opt/ohpc/pub/compiler/conda/latest/lib/python3.12/multiprocessing/util.py", line 136, in _remove_temp_dir
    rmtree(tempdir, onerror=onerror)
  File "/opt/ohpc/pub/compiler/conda/latest/lib/python3.12/shutil.py", line 759, in rmtree
    _rmtree_safe_fd(stack, onexc)
  File "/opt/ohpc/pub/compiler/conda/latest/lib/python3.12/shutil.py", line 703, in _rmtree_safe_fd
    onexc(func, path, err)
  File "/opt/ohpc/pub/compiler/conda/latest/lib/python3.12/shutil.py", line 750, in onexc
    return onerror(func, path, exc_info)
           ^^^^^^^^^^^^^^^^^^^^^^^^^^^^^
  File "/opt/ohpc/pub/compiler/conda/latest/lib/python3.12/shutil.py", line 700, in _rmtree_safe_fd
    onexc(os.unlink, fullname, err)
  File "/opt/ohpc/pub/compiler/conda/latest/lib/python3.12/shutil.py", line 750, in onexc
    return onerror(func, path, exc_info)
           ^^^^^^^^^^^^^^^^^^^^^^^^^^^^^
  File "/opt/ohpc/pub/compiler/conda/latest/lib/python3.12/shutil.py", line 698, in _rmtree_safe_fd
    os.unlink(entry.name, dir_fd=topfd)
OSError: [Errno 16] Device or resource busy: '/tmp/pymp-1xg5wlxs'
Traceback (most recent call last):
  File "/opt/ohpc/pub/compiler/conda/latest/lib/python3.12/multiprocessing/util.py", line 303, in _run_finalizers
    finalizer()
  File "/opt/ohpc/pub/compiler/conda/latest/lib/python3.12/multiprocessing/util.py", line 227, in __call__
    res = self._callback(*self._args, **self._kwargs)
          ^^^^^^^^^^^^^^^^^^^^^^^^^^^^^^^^^^^^^^^^^^^
  File "/opt/ohpc/pub/compiler/conda/latest/lib/python3.12/multiprocessing/util.py", line 136, in _remove_temp_dir
    rmtree(tempdir, onerror=onerror)
  File "/opt/ohpc/pub/compiler/conda/latest/lib/python3.12/shutil.py", line 759, in rmtree
    _rmtree_safe_fd(stack, onexc)
  File "/opt/ohpc/pub/compiler/conda/latest/lib/python3.12/shutil.py", line 703, in _rmtree_safe_fd
    onexc(func, path, err)
  File "/opt/ohpc/pub/compiler/conda/latest/lib/python3.12/shutil.py", line 750, in onexc
    return onerror(func, path, exc_info)
           ^^^^^^^^^^^^^^^^^^^^^^^^^^^^^
  File "/opt/ohpc/pub/compiler/conda/latest/lib/python3.12/shutil.py", line 700, in _rmtree_safe_fd
    onexc(os.unlink, fullname, err)
  File "/opt/ohpc/pub/compiler/conda/latest/lib/python3.12/shutil.py", line 750, in onexc
    return onerror(func, path, exc_info)
           ^^^^^^^^^^^^^^^^^^^^^^^^^^^^^
  File "/opt/ohpc/pub/compiler/conda/latest/lib/python3.12/shutil.py", line 698, in _rmtree_safe_fd
    os.unlink(entry.name, dir_fd=topfd)
OSError: [Errno 16] Device or resource busy: '/tmp/pymp-21njwmzc'
[val 007] loss=-0.2212 z_std=0.0470 rankme=52.283 lidar=35.917 areq=1.665 pr=1.97 align=0.3589 unif=-1.394 converged=False collapsed=False
  e008 it0000/62 lr=0.0025 loss=-0.2206 z_std=0.0637
  e008 it0010/62 lr=0.0026 loss=-0.2452 z_std=0.0640
  e008 it0020/62 lr=0.0026 loss=-0.2492 z_std=0.0639
  e008 it0030/62 lr=0.0027 loss=-0.2544 z_std=0.0640
  e008 it0040/62 lr=0.0027 loss=-0.2608 z_std=0.0639
  e008 it0050/62 lr=0.0028 loss=-0.2695 z_std=0.0639
  e008 it0060/62 lr=0.0028 loss=-0.2786 z_std=0.0639
[epoch 008] loss=-0.2798 z_std=0.0639 (healthy~0.0625) time=193.4s
Traceback (most recent call last):
Traceback (most recent call last):
Traceback (most recent call last):
Traceback (most recent call last):
Traceback (most recent call last):
  File "/opt/ohpc/pub/compiler/conda/latest/lib/python3.12/multiprocessing/util.py", line 303, in _run_finalizers
    finalizer()
  File "/opt/ohpc/pub/compiler/conda/latest/lib/python3.12/multiprocessing/util.py", line 227, in __call__
    res = self._callback(*self._args, **self._kwargs)
          ^^^^^^^^^^^^^^^^^^^^^^^^^^^^^^^^^^^^^^^^^^^
  File "/opt/ohpc/pub/compiler/conda/latest/lib/python3.12/multiprocessing/util.py", line 303, in _run_finalizers
    finalizer()
  File "/opt/ohpc/pub/compiler/conda/latest/lib/python3.12/multiprocessing/util.py", line 136, in _remove_temp_dir
    rmtree(tempdir, onerror=onerror)
  File "/opt/ohpc/pub/compiler/conda/latest/lib/python3.12/shutil.py", line 759, in rmtree
    _rmtree_safe_fd(stack, onexc)
  File "/opt/ohpc/pub/compiler/conda/latest/lib/python3.12/multiprocessing/util.py", line 227, in __call__
    res = self._callback(*self._args, **self._kwargs)
          ^^^^^^^^^^^^^^^^^^^^^^^^^^^^^^^^^^^^^^^^^^^
  File "/opt/ohpc/pub/compiler/conda/latest/lib/python3.12/shutil.py", line 703, in _rmtree_safe_fd
    onexc(func, path, err)
  File "/opt/ohpc/pub/compiler/conda/latest/lib/python3.12/multiprocessing/util.py", line 136, in _remove_temp_dir
    rmtree(tempdir, onerror=onerror)
  File "/opt/ohpc/pub/compiler/conda/latest/lib/python3.12/shutil.py", line 750, in onexc
    return onerror(func, path, exc_info)
           ^^^^^^^^^^^^^^^^^^^^^^^^^^^^^
  File "/opt/ohpc/pub/compiler/conda/latest/lib/python3.12/shutil.py", line 759, in rmtree
    _rmtree_safe_fd(stack, onexc)
  File "/opt/ohpc/pub/compiler/conda/latest/lib/python3.12/shutil.py", line 700, in _rmtree_safe_fd
    onexc(os.unlink, fullname, err)
  File "/opt/ohpc/pub/compiler/conda/latest/lib/python3.12/shutil.py", line 703, in _rmtree_safe_fd
    onexc(func, path, err)
  File "/opt/ohpc/pub/compiler/conda/latest/lib/python3.12/shutil.py", line 750, in onexc
    return onerror(func, path, exc_info)
           ^^^^^^^^^^^^^^^^^^^^^^^^^^^^^
  File "/opt/ohpc/pub/compiler/conda/latest/lib/python3.12/shutil.py", line 750, in onexc
    return onerror(func, path, exc_info)
           ^^^^^^^^^^^^^^^^^^^^^^^^^^^^^
  File "/opt/ohpc/pub/compiler/conda/latest/lib/python3.12/shutil.py", line 698, in _rmtree_safe_fd
    os.unlink(entry.name, dir_fd=topfd)
  File "/opt/ohpc/pub/compiler/conda/latest/lib/python3.12/shutil.py", line 700, in _rmtree_safe_fd
    onexc(os.unlink, fullname, err)
  File "/opt/ohpc/pub/compiler/conda/latest/lib/python3.12/shutil.py", line 750, in onexc
    return onerror(func, path, exc_info)
           ^^^^^^^^^^^^^^^^^^^^^^^^^^^^^
  File "/opt/ohpc/pub/compiler/conda/latest/lib/python3.12/shutil.py", line 698, in _rmtree_safe_fd
    os.unlink(entry.name, dir_fd=topfd)
OSError: [Errno 16] Device or resource busy: '/tmp/pymp-xpo4g3n0'
OSError: [Errno 16] Device or resource busy: '/tmp/pymp-ivdoolh7'
  File "/opt/ohpc/pub/compiler/conda/latest/lib/python3.12/multiprocessing/util.py", line 303, in _run_finalizers
    finalizer()
  File "/opt/ohpc/pub/compiler/conda/latest/lib/python3.12/multiprocessing/util.py", line 227, in __call__
    res = self._callback(*self._args, **self._kwargs)
          ^^^^^^^^^^^^^^^^^^^^^^^^^^^^^^^^^^^^^^^^^^^
  File "/opt/ohpc/pub/compiler/conda/latest/lib/python3.12/multiprocessing/util.py", line 136, in _remove_temp_dir
    rmtree(tempdir, onerror=onerror)
  File "/opt/ohpc/pub/compiler/conda/latest/lib/python3.12/shutil.py", line 759, in rmtree
    _rmtree_safe_fd(stack, onexc)
  File "/opt/ohpc/pub/compiler/conda/latest/lib/python3.12/shutil.py", line 703, in _rmtree_safe_fd
    onexc(func, path, err)
  File "/opt/ohpc/pub/compiler/conda/latest/lib/python3.12/shutil.py", line 750, in onexc
    return onerror(func, path, exc_info)
           ^^^^^^^^^^^^^^^^^^^^^^^^^^^^^
  File "/opt/ohpc/pub/compiler/conda/latest/lib/python3.12/shutil.py", line 700, in _rmtree_safe_fd
    onexc(os.unlink, fullname, err)
  File "/opt/ohpc/pub/compiler/conda/latest/lib/python3.12/shutil.py", line 750, in onexc
    return onerror(func, path, exc_info)
           ^^^^^^^^^^^^^^^^^^^^^^^^^^^^^
  File "/opt/ohpc/pub/compiler/conda/latest/lib/python3.12/shutil.py", line 698, in _rmtree_safe_fd
    os.unlink(entry.name, dir_fd=topfd)
  File "/opt/ohpc/pub/compiler/conda/latest/lib/python3.12/multiprocessing/util.py", line 303, in _run_finalizers
    finalizer()
OSError: [Errno 16] Device or resource busy: '/tmp/pymp-t38zkfsl'
  File "/opt/ohpc/pub/compiler/conda/latest/lib/python3.12/multiprocessing/util.py", line 227, in __call__
    res = self._callback(*self._args, **self._kwargs)
          ^^^^^^^^^^^^^^^^^^^^^^^^^^^^^^^^^^^^^^^^^^^
  File "/opt/ohpc/pub/compiler/conda/latest/lib/python3.12/multiprocessing/util.py", line 136, in _remove_temp_dir
    rmtree(tempdir, onerror=onerror)
  File "/opt/ohpc/pub/compiler/conda/latest/lib/python3.12/shutil.py", line 759, in rmtree
    _rmtree_safe_fd(stack, onexc)
  File "/opt/ohpc/pub/compiler/conda/latest/lib/python3.12/shutil.py", line 703, in _rmtree_safe_fd
    onexc(func, path, err)
  File "/opt/ohpc/pub/compiler/conda/latest/lib/python3.12/multiprocessing/util.py", line 303, in _run_finalizers
    finalizer()
  File "/opt/ohpc/pub/compiler/conda/latest/lib/python3.12/shutil.py", line 750, in onexc
    return onerror(func, path, exc_info)
           ^^^^^^^^^^^^^^^^^^^^^^^^^^^^^
  File "/opt/ohpc/pub/compiler/conda/latest/lib/python3.12/shutil.py", line 700, in _rmtree_safe_fd
    onexc(os.unlink, fullname, err)
  File "/opt/ohpc/pub/compiler/conda/latest/lib/python3.12/multiprocessing/util.py", line 227, in __call__
    res = self._callback(*self._args, **self._kwargs)
          ^^^^^^^^^^^^^^^^^^^^^^^^^^^^^^^^^^^^^^^^^^^
  File "/opt/ohpc/pub/compiler/conda/latest/lib/python3.12/shutil.py", line 750, in onexc
    return onerror(func, path, exc_info)
           ^^^^^^^^^^^^^^^^^^^^^^^^^^^^^
  File "/opt/ohpc/pub/compiler/conda/latest/lib/python3.12/shutil.py", line 698, in _rmtree_safe_fd
    os.unlink(entry.name, dir_fd=topfd)
  File "/opt/ohpc/pub/compiler/conda/latest/lib/python3.12/multiprocessing/util.py", line 136, in _remove_temp_dir
    rmtree(tempdir, onerror=onerror)
  File "/opt/ohpc/pub/compiler/conda/latest/lib/python3.12/shutil.py", line 759, in rmtree
    _rmtree_safe_fd(stack, onexc)
  File "/opt/ohpc/pub/compiler/conda/latest/lib/python3.12/shutil.py", line 703, in _rmtree_safe_fd
    onexc(func, path, err)
  File "/opt/ohpc/pub/compiler/conda/latest/lib/python3.12/shutil.py", line 750, in onexc
    return onerror(func, path, exc_info)
           ^^^^^^^^^^^^^^^^^^^^^^^^^^^^^
  File "/opt/ohpc/pub/compiler/conda/latest/lib/python3.12/shutil.py", line 700, in _rmtree_safe_fd
    onexc(os.unlink, fullname, err)
OSError: [Errno 16] Device or resource busy: '/tmp/pymp-n9prtvc9'
  File "/opt/ohpc/pub/compiler/conda/latest/lib/python3.12/shutil.py", line 750, in onexc
    return onerror(func, path, exc_info)
           ^^^^^^^^^^^^^^^^^^^^^^^^^^^^^
  File "/opt/ohpc/pub/compiler/conda/latest/lib/python3.12/shutil.py", line 698, in _rmtree_safe_fd
    os.unlink(entry.name, dir_fd=topfd)
OSError: [Errno 16] Device or resource busy: '/tmp/pymp-hhwlnk2o'
Traceback (most recent call last):
  File "/opt/ohpc/pub/compiler/conda/latest/lib/python3.12/multiprocessing/util.py", line 303, in _run_finalizers
    finalizer()
  File "/opt/ohpc/pub/compiler/conda/latest/lib/python3.12/multiprocessing/util.py", line 227, in __call__
    res = self._callback(*self._args, **self._kwargs)
          ^^^^^^^^^^^^^^^^^^^^^^^^^^^^^^^^^^^^^^^^^^^
  File "/opt/ohpc/pub/compiler/conda/latest/lib/python3.12/multiprocessing/util.py", line 136, in _remove_temp_dir
    rmtree(tempdir, onerror=onerror)
  File "/opt/ohpc/pub/compiler/conda/latest/lib/python3.12/shutil.py", line 759, in rmtree
    _rmtree_safe_fd(stack, onexc)
  File "/opt/ohpc/pub/compiler/conda/latest/lib/python3.12/shutil.py", line 703, in _rmtree_safe_fd
    onexc(func, path, err)
  File "/opt/ohpc/pub/compiler/conda/latest/lib/python3.12/shutil.py", line 750, in onexc
    return onerror(func, path, exc_info)
           ^^^^^^^^^^^^^^^^^^^^^^^^^^^^^
  File "/opt/ohpc/pub/compiler/conda/latest/lib/python3.12/shutil.py", line 700, in _rmtree_safe_fd
    onexc(os.unlink, fullname, err)
  File "/opt/ohpc/pub/compiler/conda/latest/lib/python3.12/shutil.py", line 750, in onexc
    return onerror(func, path, exc_info)
           ^^^^^^^^^^^^^^^^^^^^^^^^^^^^^
  File "/opt/ohpc/pub/compiler/conda/latest/lib/python3.12/shutil.py", line 698, in _rmtree_safe_fd
    os.unlink(entry.name, dir_fd=topfd)
OSError: [Errno 16] Device or resource busy: '/tmp/pymp-wj0k_1uv'
Traceback (most recent call last):
Traceback (most recent call last):
  File "/opt/ohpc/pub/compiler/conda/latest/lib/python3.12/multiprocessing/util.py", line 303, in _run_finalizers
    finalizer()
  File "/opt/ohpc/pub/compiler/conda/latest/lib/python3.12/multiprocessing/util.py", line 227, in __call__
    res = self._callback(*self._args, **self._kwargs)
          ^^^^^^^^^^^^^^^^^^^^^^^^^^^^^^^^^^^^^^^^^^^
  File "/opt/ohpc/pub/compiler/conda/latest/lib/python3.12/multiprocessing/util.py", line 136, in _remove_temp_dir
    rmtree(tempdir, onerror=onerror)
  File "/opt/ohpc/pub/compiler/conda/latest/lib/python3.12/shutil.py", line 759, in rmtree
    _rmtree_safe_fd(stack, onexc)
  File "/opt/ohpc/pub/compiler/conda/latest/lib/python3.12/shutil.py", line 703, in _rmtree_safe_fd
    onexc(func, path, err)
  File "/opt/ohpc/pub/compiler/conda/latest/lib/python3.12/shutil.py", line 750, in onexc
    return onerror(func, path, exc_info)
           ^^^^^^^^^^^^^^^^^^^^^^^^^^^^^
  File "/opt/ohpc/pub/compiler/conda/latest/lib/python3.12/shutil.py", line 700, in _rmtree_safe_fd
    onexc(os.unlink, fullname, err)
  File "/opt/ohpc/pub/compiler/conda/latest/lib/python3.12/shutil.py", line 750, in onexc
    return onerror(func, path, exc_info)
           ^^^^^^^^^^^^^^^^^^^^^^^^^^^^^
  File "/opt/ohpc/pub/compiler/conda/latest/lib/python3.12/shutil.py", line 698, in _rmtree_safe_fd
    os.unlink(entry.name, dir_fd=topfd)
OSError: [Errno 16] Device or resource busy: '/tmp/pymp-ybdajl_2'
  File "/opt/ohpc/pub/compiler/conda/latest/lib/python3.12/multiprocessing/util.py", line 303, in _run_finalizers
    finalizer()
  File "/opt/ohpc/pub/compiler/conda/latest/lib/python3.12/multiprocessing/util.py", line 227, in __call__
    res = self._callback(*self._args, **self._kwargs)
          ^^^^^^^^^^^^^^^^^^^^^^^^^^^^^^^^^^^^^^^^^^^
  File "/opt/ohpc/pub/compiler/conda/latest/lib/python3.12/multiprocessing/util.py", line 136, in _remove_temp_dir
    rmtree(tempdir, onerror=onerror)
  File "/opt/ohpc/pub/compiler/conda/latest/lib/python3.12/shutil.py", line 759, in rmtree
    _rmtree_safe_fd(stack, onexc)
  File "/opt/ohpc/pub/compiler/conda/latest/lib/python3.12/shutil.py", line 703, in _rmtree_safe_fd
    onexc(func, path, err)
  File "/opt/ohpc/pub/compiler/conda/latest/lib/python3.12/shutil.py", line 750, in onexc
    return onerror(func, path, exc_info)
           ^^^^^^^^^^^^^^^^^^^^^^^^^^^^^
  File "/opt/ohpc/pub/compiler/conda/latest/lib/python3.12/shutil.py", line 700, in _rmtree_safe_fd
    onexc(os.unlink, fullname, err)
  File "/opt/ohpc/pub/compiler/conda/latest/lib/python3.12/shutil.py", line 750, in onexc
    return onerror(func, path, exc_info)
           ^^^^^^^^^^^^^^^^^^^^^^^^^^^^^
  File "/opt/ohpc/pub/compiler/conda/latest/lib/python3.12/shutil.py", line 698, in _rmtree_safe_fd
    os.unlink(entry.name, dir_fd=topfd)
OSError: [Errno 16] Device or resource busy: '/tmp/pymp-3u9djge9'
Traceback (most recent call last):
Traceback (most recent call last):
  File "/opt/ohpc/pub/compiler/conda/latest/lib/python3.12/multiprocessing/util.py", line 303, in _run_finalizers
    finalizer()
  File "/opt/ohpc/pub/compiler/conda/latest/lib/python3.12/multiprocessing/util.py", line 227, in __call__
    res = self._callback(*self._args, **self._kwargs)
          ^^^^^^^^^^^^^^^^^^^^^^^^^^^^^^^^^^^^^^^^^^^
  File "/opt/ohpc/pub/compiler/conda/latest/lib/python3.12/multiprocessing/util.py", line 136, in _remove_temp_dir
    rmtree(tempdir, onerror=onerror)
  File "/opt/ohpc/pub/compiler/conda/latest/lib/python3.12/shutil.py", line 759, in rmtree
    _rmtree_safe_fd(stack, onexc)
  File "/opt/ohpc/pub/compiler/conda/latest/lib/python3.12/shutil.py", line 703, in _rmtree_safe_fd
    onexc(func, path, err)
  File "/opt/ohpc/pub/compiler/conda/latest/lib/python3.12/shutil.py", line 750, in onexc
    return onerror(func, path, exc_info)
           ^^^^^^^^^^^^^^^^^^^^^^^^^^^^^
  File "/opt/ohpc/pub/compiler/conda/latest/lib/python3.12/shutil.py", line 700, in _rmtree_safe_fd
    onexc(os.unlink, fullname, err)
  File "/opt/ohpc/pub/compiler/conda/latest/lib/python3.12/shutil.py", line 750, in onexc
    return onerror(func, path, exc_info)
           ^^^^^^^^^^^^^^^^^^^^^^^^^^^^^
  File "/opt/ohpc/pub/compiler/conda/latest/lib/python3.12/shutil.py", line 698, in _rmtree_safe_fd
    os.unlink(entry.name, dir_fd=topfd)
OSError: [Errno 16] Device or resource busy: '/tmp/pymp-kc6cokg6'
  File "/opt/ohpc/pub/compiler/conda/latest/lib/python3.12/multiprocessing/util.py", line 303, in _run_finalizers
    finalizer()
  File "/opt/ohpc/pub/compiler/conda/latest/lib/python3.12/multiprocessing/util.py", line 227, in __call__
    res = self._callback(*self._args, **self._kwargs)
          ^^^^^^^^^^^^^^^^^^^^^^^^^^^^^^^^^^^^^^^^^^^
  File "/opt/ohpc/pub/compiler/conda/latest/lib/python3.12/multiprocessing/util.py", line 136, in _remove_temp_dir
    rmtree(tempdir, onerror=onerror)
  File "/opt/ohpc/pub/compiler/conda/latest/lib/python3.12/shutil.py", line 759, in rmtree
    _rmtree_safe_fd(stack, onexc)
  File "/opt/ohpc/pub/compiler/conda/latest/lib/python3.12/shutil.py", line 703, in _rmtree_safe_fd
    onexc(func, path, err)
  File "/opt/ohpc/pub/compiler/conda/latest/lib/python3.12/shutil.py", line 750, in onexc
    return onerror(func, path, exc_info)
           ^^^^^^^^^^^^^^^^^^^^^^^^^^^^^
  File "/opt/ohpc/pub/compiler/conda/latest/lib/python3.12/shutil.py", line 700, in _rmtree_safe_fd
    onexc(os.unlink, fullname, err)
  File "/opt/ohpc/pub/compiler/conda/latest/lib/python3.12/shutil.py", line 750, in onexc
    return onerror(func, path, exc_info)
           ^^^^^^^^^^^^^^^^^^^^^^^^^^^^^
  File "/opt/ohpc/pub/compiler/conda/latest/lib/python3.12/shutil.py", line 698, in _rmtree_safe_fd
    os.unlink(entry.name, dir_fd=topfd)
OSError: [Errno 16] Device or resource busy: '/tmp/pymp-k_c110ev'
Traceback (most recent call last):
Traceback (most recent call last):
Traceback (most recent call last):
Traceback (most recent call last):
Traceback (most recent call last):
  File "/opt/ohpc/pub/compiler/conda/latest/lib/python3.12/multiprocessing/util.py", line 303, in _run_finalizers
    finalizer()
  File "/opt/ohpc/pub/compiler/conda/latest/lib/python3.12/multiprocessing/util.py", line 227, in __call__
    res = self._callback(*self._args, **self._kwargs)
          ^^^^^^^^^^^^^^^^^^^^^^^^^^^^^^^^^^^^^^^^^^^
  File "/opt/ohpc/pub/compiler/conda/latest/lib/python3.12/multiprocessing/util.py", line 136, in _remove_temp_dir
    rmtree(tempdir, onerror=onerror)
  File "/opt/ohpc/pub/compiler/conda/latest/lib/python3.12/shutil.py", line 759, in rmtree
    _rmtree_safe_fd(stack, onexc)
  File "/opt/ohpc/pub/compiler/conda/latest/lib/python3.12/shutil.py", line 703, in _rmtree_safe_fd
    onexc(func, path, err)
  File "/opt/ohpc/pub/compiler/conda/latest/lib/python3.12/shutil.py", line 750, in onexc
    return onerror(func, path, exc_info)
           ^^^^^^^^^^^^^^^^^^^^^^^^^^^^^
  File "/opt/ohpc/pub/compiler/conda/latest/lib/python3.12/shutil.py", line 700, in _rmtree_safe_fd
    onexc(os.unlink, fullname, err)
  File "/opt/ohpc/pub/compiler/conda/latest/lib/python3.12/shutil.py", line 750, in onexc
    return onerror(func, path, exc_info)
           ^^^^^^^^^^^^^^^^^^^^^^^^^^^^^
  File "/opt/ohpc/pub/compiler/conda/latest/lib/python3.12/shutil.py", line 698, in _rmtree_safe_fd
    os.unlink(entry.name, dir_fd=topfd)
OSError: [Errno 16] Device or resource busy: '/tmp/pymp-06tvcodi'
  File "/opt/ohpc/pub/compiler/conda/latest/lib/python3.12/multiprocessing/util.py", line 303, in _run_finalizers
    finalizer()
  File "/opt/ohpc/pub/compiler/conda/latest/lib/python3.12/multiprocessing/util.py", line 227, in __call__
    res = self._callback(*self._args, **self._kwargs)
          ^^^^^^^^^^^^^^^^^^^^^^^^^^^^^^^^^^^^^^^^^^^
  File "/opt/ohpc/pub/compiler/conda/latest/lib/python3.12/multiprocessing/util.py", line 136, in _remove_temp_dir
    rmtree(tempdir, onerror=onerror)
  File "/opt/ohpc/pub/compiler/conda/latest/lib/python3.12/shutil.py", line 759, in rmtree
    _rmtree_safe_fd(stack, onexc)
  File "/opt/ohpc/pub/compiler/conda/latest/lib/python3.12/shutil.py", line 703, in _rmtree_safe_fd
    onexc(func, path, err)
  File "/opt/ohpc/pub/compiler/conda/latest/lib/python3.12/shutil.py", line 750, in onexc
    return onerror(func, path, exc_info)
           ^^^^^^^^^^^^^^^^^^^^^^^^^^^^^
  File "/opt/ohpc/pub/compiler/conda/latest/lib/python3.12/shutil.py", line 700, in _rmtree_safe_fd
    onexc(os.unlink, fullname, err)
  File "/opt/ohpc/pub/compiler/conda/latest/lib/python3.12/shutil.py", line 750, in onexc
    return onerror(func, path, exc_info)
           ^^^^^^^^^^^^^^^^^^^^^^^^^^^^^
  File "/opt/ohpc/pub/compiler/conda/latest/lib/python3.12/shutil.py", line 698, in _rmtree_safe_fd
    os.unlink(entry.name, dir_fd=topfd)
OSError: [Errno 16] Device or resource busy: '/tmp/pymp-y3squaxd'
  File "/opt/ohpc/pub/compiler/conda/latest/lib/python3.12/multiprocessing/util.py", line 303, in _run_finalizers
    finalizer()
  File "/opt/ohpc/pub/compiler/conda/latest/lib/python3.12/multiprocessing/util.py", line 227, in __call__
    res = self._callback(*self._args, **self._kwargs)
          ^^^^^^^^^^^^^^^^^^^^^^^^^^^^^^^^^^^^^^^^^^^
  File "/opt/ohpc/pub/compiler/conda/latest/lib/python3.12/multiprocessing/util.py", line 136, in _remove_temp_dir
    rmtree(tempdir, onerror=onerror)
  File "/opt/ohpc/pub/compiler/conda/latest/lib/python3.12/shutil.py", line 759, in rmtree
    _rmtree_safe_fd(stack, onexc)
  File "/opt/ohpc/pub/compiler/conda/latest/lib/python3.12/shutil.py", line 703, in _rmtree_safe_fd
    onexc(func, path, err)
  File "/opt/ohpc/pub/compiler/conda/latest/lib/python3.12/shutil.py", line 750, in onexc
    return onerror(func, path, exc_info)
           ^^^^^^^^^^^^^^^^^^^^^^^^^^^^^
  File "/opt/ohpc/pub/compiler/conda/latest/lib/python3.12/shutil.py", line 700, in _rmtree_safe_fd
    onexc(os.unlink, fullname, err)
  File "/opt/ohpc/pub/compiler/conda/latest/lib/python3.12/shutil.py", line 750, in onexc
    return onerror(func, path, exc_info)
           ^^^^^^^^^^^^^^^^^^^^^^^^^^^^^
  File "/opt/ohpc/pub/compiler/conda/latest/lib/python3.12/shutil.py", line 698, in _rmtree_safe_fd
    os.unlink(entry.name, dir_fd=topfd)
OSError: [Errno 16] Device or resource busy: '/tmp/pymp-mp2zpy87'
  File "/opt/ohpc/pub/compiler/conda/latest/lib/python3.12/multiprocessing/util.py", line 303, in _run_finalizers
    finalizer()
  File "/opt/ohpc/pub/compiler/conda/latest/lib/python3.12/multiprocessing/util.py", line 303, in _run_finalizers
    finalizer()
  File "/opt/ohpc/pub/compiler/conda/latest/lib/python3.12/multiprocessing/util.py", line 227, in __call__
    res = self._callback(*self._args, **self._kwargs)
          ^^^^^^^^^^^^^^^^^^^^^^^^^^^^^^^^^^^^^^^^^^^
  File "/opt/ohpc/pub/compiler/conda/latest/lib/python3.12/multiprocessing/util.py", line 136, in _remove_temp_dir
    rmtree(tempdir, onerror=onerror)
  File "/opt/ohpc/pub/compiler/conda/latest/lib/python3.12/shutil.py", line 759, in rmtree
    _rmtree_safe_fd(stack, onexc)
  File "/opt/ohpc/pub/compiler/conda/latest/lib/python3.12/shutil.py", line 703, in _rmtree_safe_fd
    onexc(func, path, err)
  File "/opt/ohpc/pub/compiler/conda/latest/lib/python3.12/shutil.py", line 750, in onexc
    return onerror(func, path, exc_info)
           ^^^^^^^^^^^^^^^^^^^^^^^^^^^^^
  File "/opt/ohpc/pub/compiler/conda/latest/lib/python3.12/multiprocessing/util.py", line 227, in __call__
    res = self._callback(*self._args, **self._kwargs)
          ^^^^^^^^^^^^^^^^^^^^^^^^^^^^^^^^^^^^^^^^^^^
  File "/opt/ohpc/pub/compiler/conda/latest/lib/python3.12/shutil.py", line 700, in _rmtree_safe_fd
    onexc(os.unlink, fullname, err)
  File "/opt/ohpc/pub/compiler/conda/latest/lib/python3.12/multiprocessing/util.py", line 136, in _remove_temp_dir
    rmtree(tempdir, onerror=onerror)
  File "/opt/ohpc/pub/compiler/conda/latest/lib/python3.12/shutil.py", line 750, in onexc
    return onerror(func, path, exc_info)
           ^^^^^^^^^^^^^^^^^^^^^^^^^^^^^
  File "/opt/ohpc/pub/compiler/conda/latest/lib/python3.12/shutil.py", line 759, in rmtree
    _rmtree_safe_fd(stack, onexc)
  File "/opt/ohpc/pub/compiler/conda/latest/lib/python3.12/shutil.py", line 698, in _rmtree_safe_fd
    os.unlink(entry.name, dir_fd=topfd)
  File "/opt/ohpc/pub/compiler/conda/latest/lib/python3.12/shutil.py", line 703, in _rmtree_safe_fd
    onexc(func, path, err)
  File "/opt/ohpc/pub/compiler/conda/latest/lib/python3.12/shutil.py", line 750, in onexc
    return onerror(func, path, exc_info)
           ^^^^^^^^^^^^^^^^^^^^^^^^^^^^^
  File "/opt/ohpc/pub/compiler/conda/latest/lib/python3.12/shutil.py", line 700, in _rmtree_safe_fd
    onexc(os.unlink, fullname, err)
  File "/opt/ohpc/pub/compiler/conda/latest/lib/python3.12/shutil.py", line 750, in onexc
    return onerror(func, path, exc_info)
           ^^^^^^^^^^^^^^^^^^^^^^^^^^^^^
OSError: [Errno 16] Device or resource busy: '/tmp/pymp-nsq48x1d'
  File "/opt/ohpc/pub/compiler/conda/latest/lib/python3.12/shutil.py", line 698, in _rmtree_safe_fd
    os.unlink(entry.name, dir_fd=topfd)
OSError: [Errno 16] Device or resource busy: '/tmp/pymp-mi5mg1mi'
Traceback (most recent call last):
  File "/opt/ohpc/pub/compiler/conda/latest/lib/python3.12/multiprocessing/util.py", line 303, in _run_finalizers
    finalizer()
  File "/opt/ohpc/pub/compiler/conda/latest/lib/python3.12/multiprocessing/util.py", line 227, in __call__
    res = self._callback(*self._args, **self._kwargs)
          ^^^^^^^^^^^^^^^^^^^^^^^^^^^^^^^^^^^^^^^^^^^
  File "/opt/ohpc/pub/compiler/conda/latest/lib/python3.12/multiprocessing/util.py", line 136, in _remove_temp_dir
    rmtree(tempdir, onerror=onerror)
  File "/opt/ohpc/pub/compiler/conda/latest/lib/python3.12/shutil.py", line 759, in rmtree
    _rmtree_safe_fd(stack, onexc)
  File "/opt/ohpc/pub/compiler/conda/latest/lib/python3.12/shutil.py", line 703, in _rmtree_safe_fd
    onexc(func, path, err)
  File "/opt/ohpc/pub/compiler/conda/latest/lib/python3.12/shutil.py", line 750, in onexc
    return onerror(func, path, exc_info)
           ^^^^^^^^^^^^^^^^^^^^^^^^^^^^^
  File "/opt/ohpc/pub/compiler/conda/latest/lib/python3.12/shutil.py", line 700, in _rmtree_safe_fd
    onexc(os.unlink, fullname, err)
  File "/opt/ohpc/pub/compiler/conda/latest/lib/python3.12/shutil.py", line 750, in onexc
    return onerror(func, path, exc_info)
           ^^^^^^^^^^^^^^^^^^^^^^^^^^^^^
  File "/opt/ohpc/pub/compiler/conda/latest/lib/python3.12/shutil.py", line 698, in _rmtree_safe_fd
    os.unlink(entry.name, dir_fd=topfd)
OSError: [Errno 16] Device or resource busy: '/tmp/pymp-8cdgqrsi'
Traceback (most recent call last):
Traceback (most recent call last):
Traceback (most recent call last):
Traceback (most recent call last):
  File "/opt/ohpc/pub/compiler/conda/latest/lib/python3.12/multiprocessing/util.py", line 303, in _run_finalizers
    finalizer()
  File "/opt/ohpc/pub/compiler/conda/latest/lib/python3.12/multiprocessing/util.py", line 227, in __call__
    res = self._callback(*self._args, **self._kwargs)
          ^^^^^^^^^^^^^^^^^^^^^^^^^^^^^^^^^^^^^^^^^^^
  File "/opt/ohpc/pub/compiler/conda/latest/lib/python3.12/multiprocessing/util.py", line 136, in _remove_temp_dir
    rmtree(tempdir, onerror=onerror)
  File "/opt/ohpc/pub/compiler/conda/latest/lib/python3.12/shutil.py", line 759, in rmtree
    _rmtree_safe_fd(stack, onexc)
  File "/opt/ohpc/pub/compiler/conda/latest/lib/python3.12/shutil.py", line 703, in _rmtree_safe_fd
    onexc(func, path, err)
  File "/opt/ohpc/pub/compiler/conda/latest/lib/python3.12/shutil.py", line 750, in onexc
    return onerror(func, path, exc_info)
           ^^^^^^^^^^^^^^^^^^^^^^^^^^^^^
  File "/opt/ohpc/pub/compiler/conda/latest/lib/python3.12/shutil.py", line 700, in _rmtree_safe_fd
    onexc(os.unlink, fullname, err)
  File "/opt/ohpc/pub/compiler/conda/latest/lib/python3.12/shutil.py", line 750, in onexc
    return onerror(func, path, exc_info)
           ^^^^^^^^^^^^^^^^^^^^^^^^^^^^^
  File "/opt/ohpc/pub/compiler/conda/latest/lib/python3.12/shutil.py", line 698, in _rmtree_safe_fd
    os.unlink(entry.name, dir_fd=topfd)
OSError: [Errno 16] Device or resource busy: '/tmp/pymp-n0t3ey7n'
  File "/opt/ohpc/pub/compiler/conda/latest/lib/python3.12/multiprocessing/util.py", line 303, in _run_finalizers
    finalizer()
  File "/opt/ohpc/pub/compiler/conda/latest/lib/python3.12/multiprocessing/util.py", line 227, in __call__
    res = self._callback(*self._args, **self._kwargs)
          ^^^^^^^^^^^^^^^^^^^^^^^^^^^^^^^^^^^^^^^^^^^
  File "/opt/ohpc/pub/compiler/conda/latest/lib/python3.12/multiprocessing/util.py", line 136, in _remove_temp_dir
    rmtree(tempdir, onerror=onerror)
  File "/opt/ohpc/pub/compiler/conda/latest/lib/python3.12/shutil.py", line 759, in rmtree
    _rmtree_safe_fd(stack, onexc)
  File "/opt/ohpc/pub/compiler/conda/latest/lib/python3.12/shutil.py", line 703, in _rmtree_safe_fd
    onexc(func, path, err)
  File "/opt/ohpc/pub/compiler/conda/latest/lib/python3.12/shutil.py", line 750, in onexc
    return onerror(func, path, exc_info)
           ^^^^^^^^^^^^^^^^^^^^^^^^^^^^^
  File "/opt/ohpc/pub/compiler/conda/latest/lib/python3.12/shutil.py", line 700, in _rmtree_safe_fd
    onexc(os.unlink, fullname, err)
  File "/opt/ohpc/pub/compiler/conda/latest/lib/python3.12/shutil.py", line 750, in onexc
    return onerror(func, path, exc_info)
           ^^^^^^^^^^^^^^^^^^^^^^^^^^^^^
  File "/opt/ohpc/pub/compiler/conda/latest/lib/python3.12/shutil.py", line 698, in _rmtree_safe_fd
    os.unlink(entry.name, dir_fd=topfd)
OSError: [Errno 16] Device or resource busy: '/tmp/pymp-14jhd7uw'
  File "/opt/ohpc/pub/compiler/conda/latest/lib/python3.12/multiprocessing/util.py", line 303, in _run_finalizers
    finalizer()
  File "/opt/ohpc/pub/compiler/conda/latest/lib/python3.12/multiprocessing/util.py", line 227, in __call__
    res = self._callback(*self._args, **self._kwargs)
          ^^^^^^^^^^^^^^^^^^^^^^^^^^^^^^^^^^^^^^^^^^^
  File "/opt/ohpc/pub/compiler/conda/latest/lib/python3.12/multiprocessing/util.py", line 136, in _remove_temp_dir
    rmtree(tempdir, onerror=onerror)
  File "/opt/ohpc/pub/compiler/conda/latest/lib/python3.12/shutil.py", line 759, in rmtree
    _rmtree_safe_fd(stack, onexc)
  File "/opt/ohpc/pub/compiler/conda/latest/lib/python3.12/shutil.py", line 703, in _rmtree_safe_fd
    onexc(func, path, err)
  File "/opt/ohpc/pub/compiler/conda/latest/lib/python3.12/shutil.py", line 750, in onexc
    return onerror(func, path, exc_info)
           ^^^^^^^^^^^^^^^^^^^^^^^^^^^^^
  File "/opt/ohpc/pub/compiler/conda/latest/lib/python3.12/shutil.py", line 700, in _rmtree_safe_fd
    onexc(os.unlink, fullname, err)
  File "/opt/ohpc/pub/compiler/conda/latest/lib/python3.12/shutil.py", line 750, in onexc
    return onerror(func, path, exc_info)
           ^^^^^^^^^^^^^^^^^^^^^^^^^^^^^
  File "/opt/ohpc/pub/compiler/conda/latest/lib/python3.12/shutil.py", line 698, in _rmtree_safe_fd
    os.unlink(entry.name, dir_fd=topfd)
OSError: [Errno 16] Device or resource busy: '/tmp/pymp-2sz8hlny'
  File "/opt/ohpc/pub/compiler/conda/latest/lib/python3.12/multiprocessing/util.py", line 303, in _run_finalizers
    finalizer()
  File "/opt/ohpc/pub/compiler/conda/latest/lib/python3.12/multiprocessing/util.py", line 227, in __call__
    res = self._callback(*self._args, **self._kwargs)
          ^^^^^^^^^^^^^^^^^^^^^^^^^^^^^^^^^^^^^^^^^^^
  File "/opt/ohpc/pub/compiler/conda/latest/lib/python3.12/multiprocessing/util.py", line 136, in _remove_temp_dir
    rmtree(tempdir, onerror=onerror)
  File "/opt/ohpc/pub/compiler/conda/latest/lib/python3.12/shutil.py", line 759, in rmtree
    _rmtree_safe_fd(stack, onexc)
  File "/opt/ohpc/pub/compiler/conda/latest/lib/python3.12/shutil.py", line 703, in _rmtree_safe_fd
    onexc(func, path, err)
  File "/opt/ohpc/pub/compiler/conda/latest/lib/python3.12/shutil.py", line 750, in onexc
    return onerror(func, path, exc_info)
           ^^^^^^^^^^^^^^^^^^^^^^^^^^^^^
  File "/opt/ohpc/pub/compiler/conda/latest/lib/python3.12/shutil.py", line 700, in _rmtree_safe_fd
    onexc(os.unlink, fullname, err)
  File "/opt/ohpc/pub/compiler/conda/latest/lib/python3.12/shutil.py", line 750, in onexc
    return onerror(func, path, exc_info)
           ^^^^^^^^^^^^^^^^^^^^^^^^^^^^^
  File "/opt/ohpc/pub/compiler/conda/latest/lib/python3.12/shutil.py", line 698, in _rmtree_safe_fd
    os.unlink(entry.name, dir_fd=topfd)
OSError: [Errno 16] Device or resource busy: '/tmp/pymp-mlfnrz68'
Traceback (most recent call last):
Traceback (most recent call last):
  File "/opt/ohpc/pub/compiler/conda/latest/lib/python3.12/multiprocessing/util.py", line 303, in _run_finalizers
    finalizer()
  File "/opt/ohpc/pub/compiler/conda/latest/lib/python3.12/multiprocessing/util.py", line 227, in __call__
    res = self._callback(*self._args, **self._kwargs)
          ^^^^^^^^^^^^^^^^^^^^^^^^^^^^^^^^^^^^^^^^^^^
  File "/opt/ohpc/pub/compiler/conda/latest/lib/python3.12/multiprocessing/util.py", line 136, in _remove_temp_dir
    rmtree(tempdir, onerror=onerror)
  File "/opt/ohpc/pub/compiler/conda/latest/lib/python3.12/shutil.py", line 759, in rmtree
    _rmtree_safe_fd(stack, onexc)
  File "/opt/ohpc/pub/compiler/conda/latest/lib/python3.12/shutil.py", line 703, in _rmtree_safe_fd
    onexc(func, path, err)
  File "/opt/ohpc/pub/compiler/conda/latest/lib/python3.12/shutil.py", line 750, in onexc
    return onerror(func, path, exc_info)
           ^^^^^^^^^^^^^^^^^^^^^^^^^^^^^
  File "/opt/ohpc/pub/compiler/conda/latest/lib/python3.12/shutil.py", line 700, in _rmtree_safe_fd
    onexc(os.unlink, fullname, err)
  File "/opt/ohpc/pub/compiler/conda/latest/lib/python3.12/shutil.py", line 750, in onexc
    return onerror(func, path, exc_info)
           ^^^^^^^^^^^^^^^^^^^^^^^^^^^^^
  File "/opt/ohpc/pub/compiler/conda/latest/lib/python3.12/shutil.py", line 698, in _rmtree_safe_fd
    os.unlink(entry.name, dir_fd=topfd)
OSError: [Errno 16] Device or resource busy: '/tmp/pymp-grnfhnpn'
  File "/opt/ohpc/pub/compiler/conda/latest/lib/python3.12/multiprocessing/util.py", line 303, in _run_finalizers
    finalizer()
  File "/opt/ohpc/pub/compiler/conda/latest/lib/python3.12/multiprocessing/util.py", line 227, in __call__
    res = self._callback(*self._args, **self._kwargs)
          ^^^^^^^^^^^^^^^^^^^^^^^^^^^^^^^^^^^^^^^^^^^
  File "/opt/ohpc/pub/compiler/conda/latest/lib/python3.12/multiprocessing/util.py", line 136, in _remove_temp_dir
    rmtree(tempdir, onerror=onerror)
  File "/opt/ohpc/pub/compiler/conda/latest/lib/python3.12/shutil.py", line 759, in rmtree
    _rmtree_safe_fd(stack, onexc)
  File "/opt/ohpc/pub/compiler/conda/latest/lib/python3.12/shutil.py", line 703, in _rmtree_safe_fd
    onexc(func, path, err)
  File "/opt/ohpc/pub/compiler/conda/latest/lib/python3.12/shutil.py", line 750, in onexc
    return onerror(func, path, exc_info)
           ^^^^^^^^^^^^^^^^^^^^^^^^^^^^^
  File "/opt/ohpc/pub/compiler/conda/latest/lib/python3.12/shutil.py", line 700, in _rmtree_safe_fd
    onexc(os.unlink, fullname, err)
  File "/opt/ohpc/pub/compiler/conda/latest/lib/python3.12/shutil.py", line 750, in onexc
    return onerror(func, path, exc_info)
           ^^^^^^^^^^^^^^^^^^^^^^^^^^^^^
  File "/opt/ohpc/pub/compiler/conda/latest/lib/python3.12/shutil.py", line 698, in _rmtree_safe_fd
    os.unlink(entry.name, dir_fd=topfd)
OSError: [Errno 16] Device or resource busy: '/tmp/pymp-awg25a95'
Traceback (most recent call last):
Traceback (most recent call last):
Traceback (most recent call last):
  File "/opt/ohpc/pub/compiler/conda/latest/lib/python3.12/multiprocessing/util.py", line 303, in _run_finalizers
    finalizer()
  File "/opt/ohpc/pub/compiler/conda/latest/lib/python3.12/multiprocessing/util.py", line 227, in __call__
    res = self._callback(*self._args, **self._kwargs)
          ^^^^^^^^^^^^^^^^^^^^^^^^^^^^^^^^^^^^^^^^^^^
  File "/opt/ohpc/pub/compiler/conda/latest/lib/python3.12/multiprocessing/util.py", line 136, in _remove_temp_dir
    rmtree(tempdir, onerror=onerror)
  File "/opt/ohpc/pub/compiler/conda/latest/lib/python3.12/shutil.py", line 759, in rmtree
    _rmtree_safe_fd(stack, onexc)
  File "/opt/ohpc/pub/compiler/conda/latest/lib/python3.12/shutil.py", line 703, in _rmtree_safe_fd
    onexc(func, path, err)
  File "/opt/ohpc/pub/compiler/conda/latest/lib/python3.12/shutil.py", line 750, in onexc
    return onerror(func, path, exc_info)
           ^^^^^^^^^^^^^^^^^^^^^^^^^^^^^
  File "/opt/ohpc/pub/compiler/conda/latest/lib/python3.12/shutil.py", line 700, in _rmtree_safe_fd
    onexc(os.unlink, fullname, err)
  File "/opt/ohpc/pub/compiler/conda/latest/lib/python3.12/shutil.py", line 750, in onexc
    return onerror(func, path, exc_info)
           ^^^^^^^^^^^^^^^^^^^^^^^^^^^^^
  File "/opt/ohpc/pub/compiler/conda/latest/lib/python3.12/shutil.py", line 698, in _rmtree_safe_fd
    os.unlink(entry.name, dir_fd=topfd)
OSError: [Errno 16] Device or resource busy: '/tmp/pymp-dq7hy38_'
  File "/opt/ohpc/pub/compiler/conda/latest/lib/python3.12/multiprocessing/util.py", line 303, in _run_finalizers
    finalizer()
  File "/opt/ohpc/pub/compiler/conda/latest/lib/python3.12/multiprocessing/util.py", line 227, in __call__
    res = self._callback(*self._args, **self._kwargs)
          ^^^^^^^^^^^^^^^^^^^^^^^^^^^^^^^^^^^^^^^^^^^
  File "/opt/ohpc/pub/compiler/conda/latest/lib/python3.12/multiprocessing/util.py", line 136, in _remove_temp_dir
    rmtree(tempdir, onerror=onerror)
  File "/opt/ohpc/pub/compiler/conda/latest/lib/python3.12/shutil.py", line 759, in rmtree
    _rmtree_safe_fd(stack, onexc)
  File "/opt/ohpc/pub/compiler/conda/latest/lib/python3.12/shutil.py", line 703, in _rmtree_safe_fd
    onexc(func, path, err)
  File "/opt/ohpc/pub/compiler/conda/latest/lib/python3.12/shutil.py", line 750, in onexc
    return onerror(func, path, exc_info)
           ^^^^^^^^^^^^^^^^^^^^^^^^^^^^^
  File "/opt/ohpc/pub/compiler/conda/latest/lib/python3.12/shutil.py", line 700, in _rmtree_safe_fd
    onexc(os.unlink, fullname, err)
  File "/opt/ohpc/pub/compiler/conda/latest/lib/python3.12/shutil.py", line 750, in onexc
    return onerror(func, path, exc_info)
           ^^^^^^^^^^^^^^^^^^^^^^^^^^^^^
  File "/opt/ohpc/pub/compiler/conda/latest/lib/python3.12/shutil.py", line 698, in _rmtree_safe_fd
    os.unlink(entry.name, dir_fd=topfd)
OSError: [Errno 16] Device or resource busy: '/tmp/pymp-o0hotbpk'
Traceback (most recent call last):
Traceback (most recent call last):
Traceback (most recent call last):
  File "/opt/ohpc/pub/compiler/conda/latest/lib/python3.12/multiprocessing/util.py", line 303, in _run_finalizers
    finalizer()
  File "/opt/ohpc/pub/compiler/conda/latest/lib/python3.12/multiprocessing/util.py", line 227, in __call__
    res = self._callback(*self._args, **self._kwargs)
          ^^^^^^^^^^^^^^^^^^^^^^^^^^^^^^^^^^^^^^^^^^^
  File "/opt/ohpc/pub/compiler/conda/latest/lib/python3.12/multiprocessing/util.py", line 136, in _remove_temp_dir
    rmtree(tempdir, onerror=onerror)
  File "/opt/ohpc/pub/compiler/conda/latest/lib/python3.12/shutil.py", line 759, in rmtree
    _rmtree_safe_fd(stack, onexc)
  File "/opt/ohpc/pub/compiler/conda/latest/lib/python3.12/shutil.py", line 703, in _rmtree_safe_fd
    onexc(func, path, err)
  File "/opt/ohpc/pub/compiler/conda/latest/lib/python3.12/shutil.py", line 750, in onexc
    return onerror(func, path, exc_info)
           ^^^^^^^^^^^^^^^^^^^^^^^^^^^^^
  File "/opt/ohpc/pub/compiler/conda/latest/lib/python3.12/shutil.py", line 700, in _rmtree_safe_fd
    onexc(os.unlink, fullname, err)
  File "/opt/ohpc/pub/compiler/conda/latest/lib/python3.12/shutil.py", line 750, in onexc
    return onerror(func, path, exc_info)
           ^^^^^^^^^^^^^^^^^^^^^^^^^^^^^
  File "/opt/ohpc/pub/compiler/conda/latest/lib/python3.12/shutil.py", line 698, in _rmtree_safe_fd
    os.unlink(entry.name, dir_fd=topfd)
OSError: [Errno 16] Device or resource busy: '/tmp/pymp-cr0v0csw'
Traceback (most recent call last):
  File "/opt/ohpc/pub/compiler/conda/latest/lib/python3.12/multiprocessing/util.py", line 303, in _run_finalizers
    finalizer()
  File "/opt/ohpc/pub/compiler/conda/latest/lib/python3.12/multiprocessing/util.py", line 227, in __call__
    res = self._callback(*self._args, **self._kwargs)
          ^^^^^^^^^^^^^^^^^^^^^^^^^^^^^^^^^^^^^^^^^^^
  File "/opt/ohpc/pub/compiler/conda/latest/lib/python3.12/multiprocessing/util.py", line 136, in _remove_temp_dir
    rmtree(tempdir, onerror=onerror)
  File "/opt/ohpc/pub/compiler/conda/latest/lib/python3.12/shutil.py", line 759, in rmtree
    _rmtree_safe_fd(stack, onexc)
  File "/opt/ohpc/pub/compiler/conda/latest/lib/python3.12/shutil.py", line 703, in _rmtree_safe_fd
    onexc(func, path, err)
  File "/opt/ohpc/pub/compiler/conda/latest/lib/python3.12/shutil.py", line 750, in onexc
    return onerror(func, path, exc_info)
           ^^^^^^^^^^^^^^^^^^^^^^^^^^^^^
  File "/opt/ohpc/pub/compiler/conda/latest/lib/python3.12/shutil.py", line 700, in _rmtree_safe_fd
    onexc(os.unlink, fullname, err)
  File "/opt/ohpc/pub/compiler/conda/latest/lib/python3.12/shutil.py", line 750, in onexc
    return onerror(func, path, exc_info)
           ^^^^^^^^^^^^^^^^^^^^^^^^^^^^^
  File "/opt/ohpc/pub/compiler/conda/latest/lib/python3.12/shutil.py", line 698, in _rmtree_safe_fd
    os.unlink(entry.name, dir_fd=topfd)
OSError: [Errno 16] Device or resource busy: '/tmp/pymp-zqmwzt0z'
  File "/opt/ohpc/pub/compiler/conda/latest/lib/python3.12/multiprocessing/util.py", line 303, in _run_finalizers
    finalizer()
  File "/opt/ohpc/pub/compiler/conda/latest/lib/python3.12/multiprocessing/util.py", line 227, in __call__
    res = self._callback(*self._args, **self._kwargs)
          ^^^^^^^^^^^^^^^^^^^^^^^^^^^^^^^^^^^^^^^^^^^
  File "/opt/ohpc/pub/compiler/conda/latest/lib/python3.12/multiprocessing/util.py", line 136, in _remove_temp_dir
    rmtree(tempdir, onerror=onerror)
  File "/opt/ohpc/pub/compiler/conda/latest/lib/python3.12/shutil.py", line 759, in rmtree
    _rmtree_safe_fd(stack, onexc)
  File "/opt/ohpc/pub/compiler/conda/latest/lib/python3.12/shutil.py", line 703, in _rmtree_safe_fd
    onexc(func, path, err)
  File "/opt/ohpc/pub/compiler/conda/latest/lib/python3.12/shutil.py", line 750, in onexc
    return onerror(func, path, exc_info)
           ^^^^^^^^^^^^^^^^^^^^^^^^^^^^^
  File "/opt/ohpc/pub/compiler/conda/latest/lib/python3.12/shutil.py", line 700, in _rmtree_safe_fd
    onexc(os.unlink, fullname, err)
  File "/opt/ohpc/pub/compiler/conda/latest/lib/python3.12/shutil.py", line 750, in onexc
    return onerror(func, path, exc_info)
           ^^^^^^^^^^^^^^^^^^^^^^^^^^^^^
  File "/opt/ohpc/pub/compiler/conda/latest/lib/python3.12/shutil.py", line 698, in _rmtree_safe_fd
    os.unlink(entry.name, dir_fd=topfd)
OSError: [Errno 16] Device or resource busy: '/tmp/pymp-edt3fp34'
  File "/opt/ohpc/pub/compiler/conda/latest/lib/python3.12/multiprocessing/util.py", line 303, in _run_finalizers
    finalizer()
  File "/opt/ohpc/pub/compiler/conda/latest/lib/python3.12/multiprocessing/util.py", line 227, in __call__
    res = self._callback(*self._args, **self._kwargs)
          ^^^^^^^^^^^^^^^^^^^^^^^^^^^^^^^^^^^^^^^^^^^
  File "/opt/ohpc/pub/compiler/conda/latest/lib/python3.12/multiprocessing/util.py", line 136, in _remove_temp_dir
    rmtree(tempdir, onerror=onerror)
  File "/opt/ohpc/pub/compiler/conda/latest/lib/python3.12/shutil.py", line 759, in rmtree
    _rmtree_safe_fd(stack, onexc)
  File "/opt/ohpc/pub/compiler/conda/latest/lib/python3.12/shutil.py", line 703, in _rmtree_safe_fd
    onexc(func, path, err)
  File "/opt/ohpc/pub/compiler/conda/latest/lib/python3.12/shutil.py", line 750, in onexc
    return onerror(func, path, exc_info)
           ^^^^^^^^^^^^^^^^^^^^^^^^^^^^^
  File "/opt/ohpc/pub/compiler/conda/latest/lib/python3.12/shutil.py", line 700, in _rmtree_safe_fd
    onexc(os.unlink, fullname, err)
  File "/opt/ohpc/pub/compiler/conda/latest/lib/python3.12/shutil.py", line 750, in onexc
    return onerror(func, path, exc_info)
           ^^^^^^^^^^^^^^^^^^^^^^^^^^^^^
  File "/opt/ohpc/pub/compiler/conda/latest/lib/python3.12/shutil.py", line 698, in _rmtree_safe_fd
    os.unlink(entry.name, dir_fd=topfd)
OSError: [Errno 16] Device or resource busy: '/tmp/pymp-ej2lzvui'
  File "/opt/ohpc/pub/compiler/conda/latest/lib/python3.12/multiprocessing/util.py", line 303, in _run_finalizers
    finalizer()
  File "/opt/ohpc/pub/compiler/conda/latest/lib/python3.12/multiprocessing/util.py", line 227, in __call__
    res = self._callback(*self._args, **self._kwargs)
          ^^^^^^^^^^^^^^^^^^^^^^^^^^^^^^^^^^^^^^^^^^^
  File "/opt/ohpc/pub/compiler/conda/latest/lib/python3.12/multiprocessing/util.py", line 136, in _remove_temp_dir
    rmtree(tempdir, onerror=onerror)
  File "/opt/ohpc/pub/compiler/conda/latest/lib/python3.12/shutil.py", line 759, in rmtree
    _rmtree_safe_fd(stack, onexc)
  File "/opt/ohpc/pub/compiler/conda/latest/lib/python3.12/shutil.py", line 703, in _rmtree_safe_fd
    onexc(func, path, err)
  File "/opt/ohpc/pub/compiler/conda/latest/lib/python3.12/shutil.py", line 750, in onexc
    return onerror(func, path, exc_info)
           ^^^^^^^^^^^^^^^^^^^^^^^^^^^^^
  File "/opt/ohpc/pub/compiler/conda/latest/lib/python3.12/shutil.py", line 700, in _rmtree_safe_fd
    onexc(os.unlink, fullname, err)
  File "/opt/ohpc/pub/compiler/conda/latest/lib/python3.12/shutil.py", line 750, in onexc
    return onerror(func, path, exc_info)
           ^^^^^^^^^^^^^^^^^^^^^^^^^^^^^
  File "/opt/ohpc/pub/compiler/conda/latest/lib/python3.12/shutil.py", line 698, in _rmtree_safe_fd
    os.unlink(entry.name, dir_fd=topfd)
OSError: [Errno 16] Device or resource busy: '/tmp/pymp-dnlfbtik'
Traceback (most recent call last):
  File "/opt/ohpc/pub/compiler/conda/latest/lib/python3.12/multiprocessing/util.py", line 303, in _run_finalizers
    finalizer()
  File "/opt/ohpc/pub/compiler/conda/latest/lib/python3.12/multiprocessing/util.py", line 227, in __call__
    res = self._callback(*self._args, **self._kwargs)
          ^^^^^^^^^^^^^^^^^^^^^^^^^^^^^^^^^^^^^^^^^^^
  File "/opt/ohpc/pub/compiler/conda/latest/lib/python3.12/multiprocessing/util.py", line 136, in _remove_temp_dir
    rmtree(tempdir, onerror=onerror)
  File "/opt/ohpc/pub/compiler/conda/latest/lib/python3.12/shutil.py", line 759, in rmtree
    _rmtree_safe_fd(stack, onexc)
  File "/opt/ohpc/pub/compiler/conda/latest/lib/python3.12/shutil.py", line 703, in _rmtree_safe_fd
    onexc(func, path, err)
  File "/opt/ohpc/pub/compiler/conda/latest/lib/python3.12/shutil.py", line 750, in onexc
    return onerror(func, path, exc_info)
           ^^^^^^^^^^^^^^^^^^^^^^^^^^^^^
  File "/opt/ohpc/pub/compiler/conda/latest/lib/python3.12/shutil.py", line 700, in _rmtree_safe_fd
    onexc(os.unlink, fullname, err)
  File "/opt/ohpc/pub/compiler/conda/latest/lib/python3.12/shutil.py", line 750, in onexc
    return onerror(func, path, exc_info)
           ^^^^^^^^^^^^^^^^^^^^^^^^^^^^^
  File "/opt/ohpc/pub/compiler/conda/latest/lib/python3.12/shutil.py", line 698, in _rmtree_safe_fd
    os.unlink(entry.name, dir_fd=topfd)
OSError: [Errno 16] Device or resource busy: '/tmp/pymp-qcc9gix1'
[val 008] loss=-0.3312 z_std=0.0464 rankme=40.601 lidar=17.824 areq=1.832 pr=1.79 align=0.2420 unif=-1.248 converged=False collapsed=False
  e009 it0000/62 lr=0.0028 loss=-0.3396 z_std=0.0631
  e009 it0010/62 lr=0.0029 loss=-0.3412 z_std=0.0636
  e009 it0020/62 lr=0.0029 loss=-0.3533 z_std=0.0635
  e009 it0030/62 lr=0.0030 loss=-0.3673 z_std=0.0634
  e009 it0040/62 lr=0.0030 loss=-0.3801 z_std=0.0633
  e009 it0050/62 lr=0.0031 loss=-0.3900 z_std=0.0632
  e009 it0060/62 lr=0.0031 loss=-0.4025 z_std=0.0632
[epoch 009] loss=-0.4039 z_std=0.0632 (healthy~0.0625) time=196.2s
Traceback (most recent call last):
Traceback (most recent call last):
Traceback (most recent call last):
  File "/opt/ohpc/pub/compiler/conda/latest/lib/python3.12/multiprocessing/util.py", line 303, in _run_finalizers
    finalizer()
  File "/opt/ohpc/pub/compiler/conda/latest/lib/python3.12/multiprocessing/util.py", line 227, in __call__
    res = self._callback(*self._args, **self._kwargs)
          ^^^^^^^^^^^^^^^^^^^^^^^^^^^^^^^^^^^^^^^^^^^
  File "/opt/ohpc/pub/compiler/conda/latest/lib/python3.12/multiprocessing/util.py", line 136, in _remove_temp_dir
    rmtree(tempdir, onerror=onerror)
  File "/opt/ohpc/pub/compiler/conda/latest/lib/python3.12/shutil.py", line 759, in rmtree
    _rmtree_safe_fd(stack, onexc)
  File "/opt/ohpc/pub/compiler/conda/latest/lib/python3.12/shutil.py", line 703, in _rmtree_safe_fd
    onexc(func, path, err)
  File "/opt/ohpc/pub/compiler/conda/latest/lib/python3.12/shutil.py", line 750, in onexc
    return onerror(func, path, exc_info)
           ^^^^^^^^^^^^^^^^^^^^^^^^^^^^^
  File "/opt/ohpc/pub/compiler/conda/latest/lib/python3.12/shutil.py", line 700, in _rmtree_safe_fd
    onexc(os.unlink, fullname, err)
  File "/opt/ohpc/pub/compiler/conda/latest/lib/python3.12/shutil.py", line 750, in onexc
    return onerror(func, path, exc_info)
           ^^^^^^^^^^^^^^^^^^^^^^^^^^^^^
  File "/opt/ohpc/pub/compiler/conda/latest/lib/python3.12/shutil.py", line 698, in _rmtree_safe_fd
    os.unlink(entry.name, dir_fd=topfd)
OSError: [Errno 16] Device or resource busy: '/tmp/pymp-cxwmitkh'
  File "/opt/ohpc/pub/compiler/conda/latest/lib/python3.12/multiprocessing/util.py", line 303, in _run_finalizers
    finalizer()
  File "/opt/ohpc/pub/compiler/conda/latest/lib/python3.12/multiprocessing/util.py", line 227, in __call__
    res = self._callback(*self._args, **self._kwargs)
          ^^^^^^^^^^^^^^^^^^^^^^^^^^^^^^^^^^^^^^^^^^^
  File "/opt/ohpc/pub/compiler/conda/latest/lib/python3.12/multiprocessing/util.py", line 136, in _remove_temp_dir
    rmtree(tempdir, onerror=onerror)
  File "/opt/ohpc/pub/compiler/conda/latest/lib/python3.12/shutil.py", line 759, in rmtree
    _rmtree_safe_fd(stack, onexc)
  File "/opt/ohpc/pub/compiler/conda/latest/lib/python3.12/shutil.py", line 703, in _rmtree_safe_fd
    onexc(func, path, err)
  File "/opt/ohpc/pub/compiler/conda/latest/lib/python3.12/shutil.py", line 750, in onexc
    return onerror(func, path, exc_info)
           ^^^^^^^^^^^^^^^^^^^^^^^^^^^^^
  File "/opt/ohpc/pub/compiler/conda/latest/lib/python3.12/shutil.py", line 700, in _rmtree_safe_fd
    onexc(os.unlink, fullname, err)
  File "/opt/ohpc/pub/compiler/conda/latest/lib/python3.12/shutil.py", line 750, in onexc
    return onerror(func, path, exc_info)
           ^^^^^^^^^^^^^^^^^^^^^^^^^^^^^
  File "/opt/ohpc/pub/compiler/conda/latest/lib/python3.12/shutil.py", line 698, in _rmtree_safe_fd
    os.unlink(entry.name, dir_fd=topfd)
OSError: [Errno 16] Device or resource busy: '/tmp/pymp-w7e5ch2b'
  File "/opt/ohpc/pub/compiler/conda/latest/lib/python3.12/multiprocessing/util.py", line 303, in _run_finalizers
    finalizer()
  File "/opt/ohpc/pub/compiler/conda/latest/lib/python3.12/multiprocessing/util.py", line 227, in __call__
    res = self._callback(*self._args, **self._kwargs)
          ^^^^^^^^^^^^^^^^^^^^^^^^^^^^^^^^^^^^^^^^^^^
  File "/opt/ohpc/pub/compiler/conda/latest/lib/python3.12/multiprocessing/util.py", line 136, in _remove_temp_dir
    rmtree(tempdir, onerror=onerror)
  File "/opt/ohpc/pub/compiler/conda/latest/lib/python3.12/shutil.py", line 759, in rmtree
    _rmtree_safe_fd(stack, onexc)
  File "/opt/ohpc/pub/compiler/conda/latest/lib/python3.12/shutil.py", line 703, in _rmtree_safe_fd
    onexc(func, path, err)
  File "/opt/ohpc/pub/compiler/conda/latest/lib/python3.12/shutil.py", line 750, in onexc
    return onerror(func, path, exc_info)
           ^^^^^^^^^^^^^^^^^^^^^^^^^^^^^
  File "/opt/ohpc/pub/compiler/conda/latest/lib/python3.12/shutil.py", line 700, in _rmtree_safe_fd
    onexc(os.unlink, fullname, err)
  File "/opt/ohpc/pub/compiler/conda/latest/lib/python3.12/shutil.py", line 750, in onexc
    return onerror(func, path, exc_info)
           ^^^^^^^^^^^^^^^^^^^^^^^^^^^^^
  File "/opt/ohpc/pub/compiler/conda/latest/lib/python3.12/shutil.py", line 698, in _rmtree_safe_fd
    os.unlink(entry.name, dir_fd=topfd)
OSError: [Errno 16] Device or resource busy: '/tmp/pymp-lj2wzfqg'
Traceback (most recent call last):
Traceback (most recent call last):
  File "/opt/ohpc/pub/compiler/conda/latest/lib/python3.12/multiprocessing/util.py", line 303, in _run_finalizers
    finalizer()
  File "/opt/ohpc/pub/compiler/conda/latest/lib/python3.12/multiprocessing/util.py", line 227, in __call__
    res = self._callback(*self._args, **self._kwargs)
          ^^^^^^^^^^^^^^^^^^^^^^^^^^^^^^^^^^^^^^^^^^^
  File "/opt/ohpc/pub/compiler/conda/latest/lib/python3.12/multiprocessing/util.py", line 136, in _remove_temp_dir
    rmtree(tempdir, onerror=onerror)
  File "/opt/ohpc/pub/compiler/conda/latest/lib/python3.12/shutil.py", line 759, in rmtree
    _rmtree_safe_fd(stack, onexc)
  File "/opt/ohpc/pub/compiler/conda/latest/lib/python3.12/shutil.py", line 703, in _rmtree_safe_fd
    onexc(func, path, err)
  File "/opt/ohpc/pub/compiler/conda/latest/lib/python3.12/shutil.py", line 750, in onexc
    return onerror(func, path, exc_info)
           ^^^^^^^^^^^^^^^^^^^^^^^^^^^^^
  File "/opt/ohpc/pub/compiler/conda/latest/lib/python3.12/shutil.py", line 700, in _rmtree_safe_fd
    onexc(os.unlink, fullname, err)
  File "/opt/ohpc/pub/compiler/conda/latest/lib/python3.12/shutil.py", line 750, in onexc
    return onerror(func, path, exc_info)
           ^^^^^^^^^^^^^^^^^^^^^^^^^^^^^
  File "/opt/ohpc/pub/compiler/conda/latest/lib/python3.12/shutil.py", line 698, in _rmtree_safe_fd
    os.unlink(entry.name, dir_fd=topfd)
OSError: [Errno 16] Device or resource busy: '/tmp/pymp-l587mdhi'
  File "/opt/ohpc/pub/compiler/conda/latest/lib/python3.12/multiprocessing/util.py", line 303, in _run_finalizers
    finalizer()
  File "/opt/ohpc/pub/compiler/conda/latest/lib/python3.12/multiprocessing/util.py", line 227, in __call__
    res = self._callback(*self._args, **self._kwargs)
          ^^^^^^^^^^^^^^^^^^^^^^^^^^^^^^^^^^^^^^^^^^^
  File "/opt/ohpc/pub/compiler/conda/latest/lib/python3.12/multiprocessing/util.py", line 136, in _remove_temp_dir
    rmtree(tempdir, onerror=onerror)
  File "/opt/ohpc/pub/compiler/conda/latest/lib/python3.12/shutil.py", line 759, in rmtree
    _rmtree_safe_fd(stack, onexc)
  File "/opt/ohpc/pub/compiler/conda/latest/lib/python3.12/shutil.py", line 703, in _rmtree_safe_fd
    onexc(func, path, err)
  File "/opt/ohpc/pub/compiler/conda/latest/lib/python3.12/shutil.py", line 750, in onexc
    return onerror(func, path, exc_info)
           ^^^^^^^^^^^^^^^^^^^^^^^^^^^^^
  File "/opt/ohpc/pub/compiler/conda/latest/lib/python3.12/shutil.py", line 700, in _rmtree_safe_fd
    onexc(os.unlink, fullname, err)
  File "/opt/ohpc/pub/compiler/conda/latest/lib/python3.12/shutil.py", line 750, in onexc
    return onerror(func, path, exc_info)
           ^^^^^^^^^^^^^^^^^^^^^^^^^^^^^
  File "/opt/ohpc/pub/compiler/conda/latest/lib/python3.12/shutil.py", line 698, in _rmtree_safe_fd
    os.unlink(entry.name, dir_fd=topfd)
OSError: [Errno 16] Device or resource busy: '/tmp/pymp-j_duyzzu'
Traceback (most recent call last):
Traceback (most recent call last):
  File "/opt/ohpc/pub/compiler/conda/latest/lib/python3.12/multiprocessing/util.py", line 303, in _run_finalizers
    finalizer()
  File "/opt/ohpc/pub/compiler/conda/latest/lib/python3.12/multiprocessing/util.py", line 227, in __call__
    res = self._callback(*self._args, **self._kwargs)
          ^^^^^^^^^^^^^^^^^^^^^^^^^^^^^^^^^^^^^^^^^^^
  File "/opt/ohpc/pub/compiler/conda/latest/lib/python3.12/multiprocessing/util.py", line 136, in _remove_temp_dir
    rmtree(tempdir, onerror=onerror)
  File "/opt/ohpc/pub/compiler/conda/latest/lib/python3.12/shutil.py", line 759, in rmtree
    _rmtree_safe_fd(stack, onexc)
  File "/opt/ohpc/pub/compiler/conda/latest/lib/python3.12/shutil.py", line 703, in _rmtree_safe_fd
    onexc(func, path, err)
  File "/opt/ohpc/pub/compiler/conda/latest/lib/python3.12/shutil.py", line 750, in onexc
    return onerror(func, path, exc_info)
           ^^^^^^^^^^^^^^^^^^^^^^^^^^^^^
  File "/opt/ohpc/pub/compiler/conda/latest/lib/python3.12/shutil.py", line 700, in _rmtree_safe_fd
    onexc(os.unlink, fullname, err)
  File "/opt/ohpc/pub/compiler/conda/latest/lib/python3.12/shutil.py", line 750, in onexc
    return onerror(func, path, exc_info)
           ^^^^^^^^^^^^^^^^^^^^^^^^^^^^^
  File "/opt/ohpc/pub/compiler/conda/latest/lib/python3.12/shutil.py", line 698, in _rmtree_safe_fd
    os.unlink(entry.name, dir_fd=topfd)
OSError: [Errno 16] Device or resource busy: '/tmp/pymp-6pxa17mb'
Traceback (most recent call last):
Traceback (most recent call last):
  File "/opt/ohpc/pub/compiler/conda/latest/lib/python3.12/multiprocessing/util.py", line 303, in _run_finalizers
    finalizer()
  File "/opt/ohpc/pub/compiler/conda/latest/lib/python3.12/multiprocessing/util.py", line 227, in __call__
    res = self._callback(*self._args, **self._kwargs)
          ^^^^^^^^^^^^^^^^^^^^^^^^^^^^^^^^^^^^^^^^^^^
  File "/opt/ohpc/pub/compiler/conda/latest/lib/python3.12/multiprocessing/util.py", line 136, in _remove_temp_dir
    rmtree(tempdir, onerror=onerror)
  File "/opt/ohpc/pub/compiler/conda/latest/lib/python3.12/shutil.py", line 759, in rmtree
    _rmtree_safe_fd(stack, onexc)
  File "/opt/ohpc/pub/compiler/conda/latest/lib/python3.12/shutil.py", line 703, in _rmtree_safe_fd
    onexc(func, path, err)
  File "/opt/ohpc/pub/compiler/conda/latest/lib/python3.12/shutil.py", line 750, in onexc
    return onerror(func, path, exc_info)
           ^^^^^^^^^^^^^^^^^^^^^^^^^^^^^
  File "/opt/ohpc/pub/compiler/conda/latest/lib/python3.12/shutil.py", line 700, in _rmtree_safe_fd
    onexc(os.unlink, fullname, err)
  File "/opt/ohpc/pub/compiler/conda/latest/lib/python3.12/shutil.py", line 750, in onexc
    return onerror(func, path, exc_info)
           ^^^^^^^^^^^^^^^^^^^^^^^^^^^^^
  File "/opt/ohpc/pub/compiler/conda/latest/lib/python3.12/shutil.py", line 698, in _rmtree_safe_fd
    os.unlink(entry.name, dir_fd=topfd)
OSError: [Errno 16] Device or resource busy: '/tmp/pymp-h0e2_ql7'
Traceback (most recent call last):
  File "/opt/ohpc/pub/compiler/conda/latest/lib/python3.12/multiprocessing/util.py", line 303, in _run_finalizers
    finalizer()
  File "/opt/ohpc/pub/compiler/conda/latest/lib/python3.12/multiprocessing/util.py", line 227, in __call__
    res = self._callback(*self._args, **self._kwargs)
          ^^^^^^^^^^^^^^^^^^^^^^^^^^^^^^^^^^^^^^^^^^^
  File "/opt/ohpc/pub/compiler/conda/latest/lib/python3.12/multiprocessing/util.py", line 136, in _remove_temp_dir
    rmtree(tempdir, onerror=onerror)
  File "/opt/ohpc/pub/compiler/conda/latest/lib/python3.12/shutil.py", line 759, in rmtree
    _rmtree_safe_fd(stack, onexc)
  File "/opt/ohpc/pub/compiler/conda/latest/lib/python3.12/shutil.py", line 703, in _rmtree_safe_fd
    onexc(func, path, err)
  File "/opt/ohpc/pub/compiler/conda/latest/lib/python3.12/shutil.py", line 750, in onexc
    return onerror(func, path, exc_info)
           ^^^^^^^^^^^^^^^^^^^^^^^^^^^^^
  File "/opt/ohpc/pub/compiler/conda/latest/lib/python3.12/shutil.py", line 700, in _rmtree_safe_fd
    onexc(os.unlink, fullname, err)
  File "/opt/ohpc/pub/compiler/conda/latest/lib/python3.12/shutil.py", line 750, in onexc
    return onerror(func, path, exc_info)
           ^^^^^^^^^^^^^^^^^^^^^^^^^^^^^
  File "/opt/ohpc/pub/compiler/conda/latest/lib/python3.12/shutil.py", line 698, in _rmtree_safe_fd
    os.unlink(entry.name, dir_fd=topfd)
OSError: [Errno 16] Device or resource busy: '/tmp/pymp-53o497ky'
  File "/opt/ohpc/pub/compiler/conda/latest/lib/python3.12/multiprocessing/util.py", line 303, in _run_finalizers
    finalizer()
  File "/opt/ohpc/pub/compiler/conda/latest/lib/python3.12/multiprocessing/util.py", line 227, in __call__
    res = self._callback(*self._args, **self._kwargs)
          ^^^^^^^^^^^^^^^^^^^^^^^^^^^^^^^^^^^^^^^^^^^
  File "/opt/ohpc/pub/compiler/conda/latest/lib/python3.12/multiprocessing/util.py", line 136, in _remove_temp_dir
    rmtree(tempdir, onerror=onerror)
  File "/opt/ohpc/pub/compiler/conda/latest/lib/python3.12/shutil.py", line 759, in rmtree
    _rmtree_safe_fd(stack, onexc)
  File "/opt/ohpc/pub/compiler/conda/latest/lib/python3.12/shutil.py", line 703, in _rmtree_safe_fd
    onexc(func, path, err)
  File "/opt/ohpc/pub/compiler/conda/latest/lib/python3.12/shutil.py", line 750, in onexc
    return onerror(func, path, exc_info)
           ^^^^^^^^^^^^^^^^^^^^^^^^^^^^^
  File "/opt/ohpc/pub/compiler/conda/latest/lib/python3.12/shutil.py", line 700, in _rmtree_safe_fd
    onexc(os.unlink, fullname, err)
  File "/opt/ohpc/pub/compiler/conda/latest/lib/python3.12/shutil.py", line 750, in onexc
    return onerror(func, path, exc_info)
           ^^^^^^^^^^^^^^^^^^^^^^^^^^^^^
  File "/opt/ohpc/pub/compiler/conda/latest/lib/python3.12/shutil.py", line 698, in _rmtree_safe_fd
    os.unlink(entry.name, dir_fd=topfd)
OSError: [Errno 16] Device or resource busy: '/tmp/pymp-wodd_74p'
  File "/opt/ohpc/pub/compiler/conda/latest/lib/python3.12/multiprocessing/util.py", line 303, in _run_finalizers
    finalizer()
  File "/opt/ohpc/pub/compiler/conda/latest/lib/python3.12/multiprocessing/util.py", line 227, in __call__
    res = self._callback(*self._args, **self._kwargs)
          ^^^^^^^^^^^^^^^^^^^^^^^^^^^^^^^^^^^^^^^^^^^
  File "/opt/ohpc/pub/compiler/conda/latest/lib/python3.12/multiprocessing/util.py", line 136, in _remove_temp_dir
    rmtree(tempdir, onerror=onerror)
  File "/opt/ohpc/pub/compiler/conda/latest/lib/python3.12/shutil.py", line 759, in rmtree
    _rmtree_safe_fd(stack, onexc)
  File "/opt/ohpc/pub/compiler/conda/latest/lib/python3.12/shutil.py", line 703, in _rmtree_safe_fd
    onexc(func, path, err)
  File "/opt/ohpc/pub/compiler/conda/latest/lib/python3.12/shutil.py", line 750, in onexc
    return onerror(func, path, exc_info)
           ^^^^^^^^^^^^^^^^^^^^^^^^^^^^^
  File "/opt/ohpc/pub/compiler/conda/latest/lib/python3.12/shutil.py", line 700, in _rmtree_safe_fd
    onexc(os.unlink, fullname, err)
  File "/opt/ohpc/pub/compiler/conda/latest/lib/python3.12/shutil.py", line 750, in onexc
    return onerror(func, path, exc_info)
           ^^^^^^^^^^^^^^^^^^^^^^^^^^^^^
  File "/opt/ohpc/pub/compiler/conda/latest/lib/python3.12/shutil.py", line 698, in _rmtree_safe_fd
    os.unlink(entry.name, dir_fd=topfd)
OSError: [Errno 16] Device or resource busy: '/tmp/pymp-48b70vgz'
Traceback (most recent call last):
Traceback (most recent call last):
Traceback (most recent call last):
Traceback (most recent call last):
  File "/opt/ohpc/pub/compiler/conda/latest/lib/python3.12/multiprocessing/util.py", line 303, in _run_finalizers
    finalizer()
  File "/opt/ohpc/pub/compiler/conda/latest/lib/python3.12/multiprocessing/util.py", line 227, in __call__
    res = self._callback(*self._args, **self._kwargs)
          ^^^^^^^^^^^^^^^^^^^^^^^^^^^^^^^^^^^^^^^^^^^
  File "/opt/ohpc/pub/compiler/conda/latest/lib/python3.12/multiprocessing/util.py", line 136, in _remove_temp_dir
    rmtree(tempdir, onerror=onerror)
Traceback (most recent call last):
  File "/opt/ohpc/pub/compiler/conda/latest/lib/python3.12/shutil.py", line 759, in rmtree
    _rmtree_safe_fd(stack, onexc)
  File "/opt/ohpc/pub/compiler/conda/latest/lib/python3.12/shutil.py", line 703, in _rmtree_safe_fd
    onexc(func, path, err)
  File "/opt/ohpc/pub/compiler/conda/latest/lib/python3.12/shutil.py", line 750, in onexc
    return onerror(func, path, exc_info)
           ^^^^^^^^^^^^^^^^^^^^^^^^^^^^^
  File "/opt/ohpc/pub/compiler/conda/latest/lib/python3.12/shutil.py", line 700, in _rmtree_safe_fd
    onexc(os.unlink, fullname, err)
  File "/opt/ohpc/pub/compiler/conda/latest/lib/python3.12/shutil.py", line 750, in onexc
    return onerror(func, path, exc_info)
           ^^^^^^^^^^^^^^^^^^^^^^^^^^^^^
  File "/opt/ohpc/pub/compiler/conda/latest/lib/python3.12/shutil.py", line 698, in _rmtree_safe_fd
    os.unlink(entry.name, dir_fd=topfd)
OSError: [Errno 16] Device or resource busy: '/tmp/pymp-f1w_6zij'
Traceback (most recent call last):
  File "/opt/ohpc/pub/compiler/conda/latest/lib/python3.12/multiprocessing/util.py", line 303, in _run_finalizers
    finalizer()
  File "/opt/ohpc/pub/compiler/conda/latest/lib/python3.12/multiprocessing/util.py", line 227, in __call__
    res = self._callback(*self._args, **self._kwargs)
          ^^^^^^^^^^^^^^^^^^^^^^^^^^^^^^^^^^^^^^^^^^^
  File "/opt/ohpc/pub/compiler/conda/latest/lib/python3.12/multiprocessing/util.py", line 136, in _remove_temp_dir
    rmtree(tempdir, onerror=onerror)
  File "/opt/ohpc/pub/compiler/conda/latest/lib/python3.12/shutil.py", line 759, in rmtree
    _rmtree_safe_fd(stack, onexc)
  File "/opt/ohpc/pub/compiler/conda/latest/lib/python3.12/shutil.py", line 703, in _rmtree_safe_fd
    onexc(func, path, err)
  File "/opt/ohpc/pub/compiler/conda/latest/lib/python3.12/shutil.py", line 750, in onexc
    return onerror(func, path, exc_info)
           ^^^^^^^^^^^^^^^^^^^^^^^^^^^^^
  File "/opt/ohpc/pub/compiler/conda/latest/lib/python3.12/shutil.py", line 700, in _rmtree_safe_fd
    onexc(os.unlink, fullname, err)
  File "/opt/ohpc/pub/compiler/conda/latest/lib/python3.12/shutil.py", line 750, in onexc
    return onerror(func, path, exc_info)
           ^^^^^^^^^^^^^^^^^^^^^^^^^^^^^
  File "/opt/ohpc/pub/compiler/conda/latest/lib/python3.12/shutil.py", line 698, in _rmtree_safe_fd
    os.unlink(entry.name, dir_fd=topfd)
OSError: [Errno 16] Device or resource busy: '/tmp/pymp-yeli1_cb'
  File "/opt/ohpc/pub/compiler/conda/latest/lib/python3.12/multiprocessing/util.py", line 303, in _run_finalizers
    finalizer()
  File "/opt/ohpc/pub/compiler/conda/latest/lib/python3.12/multiprocessing/util.py", line 227, in __call__
    res = self._callback(*self._args, **self._kwargs)
          ^^^^^^^^^^^^^^^^^^^^^^^^^^^^^^^^^^^^^^^^^^^
  File "/opt/ohpc/pub/compiler/conda/latest/lib/python3.12/multiprocessing/util.py", line 136, in _remove_temp_dir
    rmtree(tempdir, onerror=onerror)
Traceback (most recent call last):
  File "/opt/ohpc/pub/compiler/conda/latest/lib/python3.12/shutil.py", line 759, in rmtree
    _rmtree_safe_fd(stack, onexc)
  File "/opt/ohpc/pub/compiler/conda/latest/lib/python3.12/shutil.py", line 703, in _rmtree_safe_fd
    onexc(func, path, err)
  File "/opt/ohpc/pub/compiler/conda/latest/lib/python3.12/shutil.py", line 750, in onexc
    return onerror(func, path, exc_info)
           ^^^^^^^^^^^^^^^^^^^^^^^^^^^^^
  File "/opt/ohpc/pub/compiler/conda/latest/lib/python3.12/shutil.py", line 700, in _rmtree_safe_fd
    onexc(os.unlink, fullname, err)
  File "/opt/ohpc/pub/compiler/conda/latest/lib/python3.12/shutil.py", line 750, in onexc
    return onerror(func, path, exc_info)
           ^^^^^^^^^^^^^^^^^^^^^^^^^^^^^
  File "/opt/ohpc/pub/compiler/conda/latest/lib/python3.12/shutil.py", line 698, in _rmtree_safe_fd
    os.unlink(entry.name, dir_fd=topfd)
OSError: [Errno 16] Device or resource busy: '/tmp/pymp-t033835q'
  File "/opt/ohpc/pub/compiler/conda/latest/lib/python3.12/multiprocessing/util.py", line 303, in _run_finalizers
    finalizer()
  File "/opt/ohpc/pub/compiler/conda/latest/lib/python3.12/multiprocessing/util.py", line 227, in __call__
    res = self._callback(*self._args, **self._kwargs)
          ^^^^^^^^^^^^^^^^^^^^^^^^^^^^^^^^^^^^^^^^^^^
  File "/opt/ohpc/pub/compiler/conda/latest/lib/python3.12/multiprocessing/util.py", line 303, in _run_finalizers
    finalizer()
  File "/opt/ohpc/pub/compiler/conda/latest/lib/python3.12/multiprocessing/util.py", line 136, in _remove_temp_dir
    rmtree(tempdir, onerror=onerror)
  File "/opt/ohpc/pub/compiler/conda/latest/lib/python3.12/shutil.py", line 759, in rmtree
    _rmtree_safe_fd(stack, onexc)
  File "/opt/ohpc/pub/compiler/conda/latest/lib/python3.12/shutil.py", line 703, in _rmtree_safe_fd
    onexc(func, path, err)
  File "/opt/ohpc/pub/compiler/conda/latest/lib/python3.12/multiprocessing/util.py", line 227, in __call__
    res = self._callback(*self._args, **self._kwargs)
          ^^^^^^^^^^^^^^^^^^^^^^^^^^^^^^^^^^^^^^^^^^^
  File "/opt/ohpc/pub/compiler/conda/latest/lib/python3.12/multiprocessing/util.py", line 136, in _remove_temp_dir
    rmtree(tempdir, onerror=onerror)
  File "/opt/ohpc/pub/compiler/conda/latest/lib/python3.12/shutil.py", line 750, in onexc
    return onerror(func, path, exc_info)
           ^^^^^^^^^^^^^^^^^^^^^^^^^^^^^
  File "/opt/ohpc/pub/compiler/conda/latest/lib/python3.12/shutil.py", line 759, in rmtree
    _rmtree_safe_fd(stack, onexc)
  File "/opt/ohpc/pub/compiler/conda/latest/lib/python3.12/shutil.py", line 700, in _rmtree_safe_fd
    onexc(os.unlink, fullname, err)
  File "/opt/ohpc/pub/compiler/conda/latest/lib/python3.12/shutil.py", line 703, in _rmtree_safe_fd
    onexc(func, path, err)
  File "/opt/ohpc/pub/compiler/conda/latest/lib/python3.12/shutil.py", line 750, in onexc
    return onerror(func, path, exc_info)
           ^^^^^^^^^^^^^^^^^^^^^^^^^^^^^
  File "/opt/ohpc/pub/compiler/conda/latest/lib/python3.12/shutil.py", line 698, in _rmtree_safe_fd
    os.unlink(entry.name, dir_fd=topfd)
  File "/opt/ohpc/pub/compiler/conda/latest/lib/python3.12/shutil.py", line 750, in onexc
    return onerror(func, path, exc_info)
           ^^^^^^^^^^^^^^^^^^^^^^^^^^^^^
  File "/opt/ohpc/pub/compiler/conda/latest/lib/python3.12/shutil.py", line 700, in _rmtree_safe_fd
    onexc(os.unlink, fullname, err)
Traceback (most recent call last):
  File "/opt/ohpc/pub/compiler/conda/latest/lib/python3.12/shutil.py", line 750, in onexc
    return onerror(func, path, exc_info)
           ^^^^^^^^^^^^^^^^^^^^^^^^^^^^^
  File "/opt/ohpc/pub/compiler/conda/latest/lib/python3.12/shutil.py", line 698, in _rmtree_safe_fd
    os.unlink(entry.name, dir_fd=topfd)
OSError: [Errno 16] Device or resource busy: '/tmp/pymp-fkm8gyda'
OSError: [Errno 16] Device or resource busy: '/tmp/pymp-e8c1xud4'
  File "/opt/ohpc/pub/compiler/conda/latest/lib/python3.12/multiprocessing/util.py", line 303, in _run_finalizers
    finalizer()
  File "/opt/ohpc/pub/compiler/conda/latest/lib/python3.12/multiprocessing/util.py", line 227, in __call__
    res = self._callback(*self._args, **self._kwargs)
          ^^^^^^^^^^^^^^^^^^^^^^^^^^^^^^^^^^^^^^^^^^^
  File "/opt/ohpc/pub/compiler/conda/latest/lib/python3.12/multiprocessing/util.py", line 136, in _remove_temp_dir
    rmtree(tempdir, onerror=onerror)
  File "/opt/ohpc/pub/compiler/conda/latest/lib/python3.12/shutil.py", line 759, in rmtree
    _rmtree_safe_fd(stack, onexc)
  File "/opt/ohpc/pub/compiler/conda/latest/lib/python3.12/shutil.py", line 703, in _rmtree_safe_fd
    onexc(func, path, err)
  File "/opt/ohpc/pub/compiler/conda/latest/lib/python3.12/shutil.py", line 750, in onexc
    return onerror(func, path, exc_info)
           ^^^^^^^^^^^^^^^^^^^^^^^^^^^^^
  File "/opt/ohpc/pub/compiler/conda/latest/lib/python3.12/shutil.py", line 700, in _rmtree_safe_fd
    onexc(os.unlink, fullname, err)
  File "/opt/ohpc/pub/compiler/conda/latest/lib/python3.12/shutil.py", line 750, in onexc
    return onerror(func, path, exc_info)
           ^^^^^^^^^^^^^^^^^^^^^^^^^^^^^
  File "/opt/ohpc/pub/compiler/conda/latest/lib/python3.12/shutil.py", line 698, in _rmtree_safe_fd
    os.unlink(entry.name, dir_fd=topfd)
OSError: [Errno 16] Device or resource busy: '/tmp/pymp-67tb0t4q'
Traceback (most recent call last):
  File "/opt/ohpc/pub/compiler/conda/latest/lib/python3.12/multiprocessing/util.py", line 303, in _run_finalizers
    finalizer()
  File "/opt/ohpc/pub/compiler/conda/latest/lib/python3.12/multiprocessing/util.py", line 227, in __call__
    res = self._callback(*self._args, **self._kwargs)
          ^^^^^^^^^^^^^^^^^^^^^^^^^^^^^^^^^^^^^^^^^^^
  File "/opt/ohpc/pub/compiler/conda/latest/lib/python3.12/multiprocessing/util.py", line 136, in _remove_temp_dir
    rmtree(tempdir, onerror=onerror)
  File "/opt/ohpc/pub/compiler/conda/latest/lib/python3.12/shutil.py", line 759, in rmtree
    _rmtree_safe_fd(stack, onexc)
  File "/opt/ohpc/pub/compiler/conda/latest/lib/python3.12/shutil.py", line 703, in _rmtree_safe_fd
    onexc(func, path, err)
  File "/opt/ohpc/pub/compiler/conda/latest/lib/python3.12/shutil.py", line 750, in onexc
    return onerror(func, path, exc_info)
           ^^^^^^^^^^^^^^^^^^^^^^^^^^^^^
  File "/opt/ohpc/pub/compiler/conda/latest/lib/python3.12/shutil.py", line 700, in _rmtree_safe_fd
    onexc(os.unlink, fullname, err)
  File "/opt/ohpc/pub/compiler/conda/latest/lib/python3.12/shutil.py", line 750, in onexc
    return onerror(func, path, exc_info)
           ^^^^^^^^^^^^^^^^^^^^^^^^^^^^^
  File "/opt/ohpc/pub/compiler/conda/latest/lib/python3.12/shutil.py", line 698, in _rmtree_safe_fd
    os.unlink(entry.name, dir_fd=topfd)
OSError: [Errno 16] Device or resource busy: '/tmp/pymp-pb44lo6n'
  File "/opt/ohpc/pub/compiler/conda/latest/lib/python3.12/multiprocessing/util.py", line 303, in _run_finalizers
    finalizer()
  File "/opt/ohpc/pub/compiler/conda/latest/lib/python3.12/multiprocessing/util.py", line 227, in __call__
    res = self._callback(*self._args, **self._kwargs)
          ^^^^^^^^^^^^^^^^^^^^^^^^^^^^^^^^^^^^^^^^^^^
  File "/opt/ohpc/pub/compiler/conda/latest/lib/python3.12/multiprocessing/util.py", line 136, in _remove_temp_dir
    rmtree(tempdir, onerror=onerror)
  File "/opt/ohpc/pub/compiler/conda/latest/lib/python3.12/shutil.py", line 759, in rmtree
    _rmtree_safe_fd(stack, onexc)
  File "/opt/ohpc/pub/compiler/conda/latest/lib/python3.12/shutil.py", line 703, in _rmtree_safe_fd
    onexc(func, path, err)
  File "/opt/ohpc/pub/compiler/conda/latest/lib/python3.12/shutil.py", line 750, in onexc
    return onerror(func, path, exc_info)
           ^^^^^^^^^^^^^^^^^^^^^^^^^^^^^
  File "/opt/ohpc/pub/compiler/conda/latest/lib/python3.12/shutil.py", line 700, in _rmtree_safe_fd
    onexc(os.unlink, fullname, err)
  File "/opt/ohpc/pub/compiler/conda/latest/lib/python3.12/shutil.py", line 750, in onexc
    return onerror(func, path, exc_info)
           ^^^^^^^^^^^^^^^^^^^^^^^^^^^^^
  File "/opt/ohpc/pub/compiler/conda/latest/lib/python3.12/shutil.py", line 698, in _rmtree_safe_fd
    os.unlink(entry.name, dir_fd=topfd)
OSError: [Errno 16] Device or resource busy: '/tmp/pymp-584yaeln'
  File "/opt/ohpc/pub/compiler/conda/latest/lib/python3.12/multiprocessing/util.py", line 303, in _run_finalizers
    finalizer()
  File "/opt/ohpc/pub/compiler/conda/latest/lib/python3.12/multiprocessing/util.py", line 227, in __call__
    res = self._callback(*self._args, **self._kwargs)
          ^^^^^^^^^^^^^^^^^^^^^^^^^^^^^^^^^^^^^^^^^^^
  File "/opt/ohpc/pub/compiler/conda/latest/lib/python3.12/multiprocessing/util.py", line 136, in _remove_temp_dir
    rmtree(tempdir, onerror=onerror)
  File "/opt/ohpc/pub/compiler/conda/latest/lib/python3.12/shutil.py", line 759, in rmtree
    _rmtree_safe_fd(stack, onexc)
  File "/opt/ohpc/pub/compiler/conda/latest/lib/python3.12/shutil.py", line 703, in _rmtree_safe_fd
    onexc(func, path, err)
  File "/opt/ohpc/pub/compiler/conda/latest/lib/python3.12/shutil.py", line 750, in onexc
    return onerror(func, path, exc_info)
           ^^^^^^^^^^^^^^^^^^^^^^^^^^^^^
  File "/opt/ohpc/pub/compiler/conda/latest/lib/python3.12/shutil.py", line 700, in _rmtree_safe_fd
    onexc(os.unlink, fullname, err)
  File "/opt/ohpc/pub/compiler/conda/latest/lib/python3.12/shutil.py", line 750, in onexc
    return onerror(func, path, exc_info)
           ^^^^^^^^^^^^^^^^^^^^^^^^^^^^^
  File "/opt/ohpc/pub/compiler/conda/latest/lib/python3.12/shutil.py", line 698, in _rmtree_safe_fd
    os.unlink(entry.name, dir_fd=topfd)
OSError: [Errno 16] Device or resource busy: '/tmp/pymp-rly1leqn'
Traceback (most recent call last):
  File "/opt/ohpc/pub/compiler/conda/latest/lib/python3.12/multiprocessing/util.py", line 303, in _run_finalizers
    finalizer()
  File "/opt/ohpc/pub/compiler/conda/latest/lib/python3.12/multiprocessing/util.py", line 227, in __call__
    res = self._callback(*self._args, **self._kwargs)
          ^^^^^^^^^^^^^^^^^^^^^^^^^^^^^^^^^^^^^^^^^^^
  File "/opt/ohpc/pub/compiler/conda/latest/lib/python3.12/multiprocessing/util.py", line 136, in _remove_temp_dir
    rmtree(tempdir, onerror=onerror)
  File "/opt/ohpc/pub/compiler/conda/latest/lib/python3.12/shutil.py", line 759, in rmtree
    _rmtree_safe_fd(stack, onexc)
  File "/opt/ohpc/pub/compiler/conda/latest/lib/python3.12/shutil.py", line 703, in _rmtree_safe_fd
    onexc(func, path, err)
  File "/opt/ohpc/pub/compiler/conda/latest/lib/python3.12/shutil.py", line 750, in onexc
    return onerror(func, path, exc_info)
           ^^^^^^^^^^^^^^^^^^^^^^^^^^^^^
  File "/opt/ohpc/pub/compiler/conda/latest/lib/python3.12/shutil.py", line 700, in _rmtree_safe_fd
    onexc(os.unlink, fullname, err)
  File "/opt/ohpc/pub/compiler/conda/latest/lib/python3.12/shutil.py", line 750, in onexc
    return onerror(func, path, exc_info)
           ^^^^^^^^^^^^^^^^^^^^^^^^^^^^^
  File "/opt/ohpc/pub/compiler/conda/latest/lib/python3.12/shutil.py", line 698, in _rmtree_safe_fd
    os.unlink(entry.name, dir_fd=topfd)
OSError: [Errno 16] Device or resource busy: '/tmp/pymp-52d12vln'
Traceback (most recent call last):
Traceback (most recent call last):
  File "/opt/ohpc/pub/compiler/conda/latest/lib/python3.12/multiprocessing/util.py", line 303, in _run_finalizers
    finalizer()
  File "/opt/ohpc/pub/compiler/conda/latest/lib/python3.12/multiprocessing/util.py", line 227, in __call__
    res = self._callback(*self._args, **self._kwargs)
          ^^^^^^^^^^^^^^^^^^^^^^^^^^^^^^^^^^^^^^^^^^^
  File "/opt/ohpc/pub/compiler/conda/latest/lib/python3.12/multiprocessing/util.py", line 136, in _remove_temp_dir
    rmtree(tempdir, onerror=onerror)
  File "/opt/ohpc/pub/compiler/conda/latest/lib/python3.12/shutil.py", line 759, in rmtree
    _rmtree_safe_fd(stack, onexc)
  File "/opt/ohpc/pub/compiler/conda/latest/lib/python3.12/shutil.py", line 703, in _rmtree_safe_fd
    onexc(func, path, err)
  File "/opt/ohpc/pub/compiler/conda/latest/lib/python3.12/shutil.py", line 750, in onexc
    return onerror(func, path, exc_info)
           ^^^^^^^^^^^^^^^^^^^^^^^^^^^^^
  File "/opt/ohpc/pub/compiler/conda/latest/lib/python3.12/shutil.py", line 700, in _rmtree_safe_fd
    onexc(os.unlink, fullname, err)
  File "/opt/ohpc/pub/compiler/conda/latest/lib/python3.12/shutil.py", line 750, in onexc
    return onerror(func, path, exc_info)
           ^^^^^^^^^^^^^^^^^^^^^^^^^^^^^
  File "/opt/ohpc/pub/compiler/conda/latest/lib/python3.12/shutil.py", line 698, in _rmtree_safe_fd
    os.unlink(entry.name, dir_fd=topfd)
OSError: [Errno 16] Device or resource busy: '/tmp/pymp-5ljh1inl'
Traceback (most recent call last):
  File "/opt/ohpc/pub/compiler/conda/latest/lib/python3.12/multiprocessing/util.py", line 303, in _run_finalizers
    finalizer()
  File "/opt/ohpc/pub/compiler/conda/latest/lib/python3.12/multiprocessing/util.py", line 227, in __call__
    res = self._callback(*self._args, **self._kwargs)
          ^^^^^^^^^^^^^^^^^^^^^^^^^^^^^^^^^^^^^^^^^^^
  File "/opt/ohpc/pub/compiler/conda/latest/lib/python3.12/multiprocessing/util.py", line 136, in _remove_temp_dir
    rmtree(tempdir, onerror=onerror)
  File "/opt/ohpc/pub/compiler/conda/latest/lib/python3.12/shutil.py", line 759, in rmtree
    _rmtree_safe_fd(stack, onexc)
  File "/opt/ohpc/pub/compiler/conda/latest/lib/python3.12/shutil.py", line 703, in _rmtree_safe_fd
    onexc(func, path, err)
  File "/opt/ohpc/pub/compiler/conda/latest/lib/python3.12/shutil.py", line 750, in onexc
    return onerror(func, path, exc_info)
           ^^^^^^^^^^^^^^^^^^^^^^^^^^^^^
  File "/opt/ohpc/pub/compiler/conda/latest/lib/python3.12/shutil.py", line 700, in _rmtree_safe_fd
    onexc(os.unlink, fullname, err)
  File "/opt/ohpc/pub/compiler/conda/latest/lib/python3.12/shutil.py", line 750, in onexc
    return onerror(func, path, exc_info)
           ^^^^^^^^^^^^^^^^^^^^^^^^^^^^^
  File "/opt/ohpc/pub/compiler/conda/latest/lib/python3.12/shutil.py", line 698, in _rmtree_safe_fd
    os.unlink(entry.name, dir_fd=topfd)
OSError: [Errno 16] Device or resource busy: '/tmp/pymp-6x5z57sx'
  File "/opt/ohpc/pub/compiler/conda/latest/lib/python3.12/multiprocessing/util.py", line 303, in _run_finalizers
    finalizer()
  File "/opt/ohpc/pub/compiler/conda/latest/lib/python3.12/multiprocessing/util.py", line 227, in __call__
    res = self._callback(*self._args, **self._kwargs)
          ^^^^^^^^^^^^^^^^^^^^^^^^^^^^^^^^^^^^^^^^^^^
  File "/opt/ohpc/pub/compiler/conda/latest/lib/python3.12/multiprocessing/util.py", line 136, in _remove_temp_dir
    rmtree(tempdir, onerror=onerror)
  File "/opt/ohpc/pub/compiler/conda/latest/lib/python3.12/shutil.py", line 759, in rmtree
    _rmtree_safe_fd(stack, onexc)
  File "/opt/ohpc/pub/compiler/conda/latest/lib/python3.12/shutil.py", line 703, in _rmtree_safe_fd
    onexc(func, path, err)
  File "/opt/ohpc/pub/compiler/conda/latest/lib/python3.12/shutil.py", line 750, in onexc
    return onerror(func, path, exc_info)
           ^^^^^^^^^^^^^^^^^^^^^^^^^^^^^
  File "/opt/ohpc/pub/compiler/conda/latest/lib/python3.12/shutil.py", line 700, in _rmtree_safe_fd
    onexc(os.unlink, fullname, err)
  File "/opt/ohpc/pub/compiler/conda/latest/lib/python3.12/shutil.py", line 750, in onexc
    return onerror(func, path, exc_info)
           ^^^^^^^^^^^^^^^^^^^^^^^^^^^^^
  File "/opt/ohpc/pub/compiler/conda/latest/lib/python3.12/shutil.py", line 698, in _rmtree_safe_fd
    os.unlink(entry.name, dir_fd=topfd)
OSError: [Errno 16] Device or resource busy: '/tmp/pymp-c98_79t6'
Traceback (most recent call last):
  File "/opt/ohpc/pub/compiler/conda/latest/lib/python3.12/multiprocessing/util.py", line 303, in _run_finalizers
    finalizer()
  File "/opt/ohpc/pub/compiler/conda/latest/lib/python3.12/multiprocessing/util.py", line 227, in __call__
    res = self._callback(*self._args, **self._kwargs)
          ^^^^^^^^^^^^^^^^^^^^^^^^^^^^^^^^^^^^^^^^^^^
  File "/opt/ohpc/pub/compiler/conda/latest/lib/python3.12/multiprocessing/util.py", line 136, in _remove_temp_dir
    rmtree(tempdir, onerror=onerror)
  File "/opt/ohpc/pub/compiler/conda/latest/lib/python3.12/shutil.py", line 759, in rmtree
    _rmtree_safe_fd(stack, onexc)
  File "/opt/ohpc/pub/compiler/conda/latest/lib/python3.12/shutil.py", line 703, in _rmtree_safe_fd
    onexc(func, path, err)
  File "/opt/ohpc/pub/compiler/conda/latest/lib/python3.12/shutil.py", line 750, in onexc
    return onerror(func, path, exc_info)
           ^^^^^^^^^^^^^^^^^^^^^^^^^^^^^
  File "/opt/ohpc/pub/compiler/conda/latest/lib/python3.12/shutil.py", line 700, in _rmtree_safe_fd
    onexc(os.unlink, fullname, err)
  File "/opt/ohpc/pub/compiler/conda/latest/lib/python3.12/shutil.py", line 750, in onexc
    return onerror(func, path, exc_info)
           ^^^^^^^^^^^^^^^^^^^^^^^^^^^^^
  File "/opt/ohpc/pub/compiler/conda/latest/lib/python3.12/shutil.py", line 698, in _rmtree_safe_fd
    os.unlink(entry.name, dir_fd=topfd)
OSError: [Errno 16] Device or resource busy: '/tmp/pymp-sl948xv_'
Traceback (most recent call last):
  File "/opt/ohpc/pub/compiler/conda/latest/lib/python3.12/multiprocessing/util.py", line 303, in _run_finalizers
    finalizer()
  File "/opt/ohpc/pub/compiler/conda/latest/lib/python3.12/multiprocessing/util.py", line 227, in __call__
    res = self._callback(*self._args, **self._kwargs)
          ^^^^^^^^^^^^^^^^^^^^^^^^^^^^^^^^^^^^^^^^^^^
  File "/opt/ohpc/pub/compiler/conda/latest/lib/python3.12/multiprocessing/util.py", line 136, in _remove_temp_dir
    rmtree(tempdir, onerror=onerror)
  File "/opt/ohpc/pub/compiler/conda/latest/lib/python3.12/shutil.py", line 759, in rmtree
    _rmtree_safe_fd(stack, onexc)
  File "/opt/ohpc/pub/compiler/conda/latest/lib/python3.12/shutil.py", line 703, in _rmtree_safe_fd
    onexc(func, path, err)
  File "/opt/ohpc/pub/compiler/conda/latest/lib/python3.12/shutil.py", line 750, in onexc
    return onerror(func, path, exc_info)
           ^^^^^^^^^^^^^^^^^^^^^^^^^^^^^
  File "/opt/ohpc/pub/compiler/conda/latest/lib/python3.12/shutil.py", line 700, in _rmtree_safe_fd
    onexc(os.unlink, fullname, err)
  File "/opt/ohpc/pub/compiler/conda/latest/lib/python3.12/shutil.py", line 750, in onexc
    return onerror(func, path, exc_info)
           ^^^^^^^^^^^^^^^^^^^^^^^^^^^^^
  File "/opt/ohpc/pub/compiler/conda/latest/lib/python3.12/shutil.py", line 698, in _rmtree_safe_fd
    os.unlink(entry.name, dir_fd=topfd)
OSError: [Errno 16] Device or resource busy: '/tmp/pymp-74ccy9fb'
Traceback (most recent call last):
Traceback (most recent call last):
  File "/opt/ohpc/pub/compiler/conda/latest/lib/python3.12/multiprocessing/util.py", line 303, in _run_finalizers
    finalizer()
  File "/opt/ohpc/pub/compiler/conda/latest/lib/python3.12/multiprocessing/util.py", line 227, in __call__
    res = self._callback(*self._args, **self._kwargs)
          ^^^^^^^^^^^^^^^^^^^^^^^^^^^^^^^^^^^^^^^^^^^
  File "/opt/ohpc/pub/compiler/conda/latest/lib/python3.12/multiprocessing/util.py", line 136, in _remove_temp_dir
    rmtree(tempdir, onerror=onerror)
  File "/opt/ohpc/pub/compiler/conda/latest/lib/python3.12/shutil.py", line 759, in rmtree
    _rmtree_safe_fd(stack, onexc)
  File "/opt/ohpc/pub/compiler/conda/latest/lib/python3.12/shutil.py", line 703, in _rmtree_safe_fd
    onexc(func, path, err)
  File "/opt/ohpc/pub/compiler/conda/latest/lib/python3.12/shutil.py", line 750, in onexc
    return onerror(func, path, exc_info)
           ^^^^^^^^^^^^^^^^^^^^^^^^^^^^^
  File "/opt/ohpc/pub/compiler/conda/latest/lib/python3.12/shutil.py", line 700, in _rmtree_safe_fd
    onexc(os.unlink, fullname, err)
  File "/opt/ohpc/pub/compiler/conda/latest/lib/python3.12/shutil.py", line 750, in onexc
    return onerror(func, path, exc_info)
           ^^^^^^^^^^^^^^^^^^^^^^^^^^^^^
  File "/opt/ohpc/pub/compiler/conda/latest/lib/python3.12/shutil.py", line 698, in _rmtree_safe_fd
    os.unlink(entry.name, dir_fd=topfd)
  File "/opt/ohpc/pub/compiler/conda/latest/lib/python3.12/multiprocessing/util.py", line 303, in _run_finalizers
    finalizer()
OSError: [Errno 16] Device or resource busy: '/tmp/pymp-6x81u6e1'
  File "/opt/ohpc/pub/compiler/conda/latest/lib/python3.12/multiprocessing/util.py", line 227, in __call__
    res = self._callback(*self._args, **self._kwargs)
          ^^^^^^^^^^^^^^^^^^^^^^^^^^^^^^^^^^^^^^^^^^^
  File "/opt/ohpc/pub/compiler/conda/latest/lib/python3.12/multiprocessing/util.py", line 136, in _remove_temp_dir
    rmtree(tempdir, onerror=onerror)
  File "/opt/ohpc/pub/compiler/conda/latest/lib/python3.12/shutil.py", line 759, in rmtree
    _rmtree_safe_fd(stack, onexc)
  File "/opt/ohpc/pub/compiler/conda/latest/lib/python3.12/shutil.py", line 703, in _rmtree_safe_fd
    onexc(func, path, err)
  File "/opt/ohpc/pub/compiler/conda/latest/lib/python3.12/shutil.py", line 750, in onexc
    return onerror(func, path, exc_info)
           ^^^^^^^^^^^^^^^^^^^^^^^^^^^^^
  File "/opt/ohpc/pub/compiler/conda/latest/lib/python3.12/shutil.py", line 700, in _rmtree_safe_fd
    onexc(os.unlink, fullname, err)
  File "/opt/ohpc/pub/compiler/conda/latest/lib/python3.12/shutil.py", line 750, in onexc
    return onerror(func, path, exc_info)
           ^^^^^^^^^^^^^^^^^^^^^^^^^^^^^
  File "/opt/ohpc/pub/compiler/conda/latest/lib/python3.12/shutil.py", line 698, in _rmtree_safe_fd
    os.unlink(entry.name, dir_fd=topfd)
OSError: [Errno 16] Device or resource busy: '/tmp/pymp-jmnu05pm'
Traceback (most recent call last):
Traceback (most recent call last):
  File "/opt/ohpc/pub/compiler/conda/latest/lib/python3.12/multiprocessing/util.py", line 303, in _run_finalizers
    finalizer()
  File "/opt/ohpc/pub/compiler/conda/latest/lib/python3.12/multiprocessing/util.py", line 227, in __call__
    res = self._callback(*self._args, **self._kwargs)
          ^^^^^^^^^^^^^^^^^^^^^^^^^^^^^^^^^^^^^^^^^^^
  File "/opt/ohpc/pub/compiler/conda/latest/lib/python3.12/multiprocessing/util.py", line 136, in _remove_temp_dir
    rmtree(tempdir, onerror=onerror)
  File "/opt/ohpc/pub/compiler/conda/latest/lib/python3.12/shutil.py", line 759, in rmtree
    _rmtree_safe_fd(stack, onexc)
  File "/opt/ohpc/pub/compiler/conda/latest/lib/python3.12/shutil.py", line 703, in _rmtree_safe_fd
    onexc(func, path, err)
  File "/opt/ohpc/pub/compiler/conda/latest/lib/python3.12/shutil.py", line 750, in onexc
    return onerror(func, path, exc_info)
           ^^^^^^^^^^^^^^^^^^^^^^^^^^^^^
  File "/opt/ohpc/pub/compiler/conda/latest/lib/python3.12/shutil.py", line 700, in _rmtree_safe_fd
    onexc(os.unlink, fullname, err)
  File "/opt/ohpc/pub/compiler/conda/latest/lib/python3.12/shutil.py", line 750, in onexc
    return onerror(func, path, exc_info)
           ^^^^^^^^^^^^^^^^^^^^^^^^^^^^^
  File "/opt/ohpc/pub/compiler/conda/latest/lib/python3.12/shutil.py", line 698, in _rmtree_safe_fd
    os.unlink(entry.name, dir_fd=topfd)
OSError: [Errno 16] Device or resource busy: '/tmp/pymp-1sf0anyk'
Traceback (most recent call last):
  File "/opt/ohpc/pub/compiler/conda/latest/lib/python3.12/multiprocessing/util.py", line 303, in _run_finalizers
    finalizer()
  File "/opt/ohpc/pub/compiler/conda/latest/lib/python3.12/multiprocessing/util.py", line 227, in __call__
    res = self._callback(*self._args, **self._kwargs)
          ^^^^^^^^^^^^^^^^^^^^^^^^^^^^^^^^^^^^^^^^^^^
  File "/opt/ohpc/pub/compiler/conda/latest/lib/python3.12/multiprocessing/util.py", line 136, in _remove_temp_dir
    rmtree(tempdir, onerror=onerror)
  File "/opt/ohpc/pub/compiler/conda/latest/lib/python3.12/shutil.py", line 759, in rmtree
    _rmtree_safe_fd(stack, onexc)
  File "/opt/ohpc/pub/compiler/conda/latest/lib/python3.12/shutil.py", line 703, in _rmtree_safe_fd
    onexc(func, path, err)
  File "/opt/ohpc/pub/compiler/conda/latest/lib/python3.12/shutil.py", line 750, in onexc
    return onerror(func, path, exc_info)
           ^^^^^^^^^^^^^^^^^^^^^^^^^^^^^
  File "/opt/ohpc/pub/compiler/conda/latest/lib/python3.12/shutil.py", line 700, in _rmtree_safe_fd
    onexc(os.unlink, fullname, err)
  File "/opt/ohpc/pub/compiler/conda/latest/lib/python3.12/shutil.py", line 750, in onexc
    return onerror(func, path, exc_info)
           ^^^^^^^^^^^^^^^^^^^^^^^^^^^^^
  File "/opt/ohpc/pub/compiler/conda/latest/lib/python3.12/shutil.py", line 698, in _rmtree_safe_fd
    os.unlink(entry.name, dir_fd=topfd)
OSError: [Errno 16] Device or resource busy: '/tmp/pymp-d_x0jmjl'
  File "/opt/ohpc/pub/compiler/conda/latest/lib/python3.12/multiprocessing/util.py", line 303, in _run_finalizers
    finalizer()
  File "/opt/ohpc/pub/compiler/conda/latest/lib/python3.12/multiprocessing/util.py", line 227, in __call__
    res = self._callback(*self._args, **self._kwargs)
          ^^^^^^^^^^^^^^^^^^^^^^^^^^^^^^^^^^^^^^^^^^^
  File "/opt/ohpc/pub/compiler/conda/latest/lib/python3.12/multiprocessing/util.py", line 136, in _remove_temp_dir
    rmtree(tempdir, onerror=onerror)
  File "/opt/ohpc/pub/compiler/conda/latest/lib/python3.12/shutil.py", line 759, in rmtree
    _rmtree_safe_fd(stack, onexc)
  File "/opt/ohpc/pub/compiler/conda/latest/lib/python3.12/shutil.py", line 703, in _rmtree_safe_fd
    onexc(func, path, err)
  File "/opt/ohpc/pub/compiler/conda/latest/lib/python3.12/shutil.py", line 750, in onexc
    return onerror(func, path, exc_info)
           ^^^^^^^^^^^^^^^^^^^^^^^^^^^^^
  File "/opt/ohpc/pub/compiler/conda/latest/lib/python3.12/shutil.py", line 700, in _rmtree_safe_fd
    onexc(os.unlink, fullname, err)
  File "/opt/ohpc/pub/compiler/conda/latest/lib/python3.12/shutil.py", line 750, in onexc
    return onerror(func, path, exc_info)
           ^^^^^^^^^^^^^^^^^^^^^^^^^^^^^
  File "/opt/ohpc/pub/compiler/conda/latest/lib/python3.12/shutil.py", line 698, in _rmtree_safe_fd
    os.unlink(entry.name, dir_fd=topfd)
OSError: [Errno 16] Device or resource busy: '/tmp/pymp-7priu25m'
[val 009] loss=-0.4618 z_std=0.0452 rankme=26.842 lidar=11.017 areq=2.007 pr=1.51 align=0.1944 unif=-1.070 converged=False collapsed=False
  e010 it0000/62 lr=0.0031 loss=-0.4949 z_std=0.0628
  e010 it0010/62 lr=0.0031 loss=-0.5074 z_std=0.0634
  e010 it0020/62 lr=0.0031 loss=-0.5244 z_std=0.0633
  e010 it0030/62 lr=0.0031 loss=-0.5380 z_std=0.0631
  e010 it0040/62 lr=0.0031 loss=-0.5536 z_std=0.0631
  e010 it0050/62 lr=0.0031 loss=-0.5693 z_std=0.0630
  e010 it0060/62 lr=0.0031 loss=-0.5862 z_std=0.0628
[epoch 010] loss=-0.5877 z_std=0.0628 (healthy~0.0625) time=209.7s
Traceback (most recent call last):
Traceback (most recent call last):
Traceback (most recent call last):
Traceback (most recent call last):
Traceback (most recent call last):
  File "/opt/ohpc/pub/compiler/conda/latest/lib/python3.12/multiprocessing/util.py", line 303, in _run_finalizers
    finalizer()
  File "/opt/ohpc/pub/compiler/conda/latest/lib/python3.12/multiprocessing/util.py", line 227, in __call__
    res = self._callback(*self._args, **self._kwargs)
          ^^^^^^^^^^^^^^^^^^^^^^^^^^^^^^^^^^^^^^^^^^^
  File "/opt/ohpc/pub/compiler/conda/latest/lib/python3.12/multiprocessing/util.py", line 136, in _remove_temp_dir
    rmtree(tempdir, onerror=onerror)
  File "/opt/ohpc/pub/compiler/conda/latest/lib/python3.12/shutil.py", line 759, in rmtree
    _rmtree_safe_fd(stack, onexc)
  File "/opt/ohpc/pub/compiler/conda/latest/lib/python3.12/shutil.py", line 703, in _rmtree_safe_fd
    onexc(func, path, err)
  File "/opt/ohpc/pub/compiler/conda/latest/lib/python3.12/shutil.py", line 750, in onexc
    return onerror(func, path, exc_info)
           ^^^^^^^^^^^^^^^^^^^^^^^^^^^^^
  File "/opt/ohpc/pub/compiler/conda/latest/lib/python3.12/shutil.py", line 700, in _rmtree_safe_fd
    onexc(os.unlink, fullname, err)
  File "/opt/ohpc/pub/compiler/conda/latest/lib/python3.12/shutil.py", line 750, in onexc
    return onerror(func, path, exc_info)
           ^^^^^^^^^^^^^^^^^^^^^^^^^^^^^
  File "/opt/ohpc/pub/compiler/conda/latest/lib/python3.12/shutil.py", line 698, in _rmtree_safe_fd
    os.unlink(entry.name, dir_fd=topfd)
OSError: [Errno 16] Device or resource busy: '/tmp/pymp-0lo17nsk'
Traceback (most recent call last):
  File "/opt/ohpc/pub/compiler/conda/latest/lib/python3.12/multiprocessing/util.py", line 303, in _run_finalizers
    finalizer()
  File "/opt/ohpc/pub/compiler/conda/latest/lib/python3.12/multiprocessing/util.py", line 227, in __call__
    res = self._callback(*self._args, **self._kwargs)
          ^^^^^^^^^^^^^^^^^^^^^^^^^^^^^^^^^^^^^^^^^^^
  File "/opt/ohpc/pub/compiler/conda/latest/lib/python3.12/multiprocessing/util.py", line 136, in _remove_temp_dir
    rmtree(tempdir, onerror=onerror)
  File "/opt/ohpc/pub/compiler/conda/latest/lib/python3.12/shutil.py", line 759, in rmtree
    _rmtree_safe_fd(stack, onexc)
  File "/opt/ohpc/pub/compiler/conda/latest/lib/python3.12/shutil.py", line 703, in _rmtree_safe_fd
    onexc(func, path, err)
  File "/opt/ohpc/pub/compiler/conda/latest/lib/python3.12/shutil.py", line 750, in onexc
    return onerror(func, path, exc_info)
           ^^^^^^^^^^^^^^^^^^^^^^^^^^^^^
  File "/opt/ohpc/pub/compiler/conda/latest/lib/python3.12/shutil.py", line 700, in _rmtree_safe_fd
    onexc(os.unlink, fullname, err)
  File "/opt/ohpc/pub/compiler/conda/latest/lib/python3.12/shutil.py", line 750, in onexc
    return onerror(func, path, exc_info)
           ^^^^^^^^^^^^^^^^^^^^^^^^^^^^^
  File "/opt/ohpc/pub/compiler/conda/latest/lib/python3.12/shutil.py", line 698, in _rmtree_safe_fd
    os.unlink(entry.name, dir_fd=topfd)
OSError: [Errno 16] Device or resource busy: '/tmp/pymp-e1mxp1lr'
  File "/opt/ohpc/pub/compiler/conda/latest/lib/python3.12/multiprocessing/util.py", line 303, in _run_finalizers
    finalizer()
  File "/opt/ohpc/pub/compiler/conda/latest/lib/python3.12/multiprocessing/util.py", line 227, in __call__
    res = self._callback(*self._args, **self._kwargs)
          ^^^^^^^^^^^^^^^^^^^^^^^^^^^^^^^^^^^^^^^^^^^
Traceback (most recent call last):
  File "/opt/ohpc/pub/compiler/conda/latest/lib/python3.12/multiprocessing/util.py", line 136, in _remove_temp_dir
    rmtree(tempdir, onerror=onerror)
  File "/opt/ohpc/pub/compiler/conda/latest/lib/python3.12/shutil.py", line 759, in rmtree
    _rmtree_safe_fd(stack, onexc)
  File "/opt/ohpc/pub/compiler/conda/latest/lib/python3.12/shutil.py", line 703, in _rmtree_safe_fd
    onexc(func, path, err)
  File "/opt/ohpc/pub/compiler/conda/latest/lib/python3.12/shutil.py", line 750, in onexc
    return onerror(func, path, exc_info)
           ^^^^^^^^^^^^^^^^^^^^^^^^^^^^^
  File "/opt/ohpc/pub/compiler/conda/latest/lib/python3.12/shutil.py", line 700, in _rmtree_safe_fd
    onexc(os.unlink, fullname, err)
  File "/opt/ohpc/pub/compiler/conda/latest/lib/python3.12/shutil.py", line 750, in onexc
    return onerror(func, path, exc_info)
           ^^^^^^^^^^^^^^^^^^^^^^^^^^^^^
  File "/opt/ohpc/pub/compiler/conda/latest/lib/python3.12/shutil.py", line 698, in _rmtree_safe_fd
    os.unlink(entry.name, dir_fd=topfd)
OSError: [Errno 16] Device or resource busy: '/tmp/pymp-47r3uqz8'
Traceback (most recent call last):
  File "/opt/ohpc/pub/compiler/conda/latest/lib/python3.12/multiprocessing/util.py", line 303, in _run_finalizers
    finalizer()
  File "/opt/ohpc/pub/compiler/conda/latest/lib/python3.12/multiprocessing/util.py", line 227, in __call__
    res = self._callback(*self._args, **self._kwargs)
          ^^^^^^^^^^^^^^^^^^^^^^^^^^^^^^^^^^^^^^^^^^^
  File "/opt/ohpc/pub/compiler/conda/latest/lib/python3.12/multiprocessing/util.py", line 136, in _remove_temp_dir
    rmtree(tempdir, onerror=onerror)
  File "/opt/ohpc/pub/compiler/conda/latest/lib/python3.12/shutil.py", line 759, in rmtree
    _rmtree_safe_fd(stack, onexc)
  File "/opt/ohpc/pub/compiler/conda/latest/lib/python3.12/shutil.py", line 703, in _rmtree_safe_fd
    onexc(func, path, err)
  File "/opt/ohpc/pub/compiler/conda/latest/lib/python3.12/shutil.py", line 750, in onexc
    return onerror(func, path, exc_info)
           ^^^^^^^^^^^^^^^^^^^^^^^^^^^^^
  File "/opt/ohpc/pub/compiler/conda/latest/lib/python3.12/shutil.py", line 700, in _rmtree_safe_fd
    onexc(os.unlink, fullname, err)
  File "/opt/ohpc/pub/compiler/conda/latest/lib/python3.12/shutil.py", line 750, in onexc
    return onerror(func, path, exc_info)
           ^^^^^^^^^^^^^^^^^^^^^^^^^^^^^
  File "/opt/ohpc/pub/compiler/conda/latest/lib/python3.12/shutil.py", line 698, in _rmtree_safe_fd
    os.unlink(entry.name, dir_fd=topfd)
OSError: [Errno 16] Device or resource busy: '/tmp/pymp-kqkfrq9_'
  File "/opt/ohpc/pub/compiler/conda/latest/lib/python3.12/multiprocessing/util.py", line 303, in _run_finalizers
    finalizer()
  File "/opt/ohpc/pub/compiler/conda/latest/lib/python3.12/multiprocessing/util.py", line 227, in __call__
    res = self._callback(*self._args, **self._kwargs)
          ^^^^^^^^^^^^^^^^^^^^^^^^^^^^^^^^^^^^^^^^^^^
  File "/opt/ohpc/pub/compiler/conda/latest/lib/python3.12/multiprocessing/util.py", line 136, in _remove_temp_dir
    rmtree(tempdir, onerror=onerror)
  File "/opt/ohpc/pub/compiler/conda/latest/lib/python3.12/shutil.py", line 759, in rmtree
    _rmtree_safe_fd(stack, onexc)
  File "/opt/ohpc/pub/compiler/conda/latest/lib/python3.12/shutil.py", line 703, in _rmtree_safe_fd
    onexc(func, path, err)
  File "/opt/ohpc/pub/compiler/conda/latest/lib/python3.12/shutil.py", line 750, in onexc
    return onerror(func, path, exc_info)
           ^^^^^^^^^^^^^^^^^^^^^^^^^^^^^
  File "/opt/ohpc/pub/compiler/conda/latest/lib/python3.12/shutil.py", line 700, in _rmtree_safe_fd
    onexc(os.unlink, fullname, err)
  File "/opt/ohpc/pub/compiler/conda/latest/lib/python3.12/shutil.py", line 750, in onexc
    return onerror(func, path, exc_info)
           ^^^^^^^^^^^^^^^^^^^^^^^^^^^^^
  File "/opt/ohpc/pub/compiler/conda/latest/lib/python3.12/shutil.py", line 698, in _rmtree_safe_fd
    os.unlink(entry.name, dir_fd=topfd)
OSError: [Errno 16] Device or resource busy: '/tmp/pymp-v_wr2h_5'
  File "/opt/ohpc/pub/compiler/conda/latest/lib/python3.12/multiprocessing/util.py", line 303, in _run_finalizers
    finalizer()
  File "/opt/ohpc/pub/compiler/conda/latest/lib/python3.12/multiprocessing/util.py", line 227, in __call__
    res = self._callback(*self._args, **self._kwargs)
          ^^^^^^^^^^^^^^^^^^^^^^^^^^^^^^^^^^^^^^^^^^^
  File "/opt/ohpc/pub/compiler/conda/latest/lib/python3.12/multiprocessing/util.py", line 136, in _remove_temp_dir
    rmtree(tempdir, onerror=onerror)
  File "/opt/ohpc/pub/compiler/conda/latest/lib/python3.12/shutil.py", line 759, in rmtree
    _rmtree_safe_fd(stack, onexc)
  File "/opt/ohpc/pub/compiler/conda/latest/lib/python3.12/shutil.py", line 703, in _rmtree_safe_fd
    onexc(func, path, err)
  File "/opt/ohpc/pub/compiler/conda/latest/lib/python3.12/shutil.py", line 750, in onexc
    return onerror(func, path, exc_info)
           ^^^^^^^^^^^^^^^^^^^^^^^^^^^^^
  File "/opt/ohpc/pub/compiler/conda/latest/lib/python3.12/shutil.py", line 700, in _rmtree_safe_fd
    onexc(os.unlink, fullname, err)
  File "/opt/ohpc/pub/compiler/conda/latest/lib/python3.12/shutil.py", line 750, in onexc
    return onerror(func, path, exc_info)
           ^^^^^^^^^^^^^^^^^^^^^^^^^^^^^
  File "/opt/ohpc/pub/compiler/conda/latest/lib/python3.12/shutil.py", line 698, in _rmtree_safe_fd
    os.unlink(entry.name, dir_fd=topfd)
  File "/opt/ohpc/pub/compiler/conda/latest/lib/python3.12/multiprocessing/util.py", line 303, in _run_finalizers
    finalizer()
  File "/opt/ohpc/pub/compiler/conda/latest/lib/python3.12/multiprocessing/util.py", line 227, in __call__
    res = self._callback(*self._args, **self._kwargs)
          ^^^^^^^^^^^^^^^^^^^^^^^^^^^^^^^^^^^^^^^^^^^
OSError: [Errno 16] Device or resource busy: '/tmp/pymp-rh9zxa5p'
  File "/opt/ohpc/pub/compiler/conda/latest/lib/python3.12/multiprocessing/util.py", line 136, in _remove_temp_dir
    rmtree(tempdir, onerror=onerror)
  File "/opt/ohpc/pub/compiler/conda/latest/lib/python3.12/shutil.py", line 759, in rmtree
    _rmtree_safe_fd(stack, onexc)
  File "/opt/ohpc/pub/compiler/conda/latest/lib/python3.12/shutil.py", line 703, in _rmtree_safe_fd
    onexc(func, path, err)
  File "/opt/ohpc/pub/compiler/conda/latest/lib/python3.12/shutil.py", line 750, in onexc
    return onerror(func, path, exc_info)
           ^^^^^^^^^^^^^^^^^^^^^^^^^^^^^
  File "/opt/ohpc/pub/compiler/conda/latest/lib/python3.12/shutil.py", line 700, in _rmtree_safe_fd
    onexc(os.unlink, fullname, err)
  File "/opt/ohpc/pub/compiler/conda/latest/lib/python3.12/shutil.py", line 750, in onexc
    return onerror(func, path, exc_info)
           ^^^^^^^^^^^^^^^^^^^^^^^^^^^^^
  File "/opt/ohpc/pub/compiler/conda/latest/lib/python3.12/shutil.py", line 698, in _rmtree_safe_fd
    os.unlink(entry.name, dir_fd=topfd)
OSError: [Errno 16] Device or resource busy: '/tmp/pymp-v2r_bxzg'
  File "/opt/ohpc/pub/compiler/conda/latest/lib/python3.12/multiprocessing/util.py", line 303, in _run_finalizers
    finalizer()
  File "/opt/ohpc/pub/compiler/conda/latest/lib/python3.12/multiprocessing/util.py", line 227, in __call__
    res = self._callback(*self._args, **self._kwargs)
          ^^^^^^^^^^^^^^^^^^^^^^^^^^^^^^^^^^^^^^^^^^^
  File "/opt/ohpc/pub/compiler/conda/latest/lib/python3.12/multiprocessing/util.py", line 136, in _remove_temp_dir
    rmtree(tempdir, onerror=onerror)
  File "/opt/ohpc/pub/compiler/conda/latest/lib/python3.12/shutil.py", line 759, in rmtree
    _rmtree_safe_fd(stack, onexc)
  File "/opt/ohpc/pub/compiler/conda/latest/lib/python3.12/shutil.py", line 703, in _rmtree_safe_fd
    onexc(func, path, err)
  File "/opt/ohpc/pub/compiler/conda/latest/lib/python3.12/shutil.py", line 750, in onexc
    return onerror(func, path, exc_info)
           ^^^^^^^^^^^^^^^^^^^^^^^^^^^^^
  File "/opt/ohpc/pub/compiler/conda/latest/lib/python3.12/shutil.py", line 700, in _rmtree_safe_fd
    onexc(os.unlink, fullname, err)
  File "/opt/ohpc/pub/compiler/conda/latest/lib/python3.12/shutil.py", line 750, in onexc
    return onerror(func, path, exc_info)
           ^^^^^^^^^^^^^^^^^^^^^^^^^^^^^
  File "/opt/ohpc/pub/compiler/conda/latest/lib/python3.12/shutil.py", line 698, in _rmtree_safe_fd
    os.unlink(entry.name, dir_fd=topfd)
OSError: [Errno 16] Device or resource busy: '/tmp/pymp-dqvlxq98'
Traceback (most recent call last):
Traceback (most recent call last):
  File "/opt/ohpc/pub/compiler/conda/latest/lib/python3.12/multiprocessing/util.py", line 303, in _run_finalizers
    finalizer()
  File "/opt/ohpc/pub/compiler/conda/latest/lib/python3.12/multiprocessing/util.py", line 227, in __call__
    res = self._callback(*self._args, **self._kwargs)
          ^^^^^^^^^^^^^^^^^^^^^^^^^^^^^^^^^^^^^^^^^^^
  File "/opt/ohpc/pub/compiler/conda/latest/lib/python3.12/multiprocessing/util.py", line 136, in _remove_temp_dir
    rmtree(tempdir, onerror=onerror)
  File "/opt/ohpc/pub/compiler/conda/latest/lib/python3.12/shutil.py", line 759, in rmtree
    _rmtree_safe_fd(stack, onexc)
  File "/opt/ohpc/pub/compiler/conda/latest/lib/python3.12/shutil.py", line 703, in _rmtree_safe_fd
    onexc(func, path, err)
  File "/opt/ohpc/pub/compiler/conda/latest/lib/python3.12/shutil.py", line 750, in onexc
    return onerror(func, path, exc_info)
           ^^^^^^^^^^^^^^^^^^^^^^^^^^^^^
  File "/opt/ohpc/pub/compiler/conda/latest/lib/python3.12/shutil.py", line 700, in _rmtree_safe_fd
    onexc(os.unlink, fullname, err)
  File "/opt/ohpc/pub/compiler/conda/latest/lib/python3.12/shutil.py", line 750, in onexc
    return onerror(func, path, exc_info)
           ^^^^^^^^^^^^^^^^^^^^^^^^^^^^^
  File "/opt/ohpc/pub/compiler/conda/latest/lib/python3.12/shutil.py", line 698, in _rmtree_safe_fd
    os.unlink(entry.name, dir_fd=topfd)
OSError: [Errno 16] Device or resource busy: '/tmp/pymp-0dyjeb8i'
  File "/opt/ohpc/pub/compiler/conda/latest/lib/python3.12/multiprocessing/util.py", line 303, in _run_finalizers
    finalizer()
  File "/opt/ohpc/pub/compiler/conda/latest/lib/python3.12/multiprocessing/util.py", line 227, in __call__
    res = self._callback(*self._args, **self._kwargs)
          ^^^^^^^^^^^^^^^^^^^^^^^^^^^^^^^^^^^^^^^^^^^
  File "/opt/ohpc/pub/compiler/conda/latest/lib/python3.12/multiprocessing/util.py", line 136, in _remove_temp_dir
    rmtree(tempdir, onerror=onerror)
  File "/opt/ohpc/pub/compiler/conda/latest/lib/python3.12/shutil.py", line 759, in rmtree
    _rmtree_safe_fd(stack, onexc)
  File "/opt/ohpc/pub/compiler/conda/latest/lib/python3.12/shutil.py", line 703, in _rmtree_safe_fd
    onexc(func, path, err)
  File "/opt/ohpc/pub/compiler/conda/latest/lib/python3.12/shutil.py", line 750, in onexc
    return onerror(func, path, exc_info)
           ^^^^^^^^^^^^^^^^^^^^^^^^^^^^^
  File "/opt/ohpc/pub/compiler/conda/latest/lib/python3.12/shutil.py", line 700, in _rmtree_safe_fd
    onexc(os.unlink, fullname, err)
  File "/opt/ohpc/pub/compiler/conda/latest/lib/python3.12/shutil.py", line 750, in onexc
    return onerror(func, path, exc_info)
           ^^^^^^^^^^^^^^^^^^^^^^^^^^^^^
  File "/opt/ohpc/pub/compiler/conda/latest/lib/python3.12/shutil.py", line 698, in _rmtree_safe_fd
    os.unlink(entry.name, dir_fd=topfd)
OSError: [Errno 16] Device or resource busy: '/tmp/pymp-5ejt1ovp'
Traceback (most recent call last):
Traceback (most recent call last):
Traceback (most recent call last):
Traceback (most recent call last):
Traceback (most recent call last):
  File "/opt/ohpc/pub/compiler/conda/latest/lib/python3.12/multiprocessing/util.py", line 303, in _run_finalizers
    finalizer()
  File "/opt/ohpc/pub/compiler/conda/latest/lib/python3.12/multiprocessing/util.py", line 227, in __call__
    res = self._callback(*self._args, **self._kwargs)
          ^^^^^^^^^^^^^^^^^^^^^^^^^^^^^^^^^^^^^^^^^^^
  File "/opt/ohpc/pub/compiler/conda/latest/lib/python3.12/multiprocessing/util.py", line 136, in _remove_temp_dir
    rmtree(tempdir, onerror=onerror)
  File "/opt/ohpc/pub/compiler/conda/latest/lib/python3.12/shutil.py", line 759, in rmtree
    _rmtree_safe_fd(stack, onexc)
  File "/opt/ohpc/pub/compiler/conda/latest/lib/python3.12/shutil.py", line 703, in _rmtree_safe_fd
    onexc(func, path, err)
  File "/opt/ohpc/pub/compiler/conda/latest/lib/python3.12/shutil.py", line 750, in onexc
    return onerror(func, path, exc_info)
           ^^^^^^^^^^^^^^^^^^^^^^^^^^^^^
  File "/opt/ohpc/pub/compiler/conda/latest/lib/python3.12/shutil.py", line 700, in _rmtree_safe_fd
    onexc(os.unlink, fullname, err)
  File "/opt/ohpc/pub/compiler/conda/latest/lib/python3.12/shutil.py", line 750, in onexc
    return onerror(func, path, exc_info)
           ^^^^^^^^^^^^^^^^^^^^^^^^^^^^^
  File "/opt/ohpc/pub/compiler/conda/latest/lib/python3.12/shutil.py", line 698, in _rmtree_safe_fd
    os.unlink(entry.name, dir_fd=topfd)
OSError: [Errno 16] Device or resource busy: '/tmp/pymp-_tl2_6sa'
  File "/opt/ohpc/pub/compiler/conda/latest/lib/python3.12/multiprocessing/util.py", line 303, in _run_finalizers
    finalizer()
  File "/opt/ohpc/pub/compiler/conda/latest/lib/python3.12/multiprocessing/util.py", line 227, in __call__
    res = self._callback(*self._args, **self._kwargs)
          ^^^^^^^^^^^^^^^^^^^^^^^^^^^^^^^^^^^^^^^^^^^
  File "/opt/ohpc/pub/compiler/conda/latest/lib/python3.12/multiprocessing/util.py", line 136, in _remove_temp_dir
    rmtree(tempdir, onerror=onerror)
  File "/opt/ohpc/pub/compiler/conda/latest/lib/python3.12/shutil.py", line 759, in rmtree
    _rmtree_safe_fd(stack, onexc)
  File "/opt/ohpc/pub/compiler/conda/latest/lib/python3.12/multiprocessing/util.py", line 303, in _run_finalizers
    finalizer()
  File "/opt/ohpc/pub/compiler/conda/latest/lib/python3.12/shutil.py", line 703, in _rmtree_safe_fd
    onexc(func, path, err)
  File "/opt/ohpc/pub/compiler/conda/latest/lib/python3.12/shutil.py", line 750, in onexc
    return onerror(func, path, exc_info)
           ^^^^^^^^^^^^^^^^^^^^^^^^^^^^^
  File "/opt/ohpc/pub/compiler/conda/latest/lib/python3.12/multiprocessing/util.py", line 227, in __call__
    res = self._callback(*self._args, **self._kwargs)
          ^^^^^^^^^^^^^^^^^^^^^^^^^^^^^^^^^^^^^^^^^^^
  File "/opt/ohpc/pub/compiler/conda/latest/lib/python3.12/shutil.py", line 700, in _rmtree_safe_fd
    onexc(os.unlink, fullname, err)
  File "/opt/ohpc/pub/compiler/conda/latest/lib/python3.12/multiprocessing/util.py", line 136, in _remove_temp_dir
    rmtree(tempdir, onerror=onerror)
  File "/opt/ohpc/pub/compiler/conda/latest/lib/python3.12/shutil.py", line 750, in onexc
    return onerror(func, path, exc_info)
           ^^^^^^^^^^^^^^^^^^^^^^^^^^^^^
  File "/opt/ohpc/pub/compiler/conda/latest/lib/python3.12/shutil.py", line 759, in rmtree
    _rmtree_safe_fd(stack, onexc)
  File "/opt/ohpc/pub/compiler/conda/latest/lib/python3.12/shutil.py", line 698, in _rmtree_safe_fd
    os.unlink(entry.name, dir_fd=topfd)
  File "/opt/ohpc/pub/compiler/conda/latest/lib/python3.12/multiprocessing/util.py", line 303, in _run_finalizers
    finalizer()
  File "/opt/ohpc/pub/compiler/conda/latest/lib/python3.12/shutil.py", line 703, in _rmtree_safe_fd
    onexc(func, path, err)
Traceback (most recent call last):
  File "/opt/ohpc/pub/compiler/conda/latest/lib/python3.12/shutil.py", line 750, in onexc
    return onerror(func, path, exc_info)
           ^^^^^^^^^^^^^^^^^^^^^^^^^^^^^
  File "/opt/ohpc/pub/compiler/conda/latest/lib/python3.12/multiprocessing/util.py", line 227, in __call__
    res = self._callback(*self._args, **self._kwargs)
          ^^^^^^^^^^^^^^^^^^^^^^^^^^^^^^^^^^^^^^^^^^^
  File "/opt/ohpc/pub/compiler/conda/latest/lib/python3.12/shutil.py", line 700, in _rmtree_safe_fd
    onexc(os.unlink, fullname, err)
  File "/opt/ohpc/pub/compiler/conda/latest/lib/python3.12/multiprocessing/util.py", line 136, in _remove_temp_dir
    rmtree(tempdir, onerror=onerror)
  File "/opt/ohpc/pub/compiler/conda/latest/lib/python3.12/shutil.py", line 750, in onexc
    return onerror(func, path, exc_info)
           ^^^^^^^^^^^^^^^^^^^^^^^^^^^^^
OSError: [Errno 16] Device or resource busy: '/tmp/pymp-2514gn8i'
  File "/opt/ohpc/pub/compiler/conda/latest/lib/python3.12/shutil.py", line 759, in rmtree
    _rmtree_safe_fd(stack, onexc)
  File "/opt/ohpc/pub/compiler/conda/latest/lib/python3.12/shutil.py", line 698, in _rmtree_safe_fd
    os.unlink(entry.name, dir_fd=topfd)
  File "/opt/ohpc/pub/compiler/conda/latest/lib/python3.12/shutil.py", line 703, in _rmtree_safe_fd
    onexc(func, path, err)
  File "/opt/ohpc/pub/compiler/conda/latest/lib/python3.12/shutil.py", line 750, in onexc
    return onerror(func, path, exc_info)
           ^^^^^^^^^^^^^^^^^^^^^^^^^^^^^
  File "/opt/ohpc/pub/compiler/conda/latest/lib/python3.12/shutil.py", line 700, in _rmtree_safe_fd
    onexc(os.unlink, fullname, err)
  File "/opt/ohpc/pub/compiler/conda/latest/lib/python3.12/shutil.py", line 750, in onexc
    return onerror(func, path, exc_info)
           ^^^^^^^^^^^^^^^^^^^^^^^^^^^^^
OSError: [Errno 16] Device or resource busy: '/tmp/pymp-9favl8f_'
  File "/opt/ohpc/pub/compiler/conda/latest/lib/python3.12/shutil.py", line 698, in _rmtree_safe_fd
    os.unlink(entry.name, dir_fd=topfd)
OSError: [Errno 16] Device or resource busy: '/tmp/pymp-zmsz0qqv'
  File "/opt/ohpc/pub/compiler/conda/latest/lib/python3.12/multiprocessing/util.py", line 303, in _run_finalizers
    finalizer()
  File "/opt/ohpc/pub/compiler/conda/latest/lib/python3.12/multiprocessing/util.py", line 227, in __call__
    res = self._callback(*self._args, **self._kwargs)
          ^^^^^^^^^^^^^^^^^^^^^^^^^^^^^^^^^^^^^^^^^^^
  File "/opt/ohpc/pub/compiler/conda/latest/lib/python3.12/multiprocessing/util.py", line 136, in _remove_temp_dir
    rmtree(tempdir, onerror=onerror)
  File "/opt/ohpc/pub/compiler/conda/latest/lib/python3.12/shutil.py", line 759, in rmtree
    _rmtree_safe_fd(stack, onexc)
  File "/opt/ohpc/pub/compiler/conda/latest/lib/python3.12/shutil.py", line 703, in _rmtree_safe_fd
    onexc(func, path, err)
  File "/opt/ohpc/pub/compiler/conda/latest/lib/python3.12/shutil.py", line 750, in onexc
    return onerror(func, path, exc_info)
           ^^^^^^^^^^^^^^^^^^^^^^^^^^^^^
  File "/opt/ohpc/pub/compiler/conda/latest/lib/python3.12/shutil.py", line 700, in _rmtree_safe_fd
    onexc(os.unlink, fullname, err)
  File "/opt/ohpc/pub/compiler/conda/latest/lib/python3.12/shutil.py", line 750, in onexc
    return onerror(func, path, exc_info)
           ^^^^^^^^^^^^^^^^^^^^^^^^^^^^^
  File "/opt/ohpc/pub/compiler/conda/latest/lib/python3.12/shutil.py", line 698, in _rmtree_safe_fd
    os.unlink(entry.name, dir_fd=topfd)
OSError: [Errno 16] Device or resource busy: '/tmp/pymp-dtj5ol6v'
  File "/opt/ohpc/pub/compiler/conda/latest/lib/python3.12/multiprocessing/util.py", line 303, in _run_finalizers
    finalizer()
  File "/opt/ohpc/pub/compiler/conda/latest/lib/python3.12/multiprocessing/util.py", line 227, in __call__
    res = self._callback(*self._args, **self._kwargs)
          ^^^^^^^^^^^^^^^^^^^^^^^^^^^^^^^^^^^^^^^^^^^
  File "/opt/ohpc/pub/compiler/conda/latest/lib/python3.12/multiprocessing/util.py", line 136, in _remove_temp_dir
    rmtree(tempdir, onerror=onerror)
  File "/opt/ohpc/pub/compiler/conda/latest/lib/python3.12/shutil.py", line 759, in rmtree
    _rmtree_safe_fd(stack, onexc)
  File "/opt/ohpc/pub/compiler/conda/latest/lib/python3.12/shutil.py", line 703, in _rmtree_safe_fd
    onexc(func, path, err)
  File "/opt/ohpc/pub/compiler/conda/latest/lib/python3.12/shutil.py", line 750, in onexc
    return onerror(func, path, exc_info)
           ^^^^^^^^^^^^^^^^^^^^^^^^^^^^^
  File "/opt/ohpc/pub/compiler/conda/latest/lib/python3.12/shutil.py", line 700, in _rmtree_safe_fd
    onexc(os.unlink, fullname, err)
  File "/opt/ohpc/pub/compiler/conda/latest/lib/python3.12/shutil.py", line 750, in onexc
    return onerror(func, path, exc_info)
           ^^^^^^^^^^^^^^^^^^^^^^^^^^^^^
  File "/opt/ohpc/pub/compiler/conda/latest/lib/python3.12/shutil.py", line 698, in _rmtree_safe_fd
    os.unlink(entry.name, dir_fd=topfd)
OSError: [Errno 16] Device or resource busy: '/tmp/pymp-7n5bci89'
Traceback (most recent call last):
Traceback (most recent call last):
Traceback (most recent call last):
  File "/opt/ohpc/pub/compiler/conda/latest/lib/python3.12/multiprocessing/util.py", line 303, in _run_finalizers
    finalizer()
  File "/opt/ohpc/pub/compiler/conda/latest/lib/python3.12/multiprocessing/util.py", line 227, in __call__
    res = self._callback(*self._args, **self._kwargs)
          ^^^^^^^^^^^^^^^^^^^^^^^^^^^^^^^^^^^^^^^^^^^
  File "/opt/ohpc/pub/compiler/conda/latest/lib/python3.12/multiprocessing/util.py", line 136, in _remove_temp_dir
    rmtree(tempdir, onerror=onerror)
  File "/opt/ohpc/pub/compiler/conda/latest/lib/python3.12/shutil.py", line 759, in rmtree
    _rmtree_safe_fd(stack, onexc)
  File "/opt/ohpc/pub/compiler/conda/latest/lib/python3.12/shutil.py", line 703, in _rmtree_safe_fd
    onexc(func, path, err)
  File "/opt/ohpc/pub/compiler/conda/latest/lib/python3.12/shutil.py", line 750, in onexc
    return onerror(func, path, exc_info)
           ^^^^^^^^^^^^^^^^^^^^^^^^^^^^^
  File "/opt/ohpc/pub/compiler/conda/latest/lib/python3.12/shutil.py", line 700, in _rmtree_safe_fd
    onexc(os.unlink, fullname, err)
  File "/opt/ohpc/pub/compiler/conda/latest/lib/python3.12/shutil.py", line 750, in onexc
    return onerror(func, path, exc_info)
           ^^^^^^^^^^^^^^^^^^^^^^^^^^^^^
  File "/opt/ohpc/pub/compiler/conda/latest/lib/python3.12/shutil.py", line 698, in _rmtree_safe_fd
    os.unlink(entry.name, dir_fd=topfd)
  File "/opt/ohpc/pub/compiler/conda/latest/lib/python3.12/multiprocessing/util.py", line 303, in _run_finalizers
    finalizer()
OSError: [Errno 16] Device or resource busy: '/tmp/pymp-qh1471tu'
  File "/opt/ohpc/pub/compiler/conda/latest/lib/python3.12/multiprocessing/util.py", line 227, in __call__
    res = self._callback(*self._args, **self._kwargs)
          ^^^^^^^^^^^^^^^^^^^^^^^^^^^^^^^^^^^^^^^^^^^
  File "/opt/ohpc/pub/compiler/conda/latest/lib/python3.12/multiprocessing/util.py", line 136, in _remove_temp_dir
    rmtree(tempdir, onerror=onerror)
  File "/opt/ohpc/pub/compiler/conda/latest/lib/python3.12/shutil.py", line 759, in rmtree
    _rmtree_safe_fd(stack, onexc)
  File "/opt/ohpc/pub/compiler/conda/latest/lib/python3.12/shutil.py", line 703, in _rmtree_safe_fd
    onexc(func, path, err)
  File "/opt/ohpc/pub/compiler/conda/latest/lib/python3.12/shutil.py", line 750, in onexc
    return onerror(func, path, exc_info)
           ^^^^^^^^^^^^^^^^^^^^^^^^^^^^^
  File "/opt/ohpc/pub/compiler/conda/latest/lib/python3.12/shutil.py", line 700, in _rmtree_safe_fd
    onexc(os.unlink, fullname, err)
  File "/opt/ohpc/pub/compiler/conda/latest/lib/python3.12/shutil.py", line 750, in onexc
    return onerror(func, path, exc_info)
           ^^^^^^^^^^^^^^^^^^^^^^^^^^^^^
  File "/opt/ohpc/pub/compiler/conda/latest/lib/python3.12/shutil.py", line 698, in _rmtree_safe_fd
    os.unlink(entry.name, dir_fd=topfd)
OSError: [Errno 16] Device or resource busy: '/tmp/pymp-o8e2rfdu'
  File "/opt/ohpc/pub/compiler/conda/latest/lib/python3.12/multiprocessing/util.py", line 303, in _run_finalizers
    finalizer()
  File "/opt/ohpc/pub/compiler/conda/latest/lib/python3.12/multiprocessing/util.py", line 227, in __call__
    res = self._callback(*self._args, **self._kwargs)
          ^^^^^^^^^^^^^^^^^^^^^^^^^^^^^^^^^^^^^^^^^^^
  File "/opt/ohpc/pub/compiler/conda/latest/lib/python3.12/multiprocessing/util.py", line 136, in _remove_temp_dir
    rmtree(tempdir, onerror=onerror)
  File "/opt/ohpc/pub/compiler/conda/latest/lib/python3.12/shutil.py", line 759, in rmtree
    _rmtree_safe_fd(stack, onexc)
  File "/opt/ohpc/pub/compiler/conda/latest/lib/python3.12/shutil.py", line 703, in _rmtree_safe_fd
    onexc(func, path, err)
  File "/opt/ohpc/pub/compiler/conda/latest/lib/python3.12/shutil.py", line 750, in onexc
    return onerror(func, path, exc_info)
           ^^^^^^^^^^^^^^^^^^^^^^^^^^^^^
  File "/opt/ohpc/pub/compiler/conda/latest/lib/python3.12/shutil.py", line 700, in _rmtree_safe_fd
    onexc(os.unlink, fullname, err)
  File "/opt/ohpc/pub/compiler/conda/latest/lib/python3.12/shutil.py", line 750, in onexc
    return onerror(func, path, exc_info)
           ^^^^^^^^^^^^^^^^^^^^^^^^^^^^^
  File "/opt/ohpc/pub/compiler/conda/latest/lib/python3.12/shutil.py", line 698, in _rmtree_safe_fd
    os.unlink(entry.name, dir_fd=topfd)
OSError: [Errno 16] Device or resource busy: '/tmp/pymp-vje19_g8'
Traceback (most recent call last):
  File "/opt/ohpc/pub/compiler/conda/latest/lib/python3.12/multiprocessing/util.py", line 303, in _run_finalizers
    finalizer()
  File "/opt/ohpc/pub/compiler/conda/latest/lib/python3.12/multiprocessing/util.py", line 227, in __call__
    res = self._callback(*self._args, **self._kwargs)
          ^^^^^^^^^^^^^^^^^^^^^^^^^^^^^^^^^^^^^^^^^^^
  File "/opt/ohpc/pub/compiler/conda/latest/lib/python3.12/multiprocessing/util.py", line 136, in _remove_temp_dir
    rmtree(tempdir, onerror=onerror)
  File "/opt/ohpc/pub/compiler/conda/latest/lib/python3.12/shutil.py", line 759, in rmtree
    _rmtree_safe_fd(stack, onexc)
  File "/opt/ohpc/pub/compiler/conda/latest/lib/python3.12/shutil.py", line 703, in _rmtree_safe_fd
    onexc(func, path, err)
  File "/opt/ohpc/pub/compiler/conda/latest/lib/python3.12/shutil.py", line 750, in onexc
    return onerror(func, path, exc_info)
           ^^^^^^^^^^^^^^^^^^^^^^^^^^^^^
  File "/opt/ohpc/pub/compiler/conda/latest/lib/python3.12/shutil.py", line 700, in _rmtree_safe_fd
    onexc(os.unlink, fullname, err)
  File "/opt/ohpc/pub/compiler/conda/latest/lib/python3.12/shutil.py", line 750, in onexc
    return onerror(func, path, exc_info)
           ^^^^^^^^^^^^^^^^^^^^^^^^^^^^^
  File "/opt/ohpc/pub/compiler/conda/latest/lib/python3.12/shutil.py", line 698, in _rmtree_safe_fd
    os.unlink(entry.name, dir_fd=topfd)
OSError: [Errno 16] Device or resource busy: '/tmp/pymp-wxmmcjgi'
Traceback (most recent call last):
Traceback (most recent call last):
Traceback (most recent call last):
Traceback (most recent call last):
Traceback (most recent call last):
  File "/opt/ohpc/pub/compiler/conda/latest/lib/python3.12/multiprocessing/util.py", line 303, in _run_finalizers
    finalizer()
  File "/opt/ohpc/pub/compiler/conda/latest/lib/python3.12/multiprocessing/util.py", line 227, in __call__
    res = self._callback(*self._args, **self._kwargs)
          ^^^^^^^^^^^^^^^^^^^^^^^^^^^^^^^^^^^^^^^^^^^
  File "/opt/ohpc/pub/compiler/conda/latest/lib/python3.12/multiprocessing/util.py", line 136, in _remove_temp_dir
    rmtree(tempdir, onerror=onerror)
  File "/opt/ohpc/pub/compiler/conda/latest/lib/python3.12/shutil.py", line 759, in rmtree
    _rmtree_safe_fd(stack, onexc)
  File "/opt/ohpc/pub/compiler/conda/latest/lib/python3.12/shutil.py", line 703, in _rmtree_safe_fd
    onexc(func, path, err)
  File "/opt/ohpc/pub/compiler/conda/latest/lib/python3.12/shutil.py", line 750, in onexc
    return onerror(func, path, exc_info)
           ^^^^^^^^^^^^^^^^^^^^^^^^^^^^^
  File "/opt/ohpc/pub/compiler/conda/latest/lib/python3.12/shutil.py", line 700, in _rmtree_safe_fd
    onexc(os.unlink, fullname, err)
  File "/opt/ohpc/pub/compiler/conda/latest/lib/python3.12/shutil.py", line 750, in onexc
    return onerror(func, path, exc_info)
           ^^^^^^^^^^^^^^^^^^^^^^^^^^^^^
  File "/opt/ohpc/pub/compiler/conda/latest/lib/python3.12/shutil.py", line 698, in _rmtree_safe_fd
    os.unlink(entry.name, dir_fd=topfd)
OSError: [Errno 16] Device or resource busy: '/tmp/pymp-_kkbwm71'
Traceback (most recent call last):
  File "/opt/ohpc/pub/compiler/conda/latest/lib/python3.12/multiprocessing/util.py", line 303, in _run_finalizers
    finalizer()
  File "/opt/ohpc/pub/compiler/conda/latest/lib/python3.12/multiprocessing/util.py", line 227, in __call__
    res = self._callback(*self._args, **self._kwargs)
          ^^^^^^^^^^^^^^^^^^^^^^^^^^^^^^^^^^^^^^^^^^^
  File "/opt/ohpc/pub/compiler/conda/latest/lib/python3.12/multiprocessing/util.py", line 136, in _remove_temp_dir
    rmtree(tempdir, onerror=onerror)
  File "/opt/ohpc/pub/compiler/conda/latest/lib/python3.12/shutil.py", line 759, in rmtree
    _rmtree_safe_fd(stack, onexc)
  File "/opt/ohpc/pub/compiler/conda/latest/lib/python3.12/shutil.py", line 703, in _rmtree_safe_fd
    onexc(func, path, err)
  File "/opt/ohpc/pub/compiler/conda/latest/lib/python3.12/shutil.py", line 750, in onexc
    return onerror(func, path, exc_info)
           ^^^^^^^^^^^^^^^^^^^^^^^^^^^^^
  File "/opt/ohpc/pub/compiler/conda/latest/lib/python3.12/shutil.py", line 700, in _rmtree_safe_fd
    onexc(os.unlink, fullname, err)
  File "/opt/ohpc/pub/compiler/conda/latest/lib/python3.12/shutil.py", line 750, in onexc
    return onerror(func, path, exc_info)
           ^^^^^^^^^^^^^^^^^^^^^^^^^^^^^
  File "/opt/ohpc/pub/compiler/conda/latest/lib/python3.12/shutil.py", line 698, in _rmtree_safe_fd
    os.unlink(entry.name, dir_fd=topfd)
OSError: [Errno 16] Device or resource busy: '/tmp/pymp-i4t4coao'
  File "/opt/ohpc/pub/compiler/conda/latest/lib/python3.12/multiprocessing/util.py", line 303, in _run_finalizers
    finalizer()
  File "/opt/ohpc/pub/compiler/conda/latest/lib/python3.12/multiprocessing/util.py", line 303, in _run_finalizers
    finalizer()
  File "/opt/ohpc/pub/compiler/conda/latest/lib/python3.12/multiprocessing/util.py", line 227, in __call__
    res = self._callback(*self._args, **self._kwargs)
          ^^^^^^^^^^^^^^^^^^^^^^^^^^^^^^^^^^^^^^^^^^^
  File "/opt/ohpc/pub/compiler/conda/latest/lib/python3.12/multiprocessing/util.py", line 227, in __call__
    res = self._callback(*self._args, **self._kwargs)
          ^^^^^^^^^^^^^^^^^^^^^^^^^^^^^^^^^^^^^^^^^^^
  File "/opt/ohpc/pub/compiler/conda/latest/lib/python3.12/multiprocessing/util.py", line 136, in _remove_temp_dir
    rmtree(tempdir, onerror=onerror)
  File "/opt/ohpc/pub/compiler/conda/latest/lib/python3.12/multiprocessing/util.py", line 136, in _remove_temp_dir
    rmtree(tempdir, onerror=onerror)
  File "/opt/ohpc/pub/compiler/conda/latest/lib/python3.12/shutil.py", line 759, in rmtree
    _rmtree_safe_fd(stack, onexc)
  File "/opt/ohpc/pub/compiler/conda/latest/lib/python3.12/shutil.py", line 759, in rmtree
    _rmtree_safe_fd(stack, onexc)
  File "/opt/ohpc/pub/compiler/conda/latest/lib/python3.12/shutil.py", line 703, in _rmtree_safe_fd
    onexc(func, path, err)
  File "/opt/ohpc/pub/compiler/conda/latest/lib/python3.12/shutil.py", line 703, in _rmtree_safe_fd
    onexc(func, path, err)
  File "/opt/ohpc/pub/compiler/conda/latest/lib/python3.12/shutil.py", line 750, in onexc
    return onerror(func, path, exc_info)
           ^^^^^^^^^^^^^^^^^^^^^^^^^^^^^
  File "/opt/ohpc/pub/compiler/conda/latest/lib/python3.12/shutil.py", line 750, in onexc
    return onerror(func, path, exc_info)
           ^^^^^^^^^^^^^^^^^^^^^^^^^^^^^
  File "/opt/ohpc/pub/compiler/conda/latest/lib/python3.12/shutil.py", line 700, in _rmtree_safe_fd
    onexc(os.unlink, fullname, err)
  File "/opt/ohpc/pub/compiler/conda/latest/lib/python3.12/shutil.py", line 750, in onexc
    return onerror(func, path, exc_info)
           ^^^^^^^^^^^^^^^^^^^^^^^^^^^^^
  File "/opt/ohpc/pub/compiler/conda/latest/lib/python3.12/shutil.py", line 700, in _rmtree_safe_fd
    onexc(os.unlink, fullname, err)
  File "/opt/ohpc/pub/compiler/conda/latest/lib/python3.12/shutil.py", line 698, in _rmtree_safe_fd
    os.unlink(entry.name, dir_fd=topfd)
  File "/opt/ohpc/pub/compiler/conda/latest/lib/python3.12/shutil.py", line 750, in onexc
    return onerror(func, path, exc_info)
           ^^^^^^^^^^^^^^^^^^^^^^^^^^^^^
  File "/opt/ohpc/pub/compiler/conda/latest/lib/python3.12/shutil.py", line 698, in _rmtree_safe_fd
    os.unlink(entry.name, dir_fd=topfd)
OSError: [Errno 16] Device or resource busy: '/tmp/pymp-l51qge_a'
OSError: [Errno 16] Device or resource busy: '/tmp/pymp-nibxka2i'
  File "/opt/ohpc/pub/compiler/conda/latest/lib/python3.12/multiprocessing/util.py", line 303, in _run_finalizers
    finalizer()
  File "/opt/ohpc/pub/compiler/conda/latest/lib/python3.12/multiprocessing/util.py", line 227, in __call__
    res = self._callback(*self._args, **self._kwargs)
          ^^^^^^^^^^^^^^^^^^^^^^^^^^^^^^^^^^^^^^^^^^^
  File "/opt/ohpc/pub/compiler/conda/latest/lib/python3.12/multiprocessing/util.py", line 136, in _remove_temp_dir
    rmtree(tempdir, onerror=onerror)
  File "/opt/ohpc/pub/compiler/conda/latest/lib/python3.12/shutil.py", line 759, in rmtree
    _rmtree_safe_fd(stack, onexc)
  File "/opt/ohpc/pub/compiler/conda/latest/lib/python3.12/shutil.py", line 703, in _rmtree_safe_fd
    onexc(func, path, err)
  File "/opt/ohpc/pub/compiler/conda/latest/lib/python3.12/shutil.py", line 750, in onexc
    return onerror(func, path, exc_info)
           ^^^^^^^^^^^^^^^^^^^^^^^^^^^^^
Traceback (most recent call last):
  File "/opt/ohpc/pub/compiler/conda/latest/lib/python3.12/shutil.py", line 700, in _rmtree_safe_fd
    onexc(os.unlink, fullname, err)
  File "/opt/ohpc/pub/compiler/conda/latest/lib/python3.12/shutil.py", line 750, in onexc
    return onerror(func, path, exc_info)
           ^^^^^^^^^^^^^^^^^^^^^^^^^^^^^
  File "/opt/ohpc/pub/compiler/conda/latest/lib/python3.12/shutil.py", line 698, in _rmtree_safe_fd
    os.unlink(entry.name, dir_fd=topfd)
  File "/opt/ohpc/pub/compiler/conda/latest/lib/python3.12/multiprocessing/util.py", line 303, in _run_finalizers
    finalizer()
OSError: [Errno 16] Device or resource busy: '/tmp/pymp-30j_3pwm'
  File "/opt/ohpc/pub/compiler/conda/latest/lib/python3.12/multiprocessing/util.py", line 227, in __call__
    res = self._callback(*self._args, **self._kwargs)
          ^^^^^^^^^^^^^^^^^^^^^^^^^^^^^^^^^^^^^^^^^^^
  File "/opt/ohpc/pub/compiler/conda/latest/lib/python3.12/multiprocessing/util.py", line 136, in _remove_temp_dir
    rmtree(tempdir, onerror=onerror)
  File "/opt/ohpc/pub/compiler/conda/latest/lib/python3.12/shutil.py", line 759, in rmtree
    _rmtree_safe_fd(stack, onexc)
  File "/opt/ohpc/pub/compiler/conda/latest/lib/python3.12/shutil.py", line 703, in _rmtree_safe_fd
    onexc(func, path, err)
  File "/opt/ohpc/pub/compiler/conda/latest/lib/python3.12/shutil.py", line 750, in onexc
    return onerror(func, path, exc_info)
           ^^^^^^^^^^^^^^^^^^^^^^^^^^^^^
  File "/opt/ohpc/pub/compiler/conda/latest/lib/python3.12/shutil.py", line 700, in _rmtree_safe_fd
    onexc(os.unlink, fullname, err)
  File "/opt/ohpc/pub/compiler/conda/latest/lib/python3.12/shutil.py", line 750, in onexc
    return onerror(func, path, exc_info)
           ^^^^^^^^^^^^^^^^^^^^^^^^^^^^^
  File "/opt/ohpc/pub/compiler/conda/latest/lib/python3.12/shutil.py", line 698, in _rmtree_safe_fd
    os.unlink(entry.name, dir_fd=topfd)
OSError: [Errno 16] Device or resource busy: '/tmp/pymp-eid00552'
Traceback (most recent call last):
  File "/opt/ohpc/pub/compiler/conda/latest/lib/python3.12/multiprocessing/util.py", line 303, in _run_finalizers
    finalizer()
  File "/opt/ohpc/pub/compiler/conda/latest/lib/python3.12/multiprocessing/util.py", line 227, in __call__
    res = self._callback(*self._args, **self._kwargs)
          ^^^^^^^^^^^^^^^^^^^^^^^^^^^^^^^^^^^^^^^^^^^
  File "/opt/ohpc/pub/compiler/conda/latest/lib/python3.12/multiprocessing/util.py", line 136, in _remove_temp_dir
    rmtree(tempdir, onerror=onerror)
  File "/opt/ohpc/pub/compiler/conda/latest/lib/python3.12/shutil.py", line 759, in rmtree
    _rmtree_safe_fd(stack, onexc)
  File "/opt/ohpc/pub/compiler/conda/latest/lib/python3.12/shutil.py", line 703, in _rmtree_safe_fd
    onexc(func, path, err)
  File "/opt/ohpc/pub/compiler/conda/latest/lib/python3.12/shutil.py", line 750, in onexc
    return onerror(func, path, exc_info)
           ^^^^^^^^^^^^^^^^^^^^^^^^^^^^^
  File "/opt/ohpc/pub/compiler/conda/latest/lib/python3.12/shutil.py", line 700, in _rmtree_safe_fd
    onexc(os.unlink, fullname, err)
  File "/opt/ohpc/pub/compiler/conda/latest/lib/python3.12/shutil.py", line 750, in onexc
    return onerror(func, path, exc_info)
           ^^^^^^^^^^^^^^^^^^^^^^^^^^^^^
  File "/opt/ohpc/pub/compiler/conda/latest/lib/python3.12/shutil.py", line 698, in _rmtree_safe_fd
    os.unlink(entry.name, dir_fd=topfd)
OSError: [Errno 16] Device or resource busy: '/tmp/pymp-ht1b92mh'
Traceback (most recent call last):
  File "/opt/ohpc/pub/compiler/conda/latest/lib/python3.12/multiprocessing/util.py", line 303, in _run_finalizers
    finalizer()
  File "/opt/ohpc/pub/compiler/conda/latest/lib/python3.12/multiprocessing/util.py", line 227, in __call__
    res = self._callback(*self._args, **self._kwargs)
          ^^^^^^^^^^^^^^^^^^^^^^^^^^^^^^^^^^^^^^^^^^^
  File "/opt/ohpc/pub/compiler/conda/latest/lib/python3.12/multiprocessing/util.py", line 136, in _remove_temp_dir
    rmtree(tempdir, onerror=onerror)
  File "/opt/ohpc/pub/compiler/conda/latest/lib/python3.12/shutil.py", line 759, in rmtree
    _rmtree_safe_fd(stack, onexc)
  File "/opt/ohpc/pub/compiler/conda/latest/lib/python3.12/shutil.py", line 703, in _rmtree_safe_fd
    onexc(func, path, err)
  File "/opt/ohpc/pub/compiler/conda/latest/lib/python3.12/shutil.py", line 750, in onexc
    return onerror(func, path, exc_info)
           ^^^^^^^^^^^^^^^^^^^^^^^^^^^^^
  File "/opt/ohpc/pub/compiler/conda/latest/lib/python3.12/shutil.py", line 700, in _rmtree_safe_fd
    onexc(os.unlink, fullname, err)
  File "/opt/ohpc/pub/compiler/conda/latest/lib/python3.12/shutil.py", line 750, in onexc
    return onerror(func, path, exc_info)
           ^^^^^^^^^^^^^^^^^^^^^^^^^^^^^
  File "/opt/ohpc/pub/compiler/conda/latest/lib/python3.12/shutil.py", line 698, in _rmtree_safe_fd
    os.unlink(entry.name, dir_fd=topfd)
OSError: [Errno 16] Device or resource busy: '/tmp/pymp-tkbm0bz6'
Traceback (most recent call last):
  File "/opt/ohpc/pub/compiler/conda/latest/lib/python3.12/multiprocessing/util.py", line 303, in _run_finalizers
    finalizer()
  File "/opt/ohpc/pub/compiler/conda/latest/lib/python3.12/multiprocessing/util.py", line 227, in __call__
    res = self._callback(*self._args, **self._kwargs)
          ^^^^^^^^^^^^^^^^^^^^^^^^^^^^^^^^^^^^^^^^^^^
  File "/opt/ohpc/pub/compiler/conda/latest/lib/python3.12/multiprocessing/util.py", line 136, in _remove_temp_dir
    rmtree(tempdir, onerror=onerror)
  File "/opt/ohpc/pub/compiler/conda/latest/lib/python3.12/shutil.py", line 759, in rmtree
    _rmtree_safe_fd(stack, onexc)
  File "/opt/ohpc/pub/compiler/conda/latest/lib/python3.12/shutil.py", line 703, in _rmtree_safe_fd
    onexc(func, path, err)
  File "/opt/ohpc/pub/compiler/conda/latest/lib/python3.12/shutil.py", line 750, in onexc
    return onerror(func, path, exc_info)
           ^^^^^^^^^^^^^^^^^^^^^^^^^^^^^
  File "/opt/ohpc/pub/compiler/conda/latest/lib/python3.12/shutil.py", line 700, in _rmtree_safe_fd
    onexc(os.unlink, fullname, err)
  File "/opt/ohpc/pub/compiler/conda/latest/lib/python3.12/shutil.py", line 750, in onexc
    return onerror(func, path, exc_info)
           ^^^^^^^^^^^^^^^^^^^^^^^^^^^^^
  File "/opt/ohpc/pub/compiler/conda/latest/lib/python3.12/shutil.py", line 698, in _rmtree_safe_fd
    os.unlink(entry.name, dir_fd=topfd)
OSError: [Errno 16] Device or resource busy: '/tmp/pymp-w8jcyiin'
  File "/opt/ohpc/pub/compiler/conda/latest/lib/python3.12/multiprocessing/util.py", line 303, in _run_finalizers
    finalizer()
  File "/opt/ohpc/pub/compiler/conda/latest/lib/python3.12/multiprocessing/util.py", line 227, in __call__
    res = self._callback(*self._args, **self._kwargs)
          ^^^^^^^^^^^^^^^^^^^^^^^^^^^^^^^^^^^^^^^^^^^
  File "/opt/ohpc/pub/compiler/conda/latest/lib/python3.12/multiprocessing/util.py", line 136, in _remove_temp_dir
    rmtree(tempdir, onerror=onerror)
  File "/opt/ohpc/pub/compiler/conda/latest/lib/python3.12/shutil.py", line 759, in rmtree
    _rmtree_safe_fd(stack, onexc)
  File "/opt/ohpc/pub/compiler/conda/latest/lib/python3.12/shutil.py", line 703, in _rmtree_safe_fd
    onexc(func, path, err)
  File "/opt/ohpc/pub/compiler/conda/latest/lib/python3.12/shutil.py", line 750, in onexc
    return onerror(func, path, exc_info)
           ^^^^^^^^^^^^^^^^^^^^^^^^^^^^^
  File "/opt/ohpc/pub/compiler/conda/latest/lib/python3.12/shutil.py", line 700, in _rmtree_safe_fd
    onexc(os.unlink, fullname, err)
  File "/opt/ohpc/pub/compiler/conda/latest/lib/python3.12/shutil.py", line 750, in onexc
    return onerror(func, path, exc_info)
           ^^^^^^^^^^^^^^^^^^^^^^^^^^^^^
  File "/opt/ohpc/pub/compiler/conda/latest/lib/python3.12/shutil.py", line 698, in _rmtree_safe_fd
    os.unlink(entry.name, dir_fd=topfd)
OSError: [Errno 16] Device or resource busy: '/tmp/pymp-058z4sqg'
