### task 2: configs/simsiam_r18_unified.yaml seed=44 -> checkpoints/simsiam_r18_unified_seed44
### node=ai02  gpus=0  started=2026-07-27T13:20:07+03:00
NVIDIA H100 NVL, 95830 MiB
NVIDIA H100 NVL, 95830 MiB
NVIDIA H100 NVL, 95830 MiB
NVIDIA H100 NVL, 95830 MiB
[cfg] device=cuda:0 backbone=resnet18 roi=(128, 128, 128) crop_mode=tumor batch=16 feature_dim=256
[data] train subjects=995 iters/epoch=62
[data] val subjects=200 (label-free monitor every 1 ep)
[model] backbone_dim=512 -> feature_dim=256 params=34.0M
[mlflow] tracking -> https://dagshub.com/alilivanturk/IDH-Classifier.mlflow (experiment=simsiam-brats-all, run=simsiam_r18_unified_seed44, run_id=acc5964468614f8b9290bd78af0b629f)
  e000 it0000/62 lr=0.0000 loss=-0.0290 z_std=0.0639
  e000 it0010/62 lr=0.0001 loss=-0.0167 z_std=0.0641
  e000 it0020/62 lr=0.0001 loss=-0.0152 z_std=0.0641
  e000 it0030/62 lr=0.0002 loss=-0.0162 z_std=0.0641
  e000 it0040/62 lr=0.0002 loss=-0.0165 z_std=0.0642
  e000 it0050/62 lr=0.0003 loss=-0.0177 z_std=0.0641
  e000 it0060/62 lr=0.0003 loss=-0.0198 z_std=0.0641
[epoch 000] loss=-0.0200 z_std=0.0641 (healthy~0.0625) time=188.4s
Traceback (most recent call last):
Traceback (most recent call last):
Traceback (most recent call last):
Traceback (most recent call last):
Traceback (most recent call last):
Traceback (most recent call last):
Traceback (most recent call last):
Traceback (most recent call last):
Traceback (most recent call last):
  File "/opt/ohpc/pub/compiler/conda/latest/lib/python3.12/multiprocessing/util.py", line 303, in _run_finalizers
    finalizer()
  File "/opt/ohpc/pub/compiler/conda/latest/lib/python3.12/multiprocessing/util.py", line 303, in _run_finalizers
    finalizer()
  File "/opt/ohpc/pub/compiler/conda/latest/lib/python3.12/multiprocessing/util.py", line 303, in _run_finalizers
    finalizer()
  File "/opt/ohpc/pub/compiler/conda/latest/lib/python3.12/multiprocessing/util.py", line 227, in __call__
    res = self._callback(*self._args, **self._kwargs)
          ^^^^^^^^^^^^^^^^^^^^^^^^^^^^^^^^^^^^^^^^^^^
  File "/opt/ohpc/pub/compiler/conda/latest/lib/python3.12/multiprocessing/util.py", line 227, in __call__
    res = self._callback(*self._args, **self._kwargs)
          ^^^^^^^^^^^^^^^^^^^^^^^^^^^^^^^^^^^^^^^^^^^
  File "/opt/ohpc/pub/compiler/conda/latest/lib/python3.12/multiprocessing/util.py", line 227, in __call__
    res = self._callback(*self._args, **self._kwargs)
          ^^^^^^^^^^^^^^^^^^^^^^^^^^^^^^^^^^^^^^^^^^^
  File "/opt/ohpc/pub/compiler/conda/latest/lib/python3.12/multiprocessing/util.py", line 136, in _remove_temp_dir
    rmtree(tempdir, onerror=onerror)
  File "/opt/ohpc/pub/compiler/conda/latest/lib/python3.12/multiprocessing/util.py", line 136, in _remove_temp_dir
    rmtree(tempdir, onerror=onerror)
  File "/opt/ohpc/pub/compiler/conda/latest/lib/python3.12/multiprocessing/util.py", line 136, in _remove_temp_dir
    rmtree(tempdir, onerror=onerror)
  File "/opt/ohpc/pub/compiler/conda/latest/lib/python3.12/shutil.py", line 759, in rmtree
    _rmtree_safe_fd(stack, onexc)
  File "/opt/ohpc/pub/compiler/conda/latest/lib/python3.12/shutil.py", line 759, in rmtree
    _rmtree_safe_fd(stack, onexc)
  File "/opt/ohpc/pub/compiler/conda/latest/lib/python3.12/shutil.py", line 759, in rmtree
    _rmtree_safe_fd(stack, onexc)
  File "/opt/ohpc/pub/compiler/conda/latest/lib/python3.12/shutil.py", line 703, in _rmtree_safe_fd
    onexc(func, path, err)
  File "/opt/ohpc/pub/compiler/conda/latest/lib/python3.12/shutil.py", line 703, in _rmtree_safe_fd
    onexc(func, path, err)
  File "/opt/ohpc/pub/compiler/conda/latest/lib/python3.12/shutil.py", line 750, in onexc
    return onerror(func, path, exc_info)
           ^^^^^^^^^^^^^^^^^^^^^^^^^^^^^
  File "/opt/ohpc/pub/compiler/conda/latest/lib/python3.12/shutil.py", line 703, in _rmtree_safe_fd
    onexc(func, path, err)
  File "/opt/ohpc/pub/compiler/conda/latest/lib/python3.12/shutil.py", line 750, in onexc
    return onerror(func, path, exc_info)
           ^^^^^^^^^^^^^^^^^^^^^^^^^^^^^
  File "/opt/ohpc/pub/compiler/conda/latest/lib/python3.12/shutil.py", line 700, in _rmtree_safe_fd
    onexc(os.unlink, fullname, err)
  File "/opt/ohpc/pub/compiler/conda/latest/lib/python3.12/shutil.py", line 750, in onexc
    return onerror(func, path, exc_info)
           ^^^^^^^^^^^^^^^^^^^^^^^^^^^^^
  File "/opt/ohpc/pub/compiler/conda/latest/lib/python3.12/multiprocessing/util.py", line 303, in _run_finalizers
    finalizer()
  File "/opt/ohpc/pub/compiler/conda/latest/lib/python3.12/shutil.py", line 750, in onexc
    return onerror(func, path, exc_info)
           ^^^^^^^^^^^^^^^^^^^^^^^^^^^^^
  File "/opt/ohpc/pub/compiler/conda/latest/lib/python3.12/shutil.py", line 700, in _rmtree_safe_fd
    onexc(os.unlink, fullname, err)
  File "/opt/ohpc/pub/compiler/conda/latest/lib/python3.12/shutil.py", line 700, in _rmtree_safe_fd
    onexc(os.unlink, fullname, err)
  File "/opt/ohpc/pub/compiler/conda/latest/lib/python3.12/shutil.py", line 698, in _rmtree_safe_fd
    os.unlink(entry.name, dir_fd=topfd)
  File "/opt/ohpc/pub/compiler/conda/latest/lib/python3.12/shutil.py", line 750, in onexc
    return onerror(func, path, exc_info)
           ^^^^^^^^^^^^^^^^^^^^^^^^^^^^^
  File "/opt/ohpc/pub/compiler/conda/latest/lib/python3.12/shutil.py", line 750, in onexc
    return onerror(func, path, exc_info)
           ^^^^^^^^^^^^^^^^^^^^^^^^^^^^^
  File "/opt/ohpc/pub/compiler/conda/latest/lib/python3.12/shutil.py", line 698, in _rmtree_safe_fd
    os.unlink(entry.name, dir_fd=topfd)
  File "/opt/ohpc/pub/compiler/conda/latest/lib/python3.12/shutil.py", line 698, in _rmtree_safe_fd
    os.unlink(entry.name, dir_fd=topfd)
  File "/opt/ohpc/pub/compiler/conda/latest/lib/python3.12/multiprocessing/util.py", line 227, in __call__
    res = self._callback(*self._args, **self._kwargs)
          ^^^^^^^^^^^^^^^^^^^^^^^^^^^^^^^^^^^^^^^^^^^
  File "/opt/ohpc/pub/compiler/conda/latest/lib/python3.12/multiprocessing/util.py", line 136, in _remove_temp_dir
    rmtree(tempdir, onerror=onerror)
OSError: [Errno 16] Device or resource busy: '/tmp/pymp-hyqn_3_k'
  File "/opt/ohpc/pub/compiler/conda/latest/lib/python3.12/shutil.py", line 759, in rmtree
    _rmtree_safe_fd(stack, onexc)
  File "/opt/ohpc/pub/compiler/conda/latest/lib/python3.12/shutil.py", line 703, in _rmtree_safe_fd
    onexc(func, path, err)
OSError: [Errno 16] Device or resource busy: '/tmp/pymp-awdlvgzl'
OSError: [Errno 16] Device or resource busy: '/tmp/pymp-gb7lmz_a'
  File "/opt/ohpc/pub/compiler/conda/latest/lib/python3.12/shutil.py", line 750, in onexc
    return onerror(func, path, exc_info)
           ^^^^^^^^^^^^^^^^^^^^^^^^^^^^^
  File "/opt/ohpc/pub/compiler/conda/latest/lib/python3.12/multiprocessing/util.py", line 303, in _run_finalizers
    finalizer()
  File "/opt/ohpc/pub/compiler/conda/latest/lib/python3.12/shutil.py", line 700, in _rmtree_safe_fd
    onexc(os.unlink, fullname, err)
  File "/opt/ohpc/pub/compiler/conda/latest/lib/python3.12/shutil.py", line 750, in onexc
    return onerror(func, path, exc_info)
           ^^^^^^^^^^^^^^^^^^^^^^^^^^^^^
  File "/opt/ohpc/pub/compiler/conda/latest/lib/python3.12/shutil.py", line 698, in _rmtree_safe_fd
    os.unlink(entry.name, dir_fd=topfd)
  File "/opt/ohpc/pub/compiler/conda/latest/lib/python3.12/multiprocessing/util.py", line 303, in _run_finalizers
    finalizer()
  File "/opt/ohpc/pub/compiler/conda/latest/lib/python3.12/multiprocessing/util.py", line 227, in __call__
    res = self._callback(*self._args, **self._kwargs)
          ^^^^^^^^^^^^^^^^^^^^^^^^^^^^^^^^^^^^^^^^^^^
  File "/opt/ohpc/pub/compiler/conda/latest/lib/python3.12/multiprocessing/util.py", line 136, in _remove_temp_dir
    rmtree(tempdir, onerror=onerror)
  File "/opt/ohpc/pub/compiler/conda/latest/lib/python3.12/shutil.py", line 759, in rmtree
    _rmtree_safe_fd(stack, onexc)
  File "/opt/ohpc/pub/compiler/conda/latest/lib/python3.12/multiprocessing/util.py", line 227, in __call__
    res = self._callback(*self._args, **self._kwargs)
          ^^^^^^^^^^^^^^^^^^^^^^^^^^^^^^^^^^^^^^^^^^^
  File "/opt/ohpc/pub/compiler/conda/latest/lib/python3.12/shutil.py", line 703, in _rmtree_safe_fd
    onexc(func, path, err)
  File "/opt/ohpc/pub/compiler/conda/latest/lib/python3.12/multiprocessing/util.py", line 136, in _remove_temp_dir
    rmtree(tempdir, onerror=onerror)
  File "/opt/ohpc/pub/compiler/conda/latest/lib/python3.12/shutil.py", line 750, in onexc
    return onerror(func, path, exc_info)
           ^^^^^^^^^^^^^^^^^^^^^^^^^^^^^
  File "/opt/ohpc/pub/compiler/conda/latest/lib/python3.12/shutil.py", line 759, in rmtree
    _rmtree_safe_fd(stack, onexc)
  File "/opt/ohpc/pub/compiler/conda/latest/lib/python3.12/shutil.py", line 700, in _rmtree_safe_fd
    onexc(os.unlink, fullname, err)
OSError: [Errno 16] Device or resource busy: '/tmp/pymp-es6vwyhv'
  File "/opt/ohpc/pub/compiler/conda/latest/lib/python3.12/multiprocessing/util.py", line 303, in _run_finalizers
    finalizer()
  File "/opt/ohpc/pub/compiler/conda/latest/lib/python3.12/shutil.py", line 703, in _rmtree_safe_fd
    onexc(func, path, err)
  File "/opt/ohpc/pub/compiler/conda/latest/lib/python3.12/shutil.py", line 750, in onexc
    return onerror(func, path, exc_info)
           ^^^^^^^^^^^^^^^^^^^^^^^^^^^^^
  File "/opt/ohpc/pub/compiler/conda/latest/lib/python3.12/shutil.py", line 750, in onexc
    return onerror(func, path, exc_info)
           ^^^^^^^^^^^^^^^^^^^^^^^^^^^^^
  File "/opt/ohpc/pub/compiler/conda/latest/lib/python3.12/shutil.py", line 698, in _rmtree_safe_fd
    os.unlink(entry.name, dir_fd=topfd)
  File "/opt/ohpc/pub/compiler/conda/latest/lib/python3.12/shutil.py", line 700, in _rmtree_safe_fd
    onexc(os.unlink, fullname, err)
  File "/opt/ohpc/pub/compiler/conda/latest/lib/python3.12/multiprocessing/util.py", line 227, in __call__
    res = self._callback(*self._args, **self._kwargs)
          ^^^^^^^^^^^^^^^^^^^^^^^^^^^^^^^^^^^^^^^^^^^
  File "/opt/ohpc/pub/compiler/conda/latest/lib/python3.12/shutil.py", line 750, in onexc
    return onerror(func, path, exc_info)
           ^^^^^^^^^^^^^^^^^^^^^^^^^^^^^
  File "/opt/ohpc/pub/compiler/conda/latest/lib/python3.12/multiprocessing/util.py", line 136, in _remove_temp_dir
    rmtree(tempdir, onerror=onerror)
  File "/opt/ohpc/pub/compiler/conda/latest/lib/python3.12/multiprocessing/util.py", line 303, in _run_finalizers
    finalizer()
  File "/opt/ohpc/pub/compiler/conda/latest/lib/python3.12/shutil.py", line 698, in _rmtree_safe_fd
    os.unlink(entry.name, dir_fd=topfd)
  File "/opt/ohpc/pub/compiler/conda/latest/lib/python3.12/shutil.py", line 759, in rmtree
    _rmtree_safe_fd(stack, onexc)
  File "/opt/ohpc/pub/compiler/conda/latest/lib/python3.12/shutil.py", line 703, in _rmtree_safe_fd
    onexc(func, path, err)
OSError: [Errno 16] Device or resource busy: '/tmp/pymp-t3tnnvw2'
  File "/opt/ohpc/pub/compiler/conda/latest/lib/python3.12/multiprocessing/util.py", line 227, in __call__
    res = self._callback(*self._args, **self._kwargs)
          ^^^^^^^^^^^^^^^^^^^^^^^^^^^^^^^^^^^^^^^^^^^
  File "/opt/ohpc/pub/compiler/conda/latest/lib/python3.12/shutil.py", line 750, in onexc
    return onerror(func, path, exc_info)
           ^^^^^^^^^^^^^^^^^^^^^^^^^^^^^
  File "/opt/ohpc/pub/compiler/conda/latest/lib/python3.12/shutil.py", line 700, in _rmtree_safe_fd
    onexc(os.unlink, fullname, err)
  File "/opt/ohpc/pub/compiler/conda/latest/lib/python3.12/multiprocessing/util.py", line 136, in _remove_temp_dir
    rmtree(tempdir, onerror=onerror)
  File "/opt/ohpc/pub/compiler/conda/latest/lib/python3.12/shutil.py", line 750, in onexc
    return onerror(func, path, exc_info)
           ^^^^^^^^^^^^^^^^^^^^^^^^^^^^^
OSError: [Errno 16] Device or resource busy: '/tmp/pymp-xyi7q6x1'
  File "/opt/ohpc/pub/compiler/conda/latest/lib/python3.12/shutil.py", line 759, in rmtree
    _rmtree_safe_fd(stack, onexc)
  File "/opt/ohpc/pub/compiler/conda/latest/lib/python3.12/shutil.py", line 698, in _rmtree_safe_fd
    os.unlink(entry.name, dir_fd=topfd)
  File "/opt/ohpc/pub/compiler/conda/latest/lib/python3.12/shutil.py", line 703, in _rmtree_safe_fd
    onexc(func, path, err)
  File "/opt/ohpc/pub/compiler/conda/latest/lib/python3.12/shutil.py", line 750, in onexc
    return onerror(func, path, exc_info)
           ^^^^^^^^^^^^^^^^^^^^^^^^^^^^^
  File "/opt/ohpc/pub/compiler/conda/latest/lib/python3.12/shutil.py", line 700, in _rmtree_safe_fd
    onexc(os.unlink, fullname, err)
  File "/opt/ohpc/pub/compiler/conda/latest/lib/python3.12/shutil.py", line 750, in onexc
    return onerror(func, path, exc_info)
           ^^^^^^^^^^^^^^^^^^^^^^^^^^^^^
  File "/opt/ohpc/pub/compiler/conda/latest/lib/python3.12/shutil.py", line 698, in _rmtree_safe_fd
    os.unlink(entry.name, dir_fd=topfd)
OSError: [Errno 16] Device or resource busy: '/tmp/pymp-jz8hh2md'
OSError: [Errno 16] Device or resource busy: '/tmp/pymp-xa37azs6'
  File "/opt/ohpc/pub/compiler/conda/latest/lib/python3.12/multiprocessing/util.py", line 303, in _run_finalizers
    finalizer()
  File "/opt/ohpc/pub/compiler/conda/latest/lib/python3.12/multiprocessing/util.py", line 227, in __call__
    res = self._callback(*self._args, **self._kwargs)
          ^^^^^^^^^^^^^^^^^^^^^^^^^^^^^^^^^^^^^^^^^^^
  File "/opt/ohpc/pub/compiler/conda/latest/lib/python3.12/multiprocessing/util.py", line 136, in _remove_temp_dir
    rmtree(tempdir, onerror=onerror)
  File "/opt/ohpc/pub/compiler/conda/latest/lib/python3.12/shutil.py", line 759, in rmtree
    _rmtree_safe_fd(stack, onexc)
  File "/opt/ohpc/pub/compiler/conda/latest/lib/python3.12/shutil.py", line 703, in _rmtree_safe_fd
    onexc(func, path, err)
  File "/opt/ohpc/pub/compiler/conda/latest/lib/python3.12/shutil.py", line 750, in onexc
    return onerror(func, path, exc_info)
           ^^^^^^^^^^^^^^^^^^^^^^^^^^^^^
  File "/opt/ohpc/pub/compiler/conda/latest/lib/python3.12/shutil.py", line 700, in _rmtree_safe_fd
    onexc(os.unlink, fullname, err)
  File "/opt/ohpc/pub/compiler/conda/latest/lib/python3.12/shutil.py", line 750, in onexc
    return onerror(func, path, exc_info)
           ^^^^^^^^^^^^^^^^^^^^^^^^^^^^^
  File "/opt/ohpc/pub/compiler/conda/latest/lib/python3.12/shutil.py", line 698, in _rmtree_safe_fd
    os.unlink(entry.name, dir_fd=topfd)
OSError: [Errno 16] Device or resource busy: '/tmp/pymp-w6s7xfnm'
Traceback (most recent call last):
  File "/opt/ohpc/pub/compiler/conda/latest/lib/python3.12/multiprocessing/util.py", line 303, in _run_finalizers
    finalizer()
  File "/opt/ohpc/pub/compiler/conda/latest/lib/python3.12/multiprocessing/util.py", line 227, in __call__
    res = self._callback(*self._args, **self._kwargs)
          ^^^^^^^^^^^^^^^^^^^^^^^^^^^^^^^^^^^^^^^^^^^
  File "/opt/ohpc/pub/compiler/conda/latest/lib/python3.12/multiprocessing/util.py", line 136, in _remove_temp_dir
    rmtree(tempdir, onerror=onerror)
  File "/opt/ohpc/pub/compiler/conda/latest/lib/python3.12/shutil.py", line 759, in rmtree
    _rmtree_safe_fd(stack, onexc)
  File "/opt/ohpc/pub/compiler/conda/latest/lib/python3.12/shutil.py", line 703, in _rmtree_safe_fd
    onexc(func, path, err)
  File "/opt/ohpc/pub/compiler/conda/latest/lib/python3.12/shutil.py", line 750, in onexc
    return onerror(func, path, exc_info)
           ^^^^^^^^^^^^^^^^^^^^^^^^^^^^^
  File "/opt/ohpc/pub/compiler/conda/latest/lib/python3.12/shutil.py", line 700, in _rmtree_safe_fd
    onexc(os.unlink, fullname, err)
  File "/opt/ohpc/pub/compiler/conda/latest/lib/python3.12/shutil.py", line 750, in onexc
    return onerror(func, path, exc_info)
           ^^^^^^^^^^^^^^^^^^^^^^^^^^^^^
  File "/opt/ohpc/pub/compiler/conda/latest/lib/python3.12/shutil.py", line 698, in _rmtree_safe_fd
    os.unlink(entry.name, dir_fd=topfd)
OSError: [Errno 16] Device or resource busy: '/tmp/pymp-jnudhm0i'
Traceback (most recent call last):
Traceback (most recent call last):
Traceback (most recent call last):
Traceback (most recent call last):
Traceback (most recent call last):
Traceback (most recent call last):
Traceback (most recent call last):
Traceback (most recent call last):
Traceback (most recent call last):
Traceback (most recent call last):
  File "/opt/ohpc/pub/compiler/conda/latest/lib/python3.12/multiprocessing/util.py", line 303, in _run_finalizers
    finalizer()
  File "/opt/ohpc/pub/compiler/conda/latest/lib/python3.12/multiprocessing/util.py", line 303, in _run_finalizers
    finalizer()
  File "/opt/ohpc/pub/compiler/conda/latest/lib/python3.12/multiprocessing/util.py", line 303, in _run_finalizers
    finalizer()
  File "/opt/ohpc/pub/compiler/conda/latest/lib/python3.12/multiprocessing/util.py", line 227, in __call__
    res = self._callback(*self._args, **self._kwargs)
          ^^^^^^^^^^^^^^^^^^^^^^^^^^^^^^^^^^^^^^^^^^^
  File "/opt/ohpc/pub/compiler/conda/latest/lib/python3.12/multiprocessing/util.py", line 227, in __call__
    res = self._callback(*self._args, **self._kwargs)
          ^^^^^^^^^^^^^^^^^^^^^^^^^^^^^^^^^^^^^^^^^^^
  File "/opt/ohpc/pub/compiler/conda/latest/lib/python3.12/multiprocessing/util.py", line 227, in __call__
    res = self._callback(*self._args, **self._kwargs)
          ^^^^^^^^^^^^^^^^^^^^^^^^^^^^^^^^^^^^^^^^^^^
  File "/opt/ohpc/pub/compiler/conda/latest/lib/python3.12/multiprocessing/util.py", line 136, in _remove_temp_dir
    rmtree(tempdir, onerror=onerror)
  File "/opt/ohpc/pub/compiler/conda/latest/lib/python3.12/multiprocessing/util.py", line 136, in _remove_temp_dir
    rmtree(tempdir, onerror=onerror)
  File "/opt/ohpc/pub/compiler/conda/latest/lib/python3.12/multiprocessing/util.py", line 136, in _remove_temp_dir
    rmtree(tempdir, onerror=onerror)
  File "/opt/ohpc/pub/compiler/conda/latest/lib/python3.12/multiprocessing/util.py", line 303, in _run_finalizers
    finalizer()
  File "/opt/ohpc/pub/compiler/conda/latest/lib/python3.12/shutil.py", line 759, in rmtree
    _rmtree_safe_fd(stack, onexc)
  File "/opt/ohpc/pub/compiler/conda/latest/lib/python3.12/shutil.py", line 759, in rmtree
    _rmtree_safe_fd(stack, onexc)
  File "/opt/ohpc/pub/compiler/conda/latest/lib/python3.12/shutil.py", line 759, in rmtree
    _rmtree_safe_fd(stack, onexc)
  File "/opt/ohpc/pub/compiler/conda/latest/lib/python3.12/shutil.py", line 703, in _rmtree_safe_fd
    onexc(func, path, err)
  File "/opt/ohpc/pub/compiler/conda/latest/lib/python3.12/shutil.py", line 703, in _rmtree_safe_fd
    onexc(func, path, err)
  File "/opt/ohpc/pub/compiler/conda/latest/lib/python3.12/multiprocessing/util.py", line 227, in __call__
    res = self._callback(*self._args, **self._kwargs)
          ^^^^^^^^^^^^^^^^^^^^^^^^^^^^^^^^^^^^^^^^^^^
  File "/opt/ohpc/pub/compiler/conda/latest/lib/python3.12/shutil.py", line 703, in _rmtree_safe_fd
    onexc(func, path, err)
  File "/opt/ohpc/pub/compiler/conda/latest/lib/python3.12/shutil.py", line 750, in onexc
    return onerror(func, path, exc_info)
           ^^^^^^^^^^^^^^^^^^^^^^^^^^^^^
  File "/opt/ohpc/pub/compiler/conda/latest/lib/python3.12/shutil.py", line 750, in onexc
    return onerror(func, path, exc_info)
           ^^^^^^^^^^^^^^^^^^^^^^^^^^^^^
  File "/opt/ohpc/pub/compiler/conda/latest/lib/python3.12/shutil.py", line 750, in onexc
    return onerror(func, path, exc_info)
           ^^^^^^^^^^^^^^^^^^^^^^^^^^^^^
  File "/opt/ohpc/pub/compiler/conda/latest/lib/python3.12/multiprocessing/util.py", line 136, in _remove_temp_dir
    rmtree(tempdir, onerror=onerror)
  File "/opt/ohpc/pub/compiler/conda/latest/lib/python3.12/shutil.py", line 700, in _rmtree_safe_fd
    onexc(os.unlink, fullname, err)
  File "/opt/ohpc/pub/compiler/conda/latest/lib/python3.12/shutil.py", line 700, in _rmtree_safe_fd
    onexc(os.unlink, fullname, err)
  File "/opt/ohpc/pub/compiler/conda/latest/lib/python3.12/shutil.py", line 700, in _rmtree_safe_fd
    onexc(os.unlink, fullname, err)
  File "/opt/ohpc/pub/compiler/conda/latest/lib/python3.12/shutil.py", line 750, in onexc
    return onerror(func, path, exc_info)
           ^^^^^^^^^^^^^^^^^^^^^^^^^^^^^
  File "/opt/ohpc/pub/compiler/conda/latest/lib/python3.12/shutil.py", line 759, in rmtree
    _rmtree_safe_fd(stack, onexc)
  File "/opt/ohpc/pub/compiler/conda/latest/lib/python3.12/shutil.py", line 750, in onexc
    return onerror(func, path, exc_info)
           ^^^^^^^^^^^^^^^^^^^^^^^^^^^^^
  File "/opt/ohpc/pub/compiler/conda/latest/lib/python3.12/shutil.py", line 750, in onexc
    return onerror(func, path, exc_info)
           ^^^^^^^^^^^^^^^^^^^^^^^^^^^^^
  File "/opt/ohpc/pub/compiler/conda/latest/lib/python3.12/shutil.py", line 698, in _rmtree_safe_fd
    os.unlink(entry.name, dir_fd=topfd)
  File "/opt/ohpc/pub/compiler/conda/latest/lib/python3.12/shutil.py", line 703, in _rmtree_safe_fd
    onexc(func, path, err)
  File "/opt/ohpc/pub/compiler/conda/latest/lib/python3.12/shutil.py", line 698, in _rmtree_safe_fd
    os.unlink(entry.name, dir_fd=topfd)
  File "/opt/ohpc/pub/compiler/conda/latest/lib/python3.12/shutil.py", line 698, in _rmtree_safe_fd
    os.unlink(entry.name, dir_fd=topfd)
  File "/opt/ohpc/pub/compiler/conda/latest/lib/python3.12/shutil.py", line 750, in onexc
    return onerror(func, path, exc_info)
           ^^^^^^^^^^^^^^^^^^^^^^^^^^^^^
  File "/opt/ohpc/pub/compiler/conda/latest/lib/python3.12/shutil.py", line 700, in _rmtree_safe_fd
    onexc(os.unlink, fullname, err)
  File "/opt/ohpc/pub/compiler/conda/latest/lib/python3.12/shutil.py", line 750, in onexc
    return onerror(func, path, exc_info)
           ^^^^^^^^^^^^^^^^^^^^^^^^^^^^^
  File "/opt/ohpc/pub/compiler/conda/latest/lib/python3.12/shutil.py", line 698, in _rmtree_safe_fd
    os.unlink(entry.name, dir_fd=topfd)
OSError: [Errno 16] Device or resource busy: '/tmp/pymp-hcyeq11d'
OSError: [Errno 16] Device or resource busy: '/tmp/pymp-6u9u73t1'
OSError: [Errno 16] Device or resource busy: '/tmp/pymp-1j0blhq0'
OSError: [Errno 16] Device or resource busy: '/tmp/pymp-n2mdut5x'
  File "/opt/ohpc/pub/compiler/conda/latest/lib/python3.12/multiprocessing/util.py", line 303, in _run_finalizers
    finalizer()
  File "/opt/ohpc/pub/compiler/conda/latest/lib/python3.12/multiprocessing/util.py", line 227, in __call__
    res = self._callback(*self._args, **self._kwargs)
          ^^^^^^^^^^^^^^^^^^^^^^^^^^^^^^^^^^^^^^^^^^^
  File "/opt/ohpc/pub/compiler/conda/latest/lib/python3.12/multiprocessing/util.py", line 136, in _remove_temp_dir
    rmtree(tempdir, onerror=onerror)
  File "/opt/ohpc/pub/compiler/conda/latest/lib/python3.12/shutil.py", line 759, in rmtree
    _rmtree_safe_fd(stack, onexc)
  File "/opt/ohpc/pub/compiler/conda/latest/lib/python3.12/shutil.py", line 703, in _rmtree_safe_fd
    onexc(func, path, err)
  File "/opt/ohpc/pub/compiler/conda/latest/lib/python3.12/shutil.py", line 750, in onexc
    return onerror(func, path, exc_info)
           ^^^^^^^^^^^^^^^^^^^^^^^^^^^^^
  File "/opt/ohpc/pub/compiler/conda/latest/lib/python3.12/shutil.py", line 700, in _rmtree_safe_fd
    onexc(os.unlink, fullname, err)
  File "/opt/ohpc/pub/compiler/conda/latest/lib/python3.12/shutil.py", line 750, in onexc
    return onerror(func, path, exc_info)
           ^^^^^^^^^^^^^^^^^^^^^^^^^^^^^
  File "/opt/ohpc/pub/compiler/conda/latest/lib/python3.12/shutil.py", line 698, in _rmtree_safe_fd
    os.unlink(entry.name, dir_fd=topfd)
  File "/opt/ohpc/pub/compiler/conda/latest/lib/python3.12/multiprocessing/util.py", line 303, in _run_finalizers
    finalizer()
OSError: [Errno 16] Device or resource busy: '/tmp/pymp-18lupg2v'
  File "/opt/ohpc/pub/compiler/conda/latest/lib/python3.12/multiprocessing/util.py", line 227, in __call__
    res = self._callback(*self._args, **self._kwargs)
          ^^^^^^^^^^^^^^^^^^^^^^^^^^^^^^^^^^^^^^^^^^^
  File "/opt/ohpc/pub/compiler/conda/latest/lib/python3.12/multiprocessing/util.py", line 136, in _remove_temp_dir
    rmtree(tempdir, onerror=onerror)
  File "/opt/ohpc/pub/compiler/conda/latest/lib/python3.12/multiprocessing/util.py", line 303, in _run_finalizers
    finalizer()
  File "/opt/ohpc/pub/compiler/conda/latest/lib/python3.12/shutil.py", line 759, in rmtree
    _rmtree_safe_fd(stack, onexc)
  File "/opt/ohpc/pub/compiler/conda/latest/lib/python3.12/shutil.py", line 703, in _rmtree_safe_fd
    onexc(func, path, err)
  File "/opt/ohpc/pub/compiler/conda/latest/lib/python3.12/shutil.py", line 750, in onexc
    return onerror(func, path, exc_info)
           ^^^^^^^^^^^^^^^^^^^^^^^^^^^^^
  File "/opt/ohpc/pub/compiler/conda/latest/lib/python3.12/multiprocessing/util.py", line 227, in __call__
    res = self._callback(*self._args, **self._kwargs)
          ^^^^^^^^^^^^^^^^^^^^^^^^^^^^^^^^^^^^^^^^^^^
  File "/opt/ohpc/pub/compiler/conda/latest/lib/python3.12/shutil.py", line 700, in _rmtree_safe_fd
    onexc(os.unlink, fullname, err)
  File "/opt/ohpc/pub/compiler/conda/latest/lib/python3.12/multiprocessing/util.py", line 136, in _remove_temp_dir
    rmtree(tempdir, onerror=onerror)
  File "/opt/ohpc/pub/compiler/conda/latest/lib/python3.12/shutil.py", line 750, in onexc
    return onerror(func, path, exc_info)
           ^^^^^^^^^^^^^^^^^^^^^^^^^^^^^
  File "/opt/ohpc/pub/compiler/conda/latest/lib/python3.12/shutil.py", line 759, in rmtree
    _rmtree_safe_fd(stack, onexc)
  File "/opt/ohpc/pub/compiler/conda/latest/lib/python3.12/shutil.py", line 698, in _rmtree_safe_fd
    os.unlink(entry.name, dir_fd=topfd)
  File "/opt/ohpc/pub/compiler/conda/latest/lib/python3.12/shutil.py", line 703, in _rmtree_safe_fd
    onexc(func, path, err)
  File "/opt/ohpc/pub/compiler/conda/latest/lib/python3.12/shutil.py", line 750, in onexc
    return onerror(func, path, exc_info)
           ^^^^^^^^^^^^^^^^^^^^^^^^^^^^^
  File "/opt/ohpc/pub/compiler/conda/latest/lib/python3.12/multiprocessing/util.py", line 303, in _run_finalizers
    finalizer()
  File "/opt/ohpc/pub/compiler/conda/latest/lib/python3.12/shutil.py", line 700, in _rmtree_safe_fd
    onexc(os.unlink, fullname, err)
  File "/opt/ohpc/pub/compiler/conda/latest/lib/python3.12/shutil.py", line 750, in onexc
    return onerror(func, path, exc_info)
           ^^^^^^^^^^^^^^^^^^^^^^^^^^^^^
  File "/opt/ohpc/pub/compiler/conda/latest/lib/python3.12/multiprocessing/util.py", line 227, in __call__
    res = self._callback(*self._args, **self._kwargs)
          ^^^^^^^^^^^^^^^^^^^^^^^^^^^^^^^^^^^^^^^^^^^
  File "/opt/ohpc/pub/compiler/conda/latest/lib/python3.12/shutil.py", line 698, in _rmtree_safe_fd
    os.unlink(entry.name, dir_fd=topfd)
OSError: [Errno 16] Device or resource busy: '/tmp/pymp-_s870_63'
  File "/opt/ohpc/pub/compiler/conda/latest/lib/python3.12/multiprocessing/util.py", line 136, in _remove_temp_dir
    rmtree(tempdir, onerror=onerror)
  File "/opt/ohpc/pub/compiler/conda/latest/lib/python3.12/shutil.py", line 759, in rmtree
    _rmtree_safe_fd(stack, onexc)
  File "/opt/ohpc/pub/compiler/conda/latest/lib/python3.12/shutil.py", line 703, in _rmtree_safe_fd
    onexc(func, path, err)
  File "/opt/ohpc/pub/compiler/conda/latest/lib/python3.12/shutil.py", line 750, in onexc
    return onerror(func, path, exc_info)
           ^^^^^^^^^^^^^^^^^^^^^^^^^^^^^
OSError: [Errno 16] Device or resource busy: '/tmp/pymp-fg2rkw8v'
  File "/opt/ohpc/pub/compiler/conda/latest/lib/python3.12/shutil.py", line 700, in _rmtree_safe_fd
    onexc(os.unlink, fullname, err)
  File "/opt/ohpc/pub/compiler/conda/latest/lib/python3.12/multiprocessing/util.py", line 303, in _run_finalizers
    finalizer()
  File "/opt/ohpc/pub/compiler/conda/latest/lib/python3.12/shutil.py", line 750, in onexc
    return onerror(func, path, exc_info)
           ^^^^^^^^^^^^^^^^^^^^^^^^^^^^^
  File "/opt/ohpc/pub/compiler/conda/latest/lib/python3.12/shutil.py", line 698, in _rmtree_safe_fd
    os.unlink(entry.name, dir_fd=topfd)
  File "/opt/ohpc/pub/compiler/conda/latest/lib/python3.12/multiprocessing/util.py", line 227, in __call__
    res = self._callback(*self._args, **self._kwargs)
          ^^^^^^^^^^^^^^^^^^^^^^^^^^^^^^^^^^^^^^^^^^^
  File "/opt/ohpc/pub/compiler/conda/latest/lib/python3.12/multiprocessing/util.py", line 136, in _remove_temp_dir
    rmtree(tempdir, onerror=onerror)
  File "/opt/ohpc/pub/compiler/conda/latest/lib/python3.12/shutil.py", line 759, in rmtree
    _rmtree_safe_fd(stack, onexc)
  File "/opt/ohpc/pub/compiler/conda/latest/lib/python3.12/shutil.py", line 703, in _rmtree_safe_fd
    onexc(func, path, err)
OSError: [Errno 16] Device or resource busy: '/tmp/pymp-gkwz33ys'
  File "/opt/ohpc/pub/compiler/conda/latest/lib/python3.12/shutil.py", line 750, in onexc
    return onerror(func, path, exc_info)
           ^^^^^^^^^^^^^^^^^^^^^^^^^^^^^
  File "/opt/ohpc/pub/compiler/conda/latest/lib/python3.12/shutil.py", line 700, in _rmtree_safe_fd
    onexc(os.unlink, fullname, err)
  File "/opt/ohpc/pub/compiler/conda/latest/lib/python3.12/shutil.py", line 750, in onexc
    return onerror(func, path, exc_info)
           ^^^^^^^^^^^^^^^^^^^^^^^^^^^^^
  File "/opt/ohpc/pub/compiler/conda/latest/lib/python3.12/shutil.py", line 698, in _rmtree_safe_fd
    os.unlink(entry.name, dir_fd=topfd)
OSError: [Errno 16] Device or resource busy: '/tmp/pymp-hqrlxn_4'
  File "/opt/ohpc/pub/compiler/conda/latest/lib/python3.12/multiprocessing/util.py", line 303, in _run_finalizers
    finalizer()
  File "/opt/ohpc/pub/compiler/conda/latest/lib/python3.12/multiprocessing/util.py", line 227, in __call__
    res = self._callback(*self._args, **self._kwargs)
          ^^^^^^^^^^^^^^^^^^^^^^^^^^^^^^^^^^^^^^^^^^^
  File "/opt/ohpc/pub/compiler/conda/latest/lib/python3.12/multiprocessing/util.py", line 136, in _remove_temp_dir
    rmtree(tempdir, onerror=onerror)
  File "/opt/ohpc/pub/compiler/conda/latest/lib/python3.12/shutil.py", line 759, in rmtree
    _rmtree_safe_fd(stack, onexc)
  File "/opt/ohpc/pub/compiler/conda/latest/lib/python3.12/shutil.py", line 703, in _rmtree_safe_fd
    onexc(func, path, err)
  File "/opt/ohpc/pub/compiler/conda/latest/lib/python3.12/shutil.py", line 750, in onexc
    return onerror(func, path, exc_info)
           ^^^^^^^^^^^^^^^^^^^^^^^^^^^^^
  File "/opt/ohpc/pub/compiler/conda/latest/lib/python3.12/shutil.py", line 700, in _rmtree_safe_fd
    onexc(os.unlink, fullname, err)
  File "/opt/ohpc/pub/compiler/conda/latest/lib/python3.12/shutil.py", line 750, in onexc
    return onerror(func, path, exc_info)
           ^^^^^^^^^^^^^^^^^^^^^^^^^^^^^
  File "/opt/ohpc/pub/compiler/conda/latest/lib/python3.12/shutil.py", line 698, in _rmtree_safe_fd
    os.unlink(entry.name, dir_fd=topfd)
OSError: [Errno 16] Device or resource busy: '/tmp/pymp-960o2uq6'
Traceback (most recent call last):
Traceback (most recent call last):
Traceback (most recent call last):
Traceback (most recent call last):
Traceback (most recent call last):
Traceback (most recent call last):
Traceback (most recent call last):
Traceback (most recent call last):
Traceback (most recent call last):
Traceback (most recent call last):
  File "/opt/ohpc/pub/compiler/conda/latest/lib/python3.12/multiprocessing/util.py", line 303, in _run_finalizers
    finalizer()
  File "/opt/ohpc/pub/compiler/conda/latest/lib/python3.12/multiprocessing/util.py", line 227, in __call__
    res = self._callback(*self._args, **self._kwargs)
          ^^^^^^^^^^^^^^^^^^^^^^^^^^^^^^^^^^^^^^^^^^^
  File "/opt/ohpc/pub/compiler/conda/latest/lib/python3.12/multiprocessing/util.py", line 136, in _remove_temp_dir
    rmtree(tempdir, onerror=onerror)
  File "/opt/ohpc/pub/compiler/conda/latest/lib/python3.12/shutil.py", line 759, in rmtree
    _rmtree_safe_fd(stack, onexc)
  File "/opt/ohpc/pub/compiler/conda/latest/lib/python3.12/shutil.py", line 703, in _rmtree_safe_fd
    onexc(func, path, err)
  File "/opt/ohpc/pub/compiler/conda/latest/lib/python3.12/shutil.py", line 750, in onexc
    return onerror(func, path, exc_info)
           ^^^^^^^^^^^^^^^^^^^^^^^^^^^^^
  File "/opt/ohpc/pub/compiler/conda/latest/lib/python3.12/shutil.py", line 700, in _rmtree_safe_fd
    onexc(os.unlink, fullname, err)
  File "/opt/ohpc/pub/compiler/conda/latest/lib/python3.12/shutil.py", line 750, in onexc
    return onerror(func, path, exc_info)
           ^^^^^^^^^^^^^^^^^^^^^^^^^^^^^
  File "/opt/ohpc/pub/compiler/conda/latest/lib/python3.12/shutil.py", line 698, in _rmtree_safe_fd
    os.unlink(entry.name, dir_fd=topfd)
  File "/opt/ohpc/pub/compiler/conda/latest/lib/python3.12/multiprocessing/util.py", line 303, in _run_finalizers
    finalizer()
  File "/opt/ohpc/pub/compiler/conda/latest/lib/python3.12/multiprocessing/util.py", line 227, in __call__
    res = self._callback(*self._args, **self._kwargs)
          ^^^^^^^^^^^^^^^^^^^^^^^^^^^^^^^^^^^^^^^^^^^
  File "/opt/ohpc/pub/compiler/conda/latest/lib/python3.12/multiprocessing/util.py", line 136, in _remove_temp_dir
    rmtree(tempdir, onerror=onerror)
OSError: [Errno 16] Device or resource busy: '/tmp/pymp-4242qig4'
  File "/opt/ohpc/pub/compiler/conda/latest/lib/python3.12/shutil.py", line 759, in rmtree
    _rmtree_safe_fd(stack, onexc)
  File "/opt/ohpc/pub/compiler/conda/latest/lib/python3.12/shutil.py", line 703, in _rmtree_safe_fd
    onexc(func, path, err)
  File "/opt/ohpc/pub/compiler/conda/latest/lib/python3.12/shutil.py", line 750, in onexc
    return onerror(func, path, exc_info)
           ^^^^^^^^^^^^^^^^^^^^^^^^^^^^^
  File "/opt/ohpc/pub/compiler/conda/latest/lib/python3.12/multiprocessing/util.py", line 303, in _run_finalizers
    finalizer()
  File "/opt/ohpc/pub/compiler/conda/latest/lib/python3.12/shutil.py", line 700, in _rmtree_safe_fd
    onexc(os.unlink, fullname, err)
  File "/opt/ohpc/pub/compiler/conda/latest/lib/python3.12/shutil.py", line 750, in onexc
    return onerror(func, path, exc_info)
           ^^^^^^^^^^^^^^^^^^^^^^^^^^^^^
  File "/opt/ohpc/pub/compiler/conda/latest/lib/python3.12/multiprocessing/util.py", line 227, in __call__
    res = self._callback(*self._args, **self._kwargs)
          ^^^^^^^^^^^^^^^^^^^^^^^^^^^^^^^^^^^^^^^^^^^
  File "/opt/ohpc/pub/compiler/conda/latest/lib/python3.12/shutil.py", line 698, in _rmtree_safe_fd
    os.unlink(entry.name, dir_fd=topfd)
  File "/opt/ohpc/pub/compiler/conda/latest/lib/python3.12/multiprocessing/util.py", line 136, in _remove_temp_dir
    rmtree(tempdir, onerror=onerror)
  File "/opt/ohpc/pub/compiler/conda/latest/lib/python3.12/shutil.py", line 759, in rmtree
    _rmtree_safe_fd(stack, onexc)
  File "/opt/ohpc/pub/compiler/conda/latest/lib/python3.12/shutil.py", line 703, in _rmtree_safe_fd
    onexc(func, path, err)
  File "/opt/ohpc/pub/compiler/conda/latest/lib/python3.12/shutil.py", line 750, in onexc
    return onerror(func, path, exc_info)
           ^^^^^^^^^^^^^^^^^^^^^^^^^^^^^
  File "/opt/ohpc/pub/compiler/conda/latest/lib/python3.12/multiprocessing/util.py", line 303, in _run_finalizers
    finalizer()
OSError: [Errno 16] Device or resource busy: '/tmp/pymp-q5ffofog'
  File "/opt/ohpc/pub/compiler/conda/latest/lib/python3.12/shutil.py", line 700, in _rmtree_safe_fd
    onexc(os.unlink, fullname, err)
  File "/opt/ohpc/pub/compiler/conda/latest/lib/python3.12/shutil.py", line 750, in onexc
    return onerror(func, path, exc_info)
           ^^^^^^^^^^^^^^^^^^^^^^^^^^^^^
  File "/opt/ohpc/pub/compiler/conda/latest/lib/python3.12/shutil.py", line 698, in _rmtree_safe_fd
    os.unlink(entry.name, dir_fd=topfd)
  File "/opt/ohpc/pub/compiler/conda/latest/lib/python3.12/multiprocessing/util.py", line 227, in __call__
    res = self._callback(*self._args, **self._kwargs)
          ^^^^^^^^^^^^^^^^^^^^^^^^^^^^^^^^^^^^^^^^^^^
  File "/opt/ohpc/pub/compiler/conda/latest/lib/python3.12/multiprocessing/util.py", line 136, in _remove_temp_dir
    rmtree(tempdir, onerror=onerror)
  File "/opt/ohpc/pub/compiler/conda/latest/lib/python3.12/shutil.py", line 759, in rmtree
    _rmtree_safe_fd(stack, onexc)
  File "/opt/ohpc/pub/compiler/conda/latest/lib/python3.12/shutil.py", line 703, in _rmtree_safe_fd
    onexc(func, path, err)
  File "/opt/ohpc/pub/compiler/conda/latest/lib/python3.12/shutil.py", line 750, in onexc
    return onerror(func, path, exc_info)
           ^^^^^^^^^^^^^^^^^^^^^^^^^^^^^
OSError: [Errno 16] Device or resource busy: '/tmp/pymp-gmn_in87'
  File "/opt/ohpc/pub/compiler/conda/latest/lib/python3.12/shutil.py", line 700, in _rmtree_safe_fd
    onexc(os.unlink, fullname, err)
  File "/opt/ohpc/pub/compiler/conda/latest/lib/python3.12/shutil.py", line 750, in onexc
    return onerror(func, path, exc_info)
           ^^^^^^^^^^^^^^^^^^^^^^^^^^^^^
  File "/opt/ohpc/pub/compiler/conda/latest/lib/python3.12/shutil.py", line 698, in _rmtree_safe_fd
    os.unlink(entry.name, dir_fd=topfd)
OSError: [Errno 16] Device or resource busy: '/tmp/pymp-p56_ws3t'
  File "/opt/ohpc/pub/compiler/conda/latest/lib/python3.12/multiprocessing/util.py", line 303, in _run_finalizers
    finalizer()
  File "/opt/ohpc/pub/compiler/conda/latest/lib/python3.12/multiprocessing/util.py", line 227, in __call__
    res = self._callback(*self._args, **self._kwargs)
          ^^^^^^^^^^^^^^^^^^^^^^^^^^^^^^^^^^^^^^^^^^^
  File "/opt/ohpc/pub/compiler/conda/latest/lib/python3.12/multiprocessing/util.py", line 136, in _remove_temp_dir
    rmtree(tempdir, onerror=onerror)
  File "/opt/ohpc/pub/compiler/conda/latest/lib/python3.12/shutil.py", line 759, in rmtree
    _rmtree_safe_fd(stack, onexc)
  File "/opt/ohpc/pub/compiler/conda/latest/lib/python3.12/shutil.py", line 703, in _rmtree_safe_fd
    onexc(func, path, err)
  File "/opt/ohpc/pub/compiler/conda/latest/lib/python3.12/shutil.py", line 750, in onexc
    return onerror(func, path, exc_info)
           ^^^^^^^^^^^^^^^^^^^^^^^^^^^^^
  File "/opt/ohpc/pub/compiler/conda/latest/lib/python3.12/shutil.py", line 700, in _rmtree_safe_fd
    onexc(os.unlink, fullname, err)
  File "/opt/ohpc/pub/compiler/conda/latest/lib/python3.12/shutil.py", line 750, in onexc
    return onerror(func, path, exc_info)
           ^^^^^^^^^^^^^^^^^^^^^^^^^^^^^
  File "/opt/ohpc/pub/compiler/conda/latest/lib/python3.12/shutil.py", line 698, in _rmtree_safe_fd
    os.unlink(entry.name, dir_fd=topfd)
  File "/opt/ohpc/pub/compiler/conda/latest/lib/python3.12/multiprocessing/util.py", line 303, in _run_finalizers
    finalizer()
  File "/opt/ohpc/pub/compiler/conda/latest/lib/python3.12/multiprocessing/util.py", line 227, in __call__
    res = self._callback(*self._args, **self._kwargs)
          ^^^^^^^^^^^^^^^^^^^^^^^^^^^^^^^^^^^^^^^^^^^
  File "/opt/ohpc/pub/compiler/conda/latest/lib/python3.12/multiprocessing/util.py", line 303, in _run_finalizers
    finalizer()
  File "/opt/ohpc/pub/compiler/conda/latest/lib/python3.12/multiprocessing/util.py", line 136, in _remove_temp_dir
    rmtree(tempdir, onerror=onerror)
OSError: [Errno 16] Device or resource busy: '/tmp/pymp-2w911qch'
  File "/opt/ohpc/pub/compiler/conda/latest/lib/python3.12/shutil.py", line 759, in rmtree
    _rmtree_safe_fd(stack, onexc)
  File "/opt/ohpc/pub/compiler/conda/latest/lib/python3.12/multiprocessing/util.py", line 227, in __call__
    res = self._callback(*self._args, **self._kwargs)
          ^^^^^^^^^^^^^^^^^^^^^^^^^^^^^^^^^^^^^^^^^^^
  File "/opt/ohpc/pub/compiler/conda/latest/lib/python3.12/shutil.py", line 703, in _rmtree_safe_fd
    onexc(func, path, err)
  File "/opt/ohpc/pub/compiler/conda/latest/lib/python3.12/shutil.py", line 750, in onexc
    return onerror(func, path, exc_info)
           ^^^^^^^^^^^^^^^^^^^^^^^^^^^^^
  File "/opt/ohpc/pub/compiler/conda/latest/lib/python3.12/multiprocessing/util.py", line 136, in _remove_temp_dir
    rmtree(tempdir, onerror=onerror)
  File "/opt/ohpc/pub/compiler/conda/latest/lib/python3.12/multiprocessing/util.py", line 303, in _run_finalizers
    finalizer()
  File "/opt/ohpc/pub/compiler/conda/latest/lib/python3.12/shutil.py", line 700, in _rmtree_safe_fd
    onexc(os.unlink, fullname, err)
  File "/opt/ohpc/pub/compiler/conda/latest/lib/python3.12/shutil.py", line 759, in rmtree
    _rmtree_safe_fd(stack, onexc)
  File "/opt/ohpc/pub/compiler/conda/latest/lib/python3.12/shutil.py", line 750, in onexc
    return onerror(func, path, exc_info)
           ^^^^^^^^^^^^^^^^^^^^^^^^^^^^^
  File "/opt/ohpc/pub/compiler/conda/latest/lib/python3.12/shutil.py", line 698, in _rmtree_safe_fd
    os.unlink(entry.name, dir_fd=topfd)
  File "/opt/ohpc/pub/compiler/conda/latest/lib/python3.12/shutil.py", line 703, in _rmtree_safe_fd
    onexc(func, path, err)
  File "/opt/ohpc/pub/compiler/conda/latest/lib/python3.12/shutil.py", line 750, in onexc
    return onerror(func, path, exc_info)
           ^^^^^^^^^^^^^^^^^^^^^^^^^^^^^
  File "/opt/ohpc/pub/compiler/conda/latest/lib/python3.12/shutil.py", line 700, in _rmtree_safe_fd
    onexc(os.unlink, fullname, err)
  File "/opt/ohpc/pub/compiler/conda/latest/lib/python3.12/multiprocessing/util.py", line 227, in __call__
    res = self._callback(*self._args, **self._kwargs)
          ^^^^^^^^^^^^^^^^^^^^^^^^^^^^^^^^^^^^^^^^^^^
  File "/opt/ohpc/pub/compiler/conda/latest/lib/python3.12/shutil.py", line 750, in onexc
    return onerror(func, path, exc_info)
           ^^^^^^^^^^^^^^^^^^^^^^^^^^^^^
  File "/opt/ohpc/pub/compiler/conda/latest/lib/python3.12/multiprocessing/util.py", line 136, in _remove_temp_dir
    rmtree(tempdir, onerror=onerror)
  File "/opt/ohpc/pub/compiler/conda/latest/lib/python3.12/shutil.py", line 698, in _rmtree_safe_fd
    os.unlink(entry.name, dir_fd=topfd)
  File "/opt/ohpc/pub/compiler/conda/latest/lib/python3.12/shutil.py", line 759, in rmtree
    _rmtree_safe_fd(stack, onexc)
OSError: [Errno 16] Device or resource busy: '/tmp/pymp-id35qg46'
  File "/opt/ohpc/pub/compiler/conda/latest/lib/python3.12/shutil.py", line 703, in _rmtree_safe_fd
    onexc(func, path, err)
  File "/opt/ohpc/pub/compiler/conda/latest/lib/python3.12/shutil.py", line 750, in onexc
    return onerror(func, path, exc_info)
           ^^^^^^^^^^^^^^^^^^^^^^^^^^^^^
OSError: [Errno 16] Device or resource busy: '/tmp/pymp-0z8goswx'
  File "/opt/ohpc/pub/compiler/conda/latest/lib/python3.12/shutil.py", line 700, in _rmtree_safe_fd
    onexc(os.unlink, fullname, err)
  File "/opt/ohpc/pub/compiler/conda/latest/lib/python3.12/shutil.py", line 750, in onexc
    return onerror(func, path, exc_info)
           ^^^^^^^^^^^^^^^^^^^^^^^^^^^^^
  File "/opt/ohpc/pub/compiler/conda/latest/lib/python3.12/shutil.py", line 698, in _rmtree_safe_fd
    os.unlink(entry.name, dir_fd=topfd)
OSError: [Errno 16] Device or resource busy: '/tmp/pymp-_u_ohrfb'
  File "/opt/ohpc/pub/compiler/conda/latest/lib/python3.12/multiprocessing/util.py", line 303, in _run_finalizers
    finalizer()
  File "/opt/ohpc/pub/compiler/conda/latest/lib/python3.12/multiprocessing/util.py", line 227, in __call__
    res = self._callback(*self._args, **self._kwargs)
          ^^^^^^^^^^^^^^^^^^^^^^^^^^^^^^^^^^^^^^^^^^^
  File "/opt/ohpc/pub/compiler/conda/latest/lib/python3.12/multiprocessing/util.py", line 136, in _remove_temp_dir
    rmtree(tempdir, onerror=onerror)
  File "/opt/ohpc/pub/compiler/conda/latest/lib/python3.12/shutil.py", line 759, in rmtree
    _rmtree_safe_fd(stack, onexc)
  File "/opt/ohpc/pub/compiler/conda/latest/lib/python3.12/shutil.py", line 703, in _rmtree_safe_fd
    onexc(func, path, err)
  File "/opt/ohpc/pub/compiler/conda/latest/lib/python3.12/shutil.py", line 750, in onexc
    return onerror(func, path, exc_info)
           ^^^^^^^^^^^^^^^^^^^^^^^^^^^^^
  File "/opt/ohpc/pub/compiler/conda/latest/lib/python3.12/shutil.py", line 700, in _rmtree_safe_fd
    onexc(os.unlink, fullname, err)
  File "/opt/ohpc/pub/compiler/conda/latest/lib/python3.12/shutil.py", line 750, in onexc
    return onerror(func, path, exc_info)
           ^^^^^^^^^^^^^^^^^^^^^^^^^^^^^
  File "/opt/ohpc/pub/compiler/conda/latest/lib/python3.12/shutil.py", line 698, in _rmtree_safe_fd
    os.unlink(entry.name, dir_fd=topfd)
OSError: [Errno 16] Device or resource busy: '/tmp/pymp-7id8ai8v'
  File "/opt/ohpc/pub/compiler/conda/latest/lib/python3.12/multiprocessing/util.py", line 303, in _run_finalizers
    finalizer()
  File "/opt/ohpc/pub/compiler/conda/latest/lib/python3.12/multiprocessing/util.py", line 227, in __call__
    res = self._callback(*self._args, **self._kwargs)
          ^^^^^^^^^^^^^^^^^^^^^^^^^^^^^^^^^^^^^^^^^^^
  File "/opt/ohpc/pub/compiler/conda/latest/lib/python3.12/multiprocessing/util.py", line 136, in _remove_temp_dir
    rmtree(tempdir, onerror=onerror)
  File "/opt/ohpc/pub/compiler/conda/latest/lib/python3.12/shutil.py", line 759, in rmtree
    _rmtree_safe_fd(stack, onexc)
  File "/opt/ohpc/pub/compiler/conda/latest/lib/python3.12/shutil.py", line 703, in _rmtree_safe_fd
    onexc(func, path, err)
  File "/opt/ohpc/pub/compiler/conda/latest/lib/python3.12/shutil.py", line 750, in onexc
    return onerror(func, path, exc_info)
           ^^^^^^^^^^^^^^^^^^^^^^^^^^^^^
  File "/opt/ohpc/pub/compiler/conda/latest/lib/python3.12/shutil.py", line 700, in _rmtree_safe_fd
    onexc(os.unlink, fullname, err)
  File "/opt/ohpc/pub/compiler/conda/latest/lib/python3.12/shutil.py", line 750, in onexc
    return onerror(func, path, exc_info)
           ^^^^^^^^^^^^^^^^^^^^^^^^^^^^^
  File "/opt/ohpc/pub/compiler/conda/latest/lib/python3.12/shutil.py", line 698, in _rmtree_safe_fd
    os.unlink(entry.name, dir_fd=topfd)
OSError: [Errno 16] Device or resource busy: '/tmp/pymp-pethd85o'
[val 000] loss=-0.0331 z_std=0.0485 rankme=84.363 lidar=45.382 areq=1.250 pr=2.75 align=0.6488 unif=-1.762 converged=False collapsed=False
  e001 it0000/62 lr=0.0003 loss=-0.0418 z_std=0.0643
  e001 it0010/62 lr=0.0004 loss=-0.0327 z_std=0.0642
  e001 it0020/62 lr=0.0004 loss=-0.0364 z_std=0.0641
  e001 it0030/62 lr=0.0005 loss=-0.0379 z_std=0.0641
  e001 it0040/62 lr=0.0005 loss=-0.0393 z_std=0.0641
  e001 it0050/62 lr=0.0006 loss=-0.0403 z_std=0.0641
  e001 it0060/62 lr=0.0006 loss=-0.0426 z_std=0.0641
[epoch 001] loss=-0.0424 z_std=0.0641 (healthy~0.0625) time=195.9s
Traceback (most recent call last):
Traceback (most recent call last):
Traceback (most recent call last):
Traceback (most recent call last):
Traceback (most recent call last):
Traceback (most recent call last):
Traceback (most recent call last):
  File "/opt/ohpc/pub/compiler/conda/latest/lib/python3.12/multiprocessing/util.py", line 303, in _run_finalizers
    finalizer()
  File "/opt/ohpc/pub/compiler/conda/latest/lib/python3.12/multiprocessing/util.py", line 303, in _run_finalizers
    finalizer()
  File "/opt/ohpc/pub/compiler/conda/latest/lib/python3.12/multiprocessing/util.py", line 227, in __call__
    res = self._callback(*self._args, **self._kwargs)
          ^^^^^^^^^^^^^^^^^^^^^^^^^^^^^^^^^^^^^^^^^^^
  File "/opt/ohpc/pub/compiler/conda/latest/lib/python3.12/multiprocessing/util.py", line 227, in __call__
    res = self._callback(*self._args, **self._kwargs)
          ^^^^^^^^^^^^^^^^^^^^^^^^^^^^^^^^^^^^^^^^^^^
  File "/opt/ohpc/pub/compiler/conda/latest/lib/python3.12/multiprocessing/util.py", line 136, in _remove_temp_dir
    rmtree(tempdir, onerror=onerror)
  File "/opt/ohpc/pub/compiler/conda/latest/lib/python3.12/multiprocessing/util.py", line 303, in _run_finalizers
    finalizer()
  File "/opt/ohpc/pub/compiler/conda/latest/lib/python3.12/multiprocessing/util.py", line 136, in _remove_temp_dir
    rmtree(tempdir, onerror=onerror)
  File "/opt/ohpc/pub/compiler/conda/latest/lib/python3.12/shutil.py", line 759, in rmtree
    _rmtree_safe_fd(stack, onexc)
  File "/opt/ohpc/pub/compiler/conda/latest/lib/python3.12/shutil.py", line 759, in rmtree
    _rmtree_safe_fd(stack, onexc)
  File "/opt/ohpc/pub/compiler/conda/latest/lib/python3.12/shutil.py", line 703, in _rmtree_safe_fd
    onexc(func, path, err)
  File "/opt/ohpc/pub/compiler/conda/latest/lib/python3.12/shutil.py", line 703, in _rmtree_safe_fd
    onexc(func, path, err)
  File "/opt/ohpc/pub/compiler/conda/latest/lib/python3.12/multiprocessing/util.py", line 227, in __call__
    res = self._callback(*self._args, **self._kwargs)
          ^^^^^^^^^^^^^^^^^^^^^^^^^^^^^^^^^^^^^^^^^^^
  File "/opt/ohpc/pub/compiler/conda/latest/lib/python3.12/shutil.py", line 750, in onexc
    return onerror(func, path, exc_info)
           ^^^^^^^^^^^^^^^^^^^^^^^^^^^^^
  File "/opt/ohpc/pub/compiler/conda/latest/lib/python3.12/shutil.py", line 750, in onexc
    return onerror(func, path, exc_info)
           ^^^^^^^^^^^^^^^^^^^^^^^^^^^^^
  File "/opt/ohpc/pub/compiler/conda/latest/lib/python3.12/multiprocessing/util.py", line 136, in _remove_temp_dir
    rmtree(tempdir, onerror=onerror)
  File "/opt/ohpc/pub/compiler/conda/latest/lib/python3.12/shutil.py", line 700, in _rmtree_safe_fd
    onexc(os.unlink, fullname, err)
  File "/opt/ohpc/pub/compiler/conda/latest/lib/python3.12/shutil.py", line 700, in _rmtree_safe_fd
    onexc(os.unlink, fullname, err)
  File "/opt/ohpc/pub/compiler/conda/latest/lib/python3.12/shutil.py", line 759, in rmtree
    _rmtree_safe_fd(stack, onexc)
  File "/opt/ohpc/pub/compiler/conda/latest/lib/python3.12/shutil.py", line 750, in onexc
    return onerror(func, path, exc_info)
           ^^^^^^^^^^^^^^^^^^^^^^^^^^^^^
  File "/opt/ohpc/pub/compiler/conda/latest/lib/python3.12/shutil.py", line 750, in onexc
    return onerror(func, path, exc_info)
           ^^^^^^^^^^^^^^^^^^^^^^^^^^^^^
  File "/opt/ohpc/pub/compiler/conda/latest/lib/python3.12/shutil.py", line 703, in _rmtree_safe_fd
    onexc(func, path, err)
  File "/opt/ohpc/pub/compiler/conda/latest/lib/python3.12/shutil.py", line 698, in _rmtree_safe_fd
    os.unlink(entry.name, dir_fd=topfd)
  File "/opt/ohpc/pub/compiler/conda/latest/lib/python3.12/shutil.py", line 698, in _rmtree_safe_fd
    os.unlink(entry.name, dir_fd=topfd)
  File "/opt/ohpc/pub/compiler/conda/latest/lib/python3.12/shutil.py", line 750, in onexc
    return onerror(func, path, exc_info)
           ^^^^^^^^^^^^^^^^^^^^^^^^^^^^^
  File "/opt/ohpc/pub/compiler/conda/latest/lib/python3.12/shutil.py", line 700, in _rmtree_safe_fd
    onexc(os.unlink, fullname, err)
  File "/opt/ohpc/pub/compiler/conda/latest/lib/python3.12/shutil.py", line 750, in onexc
    return onerror(func, path, exc_info)
           ^^^^^^^^^^^^^^^^^^^^^^^^^^^^^
  File "/opt/ohpc/pub/compiler/conda/latest/lib/python3.12/shutil.py", line 698, in _rmtree_safe_fd
    os.unlink(entry.name, dir_fd=topfd)
OSError: [Errno 16] Device or resource busy: '/tmp/pymp-nwg70k9o'
OSError: [Errno 16] Device or resource busy: '/tmp/pymp-3a_fm80s'
OSError: [Errno 16] Device or resource busy: '/tmp/pymp-3d0js05b'
Traceback (most recent call last):
  File "/opt/ohpc/pub/compiler/conda/latest/lib/python3.12/multiprocessing/util.py", line 303, in _run_finalizers
    finalizer()
  File "/opt/ohpc/pub/compiler/conda/latest/lib/python3.12/multiprocessing/util.py", line 227, in __call__
    res = self._callback(*self._args, **self._kwargs)
          ^^^^^^^^^^^^^^^^^^^^^^^^^^^^^^^^^^^^^^^^^^^
  File "/opt/ohpc/pub/compiler/conda/latest/lib/python3.12/multiprocessing/util.py", line 136, in _remove_temp_dir
    rmtree(tempdir, onerror=onerror)
Traceback (most recent call last):
  File "/opt/ohpc/pub/compiler/conda/latest/lib/python3.12/shutil.py", line 759, in rmtree
    _rmtree_safe_fd(stack, onexc)
  File "/opt/ohpc/pub/compiler/conda/latest/lib/python3.12/shutil.py", line 703, in _rmtree_safe_fd
    onexc(func, path, err)
  File "/opt/ohpc/pub/compiler/conda/latest/lib/python3.12/shutil.py", line 750, in onexc
    return onerror(func, path, exc_info)
           ^^^^^^^^^^^^^^^^^^^^^^^^^^^^^
  File "/opt/ohpc/pub/compiler/conda/latest/lib/python3.12/shutil.py", line 700, in _rmtree_safe_fd
    onexc(os.unlink, fullname, err)
  File "/opt/ohpc/pub/compiler/conda/latest/lib/python3.12/shutil.py", line 750, in onexc
    return onerror(func, path, exc_info)
           ^^^^^^^^^^^^^^^^^^^^^^^^^^^^^
  File "/opt/ohpc/pub/compiler/conda/latest/lib/python3.12/shutil.py", line 698, in _rmtree_safe_fd
    os.unlink(entry.name, dir_fd=topfd)
OSError: [Errno 16] Device or resource busy: '/tmp/pymp-x6sertpl'
  File "/opt/ohpc/pub/compiler/conda/latest/lib/python3.12/multiprocessing/util.py", line 303, in _run_finalizers
    finalizer()
  File "/opt/ohpc/pub/compiler/conda/latest/lib/python3.12/multiprocessing/util.py", line 227, in __call__
    res = self._callback(*self._args, **self._kwargs)
          ^^^^^^^^^^^^^^^^^^^^^^^^^^^^^^^^^^^^^^^^^^^
  File "/opt/ohpc/pub/compiler/conda/latest/lib/python3.12/multiprocessing/util.py", line 136, in _remove_temp_dir
    rmtree(tempdir, onerror=onerror)
  File "/opt/ohpc/pub/compiler/conda/latest/lib/python3.12/shutil.py", line 759, in rmtree
    _rmtree_safe_fd(stack, onexc)
  File "/opt/ohpc/pub/compiler/conda/latest/lib/python3.12/shutil.py", line 703, in _rmtree_safe_fd
    onexc(func, path, err)
  File "/opt/ohpc/pub/compiler/conda/latest/lib/python3.12/shutil.py", line 750, in onexc
    return onerror(func, path, exc_info)
           ^^^^^^^^^^^^^^^^^^^^^^^^^^^^^
  File "/opt/ohpc/pub/compiler/conda/latest/lib/python3.12/shutil.py", line 700, in _rmtree_safe_fd
    onexc(os.unlink, fullname, err)
  File "/opt/ohpc/pub/compiler/conda/latest/lib/python3.12/shutil.py", line 750, in onexc
    return onerror(func, path, exc_info)
           ^^^^^^^^^^^^^^^^^^^^^^^^^^^^^
  File "/opt/ohpc/pub/compiler/conda/latest/lib/python3.12/shutil.py", line 698, in _rmtree_safe_fd
    os.unlink(entry.name, dir_fd=topfd)
  File "/opt/ohpc/pub/compiler/conda/latest/lib/python3.12/multiprocessing/util.py", line 303, in _run_finalizers
    finalizer()
OSError: [Errno 16] Device or resource busy: '/tmp/pymp-ktulcn96'
  File "/opt/ohpc/pub/compiler/conda/latest/lib/python3.12/multiprocessing/util.py", line 227, in __call__
    res = self._callback(*self._args, **self._kwargs)
          ^^^^^^^^^^^^^^^^^^^^^^^^^^^^^^^^^^^^^^^^^^^
  File "/opt/ohpc/pub/compiler/conda/latest/lib/python3.12/multiprocessing/util.py", line 136, in _remove_temp_dir
    rmtree(tempdir, onerror=onerror)
  File "/opt/ohpc/pub/compiler/conda/latest/lib/python3.12/shutil.py", line 759, in rmtree
    _rmtree_safe_fd(stack, onexc)
  File "/opt/ohpc/pub/compiler/conda/latest/lib/python3.12/shutil.py", line 703, in _rmtree_safe_fd
    onexc(func, path, err)
  File "/opt/ohpc/pub/compiler/conda/latest/lib/python3.12/shutil.py", line 750, in onexc
    return onerror(func, path, exc_info)
           ^^^^^^^^^^^^^^^^^^^^^^^^^^^^^
  File "/opt/ohpc/pub/compiler/conda/latest/lib/python3.12/shutil.py", line 700, in _rmtree_safe_fd
    onexc(os.unlink, fullname, err)
  File "/opt/ohpc/pub/compiler/conda/latest/lib/python3.12/shutil.py", line 750, in onexc
    return onerror(func, path, exc_info)
           ^^^^^^^^^^^^^^^^^^^^^^^^^^^^^
Traceback (most recent call last):
  File "/opt/ohpc/pub/compiler/conda/latest/lib/python3.12/shutil.py", line 698, in _rmtree_safe_fd
    os.unlink(entry.name, dir_fd=topfd)
OSError: [Errno 16] Device or resource busy: '/tmp/pymp-65kdy_lh'
  File "/opt/ohpc/pub/compiler/conda/latest/lib/python3.12/multiprocessing/util.py", line 303, in _run_finalizers
    finalizer()
  File "/opt/ohpc/pub/compiler/conda/latest/lib/python3.12/multiprocessing/util.py", line 227, in __call__
    res = self._callback(*self._args, **self._kwargs)
          ^^^^^^^^^^^^^^^^^^^^^^^^^^^^^^^^^^^^^^^^^^^
  File "/opt/ohpc/pub/compiler/conda/latest/lib/python3.12/multiprocessing/util.py", line 136, in _remove_temp_dir
    rmtree(tempdir, onerror=onerror)
  File "/opt/ohpc/pub/compiler/conda/latest/lib/python3.12/shutil.py", line 759, in rmtree
    _rmtree_safe_fd(stack, onexc)
  File "/opt/ohpc/pub/compiler/conda/latest/lib/python3.12/shutil.py", line 703, in _rmtree_safe_fd
    onexc(func, path, err)
  File "/opt/ohpc/pub/compiler/conda/latest/lib/python3.12/shutil.py", line 750, in onexc
    return onerror(func, path, exc_info)
           ^^^^^^^^^^^^^^^^^^^^^^^^^^^^^
  File "/opt/ohpc/pub/compiler/conda/latest/lib/python3.12/shutil.py", line 700, in _rmtree_safe_fd
    onexc(os.unlink, fullname, err)
  File "/opt/ohpc/pub/compiler/conda/latest/lib/python3.12/shutil.py", line 750, in onexc
    return onerror(func, path, exc_info)
           ^^^^^^^^^^^^^^^^^^^^^^^^^^^^^
  File "/opt/ohpc/pub/compiler/conda/latest/lib/python3.12/shutil.py", line 698, in _rmtree_safe_fd
    os.unlink(entry.name, dir_fd=topfd)
OSError: [Errno 16] Device or resource busy: '/tmp/pymp-pofo2fl9'
  File "/opt/ohpc/pub/compiler/conda/latest/lib/python3.12/multiprocessing/util.py", line 303, in _run_finalizers
    finalizer()
  File "/opt/ohpc/pub/compiler/conda/latest/lib/python3.12/multiprocessing/util.py", line 227, in __call__
    res = self._callback(*self._args, **self._kwargs)
          ^^^^^^^^^^^^^^^^^^^^^^^^^^^^^^^^^^^^^^^^^^^
  File "/opt/ohpc/pub/compiler/conda/latest/lib/python3.12/multiprocessing/util.py", line 136, in _remove_temp_dir
    rmtree(tempdir, onerror=onerror)
  File "/opt/ohpc/pub/compiler/conda/latest/lib/python3.12/shutil.py", line 759, in rmtree
    _rmtree_safe_fd(stack, onexc)
  File "/opt/ohpc/pub/compiler/conda/latest/lib/python3.12/shutil.py", line 703, in _rmtree_safe_fd
    onexc(func, path, err)
  File "/opt/ohpc/pub/compiler/conda/latest/lib/python3.12/multiprocessing/util.py", line 303, in _run_finalizers
    finalizer()
  File "/opt/ohpc/pub/compiler/conda/latest/lib/python3.12/shutil.py", line 750, in onexc
    return onerror(func, path, exc_info)
           ^^^^^^^^^^^^^^^^^^^^^^^^^^^^^
  File "/opt/ohpc/pub/compiler/conda/latest/lib/python3.12/shutil.py", line 700, in _rmtree_safe_fd
    onexc(os.unlink, fullname, err)
  File "/opt/ohpc/pub/compiler/conda/latest/lib/python3.12/shutil.py", line 750, in onexc
    return onerror(func, path, exc_info)
           ^^^^^^^^^^^^^^^^^^^^^^^^^^^^^
  File "/opt/ohpc/pub/compiler/conda/latest/lib/python3.12/multiprocessing/util.py", line 227, in __call__
    res = self._callback(*self._args, **self._kwargs)
          ^^^^^^^^^^^^^^^^^^^^^^^^^^^^^^^^^^^^^^^^^^^
  File "/opt/ohpc/pub/compiler/conda/latest/lib/python3.12/shutil.py", line 698, in _rmtree_safe_fd
    os.unlink(entry.name, dir_fd=topfd)
  File "/opt/ohpc/pub/compiler/conda/latest/lib/python3.12/multiprocessing/util.py", line 136, in _remove_temp_dir
    rmtree(tempdir, onerror=onerror)
  File "/opt/ohpc/pub/compiler/conda/latest/lib/python3.12/shutil.py", line 759, in rmtree
    _rmtree_safe_fd(stack, onexc)
  File "/opt/ohpc/pub/compiler/conda/latest/lib/python3.12/shutil.py", line 703, in _rmtree_safe_fd
    onexc(func, path, err)
  File "/opt/ohpc/pub/compiler/conda/latest/lib/python3.12/shutil.py", line 750, in onexc
    return onerror(func, path, exc_info)
           ^^^^^^^^^^^^^^^^^^^^^^^^^^^^^
  File "/opt/ohpc/pub/compiler/conda/latest/lib/python3.12/shutil.py", line 700, in _rmtree_safe_fd
    onexc(os.unlink, fullname, err)
OSError: [Errno 16] Device or resource busy: '/tmp/pymp-3t0_u986'
  File "/opt/ohpc/pub/compiler/conda/latest/lib/python3.12/shutil.py", line 750, in onexc
    return onerror(func, path, exc_info)
           ^^^^^^^^^^^^^^^^^^^^^^^^^^^^^
  File "/opt/ohpc/pub/compiler/conda/latest/lib/python3.12/shutil.py", line 698, in _rmtree_safe_fd
    os.unlink(entry.name, dir_fd=topfd)
OSError: [Errno 16] Device or resource busy: '/tmp/pymp-xvrp_4y5'
  File "/opt/ohpc/pub/compiler/conda/latest/lib/python3.12/multiprocessing/util.py", line 303, in _run_finalizers
    finalizer()
  File "/opt/ohpc/pub/compiler/conda/latest/lib/python3.12/multiprocessing/util.py", line 227, in __call__
    res = self._callback(*self._args, **self._kwargs)
          ^^^^^^^^^^^^^^^^^^^^^^^^^^^^^^^^^^^^^^^^^^^
  File "/opt/ohpc/pub/compiler/conda/latest/lib/python3.12/multiprocessing/util.py", line 136, in _remove_temp_dir
    rmtree(tempdir, onerror=onerror)
  File "/opt/ohpc/pub/compiler/conda/latest/lib/python3.12/shutil.py", line 759, in rmtree
    _rmtree_safe_fd(stack, onexc)
  File "/opt/ohpc/pub/compiler/conda/latest/lib/python3.12/shutil.py", line 703, in _rmtree_safe_fd
    onexc(func, path, err)
  File "/opt/ohpc/pub/compiler/conda/latest/lib/python3.12/shutil.py", line 750, in onexc
    return onerror(func, path, exc_info)
           ^^^^^^^^^^^^^^^^^^^^^^^^^^^^^
  File "/opt/ohpc/pub/compiler/conda/latest/lib/python3.12/shutil.py", line 700, in _rmtree_safe_fd
    onexc(os.unlink, fullname, err)
  File "/opt/ohpc/pub/compiler/conda/latest/lib/python3.12/shutil.py", line 750, in onexc
    return onerror(func, path, exc_info)
           ^^^^^^^^^^^^^^^^^^^^^^^^^^^^^
  File "/opt/ohpc/pub/compiler/conda/latest/lib/python3.12/shutil.py", line 698, in _rmtree_safe_fd
    os.unlink(entry.name, dir_fd=topfd)
OSError: [Errno 16] Device or resource busy: '/tmp/pymp-s7e1wino'
Traceback (most recent call last):
Traceback (most recent call last):
Traceback (most recent call last):
Traceback (most recent call last):
  File "/opt/ohpc/pub/compiler/conda/latest/lib/python3.12/multiprocessing/util.py", line 303, in _run_finalizers
    finalizer()
Traceback (most recent call last):
  File "/opt/ohpc/pub/compiler/conda/latest/lib/python3.12/multiprocessing/util.py", line 227, in __call__
    res = self._callback(*self._args, **self._kwargs)
          ^^^^^^^^^^^^^^^^^^^^^^^^^^^^^^^^^^^^^^^^^^^
  File "/opt/ohpc/pub/compiler/conda/latest/lib/python3.12/multiprocessing/util.py", line 136, in _remove_temp_dir
    rmtree(tempdir, onerror=onerror)
  File "/opt/ohpc/pub/compiler/conda/latest/lib/python3.12/shutil.py", line 759, in rmtree
    _rmtree_safe_fd(stack, onexc)
  File "/opt/ohpc/pub/compiler/conda/latest/lib/python3.12/shutil.py", line 703, in _rmtree_safe_fd
    onexc(func, path, err)
  File "/opt/ohpc/pub/compiler/conda/latest/lib/python3.12/shutil.py", line 750, in onexc
    return onerror(func, path, exc_info)
           ^^^^^^^^^^^^^^^^^^^^^^^^^^^^^
  File "/opt/ohpc/pub/compiler/conda/latest/lib/python3.12/shutil.py", line 700, in _rmtree_safe_fd
    onexc(os.unlink, fullname, err)
  File "/opt/ohpc/pub/compiler/conda/latest/lib/python3.12/shutil.py", line 750, in onexc
    return onerror(func, path, exc_info)
           ^^^^^^^^^^^^^^^^^^^^^^^^^^^^^
  File "/opt/ohpc/pub/compiler/conda/latest/lib/python3.12/shutil.py", line 698, in _rmtree_safe_fd
    os.unlink(entry.name, dir_fd=topfd)
OSError: [Errno 16] Device or resource busy: '/tmp/pymp-lnu8hx09'
Traceback (most recent call last):
  File "/opt/ohpc/pub/compiler/conda/latest/lib/python3.12/multiprocessing/util.py", line 303, in _run_finalizers
    finalizer()
  File "/opt/ohpc/pub/compiler/conda/latest/lib/python3.12/multiprocessing/util.py", line 227, in __call__
    res = self._callback(*self._args, **self._kwargs)
          ^^^^^^^^^^^^^^^^^^^^^^^^^^^^^^^^^^^^^^^^^^^
  File "/opt/ohpc/pub/compiler/conda/latest/lib/python3.12/multiprocessing/util.py", line 136, in _remove_temp_dir
    rmtree(tempdir, onerror=onerror)
  File "/opt/ohpc/pub/compiler/conda/latest/lib/python3.12/shutil.py", line 759, in rmtree
    _rmtree_safe_fd(stack, onexc)
  File "/opt/ohpc/pub/compiler/conda/latest/lib/python3.12/shutil.py", line 703, in _rmtree_safe_fd
    onexc(func, path, err)
  File "/opt/ohpc/pub/compiler/conda/latest/lib/python3.12/shutil.py", line 750, in onexc
    return onerror(func, path, exc_info)
           ^^^^^^^^^^^^^^^^^^^^^^^^^^^^^
  File "/opt/ohpc/pub/compiler/conda/latest/lib/python3.12/shutil.py", line 700, in _rmtree_safe_fd
    onexc(os.unlink, fullname, err)
  File "/opt/ohpc/pub/compiler/conda/latest/lib/python3.12/shutil.py", line 750, in onexc
    return onerror(func, path, exc_info)
           ^^^^^^^^^^^^^^^^^^^^^^^^^^^^^
  File "/opt/ohpc/pub/compiler/conda/latest/lib/python3.12/shutil.py", line 698, in _rmtree_safe_fd
    os.unlink(entry.name, dir_fd=topfd)
OSError: [Errno 16] Device or resource busy: '/tmp/pymp-i40ba_s5'
  File "/opt/ohpc/pub/compiler/conda/latest/lib/python3.12/multiprocessing/util.py", line 303, in _run_finalizers
    finalizer()
  File "/opt/ohpc/pub/compiler/conda/latest/lib/python3.12/multiprocessing/util.py", line 227, in __call__
    res = self._callback(*self._args, **self._kwargs)
          ^^^^^^^^^^^^^^^^^^^^^^^^^^^^^^^^^^^^^^^^^^^
  File "/opt/ohpc/pub/compiler/conda/latest/lib/python3.12/multiprocessing/util.py", line 136, in _remove_temp_dir
    rmtree(tempdir, onerror=onerror)
  File "/opt/ohpc/pub/compiler/conda/latest/lib/python3.12/shutil.py", line 759, in rmtree
    _rmtree_safe_fd(stack, onexc)
  File "/opt/ohpc/pub/compiler/conda/latest/lib/python3.12/shutil.py", line 703, in _rmtree_safe_fd
    onexc(func, path, err)
  File "/opt/ohpc/pub/compiler/conda/latest/lib/python3.12/shutil.py", line 750, in onexc
    return onerror(func, path, exc_info)
           ^^^^^^^^^^^^^^^^^^^^^^^^^^^^^
  File "/opt/ohpc/pub/compiler/conda/latest/lib/python3.12/shutil.py", line 700, in _rmtree_safe_fd
    onexc(os.unlink, fullname, err)
  File "/opt/ohpc/pub/compiler/conda/latest/lib/python3.12/shutil.py", line 750, in onexc
    return onerror(func, path, exc_info)
           ^^^^^^^^^^^^^^^^^^^^^^^^^^^^^
  File "/opt/ohpc/pub/compiler/conda/latest/lib/python3.12/shutil.py", line 698, in _rmtree_safe_fd
    os.unlink(entry.name, dir_fd=topfd)
OSError: [Errno 16] Device or resource busy: '/tmp/pymp-wvaqy3ri'
  File "/opt/ohpc/pub/compiler/conda/latest/lib/python3.12/multiprocessing/util.py", line 303, in _run_finalizers
    finalizer()
  File "/opt/ohpc/pub/compiler/conda/latest/lib/python3.12/multiprocessing/util.py", line 227, in __call__
    res = self._callback(*self._args, **self._kwargs)
          ^^^^^^^^^^^^^^^^^^^^^^^^^^^^^^^^^^^^^^^^^^^
  File "/opt/ohpc/pub/compiler/conda/latest/lib/python3.12/multiprocessing/util.py", line 136, in _remove_temp_dir
    rmtree(tempdir, onerror=onerror)
  File "/opt/ohpc/pub/compiler/conda/latest/lib/python3.12/shutil.py", line 759, in rmtree
    _rmtree_safe_fd(stack, onexc)
  File "/opt/ohpc/pub/compiler/conda/latest/lib/python3.12/shutil.py", line 703, in _rmtree_safe_fd
    onexc(func, path, err)
  File "/opt/ohpc/pub/compiler/conda/latest/lib/python3.12/shutil.py", line 750, in onexc
    return onerror(func, path, exc_info)
           ^^^^^^^^^^^^^^^^^^^^^^^^^^^^^
  File "/opt/ohpc/pub/compiler/conda/latest/lib/python3.12/shutil.py", line 700, in _rmtree_safe_fd
    onexc(os.unlink, fullname, err)
  File "/opt/ohpc/pub/compiler/conda/latest/lib/python3.12/shutil.py", line 750, in onexc
    return onerror(func, path, exc_info)
           ^^^^^^^^^^^^^^^^^^^^^^^^^^^^^
  File "/opt/ohpc/pub/compiler/conda/latest/lib/python3.12/shutil.py", line 698, in _rmtree_safe_fd
    os.unlink(entry.name, dir_fd=topfd)
OSError: [Errno 16] Device or resource busy: '/tmp/pymp-0uw2oy6a'
  File "/opt/ohpc/pub/compiler/conda/latest/lib/python3.12/multiprocessing/util.py", line 303, in _run_finalizers
    finalizer()
  File "/opt/ohpc/pub/compiler/conda/latest/lib/python3.12/multiprocessing/util.py", line 227, in __call__
    res = self._callback(*self._args, **self._kwargs)
          ^^^^^^^^^^^^^^^^^^^^^^^^^^^^^^^^^^^^^^^^^^^
  File "/opt/ohpc/pub/compiler/conda/latest/lib/python3.12/multiprocessing/util.py", line 136, in _remove_temp_dir
    rmtree(tempdir, onerror=onerror)
  File "/opt/ohpc/pub/compiler/conda/latest/lib/python3.12/shutil.py", line 759, in rmtree
    _rmtree_safe_fd(stack, onexc)
  File "/opt/ohpc/pub/compiler/conda/latest/lib/python3.12/shutil.py", line 703, in _rmtree_safe_fd
    onexc(func, path, err)
  File "/opt/ohpc/pub/compiler/conda/latest/lib/python3.12/shutil.py", line 750, in onexc
    return onerror(func, path, exc_info)
           ^^^^^^^^^^^^^^^^^^^^^^^^^^^^^
  File "/opt/ohpc/pub/compiler/conda/latest/lib/python3.12/shutil.py", line 700, in _rmtree_safe_fd
    onexc(os.unlink, fullname, err)
  File "/opt/ohpc/pub/compiler/conda/latest/lib/python3.12/shutil.py", line 750, in onexc
    return onerror(func, path, exc_info)
           ^^^^^^^^^^^^^^^^^^^^^^^^^^^^^
  File "/opt/ohpc/pub/compiler/conda/latest/lib/python3.12/shutil.py", line 698, in _rmtree_safe_fd
    os.unlink(entry.name, dir_fd=topfd)
OSError: [Errno 16] Device or resource busy: '/tmp/pymp-x94bf5va'
Traceback (most recent call last):
  File "/opt/ohpc/pub/compiler/conda/latest/lib/python3.12/multiprocessing/util.py", line 303, in _run_finalizers
    finalizer()
  File "/opt/ohpc/pub/compiler/conda/latest/lib/python3.12/multiprocessing/util.py", line 227, in __call__
    res = self._callback(*self._args, **self._kwargs)
          ^^^^^^^^^^^^^^^^^^^^^^^^^^^^^^^^^^^^^^^^^^^
  File "/opt/ohpc/pub/compiler/conda/latest/lib/python3.12/multiprocessing/util.py", line 136, in _remove_temp_dir
    rmtree(tempdir, onerror=onerror)
  File "/opt/ohpc/pub/compiler/conda/latest/lib/python3.12/shutil.py", line 759, in rmtree
    _rmtree_safe_fd(stack, onexc)
  File "/opt/ohpc/pub/compiler/conda/latest/lib/python3.12/shutil.py", line 703, in _rmtree_safe_fd
    onexc(func, path, err)
  File "/opt/ohpc/pub/compiler/conda/latest/lib/python3.12/shutil.py", line 750, in onexc
    return onerror(func, path, exc_info)
           ^^^^^^^^^^^^^^^^^^^^^^^^^^^^^
  File "/opt/ohpc/pub/compiler/conda/latest/lib/python3.12/shutil.py", line 700, in _rmtree_safe_fd
    onexc(os.unlink, fullname, err)
  File "/opt/ohpc/pub/compiler/conda/latest/lib/python3.12/shutil.py", line 750, in onexc
    return onerror(func, path, exc_info)
           ^^^^^^^^^^^^^^^^^^^^^^^^^^^^^
  File "/opt/ohpc/pub/compiler/conda/latest/lib/python3.12/shutil.py", line 698, in _rmtree_safe_fd
    os.unlink(entry.name, dir_fd=topfd)
OSError: [Errno 16] Device or resource busy: '/tmp/pymp-be26mep0'
Traceback (most recent call last):
Traceback (most recent call last):
Traceback (most recent call last):
  File "/opt/ohpc/pub/compiler/conda/latest/lib/python3.12/multiprocessing/util.py", line 303, in _run_finalizers
    finalizer()
  File "/opt/ohpc/pub/compiler/conda/latest/lib/python3.12/multiprocessing/util.py", line 227, in __call__
    res = self._callback(*self._args, **self._kwargs)
          ^^^^^^^^^^^^^^^^^^^^^^^^^^^^^^^^^^^^^^^^^^^
  File "/opt/ohpc/pub/compiler/conda/latest/lib/python3.12/multiprocessing/util.py", line 136, in _remove_temp_dir
    rmtree(tempdir, onerror=onerror)
  File "/opt/ohpc/pub/compiler/conda/latest/lib/python3.12/shutil.py", line 759, in rmtree
    _rmtree_safe_fd(stack, onexc)
  File "/opt/ohpc/pub/compiler/conda/latest/lib/python3.12/shutil.py", line 703, in _rmtree_safe_fd
    onexc(func, path, err)
  File "/opt/ohpc/pub/compiler/conda/latest/lib/python3.12/shutil.py", line 750, in onexc
    return onerror(func, path, exc_info)
           ^^^^^^^^^^^^^^^^^^^^^^^^^^^^^
  File "/opt/ohpc/pub/compiler/conda/latest/lib/python3.12/shutil.py", line 700, in _rmtree_safe_fd
    onexc(os.unlink, fullname, err)
  File "/opt/ohpc/pub/compiler/conda/latest/lib/python3.12/shutil.py", line 750, in onexc
    return onerror(func, path, exc_info)
           ^^^^^^^^^^^^^^^^^^^^^^^^^^^^^
  File "/opt/ohpc/pub/compiler/conda/latest/lib/python3.12/shutil.py", line 698, in _rmtree_safe_fd
    os.unlink(entry.name, dir_fd=topfd)
OSError: [Errno 16] Device or resource busy: '/tmp/pymp-2lptnj9y'
  File "/opt/ohpc/pub/compiler/conda/latest/lib/python3.12/multiprocessing/util.py", line 303, in _run_finalizers
    finalizer()
  File "/opt/ohpc/pub/compiler/conda/latest/lib/python3.12/multiprocessing/util.py", line 303, in _run_finalizers
    finalizer()
  File "/opt/ohpc/pub/compiler/conda/latest/lib/python3.12/multiprocessing/util.py", line 303, in _run_finalizers
    finalizer()
  File "/opt/ohpc/pub/compiler/conda/latest/lib/python3.12/multiprocessing/util.py", line 227, in __call__
    res = self._callback(*self._args, **self._kwargs)
          ^^^^^^^^^^^^^^^^^^^^^^^^^^^^^^^^^^^^^^^^^^^
  File "/opt/ohpc/pub/compiler/conda/latest/lib/python3.12/multiprocessing/util.py", line 227, in __call__
    res = self._callback(*self._args, **self._kwargs)
          ^^^^^^^^^^^^^^^^^^^^^^^^^^^^^^^^^^^^^^^^^^^
  File "/opt/ohpc/pub/compiler/conda/latest/lib/python3.12/multiprocessing/util.py", line 227, in __call__
    res = self._callback(*self._args, **self._kwargs)
          ^^^^^^^^^^^^^^^^^^^^^^^^^^^^^^^^^^^^^^^^^^^
  File "/opt/ohpc/pub/compiler/conda/latest/lib/python3.12/multiprocessing/util.py", line 136, in _remove_temp_dir
    rmtree(tempdir, onerror=onerror)
  File "/opt/ohpc/pub/compiler/conda/latest/lib/python3.12/multiprocessing/util.py", line 136, in _remove_temp_dir
    rmtree(tempdir, onerror=onerror)
  File "/opt/ohpc/pub/compiler/conda/latest/lib/python3.12/multiprocessing/util.py", line 136, in _remove_temp_dir
    rmtree(tempdir, onerror=onerror)
  File "/opt/ohpc/pub/compiler/conda/latest/lib/python3.12/shutil.py", line 759, in rmtree
    _rmtree_safe_fd(stack, onexc)
  File "/opt/ohpc/pub/compiler/conda/latest/lib/python3.12/shutil.py", line 759, in rmtree
    _rmtree_safe_fd(stack, onexc)
  File "/opt/ohpc/pub/compiler/conda/latest/lib/python3.12/shutil.py", line 703, in _rmtree_safe_fd
    onexc(func, path, err)
  File "/opt/ohpc/pub/compiler/conda/latest/lib/python3.12/shutil.py", line 759, in rmtree
    _rmtree_safe_fd(stack, onexc)
  File "/opt/ohpc/pub/compiler/conda/latest/lib/python3.12/shutil.py", line 703, in _rmtree_safe_fd
    onexc(func, path, err)
  File "/opt/ohpc/pub/compiler/conda/latest/lib/python3.12/shutil.py", line 750, in onexc
    return onerror(func, path, exc_info)
           ^^^^^^^^^^^^^^^^^^^^^^^^^^^^^
  File "/opt/ohpc/pub/compiler/conda/latest/lib/python3.12/shutil.py", line 703, in _rmtree_safe_fd
    onexc(func, path, err)
  File "/opt/ohpc/pub/compiler/conda/latest/lib/python3.12/shutil.py", line 750, in onexc
    return onerror(func, path, exc_info)
           ^^^^^^^^^^^^^^^^^^^^^^^^^^^^^
  File "/opt/ohpc/pub/compiler/conda/latest/lib/python3.12/shutil.py", line 700, in _rmtree_safe_fd
    onexc(os.unlink, fullname, err)
  File "/opt/ohpc/pub/compiler/conda/latest/lib/python3.12/shutil.py", line 750, in onexc
    return onerror(func, path, exc_info)
           ^^^^^^^^^^^^^^^^^^^^^^^^^^^^^
  File "/opt/ohpc/pub/compiler/conda/latest/lib/python3.12/shutil.py", line 700, in _rmtree_safe_fd
    onexc(os.unlink, fullname, err)
  File "/opt/ohpc/pub/compiler/conda/latest/lib/python3.12/shutil.py", line 750, in onexc
    return onerror(func, path, exc_info)
           ^^^^^^^^^^^^^^^^^^^^^^^^^^^^^
  File "/opt/ohpc/pub/compiler/conda/latest/lib/python3.12/shutil.py", line 700, in _rmtree_safe_fd
    onexc(os.unlink, fullname, err)
  File "/opt/ohpc/pub/compiler/conda/latest/lib/python3.12/shutil.py", line 750, in onexc
    return onerror(func, path, exc_info)
           ^^^^^^^^^^^^^^^^^^^^^^^^^^^^^
  File "/opt/ohpc/pub/compiler/conda/latest/lib/python3.12/shutil.py", line 750, in onexc
    return onerror(func, path, exc_info)
           ^^^^^^^^^^^^^^^^^^^^^^^^^^^^^
  File "/opt/ohpc/pub/compiler/conda/latest/lib/python3.12/shutil.py", line 698, in _rmtree_safe_fd
    os.unlink(entry.name, dir_fd=topfd)
  File "/opt/ohpc/pub/compiler/conda/latest/lib/python3.12/shutil.py", line 698, in _rmtree_safe_fd
    os.unlink(entry.name, dir_fd=topfd)
  File "/opt/ohpc/pub/compiler/conda/latest/lib/python3.12/shutil.py", line 698, in _rmtree_safe_fd
    os.unlink(entry.name, dir_fd=topfd)
OSError: [Errno 16] Device or resource busy: '/tmp/pymp-7arhte88'
OSError: [Errno 16] Device or resource busy: '/tmp/pymp-cry9d93y'
OSError: [Errno 16] Device or resource busy: '/tmp/pymp-mtj1k1da'
Traceback (most recent call last):
Traceback (most recent call last):
Traceback (most recent call last):
Traceback (most recent call last):
Traceback (most recent call last):
  File "/opt/ohpc/pub/compiler/conda/latest/lib/python3.12/multiprocessing/util.py", line 303, in _run_finalizers
    finalizer()
  File "/opt/ohpc/pub/compiler/conda/latest/lib/python3.12/multiprocessing/util.py", line 227, in __call__
    res = self._callback(*self._args, **self._kwargs)
          ^^^^^^^^^^^^^^^^^^^^^^^^^^^^^^^^^^^^^^^^^^^
  File "/opt/ohpc/pub/compiler/conda/latest/lib/python3.12/multiprocessing/util.py", line 136, in _remove_temp_dir
    rmtree(tempdir, onerror=onerror)
  File "/opt/ohpc/pub/compiler/conda/latest/lib/python3.12/shutil.py", line 759, in rmtree
    _rmtree_safe_fd(stack, onexc)
  File "/opt/ohpc/pub/compiler/conda/latest/lib/python3.12/shutil.py", line 703, in _rmtree_safe_fd
    onexc(func, path, err)
  File "/opt/ohpc/pub/compiler/conda/latest/lib/python3.12/shutil.py", line 750, in onexc
    return onerror(func, path, exc_info)
           ^^^^^^^^^^^^^^^^^^^^^^^^^^^^^
  File "/opt/ohpc/pub/compiler/conda/latest/lib/python3.12/shutil.py", line 700, in _rmtree_safe_fd
    onexc(os.unlink, fullname, err)
  File "/opt/ohpc/pub/compiler/conda/latest/lib/python3.12/shutil.py", line 750, in onexc
    return onerror(func, path, exc_info)
           ^^^^^^^^^^^^^^^^^^^^^^^^^^^^^
  File "/opt/ohpc/pub/compiler/conda/latest/lib/python3.12/shutil.py", line 698, in _rmtree_safe_fd
    os.unlink(entry.name, dir_fd=topfd)
OSError: [Errno 16] Device or resource busy: '/tmp/pymp-pha0pwh7'
Traceback (most recent call last):
  File "/opt/ohpc/pub/compiler/conda/latest/lib/python3.12/multiprocessing/util.py", line 303, in _run_finalizers
    finalizer()
  File "/opt/ohpc/pub/compiler/conda/latest/lib/python3.12/multiprocessing/util.py", line 227, in __call__
    res = self._callback(*self._args, **self._kwargs)
          ^^^^^^^^^^^^^^^^^^^^^^^^^^^^^^^^^^^^^^^^^^^
  File "/opt/ohpc/pub/compiler/conda/latest/lib/python3.12/multiprocessing/util.py", line 136, in _remove_temp_dir
    rmtree(tempdir, onerror=onerror)
  File "/opt/ohpc/pub/compiler/conda/latest/lib/python3.12/shutil.py", line 759, in rmtree
    _rmtree_safe_fd(stack, onexc)
  File "/opt/ohpc/pub/compiler/conda/latest/lib/python3.12/shutil.py", line 703, in _rmtree_safe_fd
    onexc(func, path, err)
  File "/opt/ohpc/pub/compiler/conda/latest/lib/python3.12/shutil.py", line 750, in onexc
    return onerror(func, path, exc_info)
           ^^^^^^^^^^^^^^^^^^^^^^^^^^^^^
  File "/opt/ohpc/pub/compiler/conda/latest/lib/python3.12/shutil.py", line 700, in _rmtree_safe_fd
    onexc(os.unlink, fullname, err)
  File "/opt/ohpc/pub/compiler/conda/latest/lib/python3.12/shutil.py", line 750, in onexc
    return onerror(func, path, exc_info)
           ^^^^^^^^^^^^^^^^^^^^^^^^^^^^^
  File "/opt/ohpc/pub/compiler/conda/latest/lib/python3.12/shutil.py", line 698, in _rmtree_safe_fd
    os.unlink(entry.name, dir_fd=topfd)
  File "/opt/ohpc/pub/compiler/conda/latest/lib/python3.12/multiprocessing/util.py", line 303, in _run_finalizers
    finalizer()
  File "/opt/ohpc/pub/compiler/conda/latest/lib/python3.12/multiprocessing/util.py", line 227, in __call__
    res = self._callback(*self._args, **self._kwargs)
          ^^^^^^^^^^^^^^^^^^^^^^^^^^^^^^^^^^^^^^^^^^^
OSError: [Errno 16] Device or resource busy: '/tmp/pymp-yra9efgq'
  File "/opt/ohpc/pub/compiler/conda/latest/lib/python3.12/multiprocessing/util.py", line 136, in _remove_temp_dir
    rmtree(tempdir, onerror=onerror)
  File "/opt/ohpc/pub/compiler/conda/latest/lib/python3.12/shutil.py", line 759, in rmtree
    _rmtree_safe_fd(stack, onexc)
  File "/opt/ohpc/pub/compiler/conda/latest/lib/python3.12/shutil.py", line 703, in _rmtree_safe_fd
    onexc(func, path, err)
  File "/opt/ohpc/pub/compiler/conda/latest/lib/python3.12/shutil.py", line 750, in onexc
    return onerror(func, path, exc_info)
           ^^^^^^^^^^^^^^^^^^^^^^^^^^^^^
  File "/opt/ohpc/pub/compiler/conda/latest/lib/python3.12/shutil.py", line 700, in _rmtree_safe_fd
    onexc(os.unlink, fullname, err)
  File "/opt/ohpc/pub/compiler/conda/latest/lib/python3.12/shutil.py", line 750, in onexc
    return onerror(func, path, exc_info)
           ^^^^^^^^^^^^^^^^^^^^^^^^^^^^^
  File "/opt/ohpc/pub/compiler/conda/latest/lib/python3.12/shutil.py", line 698, in _rmtree_safe_fd
    os.unlink(entry.name, dir_fd=topfd)
OSError: [Errno 16] Device or resource busy: '/tmp/pymp-s4hjhhkr'
  File "/opt/ohpc/pub/compiler/conda/latest/lib/python3.12/multiprocessing/util.py", line 303, in _run_finalizers
    finalizer()
  File "/opt/ohpc/pub/compiler/conda/latest/lib/python3.12/multiprocessing/util.py", line 303, in _run_finalizers
    finalizer()
  File "/opt/ohpc/pub/compiler/conda/latest/lib/python3.12/multiprocessing/util.py", line 227, in __call__
    res = self._callback(*self._args, **self._kwargs)
          ^^^^^^^^^^^^^^^^^^^^^^^^^^^^^^^^^^^^^^^^^^^
  File "/opt/ohpc/pub/compiler/conda/latest/lib/python3.12/multiprocessing/util.py", line 136, in _remove_temp_dir
    rmtree(tempdir, onerror=onerror)
  File "/opt/ohpc/pub/compiler/conda/latest/lib/python3.12/multiprocessing/util.py", line 227, in __call__
    res = self._callback(*self._args, **self._kwargs)
          ^^^^^^^^^^^^^^^^^^^^^^^^^^^^^^^^^^^^^^^^^^^
  File "/opt/ohpc/pub/compiler/conda/latest/lib/python3.12/shutil.py", line 759, in rmtree
    _rmtree_safe_fd(stack, onexc)
  File "/opt/ohpc/pub/compiler/conda/latest/lib/python3.12/multiprocessing/util.py", line 136, in _remove_temp_dir
    rmtree(tempdir, onerror=onerror)
  File "/opt/ohpc/pub/compiler/conda/latest/lib/python3.12/shutil.py", line 703, in _rmtree_safe_fd
    onexc(func, path, err)
  File "/opt/ohpc/pub/compiler/conda/latest/lib/python3.12/shutil.py", line 759, in rmtree
    _rmtree_safe_fd(stack, onexc)
  File "/opt/ohpc/pub/compiler/conda/latest/lib/python3.12/shutil.py", line 750, in onexc
    return onerror(func, path, exc_info)
           ^^^^^^^^^^^^^^^^^^^^^^^^^^^^^
  File "/opt/ohpc/pub/compiler/conda/latest/lib/python3.12/shutil.py", line 703, in _rmtree_safe_fd
    onexc(func, path, err)
  File "/opt/ohpc/pub/compiler/conda/latest/lib/python3.12/shutil.py", line 700, in _rmtree_safe_fd
    onexc(os.unlink, fullname, err)
  File "/opt/ohpc/pub/compiler/conda/latest/lib/python3.12/shutil.py", line 750, in onexc
    return onerror(func, path, exc_info)
           ^^^^^^^^^^^^^^^^^^^^^^^^^^^^^
  File "/opt/ohpc/pub/compiler/conda/latest/lib/python3.12/shutil.py", line 750, in onexc
    return onerror(func, path, exc_info)
           ^^^^^^^^^^^^^^^^^^^^^^^^^^^^^
  File "/opt/ohpc/pub/compiler/conda/latest/lib/python3.12/shutil.py", line 700, in _rmtree_safe_fd
    onexc(os.unlink, fullname, err)
  File "/opt/ohpc/pub/compiler/conda/latest/lib/python3.12/shutil.py", line 698, in _rmtree_safe_fd
    os.unlink(entry.name, dir_fd=topfd)
  File "/opt/ohpc/pub/compiler/conda/latest/lib/python3.12/shutil.py", line 750, in onexc
    return onerror(func, path, exc_info)
           ^^^^^^^^^^^^^^^^^^^^^^^^^^^^^
  File "/opt/ohpc/pub/compiler/conda/latest/lib/python3.12/shutil.py", line 698, in _rmtree_safe_fd
    os.unlink(entry.name, dir_fd=topfd)
OSError: [Errno 16] Device or resource busy: '/tmp/pymp-0hsxjw22'
OSError: [Errno 16] Device or resource busy: '/tmp/pymp-vys132f4'
  File "/opt/ohpc/pub/compiler/conda/latest/lib/python3.12/multiprocessing/util.py", line 303, in _run_finalizers
    finalizer()
  File "/opt/ohpc/pub/compiler/conda/latest/lib/python3.12/multiprocessing/util.py", line 227, in __call__
    res = self._callback(*self._args, **self._kwargs)
          ^^^^^^^^^^^^^^^^^^^^^^^^^^^^^^^^^^^^^^^^^^^
  File "/opt/ohpc/pub/compiler/conda/latest/lib/python3.12/multiprocessing/util.py", line 136, in _remove_temp_dir
    rmtree(tempdir, onerror=onerror)
Traceback (most recent call last):
  File "/opt/ohpc/pub/compiler/conda/latest/lib/python3.12/shutil.py", line 759, in rmtree
    _rmtree_safe_fd(stack, onexc)
  File "/opt/ohpc/pub/compiler/conda/latest/lib/python3.12/shutil.py", line 703, in _rmtree_safe_fd
    onexc(func, path, err)
  File "/opt/ohpc/pub/compiler/conda/latest/lib/python3.12/shutil.py", line 750, in onexc
    return onerror(func, path, exc_info)
           ^^^^^^^^^^^^^^^^^^^^^^^^^^^^^
  File "/opt/ohpc/pub/compiler/conda/latest/lib/python3.12/shutil.py", line 700, in _rmtree_safe_fd
    onexc(os.unlink, fullname, err)
  File "/opt/ohpc/pub/compiler/conda/latest/lib/python3.12/shutil.py", line 750, in onexc
    return onerror(func, path, exc_info)
           ^^^^^^^^^^^^^^^^^^^^^^^^^^^^^
  File "/opt/ohpc/pub/compiler/conda/latest/lib/python3.12/shutil.py", line 698, in _rmtree_safe_fd
    os.unlink(entry.name, dir_fd=topfd)
OSError: [Errno 16] Device or resource busy: '/tmp/pymp-564ean3q'
Traceback (most recent call last):
  File "/opt/ohpc/pub/compiler/conda/latest/lib/python3.12/multiprocessing/util.py", line 303, in _run_finalizers
    finalizer()
  File "/opt/ohpc/pub/compiler/conda/latest/lib/python3.12/multiprocessing/util.py", line 227, in __call__
    res = self._callback(*self._args, **self._kwargs)
          ^^^^^^^^^^^^^^^^^^^^^^^^^^^^^^^^^^^^^^^^^^^
  File "/opt/ohpc/pub/compiler/conda/latest/lib/python3.12/multiprocessing/util.py", line 136, in _remove_temp_dir
    rmtree(tempdir, onerror=onerror)
  File "/opt/ohpc/pub/compiler/conda/latest/lib/python3.12/shutil.py", line 759, in rmtree
    _rmtree_safe_fd(stack, onexc)
  File "/opt/ohpc/pub/compiler/conda/latest/lib/python3.12/shutil.py", line 703, in _rmtree_safe_fd
    onexc(func, path, err)
  File "/opt/ohpc/pub/compiler/conda/latest/lib/python3.12/shutil.py", line 750, in onexc
    return onerror(func, path, exc_info)
           ^^^^^^^^^^^^^^^^^^^^^^^^^^^^^
  File "/opt/ohpc/pub/compiler/conda/latest/lib/python3.12/shutil.py", line 700, in _rmtree_safe_fd
    onexc(os.unlink, fullname, err)
  File "/opt/ohpc/pub/compiler/conda/latest/lib/python3.12/shutil.py", line 750, in onexc
    return onerror(func, path, exc_info)
           ^^^^^^^^^^^^^^^^^^^^^^^^^^^^^
  File "/opt/ohpc/pub/compiler/conda/latest/lib/python3.12/shutil.py", line 698, in _rmtree_safe_fd
    os.unlink(entry.name, dir_fd=topfd)
OSError: [Errno 16] Device or resource busy: '/tmp/pymp-h0jzvwrp'
  File "/opt/ohpc/pub/compiler/conda/latest/lib/python3.12/multiprocessing/util.py", line 303, in _run_finalizers
    finalizer()
  File "/opt/ohpc/pub/compiler/conda/latest/lib/python3.12/multiprocessing/util.py", line 227, in __call__
    res = self._callback(*self._args, **self._kwargs)
          ^^^^^^^^^^^^^^^^^^^^^^^^^^^^^^^^^^^^^^^^^^^
  File "/opt/ohpc/pub/compiler/conda/latest/lib/python3.12/multiprocessing/util.py", line 136, in _remove_temp_dir
    rmtree(tempdir, onerror=onerror)
  File "/opt/ohpc/pub/compiler/conda/latest/lib/python3.12/shutil.py", line 759, in rmtree
    _rmtree_safe_fd(stack, onexc)
  File "/opt/ohpc/pub/compiler/conda/latest/lib/python3.12/shutil.py", line 703, in _rmtree_safe_fd
    onexc(func, path, err)
  File "/opt/ohpc/pub/compiler/conda/latest/lib/python3.12/shutil.py", line 750, in onexc
    return onerror(func, path, exc_info)
           ^^^^^^^^^^^^^^^^^^^^^^^^^^^^^
  File "/opt/ohpc/pub/compiler/conda/latest/lib/python3.12/shutil.py", line 700, in _rmtree_safe_fd
    onexc(os.unlink, fullname, err)
  File "/opt/ohpc/pub/compiler/conda/latest/lib/python3.12/shutil.py", line 750, in onexc
    return onerror(func, path, exc_info)
           ^^^^^^^^^^^^^^^^^^^^^^^^^^^^^
  File "/opt/ohpc/pub/compiler/conda/latest/lib/python3.12/shutil.py", line 698, in _rmtree_safe_fd
    os.unlink(entry.name, dir_fd=topfd)
OSError: [Errno 16] Device or resource busy: '/tmp/pymp-m96rmd1s'
Traceback (most recent call last):
  File "/opt/ohpc/pub/compiler/conda/latest/lib/python3.12/multiprocessing/util.py", line 303, in _run_finalizers
    finalizer()
  File "/opt/ohpc/pub/compiler/conda/latest/lib/python3.12/multiprocessing/util.py", line 227, in __call__
    res = self._callback(*self._args, **self._kwargs)
          ^^^^^^^^^^^^^^^^^^^^^^^^^^^^^^^^^^^^^^^^^^^
  File "/opt/ohpc/pub/compiler/conda/latest/lib/python3.12/multiprocessing/util.py", line 136, in _remove_temp_dir
    rmtree(tempdir, onerror=onerror)
  File "/opt/ohpc/pub/compiler/conda/latest/lib/python3.12/shutil.py", line 759, in rmtree
    _rmtree_safe_fd(stack, onexc)
  File "/opt/ohpc/pub/compiler/conda/latest/lib/python3.12/shutil.py", line 703, in _rmtree_safe_fd
    onexc(func, path, err)
  File "/opt/ohpc/pub/compiler/conda/latest/lib/python3.12/shutil.py", line 750, in onexc
    return onerror(func, path, exc_info)
           ^^^^^^^^^^^^^^^^^^^^^^^^^^^^^
  File "/opt/ohpc/pub/compiler/conda/latest/lib/python3.12/shutil.py", line 700, in _rmtree_safe_fd
    onexc(os.unlink, fullname, err)
  File "/opt/ohpc/pub/compiler/conda/latest/lib/python3.12/shutil.py", line 750, in onexc
    return onerror(func, path, exc_info)
           ^^^^^^^^^^^^^^^^^^^^^^^^^^^^^
  File "/opt/ohpc/pub/compiler/conda/latest/lib/python3.12/shutil.py", line 698, in _rmtree_safe_fd
    os.unlink(entry.name, dir_fd=topfd)
OSError: [Errno 16] Device or resource busy: '/tmp/pymp-238jwfmd'
Traceback (most recent call last):
  File "/opt/ohpc/pub/compiler/conda/latest/lib/python3.12/multiprocessing/util.py", line 303, in _run_finalizers
    finalizer()
  File "/opt/ohpc/pub/compiler/conda/latest/lib/python3.12/multiprocessing/util.py", line 227, in __call__
    res = self._callback(*self._args, **self._kwargs)
          ^^^^^^^^^^^^^^^^^^^^^^^^^^^^^^^^^^^^^^^^^^^
  File "/opt/ohpc/pub/compiler/conda/latest/lib/python3.12/multiprocessing/util.py", line 136, in _remove_temp_dir
    rmtree(tempdir, onerror=onerror)
  File "/opt/ohpc/pub/compiler/conda/latest/lib/python3.12/shutil.py", line 759, in rmtree
    _rmtree_safe_fd(stack, onexc)
  File "/opt/ohpc/pub/compiler/conda/latest/lib/python3.12/shutil.py", line 703, in _rmtree_safe_fd
    onexc(func, path, err)
  File "/opt/ohpc/pub/compiler/conda/latest/lib/python3.12/shutil.py", line 750, in onexc
    return onerror(func, path, exc_info)
           ^^^^^^^^^^^^^^^^^^^^^^^^^^^^^
  File "/opt/ohpc/pub/compiler/conda/latest/lib/python3.12/shutil.py", line 700, in _rmtree_safe_fd
    onexc(os.unlink, fullname, err)
  File "/opt/ohpc/pub/compiler/conda/latest/lib/python3.12/shutil.py", line 750, in onexc
    return onerror(func, path, exc_info)
           ^^^^^^^^^^^^^^^^^^^^^^^^^^^^^
  File "/opt/ohpc/pub/compiler/conda/latest/lib/python3.12/shutil.py", line 698, in _rmtree_safe_fd
    os.unlink(entry.name, dir_fd=topfd)
OSError: [Errno 16] Device or resource busy: '/tmp/pymp-n2jycf1y'
[val 001] loss=-0.0562 z_std=0.0483 rankme=80.645 lidar=48.217 areq=1.295 pr=2.48 align=0.5912 unif=-1.676 converged=False collapsed=False
  e002 it0000/62 lr=0.0006 loss=-0.0441 z_std=0.0643
  e002 it0010/62 lr=0.0007 loss=-0.0558 z_std=0.0640
  e002 it0020/62 lr=0.0007 loss=-0.0559 z_std=0.0641
  e002 it0030/62 lr=0.0008 loss=-0.0622 z_std=0.0641
  e002 it0040/62 lr=0.0008 loss=-0.0637 z_std=0.0641
  e002 it0050/62 lr=0.0009 loss=-0.0671 z_std=0.0641
  e002 it0060/62 lr=0.0009 loss=-0.0690 z_std=0.0640
[epoch 002] loss=-0.0691 z_std=0.0640 (healthy~0.0625) time=199.9s
Traceback (most recent call last):
Traceback (most recent call last):
Traceback (most recent call last):
Traceback (most recent call last):
Traceback (most recent call last):
Traceback (most recent call last):
Traceback (most recent call last):
Traceback (most recent call last):
Traceback (most recent call last):
  File "/opt/ohpc/pub/compiler/conda/latest/lib/python3.12/multiprocessing/util.py", line 303, in _run_finalizers
    finalizer()
  File "/opt/ohpc/pub/compiler/conda/latest/lib/python3.12/multiprocessing/util.py", line 227, in __call__
    res = self._callback(*self._args, **self._kwargs)
          ^^^^^^^^^^^^^^^^^^^^^^^^^^^^^^^^^^^^^^^^^^^
  File "/opt/ohpc/pub/compiler/conda/latest/lib/python3.12/multiprocessing/util.py", line 136, in _remove_temp_dir
    rmtree(tempdir, onerror=onerror)
  File "/opt/ohpc/pub/compiler/conda/latest/lib/python3.12/shutil.py", line 759, in rmtree
    _rmtree_safe_fd(stack, onexc)
  File "/opt/ohpc/pub/compiler/conda/latest/lib/python3.12/shutil.py", line 703, in _rmtree_safe_fd
    onexc(func, path, err)
  File "/opt/ohpc/pub/compiler/conda/latest/lib/python3.12/shutil.py", line 750, in onexc
    return onerror(func, path, exc_info)
           ^^^^^^^^^^^^^^^^^^^^^^^^^^^^^
  File "/opt/ohpc/pub/compiler/conda/latest/lib/python3.12/shutil.py", line 700, in _rmtree_safe_fd
    onexc(os.unlink, fullname, err)
  File "/opt/ohpc/pub/compiler/conda/latest/lib/python3.12/multiprocessing/util.py", line 303, in _run_finalizers
    finalizer()
  File "/opt/ohpc/pub/compiler/conda/latest/lib/python3.12/shutil.py", line 750, in onexc
    return onerror(func, path, exc_info)
           ^^^^^^^^^^^^^^^^^^^^^^^^^^^^^
  File "/opt/ohpc/pub/compiler/conda/latest/lib/python3.12/shutil.py", line 698, in _rmtree_safe_fd
    os.unlink(entry.name, dir_fd=topfd)
  File "/opt/ohpc/pub/compiler/conda/latest/lib/python3.12/multiprocessing/util.py", line 227, in __call__
    res = self._callback(*self._args, **self._kwargs)
          ^^^^^^^^^^^^^^^^^^^^^^^^^^^^^^^^^^^^^^^^^^^
  File "/opt/ohpc/pub/compiler/conda/latest/lib/python3.12/multiprocessing/util.py", line 136, in _remove_temp_dir
    rmtree(tempdir, onerror=onerror)
  File "/opt/ohpc/pub/compiler/conda/latest/lib/python3.12/multiprocessing/util.py", line 303, in _run_finalizers
    finalizer()
  File "/opt/ohpc/pub/compiler/conda/latest/lib/python3.12/shutil.py", line 759, in rmtree
    _rmtree_safe_fd(stack, onexc)
  File "/opt/ohpc/pub/compiler/conda/latest/lib/python3.12/shutil.py", line 703, in _rmtree_safe_fd
    onexc(func, path, err)
OSError: [Errno 16] Device or resource busy: '/tmp/pymp-hhlfk430'
  File "/opt/ohpc/pub/compiler/conda/latest/lib/python3.12/multiprocessing/util.py", line 227, in __call__
    res = self._callback(*self._args, **self._kwargs)
          ^^^^^^^^^^^^^^^^^^^^^^^^^^^^^^^^^^^^^^^^^^^
  File "/opt/ohpc/pub/compiler/conda/latest/lib/python3.12/shutil.py", line 750, in onexc
    return onerror(func, path, exc_info)
           ^^^^^^^^^^^^^^^^^^^^^^^^^^^^^
  File "/opt/ohpc/pub/compiler/conda/latest/lib/python3.12/multiprocessing/util.py", line 136, in _remove_temp_dir
    rmtree(tempdir, onerror=onerror)
  File "/opt/ohpc/pub/compiler/conda/latest/lib/python3.12/shutil.py", line 700, in _rmtree_safe_fd
    onexc(os.unlink, fullname, err)
  File "/opt/ohpc/pub/compiler/conda/latest/lib/python3.12/shutil.py", line 759, in rmtree
    _rmtree_safe_fd(stack, onexc)
  File "/opt/ohpc/pub/compiler/conda/latest/lib/python3.12/multiprocessing/util.py", line 303, in _run_finalizers
    finalizer()
  File "/opt/ohpc/pub/compiler/conda/latest/lib/python3.12/shutil.py", line 750, in onexc
    return onerror(func, path, exc_info)
           ^^^^^^^^^^^^^^^^^^^^^^^^^^^^^
  File "/opt/ohpc/pub/compiler/conda/latest/lib/python3.12/shutil.py", line 703, in _rmtree_safe_fd
    onexc(func, path, err)
  File "/opt/ohpc/pub/compiler/conda/latest/lib/python3.12/shutil.py", line 698, in _rmtree_safe_fd
    os.unlink(entry.name, dir_fd=topfd)
  File "/opt/ohpc/pub/compiler/conda/latest/lib/python3.12/shutil.py", line 750, in onexc
    return onerror(func, path, exc_info)
           ^^^^^^^^^^^^^^^^^^^^^^^^^^^^^
  File "/opt/ohpc/pub/compiler/conda/latest/lib/python3.12/shutil.py", line 700, in _rmtree_safe_fd
    onexc(os.unlink, fullname, err)
  File "/opt/ohpc/pub/compiler/conda/latest/lib/python3.12/multiprocessing/util.py", line 227, in __call__
    res = self._callback(*self._args, **self._kwargs)
          ^^^^^^^^^^^^^^^^^^^^^^^^^^^^^^^^^^^^^^^^^^^
  File "/opt/ohpc/pub/compiler/conda/latest/lib/python3.12/shutil.py", line 750, in onexc
    return onerror(func, path, exc_info)
           ^^^^^^^^^^^^^^^^^^^^^^^^^^^^^
  File "/opt/ohpc/pub/compiler/conda/latest/lib/python3.12/multiprocessing/util.py", line 136, in _remove_temp_dir
    rmtree(tempdir, onerror=onerror)
  File "/opt/ohpc/pub/compiler/conda/latest/lib/python3.12/shutil.py", line 698, in _rmtree_safe_fd
    os.unlink(entry.name, dir_fd=topfd)
  File "/opt/ohpc/pub/compiler/conda/latest/lib/python3.12/shutil.py", line 759, in rmtree
    _rmtree_safe_fd(stack, onexc)
OSError: [Errno 16] Device or resource busy: '/tmp/pymp-4amcbv9l'
  File "/opt/ohpc/pub/compiler/conda/latest/lib/python3.12/shutil.py", line 703, in _rmtree_safe_fd
    onexc(func, path, err)
  File "/opt/ohpc/pub/compiler/conda/latest/lib/python3.12/shutil.py", line 750, in onexc
    return onerror(func, path, exc_info)
           ^^^^^^^^^^^^^^^^^^^^^^^^^^^^^
  File "/opt/ohpc/pub/compiler/conda/latest/lib/python3.12/shutil.py", line 700, in _rmtree_safe_fd
    onexc(os.unlink, fullname, err)
Traceback (most recent call last):
  File "/opt/ohpc/pub/compiler/conda/latest/lib/python3.12/shutil.py", line 750, in onexc
    return onerror(func, path, exc_info)
           ^^^^^^^^^^^^^^^^^^^^^^^^^^^^^
OSError: [Errno 16] Device or resource busy: '/tmp/pymp-ei7vmc9o'
  File "/opt/ohpc/pub/compiler/conda/latest/lib/python3.12/shutil.py", line 698, in _rmtree_safe_fd
    os.unlink(entry.name, dir_fd=topfd)
OSError: [Errno 16] Device or resource busy: '/tmp/pymp-b31i0udg'
  File "/opt/ohpc/pub/compiler/conda/latest/lib/python3.12/multiprocessing/util.py", line 303, in _run_finalizers
    finalizer()
  File "/opt/ohpc/pub/compiler/conda/latest/lib/python3.12/multiprocessing/util.py", line 227, in __call__
    res = self._callback(*self._args, **self._kwargs)
          ^^^^^^^^^^^^^^^^^^^^^^^^^^^^^^^^^^^^^^^^^^^
  File "/opt/ohpc/pub/compiler/conda/latest/lib/python3.12/multiprocessing/util.py", line 303, in _run_finalizers
    finalizer()
  File "/opt/ohpc/pub/compiler/conda/latest/lib/python3.12/multiprocessing/util.py", line 136, in _remove_temp_dir
    rmtree(tempdir, onerror=onerror)
  File "/opt/ohpc/pub/compiler/conda/latest/lib/python3.12/shutil.py", line 759, in rmtree
    _rmtree_safe_fd(stack, onexc)
  File "/opt/ohpc/pub/compiler/conda/latest/lib/python3.12/shutil.py", line 703, in _rmtree_safe_fd
    onexc(func, path, err)
  File "/opt/ohpc/pub/compiler/conda/latest/lib/python3.12/multiprocessing/util.py", line 227, in __call__
    res = self._callback(*self._args, **self._kwargs)
          ^^^^^^^^^^^^^^^^^^^^^^^^^^^^^^^^^^^^^^^^^^^
  File "/opt/ohpc/pub/compiler/conda/latest/lib/python3.12/shutil.py", line 750, in onexc
    return onerror(func, path, exc_info)
           ^^^^^^^^^^^^^^^^^^^^^^^^^^^^^
  File "/opt/ohpc/pub/compiler/conda/latest/lib/python3.12/multiprocessing/util.py", line 136, in _remove_temp_dir
    rmtree(tempdir, onerror=onerror)
  File "/opt/ohpc/pub/compiler/conda/latest/lib/python3.12/shutil.py", line 700, in _rmtree_safe_fd
    onexc(os.unlink, fullname, err)
  File "/opt/ohpc/pub/compiler/conda/latest/lib/python3.12/shutil.py", line 759, in rmtree
    _rmtree_safe_fd(stack, onexc)
  File "/opt/ohpc/pub/compiler/conda/latest/lib/python3.12/shutil.py", line 750, in onexc
    return onerror(func, path, exc_info)
           ^^^^^^^^^^^^^^^^^^^^^^^^^^^^^
  File "/opt/ohpc/pub/compiler/conda/latest/lib/python3.12/shutil.py", line 703, in _rmtree_safe_fd
    onexc(func, path, err)
  File "/opt/ohpc/pub/compiler/conda/latest/lib/python3.12/shutil.py", line 698, in _rmtree_safe_fd
    os.unlink(entry.name, dir_fd=topfd)
  File "/opt/ohpc/pub/compiler/conda/latest/lib/python3.12/shutil.py", line 750, in onexc
    return onerror(func, path, exc_info)
           ^^^^^^^^^^^^^^^^^^^^^^^^^^^^^
  File "/opt/ohpc/pub/compiler/conda/latest/lib/python3.12/shutil.py", line 700, in _rmtree_safe_fd
    onexc(os.unlink, fullname, err)
  File "/opt/ohpc/pub/compiler/conda/latest/lib/python3.12/shutil.py", line 750, in onexc
    return onerror(func, path, exc_info)
           ^^^^^^^^^^^^^^^^^^^^^^^^^^^^^
  File "/opt/ohpc/pub/compiler/conda/latest/lib/python3.12/shutil.py", line 698, in _rmtree_safe_fd
    os.unlink(entry.name, dir_fd=topfd)
  File "/opt/ohpc/pub/compiler/conda/latest/lib/python3.12/multiprocessing/util.py", line 303, in _run_finalizers
    finalizer()
OSError: [Errno 16] Device or resource busy: '/tmp/pymp-occde2e5'
  File "/opt/ohpc/pub/compiler/conda/latest/lib/python3.12/multiprocessing/util.py", line 227, in __call__
    res = self._callback(*self._args, **self._kwargs)
          ^^^^^^^^^^^^^^^^^^^^^^^^^^^^^^^^^^^^^^^^^^^
OSError: [Errno 16] Device or resource busy: '/tmp/pymp-jxa8tjh6'
  File "/opt/ohpc/pub/compiler/conda/latest/lib/python3.12/multiprocessing/util.py", line 136, in _remove_temp_dir
    rmtree(tempdir, onerror=onerror)
  File "/opt/ohpc/pub/compiler/conda/latest/lib/python3.12/shutil.py", line 759, in rmtree
    _rmtree_safe_fd(stack, onexc)
  File "/opt/ohpc/pub/compiler/conda/latest/lib/python3.12/shutil.py", line 703, in _rmtree_safe_fd
    onexc(func, path, err)
  File "/opt/ohpc/pub/compiler/conda/latest/lib/python3.12/shutil.py", line 750, in onexc
    return onerror(func, path, exc_info)
           ^^^^^^^^^^^^^^^^^^^^^^^^^^^^^
  File "/opt/ohpc/pub/compiler/conda/latest/lib/python3.12/shutil.py", line 700, in _rmtree_safe_fd
    onexc(os.unlink, fullname, err)
  File "/opt/ohpc/pub/compiler/conda/latest/lib/python3.12/shutil.py", line 750, in onexc
    return onerror(func, path, exc_info)
           ^^^^^^^^^^^^^^^^^^^^^^^^^^^^^
  File "/opt/ohpc/pub/compiler/conda/latest/lib/python3.12/shutil.py", line 698, in _rmtree_safe_fd
    os.unlink(entry.name, dir_fd=topfd)
OSError: [Errno 16] Device or resource busy: '/tmp/pymp-uf9g5fss'
  File "/opt/ohpc/pub/compiler/conda/latest/lib/python3.12/multiprocessing/util.py", line 303, in _run_finalizers
    finalizer()
  File "/opt/ohpc/pub/compiler/conda/latest/lib/python3.12/multiprocessing/util.py", line 227, in __call__
    res = self._callback(*self._args, **self._kwargs)
          ^^^^^^^^^^^^^^^^^^^^^^^^^^^^^^^^^^^^^^^^^^^
  File "/opt/ohpc/pub/compiler/conda/latest/lib/python3.12/multiprocessing/util.py", line 136, in _remove_temp_dir
    rmtree(tempdir, onerror=onerror)
  File "/opt/ohpc/pub/compiler/conda/latest/lib/python3.12/shutil.py", line 759, in rmtree
    _rmtree_safe_fd(stack, onexc)
  File "/opt/ohpc/pub/compiler/conda/latest/lib/python3.12/shutil.py", line 703, in _rmtree_safe_fd
    onexc(func, path, err)
  File "/opt/ohpc/pub/compiler/conda/latest/lib/python3.12/shutil.py", line 750, in onexc
    return onerror(func, path, exc_info)
           ^^^^^^^^^^^^^^^^^^^^^^^^^^^^^
  File "/opt/ohpc/pub/compiler/conda/latest/lib/python3.12/shutil.py", line 700, in _rmtree_safe_fd
    onexc(os.unlink, fullname, err)
  File "/opt/ohpc/pub/compiler/conda/latest/lib/python3.12/shutil.py", line 750, in onexc
    return onerror(func, path, exc_info)
           ^^^^^^^^^^^^^^^^^^^^^^^^^^^^^
  File "/opt/ohpc/pub/compiler/conda/latest/lib/python3.12/shutil.py", line 698, in _rmtree_safe_fd
    os.unlink(entry.name, dir_fd=topfd)
  File "/opt/ohpc/pub/compiler/conda/latest/lib/python3.12/multiprocessing/util.py", line 303, in _run_finalizers
    finalizer()
  File "/opt/ohpc/pub/compiler/conda/latest/lib/python3.12/multiprocessing/util.py", line 227, in __call__
    res = self._callback(*self._args, **self._kwargs)
          ^^^^^^^^^^^^^^^^^^^^^^^^^^^^^^^^^^^^^^^^^^^
  File "/opt/ohpc/pub/compiler/conda/latest/lib/python3.12/multiprocessing/util.py", line 136, in _remove_temp_dir
    rmtree(tempdir, onerror=onerror)
OSError: [Errno 16] Device or resource busy: '/tmp/pymp-vacmqs6v'
  File "/opt/ohpc/pub/compiler/conda/latest/lib/python3.12/shutil.py", line 759, in rmtree
    _rmtree_safe_fd(stack, onexc)
  File "/opt/ohpc/pub/compiler/conda/latest/lib/python3.12/shutil.py", line 703, in _rmtree_safe_fd
    onexc(func, path, err)
  File "/opt/ohpc/pub/compiler/conda/latest/lib/python3.12/shutil.py", line 750, in onexc
    return onerror(func, path, exc_info)
           ^^^^^^^^^^^^^^^^^^^^^^^^^^^^^
  File "/opt/ohpc/pub/compiler/conda/latest/lib/python3.12/shutil.py", line 700, in _rmtree_safe_fd
    onexc(os.unlink, fullname, err)
  File "/opt/ohpc/pub/compiler/conda/latest/lib/python3.12/shutil.py", line 750, in onexc
    return onerror(func, path, exc_info)
           ^^^^^^^^^^^^^^^^^^^^^^^^^^^^^
  File "/opt/ohpc/pub/compiler/conda/latest/lib/python3.12/shutil.py", line 698, in _rmtree_safe_fd
    os.unlink(entry.name, dir_fd=topfd)
OSError: [Errno 16] Device or resource busy: '/tmp/pymp-iab_g1yg'
  File "/opt/ohpc/pub/compiler/conda/latest/lib/python3.12/multiprocessing/util.py", line 303, in _run_finalizers
    finalizer()
  File "/opt/ohpc/pub/compiler/conda/latest/lib/python3.12/multiprocessing/util.py", line 227, in __call__
    res = self._callback(*self._args, **self._kwargs)
          ^^^^^^^^^^^^^^^^^^^^^^^^^^^^^^^^^^^^^^^^^^^
  File "/opt/ohpc/pub/compiler/conda/latest/lib/python3.12/multiprocessing/util.py", line 136, in _remove_temp_dir
    rmtree(tempdir, onerror=onerror)
  File "/opt/ohpc/pub/compiler/conda/latest/lib/python3.12/shutil.py", line 759, in rmtree
    _rmtree_safe_fd(stack, onexc)
  File "/opt/ohpc/pub/compiler/conda/latest/lib/python3.12/shutil.py", line 703, in _rmtree_safe_fd
    onexc(func, path, err)
  File "/opt/ohpc/pub/compiler/conda/latest/lib/python3.12/shutil.py", line 750, in onexc
    return onerror(func, path, exc_info)
           ^^^^^^^^^^^^^^^^^^^^^^^^^^^^^
  File "/opt/ohpc/pub/compiler/conda/latest/lib/python3.12/shutil.py", line 700, in _rmtree_safe_fd
    onexc(os.unlink, fullname, err)
  File "/opt/ohpc/pub/compiler/conda/latest/lib/python3.12/shutil.py", line 750, in onexc
    return onerror(func, path, exc_info)
           ^^^^^^^^^^^^^^^^^^^^^^^^^^^^^
  File "/opt/ohpc/pub/compiler/conda/latest/lib/python3.12/shutil.py", line 698, in _rmtree_safe_fd
    os.unlink(entry.name, dir_fd=topfd)
OSError: [Errno 16] Device or resource busy: '/tmp/pymp-60l5rlke'
Traceback (most recent call last):
Traceback (most recent call last):
Traceback (most recent call last):
Traceback (most recent call last):
Traceback (most recent call last):
Traceback (most recent call last):
Traceback (most recent call last):
Traceback (most recent call last):
  File "/opt/ohpc/pub/compiler/conda/latest/lib/python3.12/multiprocessing/util.py", line 303, in _run_finalizers
    finalizer()
  File "/opt/ohpc/pub/compiler/conda/latest/lib/python3.12/multiprocessing/util.py", line 303, in _run_finalizers
    finalizer()
  File "/opt/ohpc/pub/compiler/conda/latest/lib/python3.12/multiprocessing/util.py", line 227, in __call__
    res = self._callback(*self._args, **self._kwargs)
          ^^^^^^^^^^^^^^^^^^^^^^^^^^^^^^^^^^^^^^^^^^^
  File "/opt/ohpc/pub/compiler/conda/latest/lib/python3.12/multiprocessing/util.py", line 227, in __call__
    res = self._callback(*self._args, **self._kwargs)
          ^^^^^^^^^^^^^^^^^^^^^^^^^^^^^^^^^^^^^^^^^^^
  File "/opt/ohpc/pub/compiler/conda/latest/lib/python3.12/multiprocessing/util.py", line 136, in _remove_temp_dir
    rmtree(tempdir, onerror=onerror)
  File "/opt/ohpc/pub/compiler/conda/latest/lib/python3.12/multiprocessing/util.py", line 136, in _remove_temp_dir
    rmtree(tempdir, onerror=onerror)
  File "/opt/ohpc/pub/compiler/conda/latest/lib/python3.12/shutil.py", line 759, in rmtree
    _rmtree_safe_fd(stack, onexc)
  File "/opt/ohpc/pub/compiler/conda/latest/lib/python3.12/shutil.py", line 759, in rmtree
    _rmtree_safe_fd(stack, onexc)
  File "/opt/ohpc/pub/compiler/conda/latest/lib/python3.12/shutil.py", line 703, in _rmtree_safe_fd
    onexc(func, path, err)
  File "/opt/ohpc/pub/compiler/conda/latest/lib/python3.12/shutil.py", line 703, in _rmtree_safe_fd
    onexc(func, path, err)
  File "/opt/ohpc/pub/compiler/conda/latest/lib/python3.12/shutil.py", line 750, in onexc
    return onerror(func, path, exc_info)
           ^^^^^^^^^^^^^^^^^^^^^^^^^^^^^
  File "/opt/ohpc/pub/compiler/conda/latest/lib/python3.12/shutil.py", line 750, in onexc
    return onerror(func, path, exc_info)
           ^^^^^^^^^^^^^^^^^^^^^^^^^^^^^
  File "/opt/ohpc/pub/compiler/conda/latest/lib/python3.12/shutil.py", line 700, in _rmtree_safe_fd
    onexc(os.unlink, fullname, err)
  File "/opt/ohpc/pub/compiler/conda/latest/lib/python3.12/shutil.py", line 700, in _rmtree_safe_fd
    onexc(os.unlink, fullname, err)
  File "/opt/ohpc/pub/compiler/conda/latest/lib/python3.12/shutil.py", line 750, in onexc
    return onerror(func, path, exc_info)
           ^^^^^^^^^^^^^^^^^^^^^^^^^^^^^
  File "/opt/ohpc/pub/compiler/conda/latest/lib/python3.12/shutil.py", line 750, in onexc
    return onerror(func, path, exc_info)
           ^^^^^^^^^^^^^^^^^^^^^^^^^^^^^
  File "/opt/ohpc/pub/compiler/conda/latest/lib/python3.12/shutil.py", line 698, in _rmtree_safe_fd
    os.unlink(entry.name, dir_fd=topfd)
  File "/opt/ohpc/pub/compiler/conda/latest/lib/python3.12/shutil.py", line 698, in _rmtree_safe_fd
    os.unlink(entry.name, dir_fd=topfd)
OSError: [Errno 16] Device or resource busy: '/tmp/pymp-056lrzte'
OSError: [Errno 16] Device or resource busy: '/tmp/pymp-72uilqpm'
  File "/opt/ohpc/pub/compiler/conda/latest/lib/python3.12/multiprocessing/util.py", line 303, in _run_finalizers
    finalizer()
  File "/opt/ohpc/pub/compiler/conda/latest/lib/python3.12/multiprocessing/util.py", line 227, in __call__
    res = self._callback(*self._args, **self._kwargs)
          ^^^^^^^^^^^^^^^^^^^^^^^^^^^^^^^^^^^^^^^^^^^
  File "/opt/ohpc/pub/compiler/conda/latest/lib/python3.12/multiprocessing/util.py", line 136, in _remove_temp_dir
    rmtree(tempdir, onerror=onerror)
  File "/opt/ohpc/pub/compiler/conda/latest/lib/python3.12/shutil.py", line 759, in rmtree
    _rmtree_safe_fd(stack, onexc)
  File "/opt/ohpc/pub/compiler/conda/latest/lib/python3.12/shutil.py", line 703, in _rmtree_safe_fd
    onexc(func, path, err)
  File "/opt/ohpc/pub/compiler/conda/latest/lib/python3.12/shutil.py", line 750, in onexc
    return onerror(func, path, exc_info)
           ^^^^^^^^^^^^^^^^^^^^^^^^^^^^^
  File "/opt/ohpc/pub/compiler/conda/latest/lib/python3.12/shutil.py", line 700, in _rmtree_safe_fd
    onexc(os.unlink, fullname, err)
  File "/opt/ohpc/pub/compiler/conda/latest/lib/python3.12/shutil.py", line 750, in onexc
    return onerror(func, path, exc_info)
           ^^^^^^^^^^^^^^^^^^^^^^^^^^^^^
  File "/opt/ohpc/pub/compiler/conda/latest/lib/python3.12/shutil.py", line 698, in _rmtree_safe_fd
    os.unlink(entry.name, dir_fd=topfd)
OSError: [Errno 16] Device or resource busy: '/tmp/pymp-z5rnybbi'
  File "/opt/ohpc/pub/compiler/conda/latest/lib/python3.12/multiprocessing/util.py", line 303, in _run_finalizers
    finalizer()
  File "/opt/ohpc/pub/compiler/conda/latest/lib/python3.12/multiprocessing/util.py", line 227, in __call__
    res = self._callback(*self._args, **self._kwargs)
          ^^^^^^^^^^^^^^^^^^^^^^^^^^^^^^^^^^^^^^^^^^^
  File "/opt/ohpc/pub/compiler/conda/latest/lib/python3.12/multiprocessing/util.py", line 136, in _remove_temp_dir
    rmtree(tempdir, onerror=onerror)
  File "/opt/ohpc/pub/compiler/conda/latest/lib/python3.12/shutil.py", line 759, in rmtree
    _rmtree_safe_fd(stack, onexc)
  File "/opt/ohpc/pub/compiler/conda/latest/lib/python3.12/shutil.py", line 703, in _rmtree_safe_fd
    onexc(func, path, err)
  File "/opt/ohpc/pub/compiler/conda/latest/lib/python3.12/shutil.py", line 750, in onexc
    return onerror(func, path, exc_info)
           ^^^^^^^^^^^^^^^^^^^^^^^^^^^^^
  File "/opt/ohpc/pub/compiler/conda/latest/lib/python3.12/shutil.py", line 700, in _rmtree_safe_fd
    onexc(os.unlink, fullname, err)
  File "/opt/ohpc/pub/compiler/conda/latest/lib/python3.12/shutil.py", line 750, in onexc
    return onerror(func, path, exc_info)
           ^^^^^^^^^^^^^^^^^^^^^^^^^^^^^
  File "/opt/ohpc/pub/compiler/conda/latest/lib/python3.12/shutil.py", line 698, in _rmtree_safe_fd
    os.unlink(entry.name, dir_fd=topfd)
Traceback (most recent call last):
OSError: [Errno 16] Device or resource busy: '/tmp/pymp-653ayt39'
  File "/opt/ohpc/pub/compiler/conda/latest/lib/python3.12/multiprocessing/util.py", line 303, in _run_finalizers
    finalizer()
  File "/opt/ohpc/pub/compiler/conda/latest/lib/python3.12/multiprocessing/util.py", line 227, in __call__
    res = self._callback(*self._args, **self._kwargs)
          ^^^^^^^^^^^^^^^^^^^^^^^^^^^^^^^^^^^^^^^^^^^
  File "/opt/ohpc/pub/compiler/conda/latest/lib/python3.12/multiprocessing/util.py", line 136, in _remove_temp_dir
    rmtree(tempdir, onerror=onerror)
  File "/opt/ohpc/pub/compiler/conda/latest/lib/python3.12/shutil.py", line 759, in rmtree
    _rmtree_safe_fd(stack, onexc)
Traceback (most recent call last):
  File "/opt/ohpc/pub/compiler/conda/latest/lib/python3.12/shutil.py", line 703, in _rmtree_safe_fd
    onexc(func, path, err)
  File "/opt/ohpc/pub/compiler/conda/latest/lib/python3.12/shutil.py", line 750, in onexc
    return onerror(func, path, exc_info)
           ^^^^^^^^^^^^^^^^^^^^^^^^^^^^^
  File "/opt/ohpc/pub/compiler/conda/latest/lib/python3.12/multiprocessing/util.py", line 303, in _run_finalizers
    finalizer()
  File "/opt/ohpc/pub/compiler/conda/latest/lib/python3.12/shutil.py", line 700, in _rmtree_safe_fd
    onexc(os.unlink, fullname, err)
  File "/opt/ohpc/pub/compiler/conda/latest/lib/python3.12/shutil.py", line 750, in onexc
    return onerror(func, path, exc_info)
           ^^^^^^^^^^^^^^^^^^^^^^^^^^^^^
  File "/opt/ohpc/pub/compiler/conda/latest/lib/python3.12/shutil.py", line 698, in _rmtree_safe_fd
    os.unlink(entry.name, dir_fd=topfd)
  File "/opt/ohpc/pub/compiler/conda/latest/lib/python3.12/multiprocessing/util.py", line 227, in __call__
    res = self._callback(*self._args, **self._kwargs)
          ^^^^^^^^^^^^^^^^^^^^^^^^^^^^^^^^^^^^^^^^^^^
  File "/opt/ohpc/pub/compiler/conda/latest/lib/python3.12/multiprocessing/util.py", line 136, in _remove_temp_dir
    rmtree(tempdir, onerror=onerror)
  File "/opt/ohpc/pub/compiler/conda/latest/lib/python3.12/shutil.py", line 759, in rmtree
    _rmtree_safe_fd(stack, onexc)
  File "/opt/ohpc/pub/compiler/conda/latest/lib/python3.12/shutil.py", line 703, in _rmtree_safe_fd
    onexc(func, path, err)
OSError: [Errno 16] Device or resource busy: '/tmp/pymp-t26_mrqy'
  File "/opt/ohpc/pub/compiler/conda/latest/lib/python3.12/shutil.py", line 750, in onexc
    return onerror(func, path, exc_info)
           ^^^^^^^^^^^^^^^^^^^^^^^^^^^^^
  File "/opt/ohpc/pub/compiler/conda/latest/lib/python3.12/shutil.py", line 700, in _rmtree_safe_fd
    onexc(os.unlink, fullname, err)
  File "/opt/ohpc/pub/compiler/conda/latest/lib/python3.12/shutil.py", line 750, in onexc
    return onerror(func, path, exc_info)
           ^^^^^^^^^^^^^^^^^^^^^^^^^^^^^
  File "/opt/ohpc/pub/compiler/conda/latest/lib/python3.12/shutil.py", line 698, in _rmtree_safe_fd
    os.unlink(entry.name, dir_fd=topfd)
OSError: [Errno 16] Device or resource busy: '/tmp/pymp-fa6r7no_'
  File "/opt/ohpc/pub/compiler/conda/latest/lib/python3.12/multiprocessing/util.py", line 303, in _run_finalizers
    finalizer()
  File "/opt/ohpc/pub/compiler/conda/latest/lib/python3.12/multiprocessing/util.py", line 227, in __call__
    res = self._callback(*self._args, **self._kwargs)
          ^^^^^^^^^^^^^^^^^^^^^^^^^^^^^^^^^^^^^^^^^^^
  File "/opt/ohpc/pub/compiler/conda/latest/lib/python3.12/multiprocessing/util.py", line 136, in _remove_temp_dir
    rmtree(tempdir, onerror=onerror)
  File "/opt/ohpc/pub/compiler/conda/latest/lib/python3.12/shutil.py", line 759, in rmtree
    _rmtree_safe_fd(stack, onexc)
  File "/opt/ohpc/pub/compiler/conda/latest/lib/python3.12/shutil.py", line 703, in _rmtree_safe_fd
    onexc(func, path, err)
  File "/opt/ohpc/pub/compiler/conda/latest/lib/python3.12/shutil.py", line 750, in onexc
    return onerror(func, path, exc_info)
           ^^^^^^^^^^^^^^^^^^^^^^^^^^^^^
  File "/opt/ohpc/pub/compiler/conda/latest/lib/python3.12/shutil.py", line 700, in _rmtree_safe_fd
    onexc(os.unlink, fullname, err)
  File "/opt/ohpc/pub/compiler/conda/latest/lib/python3.12/shutil.py", line 750, in onexc
    return onerror(func, path, exc_info)
           ^^^^^^^^^^^^^^^^^^^^^^^^^^^^^
  File "/opt/ohpc/pub/compiler/conda/latest/lib/python3.12/shutil.py", line 698, in _rmtree_safe_fd
    os.unlink(entry.name, dir_fd=topfd)
OSError: [Errno 16] Device or resource busy: '/tmp/pymp-v6l6qmnf'
  File "/opt/ohpc/pub/compiler/conda/latest/lib/python3.12/multiprocessing/util.py", line 303, in _run_finalizers
    finalizer()
  File "/opt/ohpc/pub/compiler/conda/latest/lib/python3.12/multiprocessing/util.py", line 227, in __call__
    res = self._callback(*self._args, **self._kwargs)
          ^^^^^^^^^^^^^^^^^^^^^^^^^^^^^^^^^^^^^^^^^^^
  File "/opt/ohpc/pub/compiler/conda/latest/lib/python3.12/multiprocessing/util.py", line 136, in _remove_temp_dir
    rmtree(tempdir, onerror=onerror)
  File "/opt/ohpc/pub/compiler/conda/latest/lib/python3.12/shutil.py", line 759, in rmtree
    _rmtree_safe_fd(stack, onexc)
  File "/opt/ohpc/pub/compiler/conda/latest/lib/python3.12/shutil.py", line 703, in _rmtree_safe_fd
    onexc(func, path, err)
  File "/opt/ohpc/pub/compiler/conda/latest/lib/python3.12/shutil.py", line 750, in onexc
    return onerror(func, path, exc_info)
           ^^^^^^^^^^^^^^^^^^^^^^^^^^^^^
  File "/opt/ohpc/pub/compiler/conda/latest/lib/python3.12/shutil.py", line 700, in _rmtree_safe_fd
    onexc(os.unlink, fullname, err)
  File "/opt/ohpc/pub/compiler/conda/latest/lib/python3.12/shutil.py", line 750, in onexc
    return onerror(func, path, exc_info)
           ^^^^^^^^^^^^^^^^^^^^^^^^^^^^^
  File "/opt/ohpc/pub/compiler/conda/latest/lib/python3.12/shutil.py", line 698, in _rmtree_safe_fd
    os.unlink(entry.name, dir_fd=topfd)
OSError: [Errno 16] Device or resource busy: '/tmp/pymp-uf3sdchv'
  File "/opt/ohpc/pub/compiler/conda/latest/lib/python3.12/multiprocessing/util.py", line 303, in _run_finalizers
    finalizer()
  File "/opt/ohpc/pub/compiler/conda/latest/lib/python3.12/multiprocessing/util.py", line 227, in __call__
    res = self._callback(*self._args, **self._kwargs)
          ^^^^^^^^^^^^^^^^^^^^^^^^^^^^^^^^^^^^^^^^^^^
  File "/opt/ohpc/pub/compiler/conda/latest/lib/python3.12/multiprocessing/util.py", line 136, in _remove_temp_dir
    rmtree(tempdir, onerror=onerror)
  File "/opt/ohpc/pub/compiler/conda/latest/lib/python3.12/shutil.py", line 759, in rmtree
    _rmtree_safe_fd(stack, onexc)
  File "/opt/ohpc/pub/compiler/conda/latest/lib/python3.12/shutil.py", line 703, in _rmtree_safe_fd
    onexc(func, path, err)
  File "/opt/ohpc/pub/compiler/conda/latest/lib/python3.12/shutil.py", line 750, in onexc
    return onerror(func, path, exc_info)
           ^^^^^^^^^^^^^^^^^^^^^^^^^^^^^
  File "/opt/ohpc/pub/compiler/conda/latest/lib/python3.12/shutil.py", line 700, in _rmtree_safe_fd
    onexc(os.unlink, fullname, err)
  File "/opt/ohpc/pub/compiler/conda/latest/lib/python3.12/shutil.py", line 750, in onexc
    return onerror(func, path, exc_info)
           ^^^^^^^^^^^^^^^^^^^^^^^^^^^^^
  File "/opt/ohpc/pub/compiler/conda/latest/lib/python3.12/shutil.py", line 698, in _rmtree_safe_fd
    os.unlink(entry.name, dir_fd=topfd)
OSError: [Errno 16] Device or resource busy: '/tmp/pymp-wu50kutk'
  File "/opt/ohpc/pub/compiler/conda/latest/lib/python3.12/multiprocessing/util.py", line 303, in _run_finalizers
    finalizer()
  File "/opt/ohpc/pub/compiler/conda/latest/lib/python3.12/multiprocessing/util.py", line 227, in __call__
    res = self._callback(*self._args, **self._kwargs)
          ^^^^^^^^^^^^^^^^^^^^^^^^^^^^^^^^^^^^^^^^^^^
  File "/opt/ohpc/pub/compiler/conda/latest/lib/python3.12/multiprocessing/util.py", line 136, in _remove_temp_dir
    rmtree(tempdir, onerror=onerror)
  File "/opt/ohpc/pub/compiler/conda/latest/lib/python3.12/shutil.py", line 759, in rmtree
    _rmtree_safe_fd(stack, onexc)
  File "/opt/ohpc/pub/compiler/conda/latest/lib/python3.12/shutil.py", line 703, in _rmtree_safe_fd
    onexc(func, path, err)
  File "/opt/ohpc/pub/compiler/conda/latest/lib/python3.12/shutil.py", line 750, in onexc
    return onerror(func, path, exc_info)
           ^^^^^^^^^^^^^^^^^^^^^^^^^^^^^
  File "/opt/ohpc/pub/compiler/conda/latest/lib/python3.12/shutil.py", line 700, in _rmtree_safe_fd
    onexc(os.unlink, fullname, err)
  File "/opt/ohpc/pub/compiler/conda/latest/lib/python3.12/shutil.py", line 750, in onexc
    return onerror(func, path, exc_info)
           ^^^^^^^^^^^^^^^^^^^^^^^^^^^^^
  File "/opt/ohpc/pub/compiler/conda/latest/lib/python3.12/shutil.py", line 698, in _rmtree_safe_fd
    os.unlink(entry.name, dir_fd=topfd)
OSError: [Errno 16] Device or resource busy: '/tmp/pymp-jvj7bbw0'
Traceback (most recent call last):
Traceback (most recent call last):
  File "/opt/ohpc/pub/compiler/conda/latest/lib/python3.12/multiprocessing/util.py", line 303, in _run_finalizers
    finalizer()
  File "/opt/ohpc/pub/compiler/conda/latest/lib/python3.12/multiprocessing/util.py", line 227, in __call__
    res = self._callback(*self._args, **self._kwargs)
          ^^^^^^^^^^^^^^^^^^^^^^^^^^^^^^^^^^^^^^^^^^^
  File "/opt/ohpc/pub/compiler/conda/latest/lib/python3.12/multiprocessing/util.py", line 136, in _remove_temp_dir
    rmtree(tempdir, onerror=onerror)
  File "/opt/ohpc/pub/compiler/conda/latest/lib/python3.12/shutil.py", line 759, in rmtree
    _rmtree_safe_fd(stack, onexc)
  File "/opt/ohpc/pub/compiler/conda/latest/lib/python3.12/shutil.py", line 703, in _rmtree_safe_fd
    onexc(func, path, err)
  File "/opt/ohpc/pub/compiler/conda/latest/lib/python3.12/shutil.py", line 750, in onexc
    return onerror(func, path, exc_info)
           ^^^^^^^^^^^^^^^^^^^^^^^^^^^^^
  File "/opt/ohpc/pub/compiler/conda/latest/lib/python3.12/shutil.py", line 700, in _rmtree_safe_fd
    onexc(os.unlink, fullname, err)
  File "/opt/ohpc/pub/compiler/conda/latest/lib/python3.12/shutil.py", line 750, in onexc
    return onerror(func, path, exc_info)
           ^^^^^^^^^^^^^^^^^^^^^^^^^^^^^
  File "/opt/ohpc/pub/compiler/conda/latest/lib/python3.12/shutil.py", line 698, in _rmtree_safe_fd
    os.unlink(entry.name, dir_fd=topfd)
  File "/opt/ohpc/pub/compiler/conda/latest/lib/python3.12/multiprocessing/util.py", line 303, in _run_finalizers
    finalizer()
Traceback (most recent call last):
OSError: [Errno 16] Device or resource busy: '/tmp/pymp-0w6giv34'
  File "/opt/ohpc/pub/compiler/conda/latest/lib/python3.12/multiprocessing/util.py", line 227, in __call__
    res = self._callback(*self._args, **self._kwargs)
          ^^^^^^^^^^^^^^^^^^^^^^^^^^^^^^^^^^^^^^^^^^^
  File "/opt/ohpc/pub/compiler/conda/latest/lib/python3.12/multiprocessing/util.py", line 136, in _remove_temp_dir
    rmtree(tempdir, onerror=onerror)
  File "/opt/ohpc/pub/compiler/conda/latest/lib/python3.12/shutil.py", line 759, in rmtree
    _rmtree_safe_fd(stack, onexc)
  File "/opt/ohpc/pub/compiler/conda/latest/lib/python3.12/shutil.py", line 703, in _rmtree_safe_fd
    onexc(func, path, err)
  File "/opt/ohpc/pub/compiler/conda/latest/lib/python3.12/shutil.py", line 750, in onexc
    return onerror(func, path, exc_info)
           ^^^^^^^^^^^^^^^^^^^^^^^^^^^^^
  File "/opt/ohpc/pub/compiler/conda/latest/lib/python3.12/shutil.py", line 700, in _rmtree_safe_fd
    onexc(os.unlink, fullname, err)
  File "/opt/ohpc/pub/compiler/conda/latest/lib/python3.12/shutil.py", line 750, in onexc
    return onerror(func, path, exc_info)
           ^^^^^^^^^^^^^^^^^^^^^^^^^^^^^
  File "/opt/ohpc/pub/compiler/conda/latest/lib/python3.12/shutil.py", line 698, in _rmtree_safe_fd
    os.unlink(entry.name, dir_fd=topfd)
OSError: [Errno 16] Device or resource busy: '/tmp/pymp-4vn9wx2g'
Traceback (most recent call last):
  File "/opt/ohpc/pub/compiler/conda/latest/lib/python3.12/multiprocessing/util.py", line 303, in _run_finalizers
    finalizer()
  File "/opt/ohpc/pub/compiler/conda/latest/lib/python3.12/multiprocessing/util.py", line 227, in __call__
    res = self._callback(*self._args, **self._kwargs)
          ^^^^^^^^^^^^^^^^^^^^^^^^^^^^^^^^^^^^^^^^^^^
  File "/opt/ohpc/pub/compiler/conda/latest/lib/python3.12/multiprocessing/util.py", line 136, in _remove_temp_dir
    rmtree(tempdir, onerror=onerror)
  File "/opt/ohpc/pub/compiler/conda/latest/lib/python3.12/shutil.py", line 759, in rmtree
    _rmtree_safe_fd(stack, onexc)
  File "/opt/ohpc/pub/compiler/conda/latest/lib/python3.12/shutil.py", line 703, in _rmtree_safe_fd
    onexc(func, path, err)
  File "/opt/ohpc/pub/compiler/conda/latest/lib/python3.12/shutil.py", line 750, in onexc
    return onerror(func, path, exc_info)
           ^^^^^^^^^^^^^^^^^^^^^^^^^^^^^
  File "/opt/ohpc/pub/compiler/conda/latest/lib/python3.12/shutil.py", line 700, in _rmtree_safe_fd
    onexc(os.unlink, fullname, err)
  File "/opt/ohpc/pub/compiler/conda/latest/lib/python3.12/shutil.py", line 750, in onexc
    return onerror(func, path, exc_info)
           ^^^^^^^^^^^^^^^^^^^^^^^^^^^^^
  File "/opt/ohpc/pub/compiler/conda/latest/lib/python3.12/shutil.py", line 698, in _rmtree_safe_fd
    os.unlink(entry.name, dir_fd=topfd)
OSError: [Errno 16] Device or resource busy: '/tmp/pymp-10btrex9'
  File "/opt/ohpc/pub/compiler/conda/latest/lib/python3.12/multiprocessing/util.py", line 303, in _run_finalizers
    finalizer()
  File "/opt/ohpc/pub/compiler/conda/latest/lib/python3.12/multiprocessing/util.py", line 227, in __call__
    res = self._callback(*self._args, **self._kwargs)
          ^^^^^^^^^^^^^^^^^^^^^^^^^^^^^^^^^^^^^^^^^^^
  File "/opt/ohpc/pub/compiler/conda/latest/lib/python3.12/multiprocessing/util.py", line 136, in _remove_temp_dir
    rmtree(tempdir, onerror=onerror)
  File "/opt/ohpc/pub/compiler/conda/latest/lib/python3.12/shutil.py", line 759, in rmtree
    _rmtree_safe_fd(stack, onexc)
  File "/opt/ohpc/pub/compiler/conda/latest/lib/python3.12/shutil.py", line 703, in _rmtree_safe_fd
    onexc(func, path, err)
  File "/opt/ohpc/pub/compiler/conda/latest/lib/python3.12/shutil.py", line 750, in onexc
    return onerror(func, path, exc_info)
           ^^^^^^^^^^^^^^^^^^^^^^^^^^^^^
  File "/opt/ohpc/pub/compiler/conda/latest/lib/python3.12/shutil.py", line 700, in _rmtree_safe_fd
    onexc(os.unlink, fullname, err)
  File "/opt/ohpc/pub/compiler/conda/latest/lib/python3.12/shutil.py", line 750, in onexc
    return onerror(func, path, exc_info)
           ^^^^^^^^^^^^^^^^^^^^^^^^^^^^^
  File "/opt/ohpc/pub/compiler/conda/latest/lib/python3.12/shutil.py", line 698, in _rmtree_safe_fd
    os.unlink(entry.name, dir_fd=topfd)
OSError: [Errno 16] Device or resource busy: '/tmp/pymp-fn0vo7rh'
Traceback (most recent call last):
Traceback (most recent call last):
Traceback (most recent call last):
Traceback (most recent call last):
  File "/opt/ohpc/pub/compiler/conda/latest/lib/python3.12/multiprocessing/util.py", line 303, in _run_finalizers
    finalizer()
  File "/opt/ohpc/pub/compiler/conda/latest/lib/python3.12/multiprocessing/util.py", line 227, in __call__
    res = self._callback(*self._args, **self._kwargs)
          ^^^^^^^^^^^^^^^^^^^^^^^^^^^^^^^^^^^^^^^^^^^
  File "/opt/ohpc/pub/compiler/conda/latest/lib/python3.12/multiprocessing/util.py", line 136, in _remove_temp_dir
    rmtree(tempdir, onerror=onerror)
  File "/opt/ohpc/pub/compiler/conda/latest/lib/python3.12/shutil.py", line 759, in rmtree
    _rmtree_safe_fd(stack, onexc)
  File "/opt/ohpc/pub/compiler/conda/latest/lib/python3.12/shutil.py", line 703, in _rmtree_safe_fd
    onexc(func, path, err)
  File "/opt/ohpc/pub/compiler/conda/latest/lib/python3.12/shutil.py", line 750, in onexc
    return onerror(func, path, exc_info)
           ^^^^^^^^^^^^^^^^^^^^^^^^^^^^^
  File "/opt/ohpc/pub/compiler/conda/latest/lib/python3.12/multiprocessing/util.py", line 303, in _run_finalizers
    finalizer()
  File "/opt/ohpc/pub/compiler/conda/latest/lib/python3.12/shutil.py", line 700, in _rmtree_safe_fd
    onexc(os.unlink, fullname, err)
  File "/opt/ohpc/pub/compiler/conda/latest/lib/python3.12/shutil.py", line 750, in onexc
    return onerror(func, path, exc_info)
           ^^^^^^^^^^^^^^^^^^^^^^^^^^^^^
  File "/opt/ohpc/pub/compiler/conda/latest/lib/python3.12/multiprocessing/util.py", line 227, in __call__
    res = self._callback(*self._args, **self._kwargs)
          ^^^^^^^^^^^^^^^^^^^^^^^^^^^^^^^^^^^^^^^^^^^
  File "/opt/ohpc/pub/compiler/conda/latest/lib/python3.12/shutil.py", line 698, in _rmtree_safe_fd
    os.unlink(entry.name, dir_fd=topfd)
  File "/opt/ohpc/pub/compiler/conda/latest/lib/python3.12/multiprocessing/util.py", line 136, in _remove_temp_dir
    rmtree(tempdir, onerror=onerror)
  File "/opt/ohpc/pub/compiler/conda/latest/lib/python3.12/shutil.py", line 759, in rmtree
    _rmtree_safe_fd(stack, onexc)
  File "/opt/ohpc/pub/compiler/conda/latest/lib/python3.12/shutil.py", line 703, in _rmtree_safe_fd
    onexc(func, path, err)
  File "/opt/ohpc/pub/compiler/conda/latest/lib/python3.12/shutil.py", line 750, in onexc
    return onerror(func, path, exc_info)
           ^^^^^^^^^^^^^^^^^^^^^^^^^^^^^
OSError: [Errno 16] Device or resource busy: '/tmp/pymp-b6r_0e9s'
  File "/opt/ohpc/pub/compiler/conda/latest/lib/python3.12/shutil.py", line 700, in _rmtree_safe_fd
    onexc(os.unlink, fullname, err)
  File "/opt/ohpc/pub/compiler/conda/latest/lib/python3.12/shutil.py", line 750, in onexc
    return onerror(func, path, exc_info)
           ^^^^^^^^^^^^^^^^^^^^^^^^^^^^^
  File "/opt/ohpc/pub/compiler/conda/latest/lib/python3.12/multiprocessing/util.py", line 303, in _run_finalizers
    finalizer()
  File "/opt/ohpc/pub/compiler/conda/latest/lib/python3.12/shutil.py", line 698, in _rmtree_safe_fd
    os.unlink(entry.name, dir_fd=topfd)
  File "/opt/ohpc/pub/compiler/conda/latest/lib/python3.12/multiprocessing/util.py", line 227, in __call__
    res = self._callback(*self._args, **self._kwargs)
          ^^^^^^^^^^^^^^^^^^^^^^^^^^^^^^^^^^^^^^^^^^^
  File "/opt/ohpc/pub/compiler/conda/latest/lib/python3.12/multiprocessing/util.py", line 136, in _remove_temp_dir
    rmtree(tempdir, onerror=onerror)
  File "/opt/ohpc/pub/compiler/conda/latest/lib/python3.12/shutil.py", line 759, in rmtree
    _rmtree_safe_fd(stack, onexc)
OSError: [Errno 16] Device or resource busy: '/tmp/pymp-5_5l9ogq'
  File "/opt/ohpc/pub/compiler/conda/latest/lib/python3.12/shutil.py", line 703, in _rmtree_safe_fd
    onexc(func, path, err)
  File "/opt/ohpc/pub/compiler/conda/latest/lib/python3.12/shutil.py", line 750, in onexc
    return onerror(func, path, exc_info)
           ^^^^^^^^^^^^^^^^^^^^^^^^^^^^^
  File "/opt/ohpc/pub/compiler/conda/latest/lib/python3.12/shutil.py", line 700, in _rmtree_safe_fd
    onexc(os.unlink, fullname, err)
  File "/opt/ohpc/pub/compiler/conda/latest/lib/python3.12/shutil.py", line 750, in onexc
    return onerror(func, path, exc_info)
           ^^^^^^^^^^^^^^^^^^^^^^^^^^^^^
  File "/opt/ohpc/pub/compiler/conda/latest/lib/python3.12/shutil.py", line 698, in _rmtree_safe_fd
    os.unlink(entry.name, dir_fd=topfd)
OSError: [Errno 16] Device or resource busy: '/tmp/pymp-7wgw2fce'
Traceback (most recent call last):
  File "/opt/ohpc/pub/compiler/conda/latest/lib/python3.12/multiprocessing/util.py", line 303, in _run_finalizers
    finalizer()
  File "/opt/ohpc/pub/compiler/conda/latest/lib/python3.12/multiprocessing/util.py", line 227, in __call__
    res = self._callback(*self._args, **self._kwargs)
          ^^^^^^^^^^^^^^^^^^^^^^^^^^^^^^^^^^^^^^^^^^^
  File "/opt/ohpc/pub/compiler/conda/latest/lib/python3.12/multiprocessing/util.py", line 136, in _remove_temp_dir
    rmtree(tempdir, onerror=onerror)
  File "/opt/ohpc/pub/compiler/conda/latest/lib/python3.12/shutil.py", line 759, in rmtree
    _rmtree_safe_fd(stack, onexc)
  File "/opt/ohpc/pub/compiler/conda/latest/lib/python3.12/shutil.py", line 703, in _rmtree_safe_fd
    onexc(func, path, err)
  File "/opt/ohpc/pub/compiler/conda/latest/lib/python3.12/shutil.py", line 750, in onexc
    return onerror(func, path, exc_info)
           ^^^^^^^^^^^^^^^^^^^^^^^^^^^^^
  File "/opt/ohpc/pub/compiler/conda/latest/lib/python3.12/shutil.py", line 700, in _rmtree_safe_fd
    onexc(os.unlink, fullname, err)
  File "/opt/ohpc/pub/compiler/conda/latest/lib/python3.12/shutil.py", line 750, in onexc
    return onerror(func, path, exc_info)
           ^^^^^^^^^^^^^^^^^^^^^^^^^^^^^
  File "/opt/ohpc/pub/compiler/conda/latest/lib/python3.12/shutil.py", line 698, in _rmtree_safe_fd
    os.unlink(entry.name, dir_fd=topfd)
OSError: [Errno 16] Device or resource busy: '/tmp/pymp-9fk__sy6'
  File "/opt/ohpc/pub/compiler/conda/latest/lib/python3.12/multiprocessing/util.py", line 303, in _run_finalizers
    finalizer()
  File "/opt/ohpc/pub/compiler/conda/latest/lib/python3.12/multiprocessing/util.py", line 227, in __call__
    res = self._callback(*self._args, **self._kwargs)
          ^^^^^^^^^^^^^^^^^^^^^^^^^^^^^^^^^^^^^^^^^^^
  File "/opt/ohpc/pub/compiler/conda/latest/lib/python3.12/multiprocessing/util.py", line 136, in _remove_temp_dir
    rmtree(tempdir, onerror=onerror)
  File "/opt/ohpc/pub/compiler/conda/latest/lib/python3.12/shutil.py", line 759, in rmtree
    _rmtree_safe_fd(stack, onexc)
  File "/opt/ohpc/pub/compiler/conda/latest/lib/python3.12/shutil.py", line 703, in _rmtree_safe_fd
    onexc(func, path, err)
  File "/opt/ohpc/pub/compiler/conda/latest/lib/python3.12/shutil.py", line 750, in onexc
    return onerror(func, path, exc_info)
           ^^^^^^^^^^^^^^^^^^^^^^^^^^^^^
  File "/opt/ohpc/pub/compiler/conda/latest/lib/python3.12/shutil.py", line 700, in _rmtree_safe_fd
    onexc(os.unlink, fullname, err)
  File "/opt/ohpc/pub/compiler/conda/latest/lib/python3.12/shutil.py", line 750, in onexc
    return onerror(func, path, exc_info)
           ^^^^^^^^^^^^^^^^^^^^^^^^^^^^^
  File "/opt/ohpc/pub/compiler/conda/latest/lib/python3.12/shutil.py", line 698, in _rmtree_safe_fd
    os.unlink(entry.name, dir_fd=topfd)
OSError: [Errno 16] Device or resource busy: '/tmp/pymp-4mece8_v'
Traceback (most recent call last):
  File "/opt/ohpc/pub/compiler/conda/latest/lib/python3.12/multiprocessing/util.py", line 303, in _run_finalizers
    finalizer()
  File "/opt/ohpc/pub/compiler/conda/latest/lib/python3.12/multiprocessing/util.py", line 227, in __call__
    res = self._callback(*self._args, **self._kwargs)
          ^^^^^^^^^^^^^^^^^^^^^^^^^^^^^^^^^^^^^^^^^^^
  File "/opt/ohpc/pub/compiler/conda/latest/lib/python3.12/multiprocessing/util.py", line 136, in _remove_temp_dir
    rmtree(tempdir, onerror=onerror)
  File "/opt/ohpc/pub/compiler/conda/latest/lib/python3.12/shutil.py", line 759, in rmtree
    _rmtree_safe_fd(stack, onexc)
  File "/opt/ohpc/pub/compiler/conda/latest/lib/python3.12/shutil.py", line 703, in _rmtree_safe_fd
    onexc(func, path, err)
  File "/opt/ohpc/pub/compiler/conda/latest/lib/python3.12/shutil.py", line 750, in onexc
    return onerror(func, path, exc_info)
           ^^^^^^^^^^^^^^^^^^^^^^^^^^^^^
  File "/opt/ohpc/pub/compiler/conda/latest/lib/python3.12/shutil.py", line 700, in _rmtree_safe_fd
    onexc(os.unlink, fullname, err)
  File "/opt/ohpc/pub/compiler/conda/latest/lib/python3.12/shutil.py", line 750, in onexc
    return onerror(func, path, exc_info)
           ^^^^^^^^^^^^^^^^^^^^^^^^^^^^^
  File "/opt/ohpc/pub/compiler/conda/latest/lib/python3.12/shutil.py", line 698, in _rmtree_safe_fd
    os.unlink(entry.name, dir_fd=topfd)
OSError: [Errno 16] Device or resource busy: '/tmp/pymp-yxj1lt1h'
[val 002] loss=-0.0814 z_std=0.0480 rankme=75.436 lidar=46.928 areq=1.348 pr=2.25 align=0.5947 unif=-1.579 converged=False collapsed=False
  e003 it0000/62 lr=0.0009 loss=-0.1081 z_std=0.0639
  e003 it0010/62 lr=0.0010 loss=-0.0971 z_std=0.0640
  e003 it0020/62 lr=0.0010 loss=-0.0938 z_std=0.0641
  e003 it0030/62 lr=0.0011 loss=-0.0929 z_std=0.0640
  e003 it0040/62 lr=0.0011 loss=-0.0932 z_std=0.0640
  e003 it0050/62 lr=0.0012 loss=-0.0955 z_std=0.0640
  e003 it0060/62 lr=0.0012 loss=-0.0989 z_std=0.0640
[epoch 003] loss=-0.0995 z_std=0.0640 (healthy~0.0625) time=213.2s
Traceback (most recent call last):
Traceback (most recent call last):
Traceback (most recent call last):
Traceback (most recent call last):
Traceback (most recent call last):
Traceback (most recent call last):
Traceback (most recent call last):
Traceback (most recent call last):
Traceback (most recent call last):
  File "/opt/ohpc/pub/compiler/conda/latest/lib/python3.12/multiprocessing/util.py", line 303, in _run_finalizers
    finalizer()
  File "/opt/ohpc/pub/compiler/conda/latest/lib/python3.12/multiprocessing/util.py", line 227, in __call__
    res = self._callback(*self._args, **self._kwargs)
          ^^^^^^^^^^^^^^^^^^^^^^^^^^^^^^^^^^^^^^^^^^^
  File "/opt/ohpc/pub/compiler/conda/latest/lib/python3.12/multiprocessing/util.py", line 136, in _remove_temp_dir
    rmtree(tempdir, onerror=onerror)
  File "/opt/ohpc/pub/compiler/conda/latest/lib/python3.12/shutil.py", line 759, in rmtree
    _rmtree_safe_fd(stack, onexc)
  File "/opt/ohpc/pub/compiler/conda/latest/lib/python3.12/shutil.py", line 703, in _rmtree_safe_fd
    onexc(func, path, err)
  File "/opt/ohpc/pub/compiler/conda/latest/lib/python3.12/shutil.py", line 750, in onexc
    return onerror(func, path, exc_info)
           ^^^^^^^^^^^^^^^^^^^^^^^^^^^^^
  File "/opt/ohpc/pub/compiler/conda/latest/lib/python3.12/shutil.py", line 700, in _rmtree_safe_fd
    onexc(os.unlink, fullname, err)
  File "/opt/ohpc/pub/compiler/conda/latest/lib/python3.12/shutil.py", line 750, in onexc
    return onerror(func, path, exc_info)
           ^^^^^^^^^^^^^^^^^^^^^^^^^^^^^
  File "/opt/ohpc/pub/compiler/conda/latest/lib/python3.12/shutil.py", line 698, in _rmtree_safe_fd
    os.unlink(entry.name, dir_fd=topfd)
OSError: [Errno 16] Device or resource busy: '/tmp/pymp-ic_t1r6r'
  File "/opt/ohpc/pub/compiler/conda/latest/lib/python3.12/multiprocessing/util.py", line 303, in _run_finalizers
    finalizer()
  File "/opt/ohpc/pub/compiler/conda/latest/lib/python3.12/multiprocessing/util.py", line 303, in _run_finalizers
    finalizer()
  File "/opt/ohpc/pub/compiler/conda/latest/lib/python3.12/multiprocessing/util.py", line 227, in __call__
    res = self._callback(*self._args, **self._kwargs)
          ^^^^^^^^^^^^^^^^^^^^^^^^^^^^^^^^^^^^^^^^^^^
  File "/opt/ohpc/pub/compiler/conda/latest/lib/python3.12/multiprocessing/util.py", line 227, in __call__
    res = self._callback(*self._args, **self._kwargs)
          ^^^^^^^^^^^^^^^^^^^^^^^^^^^^^^^^^^^^^^^^^^^
  File "/opt/ohpc/pub/compiler/conda/latest/lib/python3.12/multiprocessing/util.py", line 136, in _remove_temp_dir
    rmtree(tempdir, onerror=onerror)
  File "/opt/ohpc/pub/compiler/conda/latest/lib/python3.12/multiprocessing/util.py", line 136, in _remove_temp_dir
    rmtree(tempdir, onerror=onerror)
  File "/opt/ohpc/pub/compiler/conda/latest/lib/python3.12/shutil.py", line 759, in rmtree
    _rmtree_safe_fd(stack, onexc)
  File "/opt/ohpc/pub/compiler/conda/latest/lib/python3.12/shutil.py", line 759, in rmtree
    _rmtree_safe_fd(stack, onexc)
  File "/opt/ohpc/pub/compiler/conda/latest/lib/python3.12/shutil.py", line 703, in _rmtree_safe_fd
    onexc(func, path, err)
  File "/opt/ohpc/pub/compiler/conda/latest/lib/python3.12/shutil.py", line 703, in _rmtree_safe_fd
    onexc(func, path, err)
  File "/opt/ohpc/pub/compiler/conda/latest/lib/python3.12/shutil.py", line 750, in onexc
    return onerror(func, path, exc_info)
           ^^^^^^^^^^^^^^^^^^^^^^^^^^^^^
  File "/opt/ohpc/pub/compiler/conda/latest/lib/python3.12/shutil.py", line 750, in onexc
    return onerror(func, path, exc_info)
           ^^^^^^^^^^^^^^^^^^^^^^^^^^^^^
  File "/opt/ohpc/pub/compiler/conda/latest/lib/python3.12/shutil.py", line 700, in _rmtree_safe_fd
    onexc(os.unlink, fullname, err)
  File "/opt/ohpc/pub/compiler/conda/latest/lib/python3.12/shutil.py", line 700, in _rmtree_safe_fd
    onexc(os.unlink, fullname, err)
  File "/opt/ohpc/pub/compiler/conda/latest/lib/python3.12/shutil.py", line 750, in onexc
    return onerror(func, path, exc_info)
           ^^^^^^^^^^^^^^^^^^^^^^^^^^^^^
  File "/opt/ohpc/pub/compiler/conda/latest/lib/python3.12/shutil.py", line 750, in onexc
    return onerror(func, path, exc_info)
           ^^^^^^^^^^^^^^^^^^^^^^^^^^^^^
  File "/opt/ohpc/pub/compiler/conda/latest/lib/python3.12/shutil.py", line 698, in _rmtree_safe_fd
    os.unlink(entry.name, dir_fd=topfd)
  File "/opt/ohpc/pub/compiler/conda/latest/lib/python3.12/shutil.py", line 698, in _rmtree_safe_fd
    os.unlink(entry.name, dir_fd=topfd)
  File "/opt/ohpc/pub/compiler/conda/latest/lib/python3.12/multiprocessing/util.py", line 303, in _run_finalizers
    finalizer()
  File "/opt/ohpc/pub/compiler/conda/latest/lib/python3.12/multiprocessing/util.py", line 303, in _run_finalizers
    finalizer()
  File "/opt/ohpc/pub/compiler/conda/latest/lib/python3.12/multiprocessing/util.py", line 227, in __call__
    res = self._callback(*self._args, **self._kwargs)
          ^^^^^^^^^^^^^^^^^^^^^^^^^^^^^^^^^^^^^^^^^^^
  File "/opt/ohpc/pub/compiler/conda/latest/lib/python3.12/multiprocessing/util.py", line 136, in _remove_temp_dir
    rmtree(tempdir, onerror=onerror)
OSError: [Errno 16] Device or resource busy: '/tmp/pymp-1phk2hvs'
  File "/opt/ohpc/pub/compiler/conda/latest/lib/python3.12/multiprocessing/util.py", line 227, in __call__
    res = self._callback(*self._args, **self._kwargs)
          ^^^^^^^^^^^^^^^^^^^^^^^^^^^^^^^^^^^^^^^^^^^
OSError: [Errno 16] Device or resource busy: '/tmp/pymp-k5xt0h1q'
  File "/opt/ohpc/pub/compiler/conda/latest/lib/python3.12/shutil.py", line 759, in rmtree
    _rmtree_safe_fd(stack, onexc)
  File "/opt/ohpc/pub/compiler/conda/latest/lib/python3.12/multiprocessing/util.py", line 136, in _remove_temp_dir
    rmtree(tempdir, onerror=onerror)
  File "/opt/ohpc/pub/compiler/conda/latest/lib/python3.12/shutil.py", line 703, in _rmtree_safe_fd
    onexc(func, path, err)
  File "/opt/ohpc/pub/compiler/conda/latest/lib/python3.12/shutil.py", line 759, in rmtree
    _rmtree_safe_fd(stack, onexc)
  File "/opt/ohpc/pub/compiler/conda/latest/lib/python3.12/shutil.py", line 750, in onexc
    return onerror(func, path, exc_info)
           ^^^^^^^^^^^^^^^^^^^^^^^^^^^^^
  File "/opt/ohpc/pub/compiler/conda/latest/lib/python3.12/shutil.py", line 703, in _rmtree_safe_fd
    onexc(func, path, err)
  File "/opt/ohpc/pub/compiler/conda/latest/lib/python3.12/shutil.py", line 700, in _rmtree_safe_fd
    onexc(os.unlink, fullname, err)
  File "/opt/ohpc/pub/compiler/conda/latest/lib/python3.12/shutil.py", line 750, in onexc
    return onerror(func, path, exc_info)
           ^^^^^^^^^^^^^^^^^^^^^^^^^^^^^
  File "/opt/ohpc/pub/compiler/conda/latest/lib/python3.12/shutil.py", line 750, in onexc
    return onerror(func, path, exc_info)
           ^^^^^^^^^^^^^^^^^^^^^^^^^^^^^
  File "/opt/ohpc/pub/compiler/conda/latest/lib/python3.12/shutil.py", line 700, in _rmtree_safe_fd
    onexc(os.unlink, fullname, err)
  File "/opt/ohpc/pub/compiler/conda/latest/lib/python3.12/shutil.py", line 698, in _rmtree_safe_fd
    os.unlink(entry.name, dir_fd=topfd)
  File "/opt/ohpc/pub/compiler/conda/latest/lib/python3.12/shutil.py", line 750, in onexc
    return onerror(func, path, exc_info)
           ^^^^^^^^^^^^^^^^^^^^^^^^^^^^^
  File "/opt/ohpc/pub/compiler/conda/latest/lib/python3.12/shutil.py", line 698, in _rmtree_safe_fd
    os.unlink(entry.name, dir_fd=topfd)
  File "/opt/ohpc/pub/compiler/conda/latest/lib/python3.12/multiprocessing/util.py", line 303, in _run_finalizers
    finalizer()
OSError: [Errno 16] Device or resource busy: '/tmp/pymp-4d0gjbrq'
OSError: [Errno 16] Device or resource busy: '/tmp/pymp-l4cy7dxa'
  File "/opt/ohpc/pub/compiler/conda/latest/lib/python3.12/multiprocessing/util.py", line 303, in _run_finalizers
    finalizer()
  File "/opt/ohpc/pub/compiler/conda/latest/lib/python3.12/multiprocessing/util.py", line 303, in _run_finalizers
    finalizer()
  File "/opt/ohpc/pub/compiler/conda/latest/lib/python3.12/multiprocessing/util.py", line 227, in __call__
    res = self._callback(*self._args, **self._kwargs)
          ^^^^^^^^^^^^^^^^^^^^^^^^^^^^^^^^^^^^^^^^^^^
  File "/opt/ohpc/pub/compiler/conda/latest/lib/python3.12/multiprocessing/util.py", line 227, in __call__
    res = self._callback(*self._args, **self._kwargs)
          ^^^^^^^^^^^^^^^^^^^^^^^^^^^^^^^^^^^^^^^^^^^
  File "/opt/ohpc/pub/compiler/conda/latest/lib/python3.12/multiprocessing/util.py", line 303, in _run_finalizers
    finalizer()
  File "/opt/ohpc/pub/compiler/conda/latest/lib/python3.12/multiprocessing/util.py", line 136, in _remove_temp_dir
    rmtree(tempdir, onerror=onerror)
  File "/opt/ohpc/pub/compiler/conda/latest/lib/python3.12/multiprocessing/util.py", line 136, in _remove_temp_dir
    rmtree(tempdir, onerror=onerror)
  File "/opt/ohpc/pub/compiler/conda/latest/lib/python3.12/multiprocessing/util.py", line 227, in __call__
    res = self._callback(*self._args, **self._kwargs)
          ^^^^^^^^^^^^^^^^^^^^^^^^^^^^^^^^^^^^^^^^^^^
  File "/opt/ohpc/pub/compiler/conda/latest/lib/python3.12/shutil.py", line 759, in rmtree
    _rmtree_safe_fd(stack, onexc)
  File "/opt/ohpc/pub/compiler/conda/latest/lib/python3.12/shutil.py", line 703, in _rmtree_safe_fd
    onexc(func, path, err)
  File "/opt/ohpc/pub/compiler/conda/latest/lib/python3.12/shutil.py", line 759, in rmtree
    _rmtree_safe_fd(stack, onexc)
  File "/opt/ohpc/pub/compiler/conda/latest/lib/python3.12/multiprocessing/util.py", line 136, in _remove_temp_dir
    rmtree(tempdir, onerror=onerror)
  File "/opt/ohpc/pub/compiler/conda/latest/lib/python3.12/multiprocessing/util.py", line 227, in __call__
    res = self._callback(*self._args, **self._kwargs)
          ^^^^^^^^^^^^^^^^^^^^^^^^^^^^^^^^^^^^^^^^^^^
  File "/opt/ohpc/pub/compiler/conda/latest/lib/python3.12/shutil.py", line 750, in onexc
    return onerror(func, path, exc_info)
           ^^^^^^^^^^^^^^^^^^^^^^^^^^^^^
  File "/opt/ohpc/pub/compiler/conda/latest/lib/python3.12/shutil.py", line 703, in _rmtree_safe_fd
    onexc(func, path, err)
  File "/opt/ohpc/pub/compiler/conda/latest/lib/python3.12/multiprocessing/util.py", line 136, in _remove_temp_dir
    rmtree(tempdir, onerror=onerror)
  File "/opt/ohpc/pub/compiler/conda/latest/lib/python3.12/shutil.py", line 759, in rmtree
    _rmtree_safe_fd(stack, onexc)
  File "/opt/ohpc/pub/compiler/conda/latest/lib/python3.12/shutil.py", line 700, in _rmtree_safe_fd
    onexc(os.unlink, fullname, err)
  File "/opt/ohpc/pub/compiler/conda/latest/lib/python3.12/shutil.py", line 750, in onexc
    return onerror(func, path, exc_info)
           ^^^^^^^^^^^^^^^^^^^^^^^^^^^^^
  File "/opt/ohpc/pub/compiler/conda/latest/lib/python3.12/shutil.py", line 703, in _rmtree_safe_fd
    onexc(func, path, err)
  File "/opt/ohpc/pub/compiler/conda/latest/lib/python3.12/shutil.py", line 759, in rmtree
    _rmtree_safe_fd(stack, onexc)
  File "/opt/ohpc/pub/compiler/conda/latest/lib/python3.12/shutil.py", line 750, in onexc
    return onerror(func, path, exc_info)
           ^^^^^^^^^^^^^^^^^^^^^^^^^^^^^
  File "/opt/ohpc/pub/compiler/conda/latest/lib/python3.12/shutil.py", line 700, in _rmtree_safe_fd
    onexc(os.unlink, fullname, err)
  File "/opt/ohpc/pub/compiler/conda/latest/lib/python3.12/shutil.py", line 750, in onexc
    return onerror(func, path, exc_info)
           ^^^^^^^^^^^^^^^^^^^^^^^^^^^^^
  File "/opt/ohpc/pub/compiler/conda/latest/lib/python3.12/shutil.py", line 703, in _rmtree_safe_fd
    onexc(func, path, err)
  File "/opt/ohpc/pub/compiler/conda/latest/lib/python3.12/shutil.py", line 750, in onexc
    return onerror(func, path, exc_info)
           ^^^^^^^^^^^^^^^^^^^^^^^^^^^^^
  File "/opt/ohpc/pub/compiler/conda/latest/lib/python3.12/shutil.py", line 750, in onexc
    return onerror(func, path, exc_info)
           ^^^^^^^^^^^^^^^^^^^^^^^^^^^^^
  File "/opt/ohpc/pub/compiler/conda/latest/lib/python3.12/shutil.py", line 698, in _rmtree_safe_fd
    os.unlink(entry.name, dir_fd=topfd)
  File "/opt/ohpc/pub/compiler/conda/latest/lib/python3.12/shutil.py", line 698, in _rmtree_safe_fd
    os.unlink(entry.name, dir_fd=topfd)
  File "/opt/ohpc/pub/compiler/conda/latest/lib/python3.12/shutil.py", line 700, in _rmtree_safe_fd
    onexc(os.unlink, fullname, err)
  File "/opt/ohpc/pub/compiler/conda/latest/lib/python3.12/shutil.py", line 700, in _rmtree_safe_fd
    onexc(os.unlink, fullname, err)
  File "/opt/ohpc/pub/compiler/conda/latest/lib/python3.12/shutil.py", line 750, in onexc
    return onerror(func, path, exc_info)
           ^^^^^^^^^^^^^^^^^^^^^^^^^^^^^
  File "/opt/ohpc/pub/compiler/conda/latest/lib/python3.12/shutil.py", line 750, in onexc
    return onerror(func, path, exc_info)
           ^^^^^^^^^^^^^^^^^^^^^^^^^^^^^
  File "/opt/ohpc/pub/compiler/conda/latest/lib/python3.12/shutil.py", line 698, in _rmtree_safe_fd
    os.unlink(entry.name, dir_fd=topfd)
  File "/opt/ohpc/pub/compiler/conda/latest/lib/python3.12/shutil.py", line 698, in _rmtree_safe_fd
    os.unlink(entry.name, dir_fd=topfd)
OSError: [Errno 16] Device or resource busy: '/tmp/pymp-7hpvzxgo'
OSError: [Errno 16] Device or resource busy: '/tmp/pymp-0kdu5l8x'
OSError: [Errno 16] Device or resource busy: '/tmp/pymp-g1ygo1ll'
OSError: [Errno 16] Device or resource busy: '/tmp/pymp-m81qsa60'
Traceback (most recent call last):
  File "/opt/ohpc/pub/compiler/conda/latest/lib/python3.12/multiprocessing/util.py", line 303, in _run_finalizers
    finalizer()
  File "/opt/ohpc/pub/compiler/conda/latest/lib/python3.12/multiprocessing/util.py", line 227, in __call__
    res = self._callback(*self._args, **self._kwargs)
          ^^^^^^^^^^^^^^^^^^^^^^^^^^^^^^^^^^^^^^^^^^^
  File "/opt/ohpc/pub/compiler/conda/latest/lib/python3.12/multiprocessing/util.py", line 136, in _remove_temp_dir
    rmtree(tempdir, onerror=onerror)
  File "/opt/ohpc/pub/compiler/conda/latest/lib/python3.12/shutil.py", line 759, in rmtree
    _rmtree_safe_fd(stack, onexc)
  File "/opt/ohpc/pub/compiler/conda/latest/lib/python3.12/shutil.py", line 703, in _rmtree_safe_fd
    onexc(func, path, err)
  File "/opt/ohpc/pub/compiler/conda/latest/lib/python3.12/shutil.py", line 750, in onexc
    return onerror(func, path, exc_info)
           ^^^^^^^^^^^^^^^^^^^^^^^^^^^^^
  File "/opt/ohpc/pub/compiler/conda/latest/lib/python3.12/shutil.py", line 700, in _rmtree_safe_fd
    onexc(os.unlink, fullname, err)
  File "/opt/ohpc/pub/compiler/conda/latest/lib/python3.12/shutil.py", line 750, in onexc
    return onerror(func, path, exc_info)
           ^^^^^^^^^^^^^^^^^^^^^^^^^^^^^
  File "/opt/ohpc/pub/compiler/conda/latest/lib/python3.12/shutil.py", line 698, in _rmtree_safe_fd
    os.unlink(entry.name, dir_fd=topfd)
OSError: [Errno 16] Device or resource busy: '/tmp/pymp-a4y8q3_7'
Traceback (most recent call last):
Traceback (most recent call last):
Traceback (most recent call last):
  File "/opt/ohpc/pub/compiler/conda/latest/lib/python3.12/multiprocessing/util.py", line 303, in _run_finalizers
    finalizer()
  File "/opt/ohpc/pub/compiler/conda/latest/lib/python3.12/multiprocessing/util.py", line 227, in __call__
    res = self._callback(*self._args, **self._kwargs)
          ^^^^^^^^^^^^^^^^^^^^^^^^^^^^^^^^^^^^^^^^^^^
  File "/opt/ohpc/pub/compiler/conda/latest/lib/python3.12/multiprocessing/util.py", line 136, in _remove_temp_dir
    rmtree(tempdir, onerror=onerror)
  File "/opt/ohpc/pub/compiler/conda/latest/lib/python3.12/shutil.py", line 759, in rmtree
    _rmtree_safe_fd(stack, onexc)
  File "/opt/ohpc/pub/compiler/conda/latest/lib/python3.12/shutil.py", line 703, in _rmtree_safe_fd
    onexc(func, path, err)
  File "/opt/ohpc/pub/compiler/conda/latest/lib/python3.12/shutil.py", line 750, in onexc
    return onerror(func, path, exc_info)
           ^^^^^^^^^^^^^^^^^^^^^^^^^^^^^
  File "/opt/ohpc/pub/compiler/conda/latest/lib/python3.12/shutil.py", line 700, in _rmtree_safe_fd
    onexc(os.unlink, fullname, err)
  File "/opt/ohpc/pub/compiler/conda/latest/lib/python3.12/shutil.py", line 750, in onexc
    return onerror(func, path, exc_info)
           ^^^^^^^^^^^^^^^^^^^^^^^^^^^^^
  File "/opt/ohpc/pub/compiler/conda/latest/lib/python3.12/shutil.py", line 698, in _rmtree_safe_fd
    os.unlink(entry.name, dir_fd=topfd)
  File "/opt/ohpc/pub/compiler/conda/latest/lib/python3.12/multiprocessing/util.py", line 303, in _run_finalizers
    finalizer()
  File "/opt/ohpc/pub/compiler/conda/latest/lib/python3.12/multiprocessing/util.py", line 303, in _run_finalizers
    finalizer()
  File "/opt/ohpc/pub/compiler/conda/latest/lib/python3.12/multiprocessing/util.py", line 227, in __call__
    res = self._callback(*self._args, **self._kwargs)
          ^^^^^^^^^^^^^^^^^^^^^^^^^^^^^^^^^^^^^^^^^^^
OSError: [Errno 16] Device or resource busy: '/tmp/pymp-worfwj2a'
  File "/opt/ohpc/pub/compiler/conda/latest/lib/python3.12/multiprocessing/util.py", line 136, in _remove_temp_dir
    rmtree(tempdir, onerror=onerror)
  File "/opt/ohpc/pub/compiler/conda/latest/lib/python3.12/shutil.py", line 759, in rmtree
    _rmtree_safe_fd(stack, onexc)
  File "/opt/ohpc/pub/compiler/conda/latest/lib/python3.12/shutil.py", line 703, in _rmtree_safe_fd
    onexc(func, path, err)
  File "/opt/ohpc/pub/compiler/conda/latest/lib/python3.12/shutil.py", line 750, in onexc
    return onerror(func, path, exc_info)
           ^^^^^^^^^^^^^^^^^^^^^^^^^^^^^
  File "/opt/ohpc/pub/compiler/conda/latest/lib/python3.12/shutil.py", line 700, in _rmtree_safe_fd
    onexc(os.unlink, fullname, err)
  File "/opt/ohpc/pub/compiler/conda/latest/lib/python3.12/shutil.py", line 750, in onexc
    return onerror(func, path, exc_info)
           ^^^^^^^^^^^^^^^^^^^^^^^^^^^^^
  File "/opt/ohpc/pub/compiler/conda/latest/lib/python3.12/multiprocessing/util.py", line 227, in __call__
    res = self._callback(*self._args, **self._kwargs)
          ^^^^^^^^^^^^^^^^^^^^^^^^^^^^^^^^^^^^^^^^^^^
  File "/opt/ohpc/pub/compiler/conda/latest/lib/python3.12/shutil.py", line 698, in _rmtree_safe_fd
    os.unlink(entry.name, dir_fd=topfd)
  File "/opt/ohpc/pub/compiler/conda/latest/lib/python3.12/multiprocessing/util.py", line 136, in _remove_temp_dir
    rmtree(tempdir, onerror=onerror)
  File "/opt/ohpc/pub/compiler/conda/latest/lib/python3.12/shutil.py", line 759, in rmtree
    _rmtree_safe_fd(stack, onexc)
  File "/opt/ohpc/pub/compiler/conda/latest/lib/python3.12/shutil.py", line 703, in _rmtree_safe_fd
    onexc(func, path, err)
  File "/opt/ohpc/pub/compiler/conda/latest/lib/python3.12/shutil.py", line 750, in onexc
    return onerror(func, path, exc_info)
           ^^^^^^^^^^^^^^^^^^^^^^^^^^^^^
  File "/opt/ohpc/pub/compiler/conda/latest/lib/python3.12/shutil.py", line 700, in _rmtree_safe_fd
    onexc(os.unlink, fullname, err)
OSError: [Errno 16] Device or resource busy: '/tmp/pymp-okt4cogz'
  File "/opt/ohpc/pub/compiler/conda/latest/lib/python3.12/shutil.py", line 750, in onexc
    return onerror(func, path, exc_info)
           ^^^^^^^^^^^^^^^^^^^^^^^^^^^^^
  File "/opt/ohpc/pub/compiler/conda/latest/lib/python3.12/shutil.py", line 698, in _rmtree_safe_fd
    os.unlink(entry.name, dir_fd=topfd)
OSError: [Errno 16] Device or resource busy: '/tmp/pymp-eoykv70x'
Traceback (most recent call last):
Traceback (most recent call last):
Traceback (most recent call last):
Traceback (most recent call last):
Traceback (most recent call last):
Traceback (most recent call last):
Traceback (most recent call last):
  File "/opt/ohpc/pub/compiler/conda/latest/lib/python3.12/multiprocessing/util.py", line 303, in _run_finalizers
    finalizer()
  File "/opt/ohpc/pub/compiler/conda/latest/lib/python3.12/multiprocessing/util.py", line 303, in _run_finalizers
    finalizer()
  File "/opt/ohpc/pub/compiler/conda/latest/lib/python3.12/multiprocessing/util.py", line 227, in __call__
    res = self._callback(*self._args, **self._kwargs)
          ^^^^^^^^^^^^^^^^^^^^^^^^^^^^^^^^^^^^^^^^^^^
  File "/opt/ohpc/pub/compiler/conda/latest/lib/python3.12/multiprocessing/util.py", line 227, in __call__
    res = self._callback(*self._args, **self._kwargs)
          ^^^^^^^^^^^^^^^^^^^^^^^^^^^^^^^^^^^^^^^^^^^
  File "/opt/ohpc/pub/compiler/conda/latest/lib/python3.12/multiprocessing/util.py", line 136, in _remove_temp_dir
    rmtree(tempdir, onerror=onerror)
  File "/opt/ohpc/pub/compiler/conda/latest/lib/python3.12/multiprocessing/util.py", line 136, in _remove_temp_dir
    rmtree(tempdir, onerror=onerror)
  File "/opt/ohpc/pub/compiler/conda/latest/lib/python3.12/shutil.py", line 759, in rmtree
    _rmtree_safe_fd(stack, onexc)
  File "/opt/ohpc/pub/compiler/conda/latest/lib/python3.12/shutil.py", line 759, in rmtree
    _rmtree_safe_fd(stack, onexc)
  File "/opt/ohpc/pub/compiler/conda/latest/lib/python3.12/shutil.py", line 703, in _rmtree_safe_fd
    onexc(func, path, err)
  File "/opt/ohpc/pub/compiler/conda/latest/lib/python3.12/shutil.py", line 703, in _rmtree_safe_fd
    onexc(func, path, err)
  File "/opt/ohpc/pub/compiler/conda/latest/lib/python3.12/shutil.py", line 750, in onexc
    return onerror(func, path, exc_info)
           ^^^^^^^^^^^^^^^^^^^^^^^^^^^^^
  File "/opt/ohpc/pub/compiler/conda/latest/lib/python3.12/shutil.py", line 750, in onexc
    return onerror(func, path, exc_info)
           ^^^^^^^^^^^^^^^^^^^^^^^^^^^^^
  File "/opt/ohpc/pub/compiler/conda/latest/lib/python3.12/shutil.py", line 700, in _rmtree_safe_fd
    onexc(os.unlink, fullname, err)
  File "/opt/ohpc/pub/compiler/conda/latest/lib/python3.12/shutil.py", line 700, in _rmtree_safe_fd
    onexc(os.unlink, fullname, err)
  File "/opt/ohpc/pub/compiler/conda/latest/lib/python3.12/shutil.py", line 750, in onexc
    return onerror(func, path, exc_info)
           ^^^^^^^^^^^^^^^^^^^^^^^^^^^^^
  File "/opt/ohpc/pub/compiler/conda/latest/lib/python3.12/shutil.py", line 750, in onexc
    return onerror(func, path, exc_info)
           ^^^^^^^^^^^^^^^^^^^^^^^^^^^^^
  File "/opt/ohpc/pub/compiler/conda/latest/lib/python3.12/shutil.py", line 698, in _rmtree_safe_fd
    os.unlink(entry.name, dir_fd=topfd)
  File "/opt/ohpc/pub/compiler/conda/latest/lib/python3.12/shutil.py", line 698, in _rmtree_safe_fd
    os.unlink(entry.name, dir_fd=topfd)
OSError: [Errno 16] Device or resource busy: '/tmp/pymp-v6jlykou'
OSError: [Errno 16] Device or resource busy: '/tmp/pymp-1ywmz18f'
  File "/opt/ohpc/pub/compiler/conda/latest/lib/python3.12/multiprocessing/util.py", line 303, in _run_finalizers
    finalizer()
  File "/opt/ohpc/pub/compiler/conda/latest/lib/python3.12/multiprocessing/util.py", line 227, in __call__
    res = self._callback(*self._args, **self._kwargs)
          ^^^^^^^^^^^^^^^^^^^^^^^^^^^^^^^^^^^^^^^^^^^
  File "/opt/ohpc/pub/compiler/conda/latest/lib/python3.12/multiprocessing/util.py", line 136, in _remove_temp_dir
    rmtree(tempdir, onerror=onerror)
  File "/opt/ohpc/pub/compiler/conda/latest/lib/python3.12/shutil.py", line 759, in rmtree
    _rmtree_safe_fd(stack, onexc)
  File "/opt/ohpc/pub/compiler/conda/latest/lib/python3.12/shutil.py", line 703, in _rmtree_safe_fd
    onexc(func, path, err)
  File "/opt/ohpc/pub/compiler/conda/latest/lib/python3.12/shutil.py", line 750, in onexc
    return onerror(func, path, exc_info)
           ^^^^^^^^^^^^^^^^^^^^^^^^^^^^^
  File "/opt/ohpc/pub/compiler/conda/latest/lib/python3.12/shutil.py", line 700, in _rmtree_safe_fd
    onexc(os.unlink, fullname, err)
  File "/opt/ohpc/pub/compiler/conda/latest/lib/python3.12/shutil.py", line 750, in onexc
    return onerror(func, path, exc_info)
           ^^^^^^^^^^^^^^^^^^^^^^^^^^^^^
  File "/opt/ohpc/pub/compiler/conda/latest/lib/python3.12/shutil.py", line 698, in _rmtree_safe_fd
    os.unlink(entry.name, dir_fd=topfd)
OSError: [Errno 16] Device or resource busy: '/tmp/pymp-v2si1ohe'
  File "/opt/ohpc/pub/compiler/conda/latest/lib/python3.12/multiprocessing/util.py", line 303, in _run_finalizers
    finalizer()
  File "/opt/ohpc/pub/compiler/conda/latest/lib/python3.12/multiprocessing/util.py", line 227, in __call__
    res = self._callback(*self._args, **self._kwargs)
          ^^^^^^^^^^^^^^^^^^^^^^^^^^^^^^^^^^^^^^^^^^^
  File "/opt/ohpc/pub/compiler/conda/latest/lib/python3.12/multiprocessing/util.py", line 136, in _remove_temp_dir
    rmtree(tempdir, onerror=onerror)
  File "/opt/ohpc/pub/compiler/conda/latest/lib/python3.12/shutil.py", line 759, in rmtree
    _rmtree_safe_fd(stack, onexc)
  File "/opt/ohpc/pub/compiler/conda/latest/lib/python3.12/shutil.py", line 703, in _rmtree_safe_fd
    onexc(func, path, err)
  File "/opt/ohpc/pub/compiler/conda/latest/lib/python3.12/shutil.py", line 750, in onexc
    return onerror(func, path, exc_info)
           ^^^^^^^^^^^^^^^^^^^^^^^^^^^^^
  File "/opt/ohpc/pub/compiler/conda/latest/lib/python3.12/shutil.py", line 700, in _rmtree_safe_fd
    onexc(os.unlink, fullname, err)
  File "/opt/ohpc/pub/compiler/conda/latest/lib/python3.12/multiprocessing/util.py", line 303, in _run_finalizers
    finalizer()
  File "/opt/ohpc/pub/compiler/conda/latest/lib/python3.12/shutil.py", line 750, in onexc
    return onerror(func, path, exc_info)
           ^^^^^^^^^^^^^^^^^^^^^^^^^^^^^
  File "/opt/ohpc/pub/compiler/conda/latest/lib/python3.12/shutil.py", line 698, in _rmtree_safe_fd
    os.unlink(entry.name, dir_fd=topfd)
  File "/opt/ohpc/pub/compiler/conda/latest/lib/python3.12/multiprocessing/util.py", line 227, in __call__
    res = self._callback(*self._args, **self._kwargs)
          ^^^^^^^^^^^^^^^^^^^^^^^^^^^^^^^^^^^^^^^^^^^
  File "/opt/ohpc/pub/compiler/conda/latest/lib/python3.12/multiprocessing/util.py", line 136, in _remove_temp_dir
    rmtree(tempdir, onerror=onerror)
OSError: [Errno 16] Device or resource busy: '/tmp/pymp-yr4zo1pe'
  File "/opt/ohpc/pub/compiler/conda/latest/lib/python3.12/shutil.py", line 759, in rmtree
    _rmtree_safe_fd(stack, onexc)
  File "/opt/ohpc/pub/compiler/conda/latest/lib/python3.12/shutil.py", line 703, in _rmtree_safe_fd
    onexc(func, path, err)
  File "/opt/ohpc/pub/compiler/conda/latest/lib/python3.12/shutil.py", line 750, in onexc
    return onerror(func, path, exc_info)
           ^^^^^^^^^^^^^^^^^^^^^^^^^^^^^
  File "/opt/ohpc/pub/compiler/conda/latest/lib/python3.12/shutil.py", line 700, in _rmtree_safe_fd
    onexc(os.unlink, fullname, err)
  File "/opt/ohpc/pub/compiler/conda/latest/lib/python3.12/shutil.py", line 750, in onexc
    return onerror(func, path, exc_info)
           ^^^^^^^^^^^^^^^^^^^^^^^^^^^^^
  File "/opt/ohpc/pub/compiler/conda/latest/lib/python3.12/shutil.py", line 698, in _rmtree_safe_fd
    os.unlink(entry.name, dir_fd=topfd)
OSError: [Errno 16] Device or resource busy: '/tmp/pymp-t0sqvf8_'
  File "/opt/ohpc/pub/compiler/conda/latest/lib/python3.12/multiprocessing/util.py", line 303, in _run_finalizers
    finalizer()
  File "/opt/ohpc/pub/compiler/conda/latest/lib/python3.12/multiprocessing/util.py", line 227, in __call__
    res = self._callback(*self._args, **self._kwargs)
          ^^^^^^^^^^^^^^^^^^^^^^^^^^^^^^^^^^^^^^^^^^^
  File "/opt/ohpc/pub/compiler/conda/latest/lib/python3.12/multiprocessing/util.py", line 136, in _remove_temp_dir
    rmtree(tempdir, onerror=onerror)
  File "/opt/ohpc/pub/compiler/conda/latest/lib/python3.12/multiprocessing/util.py", line 303, in _run_finalizers
    finalizer()
  File "/opt/ohpc/pub/compiler/conda/latest/lib/python3.12/shutil.py", line 759, in rmtree
    _rmtree_safe_fd(stack, onexc)
  File "/opt/ohpc/pub/compiler/conda/latest/lib/python3.12/shutil.py", line 703, in _rmtree_safe_fd
    onexc(func, path, err)
  File "/opt/ohpc/pub/compiler/conda/latest/lib/python3.12/shutil.py", line 750, in onexc
    return onerror(func, path, exc_info)
           ^^^^^^^^^^^^^^^^^^^^^^^^^^^^^
  File "/opt/ohpc/pub/compiler/conda/latest/lib/python3.12/shutil.py", line 700, in _rmtree_safe_fd
    onexc(os.unlink, fullname, err)
  File "/opt/ohpc/pub/compiler/conda/latest/lib/python3.12/shutil.py", line 750, in onexc
    return onerror(func, path, exc_info)
           ^^^^^^^^^^^^^^^^^^^^^^^^^^^^^
  File "/opt/ohpc/pub/compiler/conda/latest/lib/python3.12/shutil.py", line 698, in _rmtree_safe_fd
    os.unlink(entry.name, dir_fd=topfd)
  File "/opt/ohpc/pub/compiler/conda/latest/lib/python3.12/multiprocessing/util.py", line 227, in __call__
    res = self._callback(*self._args, **self._kwargs)
          ^^^^^^^^^^^^^^^^^^^^^^^^^^^^^^^^^^^^^^^^^^^
  File "/opt/ohpc/pub/compiler/conda/latest/lib/python3.12/multiprocessing/util.py", line 136, in _remove_temp_dir
    rmtree(tempdir, onerror=onerror)
OSError: [Errno 16] Device or resource busy: '/tmp/pymp-t_bj6hrg'
  File "/opt/ohpc/pub/compiler/conda/latest/lib/python3.12/shutil.py", line 759, in rmtree
    _rmtree_safe_fd(stack, onexc)
  File "/opt/ohpc/pub/compiler/conda/latest/lib/python3.12/shutil.py", line 703, in _rmtree_safe_fd
    onexc(func, path, err)
  File "/opt/ohpc/pub/compiler/conda/latest/lib/python3.12/shutil.py", line 750, in onexc
    return onerror(func, path, exc_info)
           ^^^^^^^^^^^^^^^^^^^^^^^^^^^^^
  File "/opt/ohpc/pub/compiler/conda/latest/lib/python3.12/shutil.py", line 700, in _rmtree_safe_fd
    onexc(os.unlink, fullname, err)
  File "/opt/ohpc/pub/compiler/conda/latest/lib/python3.12/shutil.py", line 750, in onexc
    return onerror(func, path, exc_info)
           ^^^^^^^^^^^^^^^^^^^^^^^^^^^^^
  File "/opt/ohpc/pub/compiler/conda/latest/lib/python3.12/shutil.py", line 698, in _rmtree_safe_fd
    os.unlink(entry.name, dir_fd=topfd)
OSError: [Errno 16] Device or resource busy: '/tmp/pymp-fkf5zior'
Traceback (most recent call last):
Traceback (most recent call last):
Traceback (most recent call last):
Traceback (most recent call last):
  File "/opt/ohpc/pub/compiler/conda/latest/lib/python3.12/multiprocessing/util.py", line 303, in _run_finalizers
    finalizer()
  File "/opt/ohpc/pub/compiler/conda/latest/lib/python3.12/multiprocessing/util.py", line 227, in __call__
    res = self._callback(*self._args, **self._kwargs)
          ^^^^^^^^^^^^^^^^^^^^^^^^^^^^^^^^^^^^^^^^^^^
  File "/opt/ohpc/pub/compiler/conda/latest/lib/python3.12/multiprocessing/util.py", line 136, in _remove_temp_dir
    rmtree(tempdir, onerror=onerror)
  File "/opt/ohpc/pub/compiler/conda/latest/lib/python3.12/shutil.py", line 759, in rmtree
    _rmtree_safe_fd(stack, onexc)
  File "/opt/ohpc/pub/compiler/conda/latest/lib/python3.12/shutil.py", line 703, in _rmtree_safe_fd
    onexc(func, path, err)
  File "/opt/ohpc/pub/compiler/conda/latest/lib/python3.12/shutil.py", line 750, in onexc
    return onerror(func, path, exc_info)
           ^^^^^^^^^^^^^^^^^^^^^^^^^^^^^
  File "/opt/ohpc/pub/compiler/conda/latest/lib/python3.12/shutil.py", line 700, in _rmtree_safe_fd
    onexc(os.unlink, fullname, err)
  File "/opt/ohpc/pub/compiler/conda/latest/lib/python3.12/shutil.py", line 750, in onexc
    return onerror(func, path, exc_info)
           ^^^^^^^^^^^^^^^^^^^^^^^^^^^^^
  File "/opt/ohpc/pub/compiler/conda/latest/lib/python3.12/shutil.py", line 698, in _rmtree_safe_fd
    os.unlink(entry.name, dir_fd=topfd)
Traceback (most recent call last):
OSError: [Errno 16] Device or resource busy: '/tmp/pymp-mwsg1xke'
  File "/opt/ohpc/pub/compiler/conda/latest/lib/python3.12/multiprocessing/util.py", line 303, in _run_finalizers
    finalizer()
  File "/opt/ohpc/pub/compiler/conda/latest/lib/python3.12/multiprocessing/util.py", line 227, in __call__
    res = self._callback(*self._args, **self._kwargs)
          ^^^^^^^^^^^^^^^^^^^^^^^^^^^^^^^^^^^^^^^^^^^
  File "/opt/ohpc/pub/compiler/conda/latest/lib/python3.12/multiprocessing/util.py", line 136, in _remove_temp_dir
    rmtree(tempdir, onerror=onerror)
  File "/opt/ohpc/pub/compiler/conda/latest/lib/python3.12/multiprocessing/util.py", line 303, in _run_finalizers
    finalizer()
  File "/opt/ohpc/pub/compiler/conda/latest/lib/python3.12/shutil.py", line 759, in rmtree
    _rmtree_safe_fd(stack, onexc)
  File "/opt/ohpc/pub/compiler/conda/latest/lib/python3.12/shutil.py", line 703, in _rmtree_safe_fd
    onexc(func, path, err)
  File "/opt/ohpc/pub/compiler/conda/latest/lib/python3.12/multiprocessing/util.py", line 227, in __call__
    res = self._callback(*self._args, **self._kwargs)
          ^^^^^^^^^^^^^^^^^^^^^^^^^^^^^^^^^^^^^^^^^^^
  File "/opt/ohpc/pub/compiler/conda/latest/lib/python3.12/shutil.py", line 750, in onexc
    return onerror(func, path, exc_info)
           ^^^^^^^^^^^^^^^^^^^^^^^^^^^^^
  File "/opt/ohpc/pub/compiler/conda/latest/lib/python3.12/multiprocessing/util.py", line 136, in _remove_temp_dir
    rmtree(tempdir, onerror=onerror)
  File "/opt/ohpc/pub/compiler/conda/latest/lib/python3.12/shutil.py", line 700, in _rmtree_safe_fd
    onexc(os.unlink, fullname, err)
  File "/opt/ohpc/pub/compiler/conda/latest/lib/python3.12/shutil.py", line 759, in rmtree
    _rmtree_safe_fd(stack, onexc)
  File "/opt/ohpc/pub/compiler/conda/latest/lib/python3.12/shutil.py", line 750, in onexc
    return onerror(func, path, exc_info)
           ^^^^^^^^^^^^^^^^^^^^^^^^^^^^^
  File "/opt/ohpc/pub/compiler/conda/latest/lib/python3.12/multiprocessing/util.py", line 303, in _run_finalizers
    finalizer()
  File "/opt/ohpc/pub/compiler/conda/latest/lib/python3.12/shutil.py", line 698, in _rmtree_safe_fd
    os.unlink(entry.name, dir_fd=topfd)
  File "/opt/ohpc/pub/compiler/conda/latest/lib/python3.12/shutil.py", line 703, in _rmtree_safe_fd
    onexc(func, path, err)
  File "/opt/ohpc/pub/compiler/conda/latest/lib/python3.12/multiprocessing/util.py", line 227, in __call__
    res = self._callback(*self._args, **self._kwargs)
          ^^^^^^^^^^^^^^^^^^^^^^^^^^^^^^^^^^^^^^^^^^^
  File "/opt/ohpc/pub/compiler/conda/latest/lib/python3.12/shutil.py", line 750, in onexc
    return onerror(func, path, exc_info)
           ^^^^^^^^^^^^^^^^^^^^^^^^^^^^^
  File "/opt/ohpc/pub/compiler/conda/latest/lib/python3.12/multiprocessing/util.py", line 136, in _remove_temp_dir
    rmtree(tempdir, onerror=onerror)
  File "/opt/ohpc/pub/compiler/conda/latest/lib/python3.12/shutil.py", line 700, in _rmtree_safe_fd
    onexc(os.unlink, fullname, err)
  File "/opt/ohpc/pub/compiler/conda/latest/lib/python3.12/shutil.py", line 759, in rmtree
    _rmtree_safe_fd(stack, onexc)
  File "/opt/ohpc/pub/compiler/conda/latest/lib/python3.12/shutil.py", line 750, in onexc
    return onerror(func, path, exc_info)
           ^^^^^^^^^^^^^^^^^^^^^^^^^^^^^
  File "/opt/ohpc/pub/compiler/conda/latest/lib/python3.12/shutil.py", line 703, in _rmtree_safe_fd
    onexc(func, path, err)
  File "/opt/ohpc/pub/compiler/conda/latest/lib/python3.12/shutil.py", line 698, in _rmtree_safe_fd
    os.unlink(entry.name, dir_fd=topfd)
  File "/opt/ohpc/pub/compiler/conda/latest/lib/python3.12/shutil.py", line 750, in onexc
    return onerror(func, path, exc_info)
           ^^^^^^^^^^^^^^^^^^^^^^^^^^^^^
OSError: [Errno 16] Device or resource busy: '/tmp/pymp-cw33484z'
  File "/opt/ohpc/pub/compiler/conda/latest/lib/python3.12/shutil.py", line 700, in _rmtree_safe_fd
    onexc(os.unlink, fullname, err)
  File "/opt/ohpc/pub/compiler/conda/latest/lib/python3.12/shutil.py", line 750, in onexc
    return onerror(func, path, exc_info)
           ^^^^^^^^^^^^^^^^^^^^^^^^^^^^^
  File "/opt/ohpc/pub/compiler/conda/latest/lib/python3.12/shutil.py", line 698, in _rmtree_safe_fd
    os.unlink(entry.name, dir_fd=topfd)
OSError: [Errno 16] Device or resource busy: '/tmp/pymp-qqr1_lh3'
OSError: [Errno 16] Device or resource busy: '/tmp/pymp-vpau5tcx'
Traceback (most recent call last):
  File "/opt/ohpc/pub/compiler/conda/latest/lib/python3.12/multiprocessing/util.py", line 303, in _run_finalizers
    finalizer()
  File "/opt/ohpc/pub/compiler/conda/latest/lib/python3.12/multiprocessing/util.py", line 227, in __call__
    res = self._callback(*self._args, **self._kwargs)
          ^^^^^^^^^^^^^^^^^^^^^^^^^^^^^^^^^^^^^^^^^^^
  File "/opt/ohpc/pub/compiler/conda/latest/lib/python3.12/multiprocessing/util.py", line 136, in _remove_temp_dir
    rmtree(tempdir, onerror=onerror)
  File "/opt/ohpc/pub/compiler/conda/latest/lib/python3.12/shutil.py", line 759, in rmtree
    _rmtree_safe_fd(stack, onexc)
  File "/opt/ohpc/pub/compiler/conda/latest/lib/python3.12/shutil.py", line 703, in _rmtree_safe_fd
    onexc(func, path, err)
  File "/opt/ohpc/pub/compiler/conda/latest/lib/python3.12/shutil.py", line 750, in onexc
    return onerror(func, path, exc_info)
           ^^^^^^^^^^^^^^^^^^^^^^^^^^^^^
  File "/opt/ohpc/pub/compiler/conda/latest/lib/python3.12/shutil.py", line 700, in _rmtree_safe_fd
    onexc(os.unlink, fullname, err)
  File "/opt/ohpc/pub/compiler/conda/latest/lib/python3.12/shutil.py", line 750, in onexc
    return onerror(func, path, exc_info)
           ^^^^^^^^^^^^^^^^^^^^^^^^^^^^^
  File "/opt/ohpc/pub/compiler/conda/latest/lib/python3.12/shutil.py", line 698, in _rmtree_safe_fd
    os.unlink(entry.name, dir_fd=topfd)
OSError: [Errno 16] Device or resource busy: '/tmp/pymp-z4h2c12i'
Traceback (most recent call last):
  File "/opt/ohpc/pub/compiler/conda/latest/lib/python3.12/multiprocessing/util.py", line 303, in _run_finalizers
    finalizer()
  File "/opt/ohpc/pub/compiler/conda/latest/lib/python3.12/multiprocessing/util.py", line 227, in __call__
    res = self._callback(*self._args, **self._kwargs)
          ^^^^^^^^^^^^^^^^^^^^^^^^^^^^^^^^^^^^^^^^^^^
  File "/opt/ohpc/pub/compiler/conda/latest/lib/python3.12/multiprocessing/util.py", line 136, in _remove_temp_dir
    rmtree(tempdir, onerror=onerror)
  File "/opt/ohpc/pub/compiler/conda/latest/lib/python3.12/shutil.py", line 759, in rmtree
    _rmtree_safe_fd(stack, onexc)
  File "/opt/ohpc/pub/compiler/conda/latest/lib/python3.12/shutil.py", line 703, in _rmtree_safe_fd
    onexc(func, path, err)
  File "/opt/ohpc/pub/compiler/conda/latest/lib/python3.12/shutil.py", line 750, in onexc
    return onerror(func, path, exc_info)
           ^^^^^^^^^^^^^^^^^^^^^^^^^^^^^
  File "/opt/ohpc/pub/compiler/conda/latest/lib/python3.12/shutil.py", line 700, in _rmtree_safe_fd
    onexc(os.unlink, fullname, err)
  File "/opt/ohpc/pub/compiler/conda/latest/lib/python3.12/shutil.py", line 750, in onexc
    return onerror(func, path, exc_info)
           ^^^^^^^^^^^^^^^^^^^^^^^^^^^^^
  File "/opt/ohpc/pub/compiler/conda/latest/lib/python3.12/shutil.py", line 698, in _rmtree_safe_fd
    os.unlink(entry.name, dir_fd=topfd)
OSError: [Errno 16] Device or resource busy: '/tmp/pymp-wh63yv39'
  File "/opt/ohpc/pub/compiler/conda/latest/lib/python3.12/multiprocessing/util.py", line 303, in _run_finalizers
    finalizer()
  File "/opt/ohpc/pub/compiler/conda/latest/lib/python3.12/multiprocessing/util.py", line 227, in __call__
    res = self._callback(*self._args, **self._kwargs)
          ^^^^^^^^^^^^^^^^^^^^^^^^^^^^^^^^^^^^^^^^^^^
  File "/opt/ohpc/pub/compiler/conda/latest/lib/python3.12/multiprocessing/util.py", line 136, in _remove_temp_dir
    rmtree(tempdir, onerror=onerror)
  File "/opt/ohpc/pub/compiler/conda/latest/lib/python3.12/shutil.py", line 759, in rmtree
    _rmtree_safe_fd(stack, onexc)
  File "/opt/ohpc/pub/compiler/conda/latest/lib/python3.12/shutil.py", line 703, in _rmtree_safe_fd
    onexc(func, path, err)
  File "/opt/ohpc/pub/compiler/conda/latest/lib/python3.12/shutil.py", line 750, in onexc
    return onerror(func, path, exc_info)
           ^^^^^^^^^^^^^^^^^^^^^^^^^^^^^
  File "/opt/ohpc/pub/compiler/conda/latest/lib/python3.12/shutil.py", line 700, in _rmtree_safe_fd
    onexc(os.unlink, fullname, err)
  File "/opt/ohpc/pub/compiler/conda/latest/lib/python3.12/shutil.py", line 750, in onexc
    return onerror(func, path, exc_info)
           ^^^^^^^^^^^^^^^^^^^^^^^^^^^^^
  File "/opt/ohpc/pub/compiler/conda/latest/lib/python3.12/shutil.py", line 698, in _rmtree_safe_fd
    os.unlink(entry.name, dir_fd=topfd)
OSError: [Errno 16] Device or resource busy: '/tmp/pymp-iqr_9l2g'
Traceback (most recent call last):
  File "/opt/ohpc/pub/compiler/conda/latest/lib/python3.12/multiprocessing/util.py", line 303, in _run_finalizers
    finalizer()
  File "/opt/ohpc/pub/compiler/conda/latest/lib/python3.12/multiprocessing/util.py", line 227, in __call__
    res = self._callback(*self._args, **self._kwargs)
          ^^^^^^^^^^^^^^^^^^^^^^^^^^^^^^^^^^^^^^^^^^^
  File "/opt/ohpc/pub/compiler/conda/latest/lib/python3.12/multiprocessing/util.py", line 136, in _remove_temp_dir
    rmtree(tempdir, onerror=onerror)
Traceback (most recent call last):
  File "/opt/ohpc/pub/compiler/conda/latest/lib/python3.12/shutil.py", line 759, in rmtree
    _rmtree_safe_fd(stack, onexc)
  File "/opt/ohpc/pub/compiler/conda/latest/lib/python3.12/shutil.py", line 703, in _rmtree_safe_fd
    onexc(func, path, err)
  File "/opt/ohpc/pub/compiler/conda/latest/lib/python3.12/shutil.py", line 750, in onexc
    return onerror(func, path, exc_info)
           ^^^^^^^^^^^^^^^^^^^^^^^^^^^^^
  File "/opt/ohpc/pub/compiler/conda/latest/lib/python3.12/shutil.py", line 700, in _rmtree_safe_fd
    onexc(os.unlink, fullname, err)
  File "/opt/ohpc/pub/compiler/conda/latest/lib/python3.12/shutil.py", line 750, in onexc
    return onerror(func, path, exc_info)
           ^^^^^^^^^^^^^^^^^^^^^^^^^^^^^
  File "/opt/ohpc/pub/compiler/conda/latest/lib/python3.12/shutil.py", line 698, in _rmtree_safe_fd
    os.unlink(entry.name, dir_fd=topfd)
OSError: [Errno 16] Device or resource busy: '/tmp/pymp-u66x3n43'
  File "/opt/ohpc/pub/compiler/conda/latest/lib/python3.12/multiprocessing/util.py", line 303, in _run_finalizers
    finalizer()
  File "/opt/ohpc/pub/compiler/conda/latest/lib/python3.12/multiprocessing/util.py", line 227, in __call__
    res = self._callback(*self._args, **self._kwargs)
          ^^^^^^^^^^^^^^^^^^^^^^^^^^^^^^^^^^^^^^^^^^^
  File "/opt/ohpc/pub/compiler/conda/latest/lib/python3.12/multiprocessing/util.py", line 136, in _remove_temp_dir
    rmtree(tempdir, onerror=onerror)
  File "/opt/ohpc/pub/compiler/conda/latest/lib/python3.12/shutil.py", line 759, in rmtree
    _rmtree_safe_fd(stack, onexc)
  File "/opt/ohpc/pub/compiler/conda/latest/lib/python3.12/shutil.py", line 703, in _rmtree_safe_fd
    onexc(func, path, err)
  File "/opt/ohpc/pub/compiler/conda/latest/lib/python3.12/shutil.py", line 750, in onexc
    return onerror(func, path, exc_info)
           ^^^^^^^^^^^^^^^^^^^^^^^^^^^^^
  File "/opt/ohpc/pub/compiler/conda/latest/lib/python3.12/shutil.py", line 700, in _rmtree_safe_fd
    onexc(os.unlink, fullname, err)
  File "/opt/ohpc/pub/compiler/conda/latest/lib/python3.12/shutil.py", line 750, in onexc
    return onerror(func, path, exc_info)
           ^^^^^^^^^^^^^^^^^^^^^^^^^^^^^
  File "/opt/ohpc/pub/compiler/conda/latest/lib/python3.12/shutil.py", line 698, in _rmtree_safe_fd
    os.unlink(entry.name, dir_fd=topfd)
OSError: [Errno 16] Device or resource busy: '/tmp/pymp-68bkwijz'
Traceback (most recent call last):
  File "/opt/ohpc/pub/compiler/conda/latest/lib/python3.12/multiprocessing/util.py", line 303, in _run_finalizers
    finalizer()
  File "/opt/ohpc/pub/compiler/conda/latest/lib/python3.12/multiprocessing/util.py", line 227, in __call__
    res = self._callback(*self._args, **self._kwargs)
          ^^^^^^^^^^^^^^^^^^^^^^^^^^^^^^^^^^^^^^^^^^^
  File "/opt/ohpc/pub/compiler/conda/latest/lib/python3.12/multiprocessing/util.py", line 136, in _remove_temp_dir
    rmtree(tempdir, onerror=onerror)
  File "/opt/ohpc/pub/compiler/conda/latest/lib/python3.12/shutil.py", line 759, in rmtree
    _rmtree_safe_fd(stack, onexc)
  File "/opt/ohpc/pub/compiler/conda/latest/lib/python3.12/shutil.py", line 703, in _rmtree_safe_fd
    onexc(func, path, err)
  File "/opt/ohpc/pub/compiler/conda/latest/lib/python3.12/shutil.py", line 750, in onexc
    return onerror(func, path, exc_info)
           ^^^^^^^^^^^^^^^^^^^^^^^^^^^^^
  File "/opt/ohpc/pub/compiler/conda/latest/lib/python3.12/shutil.py", line 700, in _rmtree_safe_fd
    onexc(os.unlink, fullname, err)
  File "/opt/ohpc/pub/compiler/conda/latest/lib/python3.12/shutil.py", line 750, in onexc
    return onerror(func, path, exc_info)
           ^^^^^^^^^^^^^^^^^^^^^^^^^^^^^
  File "/opt/ohpc/pub/compiler/conda/latest/lib/python3.12/shutil.py", line 698, in _rmtree_safe_fd
    os.unlink(entry.name, dir_fd=topfd)
OSError: [Errno 16] Device or resource busy: '/tmp/pymp-i7_0efo8'
[val 003] loss=-0.1094 z_std=0.0476 rankme=69.460 lidar=48.095 areq=1.404 pr=2.11 align=0.5087 unif=-1.500 converged=False collapsed=False
  e004 it0000/62 lr=0.0013 loss=-0.0875 z_std=0.0641
  e004 it0010/62 lr=0.0013 loss=-0.1132 z_std=0.0638
  e004 it0020/62 lr=0.0014 loss=-0.1189 z_std=0.0639
  e004 it0030/62 lr=0.0014 loss=-0.1259 z_std=0.0639
  e004 it0040/62 lr=0.0015 loss=-0.1334 z_std=0.0638
  e004 it0050/62 lr=0.0015 loss=-0.1384 z_std=0.0638
  e004 it0060/62 lr=0.0016 loss=-0.1454 z_std=0.0638
[epoch 004] loss=-0.1446 z_std=0.0638 (healthy~0.0625) time=192.2s
Traceback (most recent call last):
Traceback (most recent call last):
Traceback (most recent call last):
Traceback (most recent call last):
Traceback (most recent call last):
  File "/opt/ohpc/pub/compiler/conda/latest/lib/python3.12/multiprocessing/util.py", line 303, in _run_finalizers
    finalizer()
  File "/opt/ohpc/pub/compiler/conda/latest/lib/python3.12/multiprocessing/util.py", line 227, in __call__
    res = self._callback(*self._args, **self._kwargs)
          ^^^^^^^^^^^^^^^^^^^^^^^^^^^^^^^^^^^^^^^^^^^
  File "/opt/ohpc/pub/compiler/conda/latest/lib/python3.12/multiprocessing/util.py", line 136, in _remove_temp_dir
    rmtree(tempdir, onerror=onerror)
  File "/opt/ohpc/pub/compiler/conda/latest/lib/python3.12/shutil.py", line 759, in rmtree
    _rmtree_safe_fd(stack, onexc)
  File "/opt/ohpc/pub/compiler/conda/latest/lib/python3.12/shutil.py", line 703, in _rmtree_safe_fd
    onexc(func, path, err)
  File "/opt/ohpc/pub/compiler/conda/latest/lib/python3.12/shutil.py", line 750, in onexc
    return onerror(func, path, exc_info)
           ^^^^^^^^^^^^^^^^^^^^^^^^^^^^^
  File "/opt/ohpc/pub/compiler/conda/latest/lib/python3.12/shutil.py", line 700, in _rmtree_safe_fd
    onexc(os.unlink, fullname, err)
  File "/opt/ohpc/pub/compiler/conda/latest/lib/python3.12/shutil.py", line 750, in onexc
    return onerror(func, path, exc_info)
           ^^^^^^^^^^^^^^^^^^^^^^^^^^^^^
  File "/opt/ohpc/pub/compiler/conda/latest/lib/python3.12/shutil.py", line 698, in _rmtree_safe_fd
    os.unlink(entry.name, dir_fd=topfd)
OSError: [Errno 16] Device or resource busy: '/tmp/pymp-t3ne_qf8'
Traceback (most recent call last):
Traceback (most recent call last):
  File "/opt/ohpc/pub/compiler/conda/latest/lib/python3.12/multiprocessing/util.py", line 303, in _run_finalizers
    finalizer()
  File "/opt/ohpc/pub/compiler/conda/latest/lib/python3.12/multiprocessing/util.py", line 303, in _run_finalizers
    finalizer()
Traceback (most recent call last):
  File "/opt/ohpc/pub/compiler/conda/latest/lib/python3.12/multiprocessing/util.py", line 227, in __call__
    res = self._callback(*self._args, **self._kwargs)
          ^^^^^^^^^^^^^^^^^^^^^^^^^^^^^^^^^^^^^^^^^^^
  File "/opt/ohpc/pub/compiler/conda/latest/lib/python3.12/multiprocessing/util.py", line 227, in __call__
    res = self._callback(*self._args, **self._kwargs)
          ^^^^^^^^^^^^^^^^^^^^^^^^^^^^^^^^^^^^^^^^^^^
  File "/opt/ohpc/pub/compiler/conda/latest/lib/python3.12/multiprocessing/util.py", line 136, in _remove_temp_dir
    rmtree(tempdir, onerror=onerror)
  File "/opt/ohpc/pub/compiler/conda/latest/lib/python3.12/multiprocessing/util.py", line 136, in _remove_temp_dir
    rmtree(tempdir, onerror=onerror)
  File "/opt/ohpc/pub/compiler/conda/latest/lib/python3.12/shutil.py", line 759, in rmtree
    _rmtree_safe_fd(stack, onexc)
  File "/opt/ohpc/pub/compiler/conda/latest/lib/python3.12/shutil.py", line 759, in rmtree
    _rmtree_safe_fd(stack, onexc)
  File "/opt/ohpc/pub/compiler/conda/latest/lib/python3.12/shutil.py", line 703, in _rmtree_safe_fd
    onexc(func, path, err)
  File "/opt/ohpc/pub/compiler/conda/latest/lib/python3.12/shutil.py", line 703, in _rmtree_safe_fd
    onexc(func, path, err)
  File "/opt/ohpc/pub/compiler/conda/latest/lib/python3.12/shutil.py", line 750, in onexc
    return onerror(func, path, exc_info)
           ^^^^^^^^^^^^^^^^^^^^^^^^^^^^^
  File "/opt/ohpc/pub/compiler/conda/latest/lib/python3.12/shutil.py", line 750, in onexc
    return onerror(func, path, exc_info)
           ^^^^^^^^^^^^^^^^^^^^^^^^^^^^^
  File "/opt/ohpc/pub/compiler/conda/latest/lib/python3.12/shutil.py", line 700, in _rmtree_safe_fd
    onexc(os.unlink, fullname, err)
  File "/opt/ohpc/pub/compiler/conda/latest/lib/python3.12/shutil.py", line 700, in _rmtree_safe_fd
    onexc(os.unlink, fullname, err)
  File "/opt/ohpc/pub/compiler/conda/latest/lib/python3.12/shutil.py", line 750, in onexc
    return onerror(func, path, exc_info)
           ^^^^^^^^^^^^^^^^^^^^^^^^^^^^^
  File "/opt/ohpc/pub/compiler/conda/latest/lib/python3.12/shutil.py", line 750, in onexc
    return onerror(func, path, exc_info)
           ^^^^^^^^^^^^^^^^^^^^^^^^^^^^^
  File "/opt/ohpc/pub/compiler/conda/latest/lib/python3.12/shutil.py", line 698, in _rmtree_safe_fd
    os.unlink(entry.name, dir_fd=topfd)
  File "/opt/ohpc/pub/compiler/conda/latest/lib/python3.12/shutil.py", line 698, in _rmtree_safe_fd
    os.unlink(entry.name, dir_fd=topfd)
OSError: [Errno 16] Device or resource busy: '/tmp/pymp-n1i76snx'
OSError: [Errno 16] Device or resource busy: '/tmp/pymp-u3fdkgj0'
Traceback (most recent call last):
  File "/opt/ohpc/pub/compiler/conda/latest/lib/python3.12/multiprocessing/util.py", line 303, in _run_finalizers
    finalizer()
  File "/opt/ohpc/pub/compiler/conda/latest/lib/python3.12/multiprocessing/util.py", line 303, in _run_finalizers
    finalizer()
  File "/opt/ohpc/pub/compiler/conda/latest/lib/python3.12/multiprocessing/util.py", line 227, in __call__
    res = self._callback(*self._args, **self._kwargs)
          ^^^^^^^^^^^^^^^^^^^^^^^^^^^^^^^^^^^^^^^^^^^
  File "/opt/ohpc/pub/compiler/conda/latest/lib/python3.12/multiprocessing/util.py", line 136, in _remove_temp_dir
    rmtree(tempdir, onerror=onerror)
  File "/opt/ohpc/pub/compiler/conda/latest/lib/python3.12/shutil.py", line 759, in rmtree
    _rmtree_safe_fd(stack, onexc)
  File "/opt/ohpc/pub/compiler/conda/latest/lib/python3.12/multiprocessing/util.py", line 227, in __call__
    res = self._callback(*self._args, **self._kwargs)
          ^^^^^^^^^^^^^^^^^^^^^^^^^^^^^^^^^^^^^^^^^^^
  File "/opt/ohpc/pub/compiler/conda/latest/lib/python3.12/shutil.py", line 703, in _rmtree_safe_fd
    onexc(func, path, err)
  File "/opt/ohpc/pub/compiler/conda/latest/lib/python3.12/multiprocessing/util.py", line 136, in _remove_temp_dir
    rmtree(tempdir, onerror=onerror)
  File "/opt/ohpc/pub/compiler/conda/latest/lib/python3.12/shutil.py", line 750, in onexc
    return onerror(func, path, exc_info)
           ^^^^^^^^^^^^^^^^^^^^^^^^^^^^^
  File "/opt/ohpc/pub/compiler/conda/latest/lib/python3.12/shutil.py", line 700, in _rmtree_safe_fd
    onexc(os.unlink, fullname, err)
  File "/opt/ohpc/pub/compiler/conda/latest/lib/python3.12/shutil.py", line 759, in rmtree
    _rmtree_safe_fd(stack, onexc)
  File "/opt/ohpc/pub/compiler/conda/latest/lib/python3.12/shutil.py", line 750, in onexc
    return onerror(func, path, exc_info)
           ^^^^^^^^^^^^^^^^^^^^^^^^^^^^^
  File "/opt/ohpc/pub/compiler/conda/latest/lib/python3.12/shutil.py", line 703, in _rmtree_safe_fd
    onexc(func, path, err)
  File "/opt/ohpc/pub/compiler/conda/latest/lib/python3.12/shutil.py", line 698, in _rmtree_safe_fd
    os.unlink(entry.name, dir_fd=topfd)
  File "/opt/ohpc/pub/compiler/conda/latest/lib/python3.12/shutil.py", line 750, in onexc
    return onerror(func, path, exc_info)
           ^^^^^^^^^^^^^^^^^^^^^^^^^^^^^
  File "/opt/ohpc/pub/compiler/conda/latest/lib/python3.12/shutil.py", line 700, in _rmtree_safe_fd
    onexc(os.unlink, fullname, err)
  File "/opt/ohpc/pub/compiler/conda/latest/lib/python3.12/shutil.py", line 750, in onexc
    return onerror(func, path, exc_info)
           ^^^^^^^^^^^^^^^^^^^^^^^^^^^^^
  File "/opt/ohpc/pub/compiler/conda/latest/lib/python3.12/shutil.py", line 698, in _rmtree_safe_fd
    os.unlink(entry.name, dir_fd=topfd)
OSError: [Errno 16] Device or resource busy: '/tmp/pymp-u02ku1bl'
OSError: [Errno 16] Device or resource busy: '/tmp/pymp-e3yccmhd'
  File "/opt/ohpc/pub/compiler/conda/latest/lib/python3.12/multiprocessing/util.py", line 303, in _run_finalizers
    finalizer()
  File "/opt/ohpc/pub/compiler/conda/latest/lib/python3.12/multiprocessing/util.py", line 227, in __call__
    res = self._callback(*self._args, **self._kwargs)
          ^^^^^^^^^^^^^^^^^^^^^^^^^^^^^^^^^^^^^^^^^^^
Traceback (most recent call last):
  File "/opt/ohpc/pub/compiler/conda/latest/lib/python3.12/multiprocessing/util.py", line 136, in _remove_temp_dir
    rmtree(tempdir, onerror=onerror)
  File "/opt/ohpc/pub/compiler/conda/latest/lib/python3.12/shutil.py", line 759, in rmtree
    _rmtree_safe_fd(stack, onexc)
  File "/opt/ohpc/pub/compiler/conda/latest/lib/python3.12/shutil.py", line 703, in _rmtree_safe_fd
    onexc(func, path, err)
  File "/opt/ohpc/pub/compiler/conda/latest/lib/python3.12/shutil.py", line 750, in onexc
    return onerror(func, path, exc_info)
           ^^^^^^^^^^^^^^^^^^^^^^^^^^^^^
  File "/opt/ohpc/pub/compiler/conda/latest/lib/python3.12/shutil.py", line 700, in _rmtree_safe_fd
    onexc(os.unlink, fullname, err)
  File "/opt/ohpc/pub/compiler/conda/latest/lib/python3.12/shutil.py", line 750, in onexc
    return onerror(func, path, exc_info)
           ^^^^^^^^^^^^^^^^^^^^^^^^^^^^^
  File "/opt/ohpc/pub/compiler/conda/latest/lib/python3.12/shutil.py", line 698, in _rmtree_safe_fd
    os.unlink(entry.name, dir_fd=topfd)
OSError: [Errno 16] Device or resource busy: '/tmp/pymp-t_j3i3o3'
  File "/opt/ohpc/pub/compiler/conda/latest/lib/python3.12/multiprocessing/util.py", line 303, in _run_finalizers
    finalizer()
  File "/opt/ohpc/pub/compiler/conda/latest/lib/python3.12/multiprocessing/util.py", line 227, in __call__
    res = self._callback(*self._args, **self._kwargs)
          ^^^^^^^^^^^^^^^^^^^^^^^^^^^^^^^^^^^^^^^^^^^
  File "/opt/ohpc/pub/compiler/conda/latest/lib/python3.12/multiprocessing/util.py", line 136, in _remove_temp_dir
    rmtree(tempdir, onerror=onerror)
  File "/opt/ohpc/pub/compiler/conda/latest/lib/python3.12/shutil.py", line 759, in rmtree
    _rmtree_safe_fd(stack, onexc)
  File "/opt/ohpc/pub/compiler/conda/latest/lib/python3.12/shutil.py", line 703, in _rmtree_safe_fd
    onexc(func, path, err)
  File "/opt/ohpc/pub/compiler/conda/latest/lib/python3.12/shutil.py", line 750, in onexc
    return onerror(func, path, exc_info)
           ^^^^^^^^^^^^^^^^^^^^^^^^^^^^^
  File "/opt/ohpc/pub/compiler/conda/latest/lib/python3.12/shutil.py", line 700, in _rmtree_safe_fd
    onexc(os.unlink, fullname, err)
  File "/opt/ohpc/pub/compiler/conda/latest/lib/python3.12/shutil.py", line 750, in onexc
    return onerror(func, path, exc_info)
           ^^^^^^^^^^^^^^^^^^^^^^^^^^^^^
  File "/opt/ohpc/pub/compiler/conda/latest/lib/python3.12/shutil.py", line 698, in _rmtree_safe_fd
    os.unlink(entry.name, dir_fd=topfd)
OSError: [Errno 16] Device or resource busy: '/tmp/pymp-f7pi2t4w'
  File "/opt/ohpc/pub/compiler/conda/latest/lib/python3.12/multiprocessing/util.py", line 303, in _run_finalizers
    finalizer()
  File "/opt/ohpc/pub/compiler/conda/latest/lib/python3.12/multiprocessing/util.py", line 227, in __call__
    res = self._callback(*self._args, **self._kwargs)
          ^^^^^^^^^^^^^^^^^^^^^^^^^^^^^^^^^^^^^^^^^^^
  File "/opt/ohpc/pub/compiler/conda/latest/lib/python3.12/multiprocessing/util.py", line 136, in _remove_temp_dir
    rmtree(tempdir, onerror=onerror)
  File "/opt/ohpc/pub/compiler/conda/latest/lib/python3.12/shutil.py", line 759, in rmtree
    _rmtree_safe_fd(stack, onexc)
  File "/opt/ohpc/pub/compiler/conda/latest/lib/python3.12/shutil.py", line 703, in _rmtree_safe_fd
    onexc(func, path, err)
  File "/opt/ohpc/pub/compiler/conda/latest/lib/python3.12/multiprocessing/util.py", line 303, in _run_finalizers
    finalizer()
  File "/opt/ohpc/pub/compiler/conda/latest/lib/python3.12/shutil.py", line 750, in onexc
    return onerror(func, path, exc_info)
           ^^^^^^^^^^^^^^^^^^^^^^^^^^^^^
  File "/opt/ohpc/pub/compiler/conda/latest/lib/python3.12/shutil.py", line 700, in _rmtree_safe_fd
    onexc(os.unlink, fullname, err)
  File "/opt/ohpc/pub/compiler/conda/latest/lib/python3.12/shutil.py", line 750, in onexc
    return onerror(func, path, exc_info)
           ^^^^^^^^^^^^^^^^^^^^^^^^^^^^^
  File "/opt/ohpc/pub/compiler/conda/latest/lib/python3.12/shutil.py", line 698, in _rmtree_safe_fd
    os.unlink(entry.name, dir_fd=topfd)
  File "/opt/ohpc/pub/compiler/conda/latest/lib/python3.12/multiprocessing/util.py", line 227, in __call__
    res = self._callback(*self._args, **self._kwargs)
          ^^^^^^^^^^^^^^^^^^^^^^^^^^^^^^^^^^^^^^^^^^^
  File "/opt/ohpc/pub/compiler/conda/latest/lib/python3.12/multiprocessing/util.py", line 136, in _remove_temp_dir
    rmtree(tempdir, onerror=onerror)
OSError: [Errno 16] Device or resource busy: '/tmp/pymp-knm1pqxw'
  File "/opt/ohpc/pub/compiler/conda/latest/lib/python3.12/shutil.py", line 759, in rmtree
    _rmtree_safe_fd(stack, onexc)
  File "/opt/ohpc/pub/compiler/conda/latest/lib/python3.12/shutil.py", line 703, in _rmtree_safe_fd
    onexc(func, path, err)
  File "/opt/ohpc/pub/compiler/conda/latest/lib/python3.12/shutil.py", line 750, in onexc
    return onerror(func, path, exc_info)
           ^^^^^^^^^^^^^^^^^^^^^^^^^^^^^
  File "/opt/ohpc/pub/compiler/conda/latest/lib/python3.12/shutil.py", line 700, in _rmtree_safe_fd
    onexc(os.unlink, fullname, err)
  File "/opt/ohpc/pub/compiler/conda/latest/lib/python3.12/shutil.py", line 750, in onexc
    return onerror(func, path, exc_info)
           ^^^^^^^^^^^^^^^^^^^^^^^^^^^^^
  File "/opt/ohpc/pub/compiler/conda/latest/lib/python3.12/shutil.py", line 698, in _rmtree_safe_fd
    os.unlink(entry.name, dir_fd=topfd)
OSError: [Errno 16] Device or resource busy: '/tmp/pymp-6li23np5'
  File "/opt/ohpc/pub/compiler/conda/latest/lib/python3.12/multiprocessing/util.py", line 303, in _run_finalizers
    finalizer()
  File "/opt/ohpc/pub/compiler/conda/latest/lib/python3.12/multiprocessing/util.py", line 227, in __call__
    res = self._callback(*self._args, **self._kwargs)
          ^^^^^^^^^^^^^^^^^^^^^^^^^^^^^^^^^^^^^^^^^^^
  File "/opt/ohpc/pub/compiler/conda/latest/lib/python3.12/multiprocessing/util.py", line 136, in _remove_temp_dir
    rmtree(tempdir, onerror=onerror)
  File "/opt/ohpc/pub/compiler/conda/latest/lib/python3.12/shutil.py", line 759, in rmtree
    _rmtree_safe_fd(stack, onexc)
  File "/opt/ohpc/pub/compiler/conda/latest/lib/python3.12/shutil.py", line 703, in _rmtree_safe_fd
    onexc(func, path, err)
  File "/opt/ohpc/pub/compiler/conda/latest/lib/python3.12/shutil.py", line 750, in onexc
    return onerror(func, path, exc_info)
           ^^^^^^^^^^^^^^^^^^^^^^^^^^^^^
  File "/opt/ohpc/pub/compiler/conda/latest/lib/python3.12/shutil.py", line 700, in _rmtree_safe_fd
    onexc(os.unlink, fullname, err)
  File "/opt/ohpc/pub/compiler/conda/latest/lib/python3.12/shutil.py", line 750, in onexc
    return onerror(func, path, exc_info)
           ^^^^^^^^^^^^^^^^^^^^^^^^^^^^^
  File "/opt/ohpc/pub/compiler/conda/latest/lib/python3.12/shutil.py", line 698, in _rmtree_safe_fd
    os.unlink(entry.name, dir_fd=topfd)
OSError: [Errno 16] Device or resource busy: '/tmp/pymp-56i6xagj'
Traceback (most recent call last):
Traceback (most recent call last):
Traceback (most recent call last):
Traceback (most recent call last):
Traceback (most recent call last):
Traceback (most recent call last):
Traceback (most recent call last):
Traceback (most recent call last):
Traceback (most recent call last):
Traceback (most recent call last):
  File "/opt/ohpc/pub/compiler/conda/latest/lib/python3.12/multiprocessing/util.py", line 303, in _run_finalizers
    finalizer()
  File "/opt/ohpc/pub/compiler/conda/latest/lib/python3.12/multiprocessing/util.py", line 303, in _run_finalizers
    finalizer()
  File "/opt/ohpc/pub/compiler/conda/latest/lib/python3.12/multiprocessing/util.py", line 227, in __call__
    res = self._callback(*self._args, **self._kwargs)
          ^^^^^^^^^^^^^^^^^^^^^^^^^^^^^^^^^^^^^^^^^^^
  File "/opt/ohpc/pub/compiler/conda/latest/lib/python3.12/multiprocessing/util.py", line 303, in _run_finalizers
    finalizer()
  File "/opt/ohpc/pub/compiler/conda/latest/lib/python3.12/multiprocessing/util.py", line 136, in _remove_temp_dir
    rmtree(tempdir, onerror=onerror)
  File "/opt/ohpc/pub/compiler/conda/latest/lib/python3.12/multiprocessing/util.py", line 227, in __call__
    res = self._callback(*self._args, **self._kwargs)
          ^^^^^^^^^^^^^^^^^^^^^^^^^^^^^^^^^^^^^^^^^^^
  File "/opt/ohpc/pub/compiler/conda/latest/lib/python3.12/shutil.py", line 759, in rmtree
    _rmtree_safe_fd(stack, onexc)
  File "/opt/ohpc/pub/compiler/conda/latest/lib/python3.12/multiprocessing/util.py", line 136, in _remove_temp_dir
    rmtree(tempdir, onerror=onerror)
  File "/opt/ohpc/pub/compiler/conda/latest/lib/python3.12/shutil.py", line 703, in _rmtree_safe_fd
    onexc(func, path, err)
  File "/opt/ohpc/pub/compiler/conda/latest/lib/python3.12/multiprocessing/util.py", line 227, in __call__
    res = self._callback(*self._args, **self._kwargs)
          ^^^^^^^^^^^^^^^^^^^^^^^^^^^^^^^^^^^^^^^^^^^
  File "/opt/ohpc/pub/compiler/conda/latest/lib/python3.12/shutil.py", line 759, in rmtree
    _rmtree_safe_fd(stack, onexc)
  File "/opt/ohpc/pub/compiler/conda/latest/lib/python3.12/shutil.py", line 750, in onexc
    return onerror(func, path, exc_info)
           ^^^^^^^^^^^^^^^^^^^^^^^^^^^^^
  File "/opt/ohpc/pub/compiler/conda/latest/lib/python3.12/shutil.py", line 703, in _rmtree_safe_fd
    onexc(func, path, err)
  File "/opt/ohpc/pub/compiler/conda/latest/lib/python3.12/multiprocessing/util.py", line 136, in _remove_temp_dir
    rmtree(tempdir, onerror=onerror)
  File "/opt/ohpc/pub/compiler/conda/latest/lib/python3.12/shutil.py", line 700, in _rmtree_safe_fd
    onexc(os.unlink, fullname, err)
  File "/opt/ohpc/pub/compiler/conda/latest/lib/python3.12/shutil.py", line 750, in onexc
    return onerror(func, path, exc_info)
           ^^^^^^^^^^^^^^^^^^^^^^^^^^^^^
  File "/opt/ohpc/pub/compiler/conda/latest/lib/python3.12/shutil.py", line 759, in rmtree
    _rmtree_safe_fd(stack, onexc)
  File "/opt/ohpc/pub/compiler/conda/latest/lib/python3.12/shutil.py", line 750, in onexc
    return onerror(func, path, exc_info)
           ^^^^^^^^^^^^^^^^^^^^^^^^^^^^^
  File "/opt/ohpc/pub/compiler/conda/latest/lib/python3.12/shutil.py", line 700, in _rmtree_safe_fd
    onexc(os.unlink, fullname, err)
  File "/opt/ohpc/pub/compiler/conda/latest/lib/python3.12/shutil.py", line 703, in _rmtree_safe_fd
    onexc(func, path, err)
  File "/opt/ohpc/pub/compiler/conda/latest/lib/python3.12/shutil.py", line 698, in _rmtree_safe_fd
    os.unlink(entry.name, dir_fd=topfd)
  File "/opt/ohpc/pub/compiler/conda/latest/lib/python3.12/shutil.py", line 750, in onexc
    return onerror(func, path, exc_info)
           ^^^^^^^^^^^^^^^^^^^^^^^^^^^^^
  File "/opt/ohpc/pub/compiler/conda/latest/lib/python3.12/shutil.py", line 750, in onexc
    return onerror(func, path, exc_info)
           ^^^^^^^^^^^^^^^^^^^^^^^^^^^^^
  File "/opt/ohpc/pub/compiler/conda/latest/lib/python3.12/shutil.py", line 698, in _rmtree_safe_fd
    os.unlink(entry.name, dir_fd=topfd)
  File "/opt/ohpc/pub/compiler/conda/latest/lib/python3.12/shutil.py", line 700, in _rmtree_safe_fd
    onexc(os.unlink, fullname, err)
  File "/opt/ohpc/pub/compiler/conda/latest/lib/python3.12/shutil.py", line 750, in onexc
    return onerror(func, path, exc_info)
           ^^^^^^^^^^^^^^^^^^^^^^^^^^^^^
  File "/opt/ohpc/pub/compiler/conda/latest/lib/python3.12/shutil.py", line 698, in _rmtree_safe_fd
    os.unlink(entry.name, dir_fd=topfd)
  File "/opt/ohpc/pub/compiler/conda/latest/lib/python3.12/multiprocessing/util.py", line 303, in _run_finalizers
    finalizer()
OSError: [Errno 16] Device or resource busy: '/tmp/pymp-6_5t0anu'
  File "/opt/ohpc/pub/compiler/conda/latest/lib/python3.12/multiprocessing/util.py", line 227, in __call__
    res = self._callback(*self._args, **self._kwargs)
          ^^^^^^^^^^^^^^^^^^^^^^^^^^^^^^^^^^^^^^^^^^^
OSError: [Errno 16] Device or resource busy: '/tmp/pymp-875lwzx2'
  File "/opt/ohpc/pub/compiler/conda/latest/lib/python3.12/multiprocessing/util.py", line 136, in _remove_temp_dir
    rmtree(tempdir, onerror=onerror)
  File "/opt/ohpc/pub/compiler/conda/latest/lib/python3.12/shutil.py", line 759, in rmtree
    _rmtree_safe_fd(stack, onexc)
OSError: [Errno 16] Device or resource busy: '/tmp/pymp-k0p10pjw'
  File "/opt/ohpc/pub/compiler/conda/latest/lib/python3.12/shutil.py", line 703, in _rmtree_safe_fd
    onexc(func, path, err)
  File "/opt/ohpc/pub/compiler/conda/latest/lib/python3.12/shutil.py", line 750, in onexc
    return onerror(func, path, exc_info)
           ^^^^^^^^^^^^^^^^^^^^^^^^^^^^^
  File "/opt/ohpc/pub/compiler/conda/latest/lib/python3.12/multiprocessing/util.py", line 303, in _run_finalizers
    finalizer()
  File "/opt/ohpc/pub/compiler/conda/latest/lib/python3.12/multiprocessing/util.py", line 303, in _run_finalizers
    finalizer()
  File "/opt/ohpc/pub/compiler/conda/latest/lib/python3.12/shutil.py", line 700, in _rmtree_safe_fd
    onexc(os.unlink, fullname, err)
  File "/opt/ohpc/pub/compiler/conda/latest/lib/python3.12/shutil.py", line 750, in onexc
    return onerror(func, path, exc_info)
           ^^^^^^^^^^^^^^^^^^^^^^^^^^^^^
  File "/opt/ohpc/pub/compiler/conda/latest/lib/python3.12/shutil.py", line 698, in _rmtree_safe_fd
    os.unlink(entry.name, dir_fd=topfd)
  File "/opt/ohpc/pub/compiler/conda/latest/lib/python3.12/multiprocessing/util.py", line 227, in __call__
    res = self._callback(*self._args, **self._kwargs)
          ^^^^^^^^^^^^^^^^^^^^^^^^^^^^^^^^^^^^^^^^^^^
  File "/opt/ohpc/pub/compiler/conda/latest/lib/python3.12/multiprocessing/util.py", line 227, in __call__
    res = self._callback(*self._args, **self._kwargs)
          ^^^^^^^^^^^^^^^^^^^^^^^^^^^^^^^^^^^^^^^^^^^
  File "/opt/ohpc/pub/compiler/conda/latest/lib/python3.12/multiprocessing/util.py", line 136, in _remove_temp_dir
    rmtree(tempdir, onerror=onerror)
  File "/opt/ohpc/pub/compiler/conda/latest/lib/python3.12/shutil.py", line 759, in rmtree
    _rmtree_safe_fd(stack, onexc)
  File "/opt/ohpc/pub/compiler/conda/latest/lib/python3.12/multiprocessing/util.py", line 136, in _remove_temp_dir
    rmtree(tempdir, onerror=onerror)
  File "/opt/ohpc/pub/compiler/conda/latest/lib/python3.12/shutil.py", line 703, in _rmtree_safe_fd
    onexc(func, path, err)
  File "/opt/ohpc/pub/compiler/conda/latest/lib/python3.12/shutil.py", line 759, in rmtree
    _rmtree_safe_fd(stack, onexc)
  File "/opt/ohpc/pub/compiler/conda/latest/lib/python3.12/shutil.py", line 750, in onexc
    return onerror(func, path, exc_info)
           ^^^^^^^^^^^^^^^^^^^^^^^^^^^^^
  File "/opt/ohpc/pub/compiler/conda/latest/lib/python3.12/shutil.py", line 703, in _rmtree_safe_fd
    onexc(func, path, err)
OSError: [Errno 16] Device or resource busy: '/tmp/pymp-cxk2_43j'
  File "/opt/ohpc/pub/compiler/conda/latest/lib/python3.12/shutil.py", line 700, in _rmtree_safe_fd
    onexc(os.unlink, fullname, err)
  File "/opt/ohpc/pub/compiler/conda/latest/lib/python3.12/shutil.py", line 750, in onexc
    return onerror(func, path, exc_info)
           ^^^^^^^^^^^^^^^^^^^^^^^^^^^^^
  File "/opt/ohpc/pub/compiler/conda/latest/lib/python3.12/shutil.py", line 750, in onexc
    return onerror(func, path, exc_info)
           ^^^^^^^^^^^^^^^^^^^^^^^^^^^^^
  File "/opt/ohpc/pub/compiler/conda/latest/lib/python3.12/shutil.py", line 700, in _rmtree_safe_fd
    onexc(os.unlink, fullname, err)
  File "/opt/ohpc/pub/compiler/conda/latest/lib/python3.12/shutil.py", line 698, in _rmtree_safe_fd
    os.unlink(entry.name, dir_fd=topfd)
  File "/opt/ohpc/pub/compiler/conda/latest/lib/python3.12/shutil.py", line 750, in onexc
    return onerror(func, path, exc_info)
           ^^^^^^^^^^^^^^^^^^^^^^^^^^^^^
  File "/opt/ohpc/pub/compiler/conda/latest/lib/python3.12/shutil.py", line 698, in _rmtree_safe_fd
    os.unlink(entry.name, dir_fd=topfd)
OSError: [Errno 16] Device or resource busy: '/tmp/pymp-cl6_tark'
OSError: [Errno 16] Device or resource busy: '/tmp/pymp-thrdms39'
  File "/opt/ohpc/pub/compiler/conda/latest/lib/python3.12/multiprocessing/util.py", line 303, in _run_finalizers
    finalizer()
  File "/opt/ohpc/pub/compiler/conda/latest/lib/python3.12/multiprocessing/util.py", line 227, in __call__
    res = self._callback(*self._args, **self._kwargs)
          ^^^^^^^^^^^^^^^^^^^^^^^^^^^^^^^^^^^^^^^^^^^
  File "/opt/ohpc/pub/compiler/conda/latest/lib/python3.12/multiprocessing/util.py", line 136, in _remove_temp_dir
    rmtree(tempdir, onerror=onerror)
  File "/opt/ohpc/pub/compiler/conda/latest/lib/python3.12/shutil.py", line 759, in rmtree
    _rmtree_safe_fd(stack, onexc)
  File "/opt/ohpc/pub/compiler/conda/latest/lib/python3.12/shutil.py", line 703, in _rmtree_safe_fd
    onexc(func, path, err)
  File "/opt/ohpc/pub/compiler/conda/latest/lib/python3.12/shutil.py", line 750, in onexc
    return onerror(func, path, exc_info)
           ^^^^^^^^^^^^^^^^^^^^^^^^^^^^^
  File "/opt/ohpc/pub/compiler/conda/latest/lib/python3.12/shutil.py", line 700, in _rmtree_safe_fd
    onexc(os.unlink, fullname, err)
  File "/opt/ohpc/pub/compiler/conda/latest/lib/python3.12/shutil.py", line 750, in onexc
    return onerror(func, path, exc_info)
           ^^^^^^^^^^^^^^^^^^^^^^^^^^^^^
  File "/opt/ohpc/pub/compiler/conda/latest/lib/python3.12/shutil.py", line 698, in _rmtree_safe_fd
    os.unlink(entry.name, dir_fd=topfd)
  File "/opt/ohpc/pub/compiler/conda/latest/lib/python3.12/multiprocessing/util.py", line 303, in _run_finalizers
    finalizer()
OSError: [Errno 16] Device or resource busy: '/tmp/pymp-3r15ezt9'
  File "/opt/ohpc/pub/compiler/conda/latest/lib/python3.12/multiprocessing/util.py", line 227, in __call__
    res = self._callback(*self._args, **self._kwargs)
          ^^^^^^^^^^^^^^^^^^^^^^^^^^^^^^^^^^^^^^^^^^^
  File "/opt/ohpc/pub/compiler/conda/latest/lib/python3.12/multiprocessing/util.py", line 136, in _remove_temp_dir
    rmtree(tempdir, onerror=onerror)
  File "/opt/ohpc/pub/compiler/conda/latest/lib/python3.12/shutil.py", line 759, in rmtree
    _rmtree_safe_fd(stack, onexc)
  File "/opt/ohpc/pub/compiler/conda/latest/lib/python3.12/shutil.py", line 703, in _rmtree_safe_fd
    onexc(func, path, err)
  File "/opt/ohpc/pub/compiler/conda/latest/lib/python3.12/shutil.py", line 750, in onexc
    return onerror(func, path, exc_info)
           ^^^^^^^^^^^^^^^^^^^^^^^^^^^^^
  File "/opt/ohpc/pub/compiler/conda/latest/lib/python3.12/shutil.py", line 700, in _rmtree_safe_fd
    onexc(os.unlink, fullname, err)
  File "/opt/ohpc/pub/compiler/conda/latest/lib/python3.12/shutil.py", line 750, in onexc
    return onerror(func, path, exc_info)
           ^^^^^^^^^^^^^^^^^^^^^^^^^^^^^
  File "/opt/ohpc/pub/compiler/conda/latest/lib/python3.12/shutil.py", line 698, in _rmtree_safe_fd
    os.unlink(entry.name, dir_fd=topfd)
OSError: [Errno 16] Device or resource busy: '/tmp/pymp-x0ymgym_'
  File "/opt/ohpc/pub/compiler/conda/latest/lib/python3.12/multiprocessing/util.py", line 303, in _run_finalizers
    finalizer()
  File "/opt/ohpc/pub/compiler/conda/latest/lib/python3.12/multiprocessing/util.py", line 227, in __call__
    res = self._callback(*self._args, **self._kwargs)
          ^^^^^^^^^^^^^^^^^^^^^^^^^^^^^^^^^^^^^^^^^^^
  File "/opt/ohpc/pub/compiler/conda/latest/lib/python3.12/multiprocessing/util.py", line 136, in _remove_temp_dir
    rmtree(tempdir, onerror=onerror)
  File "/opt/ohpc/pub/compiler/conda/latest/lib/python3.12/shutil.py", line 759, in rmtree
    _rmtree_safe_fd(stack, onexc)
  File "/opt/ohpc/pub/compiler/conda/latest/lib/python3.12/shutil.py", line 703, in _rmtree_safe_fd
    onexc(func, path, err)
  File "/opt/ohpc/pub/compiler/conda/latest/lib/python3.12/shutil.py", line 750, in onexc
    return onerror(func, path, exc_info)
           ^^^^^^^^^^^^^^^^^^^^^^^^^^^^^
  File "/opt/ohpc/pub/compiler/conda/latest/lib/python3.12/shutil.py", line 700, in _rmtree_safe_fd
    onexc(os.unlink, fullname, err)
  File "/opt/ohpc/pub/compiler/conda/latest/lib/python3.12/shutil.py", line 750, in onexc
    return onerror(func, path, exc_info)
           ^^^^^^^^^^^^^^^^^^^^^^^^^^^^^
  File "/opt/ohpc/pub/compiler/conda/latest/lib/python3.12/shutil.py", line 698, in _rmtree_safe_fd
    os.unlink(entry.name, dir_fd=topfd)
OSError: [Errno 16] Device or resource busy: '/tmp/pymp-rqdctnmk'
  File "/opt/ohpc/pub/compiler/conda/latest/lib/python3.12/multiprocessing/util.py", line 303, in _run_finalizers
    finalizer()
  File "/opt/ohpc/pub/compiler/conda/latest/lib/python3.12/multiprocessing/util.py", line 227, in __call__
    res = self._callback(*self._args, **self._kwargs)
          ^^^^^^^^^^^^^^^^^^^^^^^^^^^^^^^^^^^^^^^^^^^
  File "/opt/ohpc/pub/compiler/conda/latest/lib/python3.12/multiprocessing/util.py", line 136, in _remove_temp_dir
    rmtree(tempdir, onerror=onerror)
  File "/opt/ohpc/pub/compiler/conda/latest/lib/python3.12/shutil.py", line 759, in rmtree
    _rmtree_safe_fd(stack, onexc)
  File "/opt/ohpc/pub/compiler/conda/latest/lib/python3.12/shutil.py", line 703, in _rmtree_safe_fd
    onexc(func, path, err)
  File "/opt/ohpc/pub/compiler/conda/latest/lib/python3.12/shutil.py", line 750, in onexc
    return onerror(func, path, exc_info)
           ^^^^^^^^^^^^^^^^^^^^^^^^^^^^^
  File "/opt/ohpc/pub/compiler/conda/latest/lib/python3.12/shutil.py", line 700, in _rmtree_safe_fd
    onexc(os.unlink, fullname, err)
  File "/opt/ohpc/pub/compiler/conda/latest/lib/python3.12/shutil.py", line 750, in onexc
    return onerror(func, path, exc_info)
           ^^^^^^^^^^^^^^^^^^^^^^^^^^^^^
  File "/opt/ohpc/pub/compiler/conda/latest/lib/python3.12/shutil.py", line 698, in _rmtree_safe_fd
    os.unlink(entry.name, dir_fd=topfd)
OSError: [Errno 16] Device or resource busy: '/tmp/pymp-nefgw04e'
Traceback (most recent call last):
Traceback (most recent call last):
Traceback (most recent call last):
Traceback (most recent call last):
Traceback (most recent call last):
Traceback (most recent call last):
Traceback (most recent call last):
  File "/opt/ohpc/pub/compiler/conda/latest/lib/python3.12/multiprocessing/util.py", line 303, in _run_finalizers
    finalizer()
  File "/opt/ohpc/pub/compiler/conda/latest/lib/python3.12/multiprocessing/util.py", line 227, in __call__
    res = self._callback(*self._args, **self._kwargs)
          ^^^^^^^^^^^^^^^^^^^^^^^^^^^^^^^^^^^^^^^^^^^
Traceback (most recent call last):
  File "/opt/ohpc/pub/compiler/conda/latest/lib/python3.12/multiprocessing/util.py", line 136, in _remove_temp_dir
    rmtree(tempdir, onerror=onerror)
  File "/opt/ohpc/pub/compiler/conda/latest/lib/python3.12/shutil.py", line 759, in rmtree
    _rmtree_safe_fd(stack, onexc)
  File "/opt/ohpc/pub/compiler/conda/latest/lib/python3.12/shutil.py", line 703, in _rmtree_safe_fd
    onexc(func, path, err)
  File "/opt/ohpc/pub/compiler/conda/latest/lib/python3.12/shutil.py", line 750, in onexc
    return onerror(func, path, exc_info)
           ^^^^^^^^^^^^^^^^^^^^^^^^^^^^^
  File "/opt/ohpc/pub/compiler/conda/latest/lib/python3.12/shutil.py", line 700, in _rmtree_safe_fd
    onexc(os.unlink, fullname, err)
Traceback (most recent call last):
  File "/opt/ohpc/pub/compiler/conda/latest/lib/python3.12/shutil.py", line 750, in onexc
    return onerror(func, path, exc_info)
           ^^^^^^^^^^^^^^^^^^^^^^^^^^^^^
  File "/opt/ohpc/pub/compiler/conda/latest/lib/python3.12/shutil.py", line 698, in _rmtree_safe_fd
    os.unlink(entry.name, dir_fd=topfd)
OSError: [Errno 16] Device or resource busy: '/tmp/pymp-6k49dvht'
  File "/opt/ohpc/pub/compiler/conda/latest/lib/python3.12/multiprocessing/util.py", line 303, in _run_finalizers
    finalizer()
  File "/opt/ohpc/pub/compiler/conda/latest/lib/python3.12/multiprocessing/util.py", line 227, in __call__
    res = self._callback(*self._args, **self._kwargs)
          ^^^^^^^^^^^^^^^^^^^^^^^^^^^^^^^^^^^^^^^^^^^
  File "/opt/ohpc/pub/compiler/conda/latest/lib/python3.12/multiprocessing/util.py", line 136, in _remove_temp_dir
    rmtree(tempdir, onerror=onerror)
  File "/opt/ohpc/pub/compiler/conda/latest/lib/python3.12/shutil.py", line 759, in rmtree
    _rmtree_safe_fd(stack, onexc)
  File "/opt/ohpc/pub/compiler/conda/latest/lib/python3.12/shutil.py", line 703, in _rmtree_safe_fd
    onexc(func, path, err)
  File "/opt/ohpc/pub/compiler/conda/latest/lib/python3.12/shutil.py", line 750, in onexc
    return onerror(func, path, exc_info)
           ^^^^^^^^^^^^^^^^^^^^^^^^^^^^^
  File "/opt/ohpc/pub/compiler/conda/latest/lib/python3.12/shutil.py", line 700, in _rmtree_safe_fd
    onexc(os.unlink, fullname, err)
  File "/opt/ohpc/pub/compiler/conda/latest/lib/python3.12/shutil.py", line 750, in onexc
    return onerror(func, path, exc_info)
           ^^^^^^^^^^^^^^^^^^^^^^^^^^^^^
  File "/opt/ohpc/pub/compiler/conda/latest/lib/python3.12/shutil.py", line 698, in _rmtree_safe_fd
    os.unlink(entry.name, dir_fd=topfd)
  File "/opt/ohpc/pub/compiler/conda/latest/lib/python3.12/multiprocessing/util.py", line 303, in _run_finalizers
    finalizer()
OSError: [Errno 16] Device or resource busy: '/tmp/pymp-yw43pwh4'
  File "/opt/ohpc/pub/compiler/conda/latest/lib/python3.12/multiprocessing/util.py", line 303, in _run_finalizers
    finalizer()
  File "/opt/ohpc/pub/compiler/conda/latest/lib/python3.12/multiprocessing/util.py", line 227, in __call__
    res = self._callback(*self._args, **self._kwargs)
          ^^^^^^^^^^^^^^^^^^^^^^^^^^^^^^^^^^^^^^^^^^^
  File "/opt/ohpc/pub/compiler/conda/latest/lib/python3.12/multiprocessing/util.py", line 136, in _remove_temp_dir
    rmtree(tempdir, onerror=onerror)
  File "/opt/ohpc/pub/compiler/conda/latest/lib/python3.12/multiprocessing/util.py", line 227, in __call__
    res = self._callback(*self._args, **self._kwargs)
          ^^^^^^^^^^^^^^^^^^^^^^^^^^^^^^^^^^^^^^^^^^^
  File "/opt/ohpc/pub/compiler/conda/latest/lib/python3.12/shutil.py", line 759, in rmtree
    _rmtree_safe_fd(stack, onexc)
  File "/opt/ohpc/pub/compiler/conda/latest/lib/python3.12/multiprocessing/util.py", line 136, in _remove_temp_dir
    rmtree(tempdir, onerror=onerror)
  File "/opt/ohpc/pub/compiler/conda/latest/lib/python3.12/shutil.py", line 703, in _rmtree_safe_fd
    onexc(func, path, err)
  File "/opt/ohpc/pub/compiler/conda/latest/lib/python3.12/shutil.py", line 759, in rmtree
    _rmtree_safe_fd(stack, onexc)
  File "/opt/ohpc/pub/compiler/conda/latest/lib/python3.12/shutil.py", line 750, in onexc
    return onerror(func, path, exc_info)
           ^^^^^^^^^^^^^^^^^^^^^^^^^^^^^
  File "/opt/ohpc/pub/compiler/conda/latest/lib/python3.12/shutil.py", line 703, in _rmtree_safe_fd
    onexc(func, path, err)
  File "/opt/ohpc/pub/compiler/conda/latest/lib/python3.12/shutil.py", line 700, in _rmtree_safe_fd
    onexc(os.unlink, fullname, err)
  File "/opt/ohpc/pub/compiler/conda/latest/lib/python3.12/shutil.py", line 750, in onexc
    return onerror(func, path, exc_info)
           ^^^^^^^^^^^^^^^^^^^^^^^^^^^^^
  File "/opt/ohpc/pub/compiler/conda/latest/lib/python3.12/shutil.py", line 750, in onexc
    return onerror(func, path, exc_info)
           ^^^^^^^^^^^^^^^^^^^^^^^^^^^^^
  File "/opt/ohpc/pub/compiler/conda/latest/lib/python3.12/multiprocessing/util.py", line 303, in _run_finalizers
    finalizer()
  File "/opt/ohpc/pub/compiler/conda/latest/lib/python3.12/shutil.py", line 700, in _rmtree_safe_fd
    onexc(os.unlink, fullname, err)
  File "/opt/ohpc/pub/compiler/conda/latest/lib/python3.12/shutil.py", line 698, in _rmtree_safe_fd
    os.unlink(entry.name, dir_fd=topfd)
  File "/opt/ohpc/pub/compiler/conda/latest/lib/python3.12/shutil.py", line 750, in onexc
    return onerror(func, path, exc_info)
           ^^^^^^^^^^^^^^^^^^^^^^^^^^^^^
  File "/opt/ohpc/pub/compiler/conda/latest/lib/python3.12/shutil.py", line 698, in _rmtree_safe_fd
    os.unlink(entry.name, dir_fd=topfd)
  File "/opt/ohpc/pub/compiler/conda/latest/lib/python3.12/multiprocessing/util.py", line 227, in __call__
    res = self._callback(*self._args, **self._kwargs)
          ^^^^^^^^^^^^^^^^^^^^^^^^^^^^^^^^^^^^^^^^^^^
  File "/opt/ohpc/pub/compiler/conda/latest/lib/python3.12/multiprocessing/util.py", line 136, in _remove_temp_dir
    rmtree(tempdir, onerror=onerror)
OSError: [Errno 16] Device or resource busy: '/tmp/pymp-5yop1v6i'
  File "/opt/ohpc/pub/compiler/conda/latest/lib/python3.12/shutil.py", line 759, in rmtree
    _rmtree_safe_fd(stack, onexc)
  File "/opt/ohpc/pub/compiler/conda/latest/lib/python3.12/shutil.py", line 703, in _rmtree_safe_fd
    onexc(func, path, err)
OSError: [Errno 16] Device or resource busy: '/tmp/pymp-buqj2f69'
  File "/opt/ohpc/pub/compiler/conda/latest/lib/python3.12/shutil.py", line 750, in onexc
    return onerror(func, path, exc_info)
           ^^^^^^^^^^^^^^^^^^^^^^^^^^^^^
  File "/opt/ohpc/pub/compiler/conda/latest/lib/python3.12/shutil.py", line 700, in _rmtree_safe_fd
    onexc(os.unlink, fullname, err)
  File "/opt/ohpc/pub/compiler/conda/latest/lib/python3.12/shutil.py", line 750, in onexc
    return onerror(func, path, exc_info)
           ^^^^^^^^^^^^^^^^^^^^^^^^^^^^^
  File "/opt/ohpc/pub/compiler/conda/latest/lib/python3.12/shutil.py", line 698, in _rmtree_safe_fd
    os.unlink(entry.name, dir_fd=topfd)
  File "/opt/ohpc/pub/compiler/conda/latest/lib/python3.12/multiprocessing/util.py", line 303, in _run_finalizers
    finalizer()
OSError: [Errno 16] Device or resource busy: '/tmp/pymp-rsmgfzh2'
  File "/opt/ohpc/pub/compiler/conda/latest/lib/python3.12/multiprocessing/util.py", line 227, in __call__
    res = self._callback(*self._args, **self._kwargs)
          ^^^^^^^^^^^^^^^^^^^^^^^^^^^^^^^^^^^^^^^^^^^
  File "/opt/ohpc/pub/compiler/conda/latest/lib/python3.12/multiprocessing/util.py", line 136, in _remove_temp_dir
    rmtree(tempdir, onerror=onerror)
  File "/opt/ohpc/pub/compiler/conda/latest/lib/python3.12/shutil.py", line 759, in rmtree
    _rmtree_safe_fd(stack, onexc)
  File "/opt/ohpc/pub/compiler/conda/latest/lib/python3.12/shutil.py", line 703, in _rmtree_safe_fd
    onexc(func, path, err)
  File "/opt/ohpc/pub/compiler/conda/latest/lib/python3.12/shutil.py", line 750, in onexc
    return onerror(func, path, exc_info)
           ^^^^^^^^^^^^^^^^^^^^^^^^^^^^^
  File "/opt/ohpc/pub/compiler/conda/latest/lib/python3.12/shutil.py", line 700, in _rmtree_safe_fd
    onexc(os.unlink, fullname, err)
  File "/opt/ohpc/pub/compiler/conda/latest/lib/python3.12/shutil.py", line 750, in onexc
    return onerror(func, path, exc_info)
           ^^^^^^^^^^^^^^^^^^^^^^^^^^^^^
  File "/opt/ohpc/pub/compiler/conda/latest/lib/python3.12/shutil.py", line 698, in _rmtree_safe_fd
    os.unlink(entry.name, dir_fd=topfd)
OSError: [Errno 16] Device or resource busy: '/tmp/pymp-vpta1iyr'
  File "/opt/ohpc/pub/compiler/conda/latest/lib/python3.12/multiprocessing/util.py", line 303, in _run_finalizers
    finalizer()
  File "/opt/ohpc/pub/compiler/conda/latest/lib/python3.12/multiprocessing/util.py", line 227, in __call__
    res = self._callback(*self._args, **self._kwargs)
          ^^^^^^^^^^^^^^^^^^^^^^^^^^^^^^^^^^^^^^^^^^^
  File "/opt/ohpc/pub/compiler/conda/latest/lib/python3.12/multiprocessing/util.py", line 136, in _remove_temp_dir
    rmtree(tempdir, onerror=onerror)
  File "/opt/ohpc/pub/compiler/conda/latest/lib/python3.12/shutil.py", line 759, in rmtree
    _rmtree_safe_fd(stack, onexc)
  File "/opt/ohpc/pub/compiler/conda/latest/lib/python3.12/shutil.py", line 703, in _rmtree_safe_fd
    onexc(func, path, err)
  File "/opt/ohpc/pub/compiler/conda/latest/lib/python3.12/shutil.py", line 750, in onexc
    return onerror(func, path, exc_info)
           ^^^^^^^^^^^^^^^^^^^^^^^^^^^^^
  File "/opt/ohpc/pub/compiler/conda/latest/lib/python3.12/shutil.py", line 700, in _rmtree_safe_fd
    onexc(os.unlink, fullname, err)
  File "/opt/ohpc/pub/compiler/conda/latest/lib/python3.12/shutil.py", line 750, in onexc
    return onerror(func, path, exc_info)
           ^^^^^^^^^^^^^^^^^^^^^^^^^^^^^
  File "/opt/ohpc/pub/compiler/conda/latest/lib/python3.12/shutil.py", line 698, in _rmtree_safe_fd
    os.unlink(entry.name, dir_fd=topfd)
OSError: [Errno 16] Device or resource busy: '/tmp/pymp-krxcybb1'
  File "/opt/ohpc/pub/compiler/conda/latest/lib/python3.12/multiprocessing/util.py", line 303, in _run_finalizers
    finalizer()
  File "/opt/ohpc/pub/compiler/conda/latest/lib/python3.12/multiprocessing/util.py", line 227, in __call__
    res = self._callback(*self._args, **self._kwargs)
          ^^^^^^^^^^^^^^^^^^^^^^^^^^^^^^^^^^^^^^^^^^^
  File "/opt/ohpc/pub/compiler/conda/latest/lib/python3.12/multiprocessing/util.py", line 136, in _remove_temp_dir
    rmtree(tempdir, onerror=onerror)
  File "/opt/ohpc/pub/compiler/conda/latest/lib/python3.12/shutil.py", line 759, in rmtree
    _rmtree_safe_fd(stack, onexc)
  File "/opt/ohpc/pub/compiler/conda/latest/lib/python3.12/shutil.py", line 703, in _rmtree_safe_fd
    onexc(func, path, err)
  File "/opt/ohpc/pub/compiler/conda/latest/lib/python3.12/shutil.py", line 750, in onexc
    return onerror(func, path, exc_info)
           ^^^^^^^^^^^^^^^^^^^^^^^^^^^^^
  File "/opt/ohpc/pub/compiler/conda/latest/lib/python3.12/shutil.py", line 700, in _rmtree_safe_fd
    onexc(os.unlink, fullname, err)
  File "/opt/ohpc/pub/compiler/conda/latest/lib/python3.12/shutil.py", line 750, in onexc
    return onerror(func, path, exc_info)
           ^^^^^^^^^^^^^^^^^^^^^^^^^^^^^
  File "/opt/ohpc/pub/compiler/conda/latest/lib/python3.12/shutil.py", line 698, in _rmtree_safe_fd
    os.unlink(entry.name, dir_fd=topfd)
  File "/opt/ohpc/pub/compiler/conda/latest/lib/python3.12/multiprocessing/util.py", line 303, in _run_finalizers
    finalizer()
OSError: [Errno 16] Device or resource busy: '/tmp/pymp-pozm3_jr'
  File "/opt/ohpc/pub/compiler/conda/latest/lib/python3.12/multiprocessing/util.py", line 227, in __call__
    res = self._callback(*self._args, **self._kwargs)
          ^^^^^^^^^^^^^^^^^^^^^^^^^^^^^^^^^^^^^^^^^^^
  File "/opt/ohpc/pub/compiler/conda/latest/lib/python3.12/multiprocessing/util.py", line 136, in _remove_temp_dir
    rmtree(tempdir, onerror=onerror)
  File "/opt/ohpc/pub/compiler/conda/latest/lib/python3.12/shutil.py", line 759, in rmtree
    _rmtree_safe_fd(stack, onexc)
  File "/opt/ohpc/pub/compiler/conda/latest/lib/python3.12/shutil.py", line 703, in _rmtree_safe_fd
    onexc(func, path, err)
  File "/opt/ohpc/pub/compiler/conda/latest/lib/python3.12/shutil.py", line 750, in onexc
    return onerror(func, path, exc_info)
           ^^^^^^^^^^^^^^^^^^^^^^^^^^^^^
  File "/opt/ohpc/pub/compiler/conda/latest/lib/python3.12/shutil.py", line 700, in _rmtree_safe_fd
    onexc(os.unlink, fullname, err)
  File "/opt/ohpc/pub/compiler/conda/latest/lib/python3.12/shutil.py", line 750, in onexc
    return onerror(func, path, exc_info)
           ^^^^^^^^^^^^^^^^^^^^^^^^^^^^^
  File "/opt/ohpc/pub/compiler/conda/latest/lib/python3.12/shutil.py", line 698, in _rmtree_safe_fd
    os.unlink(entry.name, dir_fd=topfd)
OSError: [Errno 16] Device or resource busy: '/tmp/pymp-p3uj1e4f'
Traceback (most recent call last):
  File "/opt/ohpc/pub/compiler/conda/latest/lib/python3.12/multiprocessing/util.py", line 303, in _run_finalizers
    finalizer()
  File "/opt/ohpc/pub/compiler/conda/latest/lib/python3.12/multiprocessing/util.py", line 227, in __call__
    res = self._callback(*self._args, **self._kwargs)
          ^^^^^^^^^^^^^^^^^^^^^^^^^^^^^^^^^^^^^^^^^^^
  File "/opt/ohpc/pub/compiler/conda/latest/lib/python3.12/multiprocessing/util.py", line 136, in _remove_temp_dir
    rmtree(tempdir, onerror=onerror)
  File "/opt/ohpc/pub/compiler/conda/latest/lib/python3.12/shutil.py", line 759, in rmtree
    _rmtree_safe_fd(stack, onexc)
  File "/opt/ohpc/pub/compiler/conda/latest/lib/python3.12/shutil.py", line 703, in _rmtree_safe_fd
    onexc(func, path, err)
  File "/opt/ohpc/pub/compiler/conda/latest/lib/python3.12/shutil.py", line 750, in onexc
    return onerror(func, path, exc_info)
           ^^^^^^^^^^^^^^^^^^^^^^^^^^^^^
  File "/opt/ohpc/pub/compiler/conda/latest/lib/python3.12/shutil.py", line 700, in _rmtree_safe_fd
    onexc(os.unlink, fullname, err)
  File "/opt/ohpc/pub/compiler/conda/latest/lib/python3.12/shutil.py", line 750, in onexc
    return onerror(func, path, exc_info)
           ^^^^^^^^^^^^^^^^^^^^^^^^^^^^^
  File "/opt/ohpc/pub/compiler/conda/latest/lib/python3.12/shutil.py", line 698, in _rmtree_safe_fd
    os.unlink(entry.name, dir_fd=topfd)
OSError: [Errno 16] Device or resource busy: '/tmp/pymp-3l5kxo9i'
[val 004] loss=-0.1656 z_std=0.0474 rankme=61.971 lidar=42.770 areq=1.458 pr=1.94 align=0.4222 unif=-1.384 converged=False collapsed=False
  e005 it0000/62 lr=0.0016 loss=-0.2114 z_std=0.0637
  e005 it0010/62 lr=0.0016 loss=-0.1952 z_std=0.0639
  e005 it0020/62 lr=0.0017 loss=-0.1961 z_std=0.0638
  e005 it0030/62 lr=0.0017 loss=-0.1949 z_std=0.0638
  e005 it0040/62 lr=0.0018 loss=-0.2038 z_std=0.0637
  e005 it0050/62 lr=0.0018 loss=-0.2134 z_std=0.0637
  e005 it0060/62 lr=0.0019 loss=-0.2178 z_std=0.0637
[epoch 005] loss=-0.2186 z_std=0.0637 (healthy~0.0625) time=194.1s
Traceback (most recent call last):
Traceback (most recent call last):
Traceback (most recent call last):
Traceback (most recent call last):
Traceback (most recent call last):
Traceback (most recent call last):
  File "/opt/ohpc/pub/compiler/conda/latest/lib/python3.12/multiprocessing/util.py", line 303, in _run_finalizers
    finalizer()
  File "/opt/ohpc/pub/compiler/conda/latest/lib/python3.12/multiprocessing/util.py", line 303, in _run_finalizers
    finalizer()
  File "/opt/ohpc/pub/compiler/conda/latest/lib/python3.12/multiprocessing/util.py", line 227, in __call__
    res = self._callback(*self._args, **self._kwargs)
          ^^^^^^^^^^^^^^^^^^^^^^^^^^^^^^^^^^^^^^^^^^^
  File "/opt/ohpc/pub/compiler/conda/latest/lib/python3.12/multiprocessing/util.py", line 227, in __call__
    res = self._callback(*self._args, **self._kwargs)
          ^^^^^^^^^^^^^^^^^^^^^^^^^^^^^^^^^^^^^^^^^^^
  File "/opt/ohpc/pub/compiler/conda/latest/lib/python3.12/multiprocessing/util.py", line 136, in _remove_temp_dir
    rmtree(tempdir, onerror=onerror)
  File "/opt/ohpc/pub/compiler/conda/latest/lib/python3.12/multiprocessing/util.py", line 136, in _remove_temp_dir
    rmtree(tempdir, onerror=onerror)
  File "/opt/ohpc/pub/compiler/conda/latest/lib/python3.12/shutil.py", line 759, in rmtree
    _rmtree_safe_fd(stack, onexc)
  File "/opt/ohpc/pub/compiler/conda/latest/lib/python3.12/shutil.py", line 759, in rmtree
    _rmtree_safe_fd(stack, onexc)
  File "/opt/ohpc/pub/compiler/conda/latest/lib/python3.12/shutil.py", line 703, in _rmtree_safe_fd
    onexc(func, path, err)
  File "/opt/ohpc/pub/compiler/conda/latest/lib/python3.12/shutil.py", line 703, in _rmtree_safe_fd
    onexc(func, path, err)
  File "/opt/ohpc/pub/compiler/conda/latest/lib/python3.12/shutil.py", line 750, in onexc
    return onerror(func, path, exc_info)
           ^^^^^^^^^^^^^^^^^^^^^^^^^^^^^
  File "/opt/ohpc/pub/compiler/conda/latest/lib/python3.12/multiprocessing/util.py", line 303, in _run_finalizers
    finalizer()
  File "/opt/ohpc/pub/compiler/conda/latest/lib/python3.12/shutil.py", line 750, in onexc
    return onerror(func, path, exc_info)
           ^^^^^^^^^^^^^^^^^^^^^^^^^^^^^
  File "/opt/ohpc/pub/compiler/conda/latest/lib/python3.12/shutil.py", line 700, in _rmtree_safe_fd
    onexc(os.unlink, fullname, err)
  File "/opt/ohpc/pub/compiler/conda/latest/lib/python3.12/shutil.py", line 700, in _rmtree_safe_fd
    onexc(os.unlink, fullname, err)
  File "/opt/ohpc/pub/compiler/conda/latest/lib/python3.12/shutil.py", line 750, in onexc
    return onerror(func, path, exc_info)
           ^^^^^^^^^^^^^^^^^^^^^^^^^^^^^
  File "/opt/ohpc/pub/compiler/conda/latest/lib/python3.12/shutil.py", line 750, in onexc
    return onerror(func, path, exc_info)
           ^^^^^^^^^^^^^^^^^^^^^^^^^^^^^
  File "/opt/ohpc/pub/compiler/conda/latest/lib/python3.12/multiprocessing/util.py", line 227, in __call__
    res = self._callback(*self._args, **self._kwargs)
          ^^^^^^^^^^^^^^^^^^^^^^^^^^^^^^^^^^^^^^^^^^^
  File "/opt/ohpc/pub/compiler/conda/latest/lib/python3.12/shutil.py", line 698, in _rmtree_safe_fd
    os.unlink(entry.name, dir_fd=topfd)
  File "/opt/ohpc/pub/compiler/conda/latest/lib/python3.12/shutil.py", line 698, in _rmtree_safe_fd
    os.unlink(entry.name, dir_fd=topfd)
  File "/opt/ohpc/pub/compiler/conda/latest/lib/python3.12/multiprocessing/util.py", line 136, in _remove_temp_dir
    rmtree(tempdir, onerror=onerror)
  File "/opt/ohpc/pub/compiler/conda/latest/lib/python3.12/shutil.py", line 759, in rmtree
    _rmtree_safe_fd(stack, onexc)
  File "/opt/ohpc/pub/compiler/conda/latest/lib/python3.12/shutil.py", line 703, in _rmtree_safe_fd
    onexc(func, path, err)
  File "/opt/ohpc/pub/compiler/conda/latest/lib/python3.12/shutil.py", line 750, in onexc
    return onerror(func, path, exc_info)
           ^^^^^^^^^^^^^^^^^^^^^^^^^^^^^
OSError: [Errno 16] Device or resource busy: '/tmp/pymp-1xy4xm2z'
  File "/opt/ohpc/pub/compiler/conda/latest/lib/python3.12/shutil.py", line 700, in _rmtree_safe_fd
    onexc(os.unlink, fullname, err)
OSError: [Errno 16] Device or resource busy: '/tmp/pymp-kply9kkp'
  File "/opt/ohpc/pub/compiler/conda/latest/lib/python3.12/shutil.py", line 750, in onexc
    return onerror(func, path, exc_info)
           ^^^^^^^^^^^^^^^^^^^^^^^^^^^^^
  File "/opt/ohpc/pub/compiler/conda/latest/lib/python3.12/shutil.py", line 698, in _rmtree_safe_fd
    os.unlink(entry.name, dir_fd=topfd)
OSError: [Errno 16] Device or resource busy: '/tmp/pymp-rrs4yn_w'
  File "/opt/ohpc/pub/compiler/conda/latest/lib/python3.12/multiprocessing/util.py", line 303, in _run_finalizers
    finalizer()
  File "/opt/ohpc/pub/compiler/conda/latest/lib/python3.12/multiprocessing/util.py", line 227, in __call__
    res = self._callback(*self._args, **self._kwargs)
          ^^^^^^^^^^^^^^^^^^^^^^^^^^^^^^^^^^^^^^^^^^^
  File "/opt/ohpc/pub/compiler/conda/latest/lib/python3.12/multiprocessing/util.py", line 136, in _remove_temp_dir
    rmtree(tempdir, onerror=onerror)
  File "/opt/ohpc/pub/compiler/conda/latest/lib/python3.12/shutil.py", line 759, in rmtree
    _rmtree_safe_fd(stack, onexc)
  File "/opt/ohpc/pub/compiler/conda/latest/lib/python3.12/shutil.py", line 703, in _rmtree_safe_fd
    onexc(func, path, err)
  File "/opt/ohpc/pub/compiler/conda/latest/lib/python3.12/shutil.py", line 750, in onexc
    return onerror(func, path, exc_info)
           ^^^^^^^^^^^^^^^^^^^^^^^^^^^^^
  File "/opt/ohpc/pub/compiler/conda/latest/lib/python3.12/shutil.py", line 700, in _rmtree_safe_fd
    onexc(os.unlink, fullname, err)
  File "/opt/ohpc/pub/compiler/conda/latest/lib/python3.12/shutil.py", line 750, in onexc
    return onerror(func, path, exc_info)
           ^^^^^^^^^^^^^^^^^^^^^^^^^^^^^
  File "/opt/ohpc/pub/compiler/conda/latest/lib/python3.12/shutil.py", line 698, in _rmtree_safe_fd
    os.unlink(entry.name, dir_fd=topfd)
OSError: [Errno 16] Device or resource busy: '/tmp/pymp-ffcdqokc'
  File "/opt/ohpc/pub/compiler/conda/latest/lib/python3.12/multiprocessing/util.py", line 303, in _run_finalizers
    finalizer()
  File "/opt/ohpc/pub/compiler/conda/latest/lib/python3.12/multiprocessing/util.py", line 227, in __call__
    res = self._callback(*self._args, **self._kwargs)
          ^^^^^^^^^^^^^^^^^^^^^^^^^^^^^^^^^^^^^^^^^^^
  File "/opt/ohpc/pub/compiler/conda/latest/lib/python3.12/multiprocessing/util.py", line 136, in _remove_temp_dir
    rmtree(tempdir, onerror=onerror)
  File "/opt/ohpc/pub/compiler/conda/latest/lib/python3.12/shutil.py", line 759, in rmtree
    _rmtree_safe_fd(stack, onexc)
  File "/opt/ohpc/pub/compiler/conda/latest/lib/python3.12/shutil.py", line 703, in _rmtree_safe_fd
    onexc(func, path, err)
  File "/opt/ohpc/pub/compiler/conda/latest/lib/python3.12/shutil.py", line 750, in onexc
    return onerror(func, path, exc_info)
           ^^^^^^^^^^^^^^^^^^^^^^^^^^^^^
  File "/opt/ohpc/pub/compiler/conda/latest/lib/python3.12/shutil.py", line 700, in _rmtree_safe_fd
    onexc(os.unlink, fullname, err)
  File "/opt/ohpc/pub/compiler/conda/latest/lib/python3.12/shutil.py", line 750, in onexc
    return onerror(func, path, exc_info)
           ^^^^^^^^^^^^^^^^^^^^^^^^^^^^^
  File "/opt/ohpc/pub/compiler/conda/latest/lib/python3.12/shutil.py", line 698, in _rmtree_safe_fd
    os.unlink(entry.name, dir_fd=topfd)
OSError: [Errno 16] Device or resource busy: '/tmp/pymp-fyd67wvc'
Traceback (most recent call last):
  File "/opt/ohpc/pub/compiler/conda/latest/lib/python3.12/multiprocessing/util.py", line 303, in _run_finalizers
    finalizer()
  File "/opt/ohpc/pub/compiler/conda/latest/lib/python3.12/multiprocessing/util.py", line 227, in __call__
    res = self._callback(*self._args, **self._kwargs)
          ^^^^^^^^^^^^^^^^^^^^^^^^^^^^^^^^^^^^^^^^^^^
  File "/opt/ohpc/pub/compiler/conda/latest/lib/python3.12/multiprocessing/util.py", line 136, in _remove_temp_dir
    rmtree(tempdir, onerror=onerror)
  File "/opt/ohpc/pub/compiler/conda/latest/lib/python3.12/shutil.py", line 759, in rmtree
    _rmtree_safe_fd(stack, onexc)
  File "/opt/ohpc/pub/compiler/conda/latest/lib/python3.12/shutil.py", line 703, in _rmtree_safe_fd
    onexc(func, path, err)
  File "/opt/ohpc/pub/compiler/conda/latest/lib/python3.12/shutil.py", line 750, in onexc
    return onerror(func, path, exc_info)
           ^^^^^^^^^^^^^^^^^^^^^^^^^^^^^
  File "/opt/ohpc/pub/compiler/conda/latest/lib/python3.12/shutil.py", line 700, in _rmtree_safe_fd
    onexc(os.unlink, fullname, err)
  File "/opt/ohpc/pub/compiler/conda/latest/lib/python3.12/shutil.py", line 750, in onexc
    return onerror(func, path, exc_info)
           ^^^^^^^^^^^^^^^^^^^^^^^^^^^^^
  File "/opt/ohpc/pub/compiler/conda/latest/lib/python3.12/shutil.py", line 698, in _rmtree_safe_fd
    os.unlink(entry.name, dir_fd=topfd)
OSError: [Errno 16] Device or resource busy: '/tmp/pymp-qjqd523p'
Traceback (most recent call last):
  File "/opt/ohpc/pub/compiler/conda/latest/lib/python3.12/multiprocessing/util.py", line 303, in _run_finalizers
    finalizer()
  File "/opt/ohpc/pub/compiler/conda/latest/lib/python3.12/multiprocessing/util.py", line 227, in __call__
    res = self._callback(*self._args, **self._kwargs)
          ^^^^^^^^^^^^^^^^^^^^^^^^^^^^^^^^^^^^^^^^^^^
  File "/opt/ohpc/pub/compiler/conda/latest/lib/python3.12/multiprocessing/util.py", line 136, in _remove_temp_dir
    rmtree(tempdir, onerror=onerror)
  File "/opt/ohpc/pub/compiler/conda/latest/lib/python3.12/shutil.py", line 759, in rmtree
    _rmtree_safe_fd(stack, onexc)
  File "/opt/ohpc/pub/compiler/conda/latest/lib/python3.12/shutil.py", line 703, in _rmtree_safe_fd
    onexc(func, path, err)
  File "/opt/ohpc/pub/compiler/conda/latest/lib/python3.12/shutil.py", line 750, in onexc
    return onerror(func, path, exc_info)
           ^^^^^^^^^^^^^^^^^^^^^^^^^^^^^
  File "/opt/ohpc/pub/compiler/conda/latest/lib/python3.12/shutil.py", line 700, in _rmtree_safe_fd
    onexc(os.unlink, fullname, err)
  File "/opt/ohpc/pub/compiler/conda/latest/lib/python3.12/shutil.py", line 750, in onexc
    return onerror(func, path, exc_info)
           ^^^^^^^^^^^^^^^^^^^^^^^^^^^^^
  File "/opt/ohpc/pub/compiler/conda/latest/lib/python3.12/shutil.py", line 698, in _rmtree_safe_fd
    os.unlink(entry.name, dir_fd=topfd)
OSError: [Errno 16] Device or resource busy: '/tmp/pymp-4vdvke18'
Traceback (most recent call last):
Traceback (most recent call last):
  File "/opt/ohpc/pub/compiler/conda/latest/lib/python3.12/multiprocessing/util.py", line 303, in _run_finalizers
    finalizer()
  File "/opt/ohpc/pub/compiler/conda/latest/lib/python3.12/multiprocessing/util.py", line 227, in __call__
    res = self._callback(*self._args, **self._kwargs)
          ^^^^^^^^^^^^^^^^^^^^^^^^^^^^^^^^^^^^^^^^^^^
  File "/opt/ohpc/pub/compiler/conda/latest/lib/python3.12/multiprocessing/util.py", line 136, in _remove_temp_dir
    rmtree(tempdir, onerror=onerror)
  File "/opt/ohpc/pub/compiler/conda/latest/lib/python3.12/shutil.py", line 759, in rmtree
    _rmtree_safe_fd(stack, onexc)
  File "/opt/ohpc/pub/compiler/conda/latest/lib/python3.12/shutil.py", line 703, in _rmtree_safe_fd
    onexc(func, path, err)
  File "/opt/ohpc/pub/compiler/conda/latest/lib/python3.12/shutil.py", line 750, in onexc
    return onerror(func, path, exc_info)
           ^^^^^^^^^^^^^^^^^^^^^^^^^^^^^
  File "/opt/ohpc/pub/compiler/conda/latest/lib/python3.12/shutil.py", line 700, in _rmtree_safe_fd
    onexc(os.unlink, fullname, err)
  File "/opt/ohpc/pub/compiler/conda/latest/lib/python3.12/shutil.py", line 750, in onexc
    return onerror(func, path, exc_info)
           ^^^^^^^^^^^^^^^^^^^^^^^^^^^^^
  File "/opt/ohpc/pub/compiler/conda/latest/lib/python3.12/shutil.py", line 698, in _rmtree_safe_fd
    os.unlink(entry.name, dir_fd=topfd)
OSError: [Errno 16] Device or resource busy: '/tmp/pymp-h52aenhn'
  File "/opt/ohpc/pub/compiler/conda/latest/lib/python3.12/multiprocessing/util.py", line 303, in _run_finalizers
    finalizer()
  File "/opt/ohpc/pub/compiler/conda/latest/lib/python3.12/multiprocessing/util.py", line 227, in __call__
    res = self._callback(*self._args, **self._kwargs)
          ^^^^^^^^^^^^^^^^^^^^^^^^^^^^^^^^^^^^^^^^^^^
  File "/opt/ohpc/pub/compiler/conda/latest/lib/python3.12/multiprocessing/util.py", line 136, in _remove_temp_dir
    rmtree(tempdir, onerror=onerror)
  File "/opt/ohpc/pub/compiler/conda/latest/lib/python3.12/shutil.py", line 759, in rmtree
    _rmtree_safe_fd(stack, onexc)
  File "/opt/ohpc/pub/compiler/conda/latest/lib/python3.12/shutil.py", line 703, in _rmtree_safe_fd
    onexc(func, path, err)
  File "/opt/ohpc/pub/compiler/conda/latest/lib/python3.12/shutil.py", line 750, in onexc
    return onerror(func, path, exc_info)
           ^^^^^^^^^^^^^^^^^^^^^^^^^^^^^
  File "/opt/ohpc/pub/compiler/conda/latest/lib/python3.12/shutil.py", line 700, in _rmtree_safe_fd
    onexc(os.unlink, fullname, err)
  File "/opt/ohpc/pub/compiler/conda/latest/lib/python3.12/shutil.py", line 750, in onexc
    return onerror(func, path, exc_info)
           ^^^^^^^^^^^^^^^^^^^^^^^^^^^^^
  File "/opt/ohpc/pub/compiler/conda/latest/lib/python3.12/shutil.py", line 698, in _rmtree_safe_fd
    os.unlink(entry.name, dir_fd=topfd)
OSError: [Errno 16] Device or resource busy: '/tmp/pymp-2b3xc7gs'
  File "/opt/ohpc/pub/compiler/conda/latest/lib/python3.12/multiprocessing/util.py", line 303, in _run_finalizers
    finalizer()
  File "/opt/ohpc/pub/compiler/conda/latest/lib/python3.12/multiprocessing/util.py", line 227, in __call__
    res = self._callback(*self._args, **self._kwargs)
          ^^^^^^^^^^^^^^^^^^^^^^^^^^^^^^^^^^^^^^^^^^^
  File "/opt/ohpc/pub/compiler/conda/latest/lib/python3.12/multiprocessing/util.py", line 136, in _remove_temp_dir
    rmtree(tempdir, onerror=onerror)
  File "/opt/ohpc/pub/compiler/conda/latest/lib/python3.12/shutil.py", line 759, in rmtree
    _rmtree_safe_fd(stack, onexc)
  File "/opt/ohpc/pub/compiler/conda/latest/lib/python3.12/shutil.py", line 703, in _rmtree_safe_fd
    onexc(func, path, err)
  File "/opt/ohpc/pub/compiler/conda/latest/lib/python3.12/shutil.py", line 750, in onexc
    return onerror(func, path, exc_info)
           ^^^^^^^^^^^^^^^^^^^^^^^^^^^^^
  File "/opt/ohpc/pub/compiler/conda/latest/lib/python3.12/shutil.py", line 700, in _rmtree_safe_fd
    onexc(os.unlink, fullname, err)
  File "/opt/ohpc/pub/compiler/conda/latest/lib/python3.12/shutil.py", line 750, in onexc
    return onerror(func, path, exc_info)
           ^^^^^^^^^^^^^^^^^^^^^^^^^^^^^
  File "/opt/ohpc/pub/compiler/conda/latest/lib/python3.12/shutil.py", line 698, in _rmtree_safe_fd
    os.unlink(entry.name, dir_fd=topfd)
OSError: [Errno 16] Device or resource busy: '/tmp/pymp-0rfzofq0'
Traceback (most recent call last):
Traceback (most recent call last):
Traceback (most recent call last):
Traceback (most recent call last):
Traceback (most recent call last):
Traceback (most recent call last):
Traceback (most recent call last):
  File "/opt/ohpc/pub/compiler/conda/latest/lib/python3.12/multiprocessing/util.py", line 303, in _run_finalizers
    finalizer()
  File "/opt/ohpc/pub/compiler/conda/latest/lib/python3.12/multiprocessing/util.py", line 227, in __call__
    res = self._callback(*self._args, **self._kwargs)
          ^^^^^^^^^^^^^^^^^^^^^^^^^^^^^^^^^^^^^^^^^^^
  File "/opt/ohpc/pub/compiler/conda/latest/lib/python3.12/multiprocessing/util.py", line 136, in _remove_temp_dir
    rmtree(tempdir, onerror=onerror)
  File "/opt/ohpc/pub/compiler/conda/latest/lib/python3.12/shutil.py", line 759, in rmtree
    _rmtree_safe_fd(stack, onexc)
  File "/opt/ohpc/pub/compiler/conda/latest/lib/python3.12/shutil.py", line 703, in _rmtree_safe_fd
    onexc(func, path, err)
  File "/opt/ohpc/pub/compiler/conda/latest/lib/python3.12/shutil.py", line 750, in onexc
    return onerror(func, path, exc_info)
           ^^^^^^^^^^^^^^^^^^^^^^^^^^^^^
  File "/opt/ohpc/pub/compiler/conda/latest/lib/python3.12/shutil.py", line 700, in _rmtree_safe_fd
    onexc(os.unlink, fullname, err)
  File "/opt/ohpc/pub/compiler/conda/latest/lib/python3.12/shutil.py", line 750, in onexc
    return onerror(func, path, exc_info)
           ^^^^^^^^^^^^^^^^^^^^^^^^^^^^^
  File "/opt/ohpc/pub/compiler/conda/latest/lib/python3.12/shutil.py", line 698, in _rmtree_safe_fd
    os.unlink(entry.name, dir_fd=topfd)
OSError: [Errno 16] Device or resource busy: '/tmp/pymp-__ltzz94'
  File "/opt/ohpc/pub/compiler/conda/latest/lib/python3.12/multiprocessing/util.py", line 303, in _run_finalizers
    finalizer()
  File "/opt/ohpc/pub/compiler/conda/latest/lib/python3.12/multiprocessing/util.py", line 227, in __call__
    res = self._callback(*self._args, **self._kwargs)
          ^^^^^^^^^^^^^^^^^^^^^^^^^^^^^^^^^^^^^^^^^^^
  File "/opt/ohpc/pub/compiler/conda/latest/lib/python3.12/multiprocessing/util.py", line 136, in _remove_temp_dir
    rmtree(tempdir, onerror=onerror)
  File "/opt/ohpc/pub/compiler/conda/latest/lib/python3.12/shutil.py", line 759, in rmtree
    _rmtree_safe_fd(stack, onexc)
  File "/opt/ohpc/pub/compiler/conda/latest/lib/python3.12/shutil.py", line 703, in _rmtree_safe_fd
    onexc(func, path, err)
  File "/opt/ohpc/pub/compiler/conda/latest/lib/python3.12/shutil.py", line 750, in onexc
    return onerror(func, path, exc_info)
           ^^^^^^^^^^^^^^^^^^^^^^^^^^^^^
  File "/opt/ohpc/pub/compiler/conda/latest/lib/python3.12/shutil.py", line 700, in _rmtree_safe_fd
    onexc(os.unlink, fullname, err)
  File "/opt/ohpc/pub/compiler/conda/latest/lib/python3.12/shutil.py", line 750, in onexc
    return onerror(func, path, exc_info)
           ^^^^^^^^^^^^^^^^^^^^^^^^^^^^^
  File "/opt/ohpc/pub/compiler/conda/latest/lib/python3.12/shutil.py", line 698, in _rmtree_safe_fd
    os.unlink(entry.name, dir_fd=topfd)
OSError: [Errno 16] Device or resource busy: '/tmp/pymp-hixqjni_'
  File "/opt/ohpc/pub/compiler/conda/latest/lib/python3.12/multiprocessing/util.py", line 303, in _run_finalizers
    finalizer()
  File "/opt/ohpc/pub/compiler/conda/latest/lib/python3.12/multiprocessing/util.py", line 227, in __call__
    res = self._callback(*self._args, **self._kwargs)
          ^^^^^^^^^^^^^^^^^^^^^^^^^^^^^^^^^^^^^^^^^^^
  File "/opt/ohpc/pub/compiler/conda/latest/lib/python3.12/multiprocessing/util.py", line 136, in _remove_temp_dir
    rmtree(tempdir, onerror=onerror)
  File "/opt/ohpc/pub/compiler/conda/latest/lib/python3.12/shutil.py", line 759, in rmtree
    _rmtree_safe_fd(stack, onexc)
  File "/opt/ohpc/pub/compiler/conda/latest/lib/python3.12/shutil.py", line 703, in _rmtree_safe_fd
    onexc(func, path, err)
  File "/opt/ohpc/pub/compiler/conda/latest/lib/python3.12/shutil.py", line 750, in onexc
    return onerror(func, path, exc_info)
           ^^^^^^^^^^^^^^^^^^^^^^^^^^^^^
  File "/opt/ohpc/pub/compiler/conda/latest/lib/python3.12/shutil.py", line 700, in _rmtree_safe_fd
    onexc(os.unlink, fullname, err)
Traceback (most recent call last):
  File "/opt/ohpc/pub/compiler/conda/latest/lib/python3.12/shutil.py", line 750, in onexc
    return onerror(func, path, exc_info)
           ^^^^^^^^^^^^^^^^^^^^^^^^^^^^^
  File "/opt/ohpc/pub/compiler/conda/latest/lib/python3.12/shutil.py", line 698, in _rmtree_safe_fd
    os.unlink(entry.name, dir_fd=topfd)
OSError: [Errno 16] Device or resource busy: '/tmp/pymp-6qfv7u4a'
  File "/opt/ohpc/pub/compiler/conda/latest/lib/python3.12/multiprocessing/util.py", line 303, in _run_finalizers
    finalizer()
  File "/opt/ohpc/pub/compiler/conda/latest/lib/python3.12/multiprocessing/util.py", line 227, in __call__
    res = self._callback(*self._args, **self._kwargs)
          ^^^^^^^^^^^^^^^^^^^^^^^^^^^^^^^^^^^^^^^^^^^
  File "/opt/ohpc/pub/compiler/conda/latest/lib/python3.12/multiprocessing/util.py", line 136, in _remove_temp_dir
    rmtree(tempdir, onerror=onerror)
  File "/opt/ohpc/pub/compiler/conda/latest/lib/python3.12/shutil.py", line 759, in rmtree
    _rmtree_safe_fd(stack, onexc)
  File "/opt/ohpc/pub/compiler/conda/latest/lib/python3.12/shutil.py", line 703, in _rmtree_safe_fd
    onexc(func, path, err)
  File "/opt/ohpc/pub/compiler/conda/latest/lib/python3.12/shutil.py", line 750, in onexc
    return onerror(func, path, exc_info)
           ^^^^^^^^^^^^^^^^^^^^^^^^^^^^^
  File "/opt/ohpc/pub/compiler/conda/latest/lib/python3.12/shutil.py", line 700, in _rmtree_safe_fd
    onexc(os.unlink, fullname, err)
  File "/opt/ohpc/pub/compiler/conda/latest/lib/python3.12/shutil.py", line 750, in onexc
    return onerror(func, path, exc_info)
           ^^^^^^^^^^^^^^^^^^^^^^^^^^^^^
  File "/opt/ohpc/pub/compiler/conda/latest/lib/python3.12/shutil.py", line 698, in _rmtree_safe_fd
    os.unlink(entry.name, dir_fd=topfd)
OSError: [Errno 16] Device or resource busy: '/tmp/pymp-7j9_icba'
Traceback (most recent call last):
  File "/opt/ohpc/pub/compiler/conda/latest/lib/python3.12/multiprocessing/util.py", line 303, in _run_finalizers
    finalizer()
  File "/opt/ohpc/pub/compiler/conda/latest/lib/python3.12/multiprocessing/util.py", line 303, in _run_finalizers
    finalizer()
  File "/opt/ohpc/pub/compiler/conda/latest/lib/python3.12/multiprocessing/util.py", line 227, in __call__
    res = self._callback(*self._args, **self._kwargs)
          ^^^^^^^^^^^^^^^^^^^^^^^^^^^^^^^^^^^^^^^^^^^
  File "/opt/ohpc/pub/compiler/conda/latest/lib/python3.12/multiprocessing/util.py", line 227, in __call__
    res = self._callback(*self._args, **self._kwargs)
          ^^^^^^^^^^^^^^^^^^^^^^^^^^^^^^^^^^^^^^^^^^^
  File "/opt/ohpc/pub/compiler/conda/latest/lib/python3.12/multiprocessing/util.py", line 136, in _remove_temp_dir
    rmtree(tempdir, onerror=onerror)
  File "/opt/ohpc/pub/compiler/conda/latest/lib/python3.12/multiprocessing/util.py", line 136, in _remove_temp_dir
    rmtree(tempdir, onerror=onerror)
  File "/opt/ohpc/pub/compiler/conda/latest/lib/python3.12/shutil.py", line 759, in rmtree
    _rmtree_safe_fd(stack, onexc)
  File "/opt/ohpc/pub/compiler/conda/latest/lib/python3.12/shutil.py", line 759, in rmtree
    _rmtree_safe_fd(stack, onexc)
  File "/opt/ohpc/pub/compiler/conda/latest/lib/python3.12/shutil.py", line 703, in _rmtree_safe_fd
    onexc(func, path, err)
  File "/opt/ohpc/pub/compiler/conda/latest/lib/python3.12/shutil.py", line 703, in _rmtree_safe_fd
    onexc(func, path, err)
  File "/opt/ohpc/pub/compiler/conda/latest/lib/python3.12/shutil.py", line 750, in onexc
    return onerror(func, path, exc_info)
           ^^^^^^^^^^^^^^^^^^^^^^^^^^^^^
  File "/opt/ohpc/pub/compiler/conda/latest/lib/python3.12/shutil.py", line 750, in onexc
    return onerror(func, path, exc_info)
           ^^^^^^^^^^^^^^^^^^^^^^^^^^^^^
  File "/opt/ohpc/pub/compiler/conda/latest/lib/python3.12/shutil.py", line 700, in _rmtree_safe_fd
    onexc(os.unlink, fullname, err)
  File "/opt/ohpc/pub/compiler/conda/latest/lib/python3.12/shutil.py", line 700, in _rmtree_safe_fd
    onexc(os.unlink, fullname, err)
  File "/opt/ohpc/pub/compiler/conda/latest/lib/python3.12/shutil.py", line 750, in onexc
    return onerror(func, path, exc_info)
           ^^^^^^^^^^^^^^^^^^^^^^^^^^^^^
  File "/opt/ohpc/pub/compiler/conda/latest/lib/python3.12/shutil.py", line 750, in onexc
    return onerror(func, path, exc_info)
           ^^^^^^^^^^^^^^^^^^^^^^^^^^^^^
  File "/opt/ohpc/pub/compiler/conda/latest/lib/python3.12/shutil.py", line 698, in _rmtree_safe_fd
    os.unlink(entry.name, dir_fd=topfd)
  File "/opt/ohpc/pub/compiler/conda/latest/lib/python3.12/shutil.py", line 698, in _rmtree_safe_fd
    os.unlink(entry.name, dir_fd=topfd)
  File "/opt/ohpc/pub/compiler/conda/latest/lib/python3.12/multiprocessing/util.py", line 303, in _run_finalizers
    finalizer()
  File "/opt/ohpc/pub/compiler/conda/latest/lib/python3.12/multiprocessing/util.py", line 227, in __call__
    res = self._callback(*self._args, **self._kwargs)
          ^^^^^^^^^^^^^^^^^^^^^^^^^^^^^^^^^^^^^^^^^^^
OSError: [Errno 16] Device or resource busy: '/tmp/pymp-cwx6yt2d'
OSError: [Errno 16] Device or resource busy: '/tmp/pymp-mjicnrva'
  File "/opt/ohpc/pub/compiler/conda/latest/lib/python3.12/multiprocessing/util.py", line 136, in _remove_temp_dir
    rmtree(tempdir, onerror=onerror)
  File "/opt/ohpc/pub/compiler/conda/latest/lib/python3.12/shutil.py", line 759, in rmtree
    _rmtree_safe_fd(stack, onexc)
  File "/opt/ohpc/pub/compiler/conda/latest/lib/python3.12/shutil.py", line 703, in _rmtree_safe_fd
    onexc(func, path, err)
  File "/opt/ohpc/pub/compiler/conda/latest/lib/python3.12/shutil.py", line 750, in onexc
    return onerror(func, path, exc_info)
           ^^^^^^^^^^^^^^^^^^^^^^^^^^^^^
  File "/opt/ohpc/pub/compiler/conda/latest/lib/python3.12/shutil.py", line 700, in _rmtree_safe_fd
    onexc(os.unlink, fullname, err)
  File "/opt/ohpc/pub/compiler/conda/latest/lib/python3.12/shutil.py", line 750, in onexc
    return onerror(func, path, exc_info)
           ^^^^^^^^^^^^^^^^^^^^^^^^^^^^^
  File "/opt/ohpc/pub/compiler/conda/latest/lib/python3.12/shutil.py", line 698, in _rmtree_safe_fd
    os.unlink(entry.name, dir_fd=topfd)
OSError: [Errno 16] Device or resource busy: '/tmp/pymp-963axio4'
  File "/opt/ohpc/pub/compiler/conda/latest/lib/python3.12/multiprocessing/util.py", line 303, in _run_finalizers
    finalizer()
  File "/opt/ohpc/pub/compiler/conda/latest/lib/python3.12/multiprocessing/util.py", line 227, in __call__
    res = self._callback(*self._args, **self._kwargs)
          ^^^^^^^^^^^^^^^^^^^^^^^^^^^^^^^^^^^^^^^^^^^
  File "/opt/ohpc/pub/compiler/conda/latest/lib/python3.12/multiprocessing/util.py", line 136, in _remove_temp_dir
    rmtree(tempdir, onerror=onerror)
  File "/opt/ohpc/pub/compiler/conda/latest/lib/python3.12/shutil.py", line 759, in rmtree
    _rmtree_safe_fd(stack, onexc)
  File "/opt/ohpc/pub/compiler/conda/latest/lib/python3.12/shutil.py", line 703, in _rmtree_safe_fd
    onexc(func, path, err)
  File "/opt/ohpc/pub/compiler/conda/latest/lib/python3.12/shutil.py", line 750, in onexc
    return onerror(func, path, exc_info)
           ^^^^^^^^^^^^^^^^^^^^^^^^^^^^^
  File "/opt/ohpc/pub/compiler/conda/latest/lib/python3.12/shutil.py", line 700, in _rmtree_safe_fd
    onexc(os.unlink, fullname, err)
  File "/opt/ohpc/pub/compiler/conda/latest/lib/python3.12/shutil.py", line 750, in onexc
    return onerror(func, path, exc_info)
           ^^^^^^^^^^^^^^^^^^^^^^^^^^^^^
  File "/opt/ohpc/pub/compiler/conda/latest/lib/python3.12/shutil.py", line 698, in _rmtree_safe_fd
    os.unlink(entry.name, dir_fd=topfd)
OSError: [Errno 16] Device or resource busy: '/tmp/pymp-ax18sqq1'
  File "/opt/ohpc/pub/compiler/conda/latest/lib/python3.12/multiprocessing/util.py", line 303, in _run_finalizers
    finalizer()
  File "/opt/ohpc/pub/compiler/conda/latest/lib/python3.12/multiprocessing/util.py", line 227, in __call__
    res = self._callback(*self._args, **self._kwargs)
          ^^^^^^^^^^^^^^^^^^^^^^^^^^^^^^^^^^^^^^^^^^^
  File "/opt/ohpc/pub/compiler/conda/latest/lib/python3.12/multiprocessing/util.py", line 136, in _remove_temp_dir
    rmtree(tempdir, onerror=onerror)
  File "/opt/ohpc/pub/compiler/conda/latest/lib/python3.12/shutil.py", line 759, in rmtree
    _rmtree_safe_fd(stack, onexc)
  File "/opt/ohpc/pub/compiler/conda/latest/lib/python3.12/shutil.py", line 703, in _rmtree_safe_fd
    onexc(func, path, err)
  File "/opt/ohpc/pub/compiler/conda/latest/lib/python3.12/shutil.py", line 750, in onexc
    return onerror(func, path, exc_info)
           ^^^^^^^^^^^^^^^^^^^^^^^^^^^^^
  File "/opt/ohpc/pub/compiler/conda/latest/lib/python3.12/shutil.py", line 700, in _rmtree_safe_fd
    onexc(os.unlink, fullname, err)
  File "/opt/ohpc/pub/compiler/conda/latest/lib/python3.12/shutil.py", line 750, in onexc
    return onerror(func, path, exc_info)
           ^^^^^^^^^^^^^^^^^^^^^^^^^^^^^
  File "/opt/ohpc/pub/compiler/conda/latest/lib/python3.12/shutil.py", line 698, in _rmtree_safe_fd
    os.unlink(entry.name, dir_fd=topfd)
OSError: [Errno 16] Device or resource busy: '/tmp/pymp-rpm_s1qd'
Traceback (most recent call last):
  File "/opt/ohpc/pub/compiler/conda/latest/lib/python3.12/multiprocessing/util.py", line 303, in _run_finalizers
    finalizer()
  File "/opt/ohpc/pub/compiler/conda/latest/lib/python3.12/multiprocessing/util.py", line 227, in __call__
    res = self._callback(*self._args, **self._kwargs)
          ^^^^^^^^^^^^^^^^^^^^^^^^^^^^^^^^^^^^^^^^^^^
  File "/opt/ohpc/pub/compiler/conda/latest/lib/python3.12/multiprocessing/util.py", line 136, in _remove_temp_dir
    rmtree(tempdir, onerror=onerror)
  File "/opt/ohpc/pub/compiler/conda/latest/lib/python3.12/shutil.py", line 759, in rmtree
    _rmtree_safe_fd(stack, onexc)
  File "/opt/ohpc/pub/compiler/conda/latest/lib/python3.12/shutil.py", line 703, in _rmtree_safe_fd
    onexc(func, path, err)
  File "/opt/ohpc/pub/compiler/conda/latest/lib/python3.12/shutil.py", line 750, in onexc
    return onerror(func, path, exc_info)
           ^^^^^^^^^^^^^^^^^^^^^^^^^^^^^
  File "/opt/ohpc/pub/compiler/conda/latest/lib/python3.12/shutil.py", line 700, in _rmtree_safe_fd
    onexc(os.unlink, fullname, err)
  File "/opt/ohpc/pub/compiler/conda/latest/lib/python3.12/shutil.py", line 750, in onexc
    return onerror(func, path, exc_info)
           ^^^^^^^^^^^^^^^^^^^^^^^^^^^^^
  File "/opt/ohpc/pub/compiler/conda/latest/lib/python3.12/shutil.py", line 698, in _rmtree_safe_fd
    os.unlink(entry.name, dir_fd=topfd)
OSError: [Errno 16] Device or resource busy: '/tmp/pymp-wj2tqzex'
Traceback (most recent call last):
Traceback (most recent call last):
  File "/opt/ohpc/pub/compiler/conda/latest/lib/python3.12/multiprocessing/util.py", line 303, in _run_finalizers
    finalizer()
  File "/opt/ohpc/pub/compiler/conda/latest/lib/python3.12/multiprocessing/util.py", line 303, in _run_finalizers
    finalizer()
  File "/opt/ohpc/pub/compiler/conda/latest/lib/python3.12/multiprocessing/util.py", line 227, in __call__
    res = self._callback(*self._args, **self._kwargs)
          ^^^^^^^^^^^^^^^^^^^^^^^^^^^^^^^^^^^^^^^^^^^
  File "/opt/ohpc/pub/compiler/conda/latest/lib/python3.12/multiprocessing/util.py", line 227, in __call__
    res = self._callback(*self._args, **self._kwargs)
          ^^^^^^^^^^^^^^^^^^^^^^^^^^^^^^^^^^^^^^^^^^^
  File "/opt/ohpc/pub/compiler/conda/latest/lib/python3.12/multiprocessing/util.py", line 136, in _remove_temp_dir
    rmtree(tempdir, onerror=onerror)
  File "/opt/ohpc/pub/compiler/conda/latest/lib/python3.12/multiprocessing/util.py", line 136, in _remove_temp_dir
    rmtree(tempdir, onerror=onerror)
  File "/opt/ohpc/pub/compiler/conda/latest/lib/python3.12/shutil.py", line 759, in rmtree
    _rmtree_safe_fd(stack, onexc)
  File "/opt/ohpc/pub/compiler/conda/latest/lib/python3.12/shutil.py", line 759, in rmtree
    _rmtree_safe_fd(stack, onexc)
  File "/opt/ohpc/pub/compiler/conda/latest/lib/python3.12/shutil.py", line 703, in _rmtree_safe_fd
    onexc(func, path, err)
  File "/opt/ohpc/pub/compiler/conda/latest/lib/python3.12/shutil.py", line 703, in _rmtree_safe_fd
    onexc(func, path, err)
  File "/opt/ohpc/pub/compiler/conda/latest/lib/python3.12/shutil.py", line 750, in onexc
    return onerror(func, path, exc_info)
           ^^^^^^^^^^^^^^^^^^^^^^^^^^^^^
  File "/opt/ohpc/pub/compiler/conda/latest/lib/python3.12/shutil.py", line 750, in onexc
    return onerror(func, path, exc_info)
           ^^^^^^^^^^^^^^^^^^^^^^^^^^^^^
  File "/opt/ohpc/pub/compiler/conda/latest/lib/python3.12/shutil.py", line 700, in _rmtree_safe_fd
    onexc(os.unlink, fullname, err)
  File "/opt/ohpc/pub/compiler/conda/latest/lib/python3.12/shutil.py", line 700, in _rmtree_safe_fd
    onexc(os.unlink, fullname, err)
  File "/opt/ohpc/pub/compiler/conda/latest/lib/python3.12/shutil.py", line 750, in onexc
    return onerror(func, path, exc_info)
           ^^^^^^^^^^^^^^^^^^^^^^^^^^^^^
  File "/opt/ohpc/pub/compiler/conda/latest/lib/python3.12/shutil.py", line 750, in onexc
    return onerror(func, path, exc_info)
           ^^^^^^^^^^^^^^^^^^^^^^^^^^^^^
  File "/opt/ohpc/pub/compiler/conda/latest/lib/python3.12/shutil.py", line 698, in _rmtree_safe_fd
    os.unlink(entry.name, dir_fd=topfd)
  File "/opt/ohpc/pub/compiler/conda/latest/lib/python3.12/shutil.py", line 698, in _rmtree_safe_fd
    os.unlink(entry.name, dir_fd=topfd)
OSError: [Errno 16] Device or resource busy: '/tmp/pymp-n3g5diix'
OSError: [Errno 16] Device or resource busy: '/tmp/pymp-ihe7_wi7'
Traceback (most recent call last):
Traceback (most recent call last):
Traceback (most recent call last):
Traceback (most recent call last):
  File "/opt/ohpc/pub/compiler/conda/latest/lib/python3.12/multiprocessing/util.py", line 303, in _run_finalizers
    finalizer()
  File "/opt/ohpc/pub/compiler/conda/latest/lib/python3.12/multiprocessing/util.py", line 227, in __call__
    res = self._callback(*self._args, **self._kwargs)
          ^^^^^^^^^^^^^^^^^^^^^^^^^^^^^^^^^^^^^^^^^^^
  File "/opt/ohpc/pub/compiler/conda/latest/lib/python3.12/multiprocessing/util.py", line 136, in _remove_temp_dir
    rmtree(tempdir, onerror=onerror)
  File "/opt/ohpc/pub/compiler/conda/latest/lib/python3.12/shutil.py", line 759, in rmtree
    _rmtree_safe_fd(stack, onexc)
  File "/opt/ohpc/pub/compiler/conda/latest/lib/python3.12/shutil.py", line 703, in _rmtree_safe_fd
    onexc(func, path, err)
  File "/opt/ohpc/pub/compiler/conda/latest/lib/python3.12/shutil.py", line 750, in onexc
    return onerror(func, path, exc_info)
           ^^^^^^^^^^^^^^^^^^^^^^^^^^^^^
  File "/opt/ohpc/pub/compiler/conda/latest/lib/python3.12/shutil.py", line 700, in _rmtree_safe_fd
    onexc(os.unlink, fullname, err)
  File "/opt/ohpc/pub/compiler/conda/latest/lib/python3.12/shutil.py", line 750, in onexc
    return onerror(func, path, exc_info)
           ^^^^^^^^^^^^^^^^^^^^^^^^^^^^^
  File "/opt/ohpc/pub/compiler/conda/latest/lib/python3.12/shutil.py", line 698, in _rmtree_safe_fd
    os.unlink(entry.name, dir_fd=topfd)
OSError: [Errno 16] Device or resource busy: '/tmp/pymp-rg1irjg3'
  File "/opt/ohpc/pub/compiler/conda/latest/lib/python3.12/multiprocessing/util.py", line 303, in _run_finalizers
    finalizer()
  File "/opt/ohpc/pub/compiler/conda/latest/lib/python3.12/multiprocessing/util.py", line 227, in __call__
    res = self._callback(*self._args, **self._kwargs)
          ^^^^^^^^^^^^^^^^^^^^^^^^^^^^^^^^^^^^^^^^^^^
  File "/opt/ohpc/pub/compiler/conda/latest/lib/python3.12/multiprocessing/util.py", line 136, in _remove_temp_dir
    rmtree(tempdir, onerror=onerror)
  File "/opt/ohpc/pub/compiler/conda/latest/lib/python3.12/shutil.py", line 759, in rmtree
    _rmtree_safe_fd(stack, onexc)
  File "/opt/ohpc/pub/compiler/conda/latest/lib/python3.12/shutil.py", line 703, in _rmtree_safe_fd
    onexc(func, path, err)
  File "/opt/ohpc/pub/compiler/conda/latest/lib/python3.12/shutil.py", line 750, in onexc
    return onerror(func, path, exc_info)
           ^^^^^^^^^^^^^^^^^^^^^^^^^^^^^
  File "/opt/ohpc/pub/compiler/conda/latest/lib/python3.12/shutil.py", line 700, in _rmtree_safe_fd
    onexc(os.unlink, fullname, err)
  File "/opt/ohpc/pub/compiler/conda/latest/lib/python3.12/shutil.py", line 750, in onexc
    return onerror(func, path, exc_info)
           ^^^^^^^^^^^^^^^^^^^^^^^^^^^^^
  File "/opt/ohpc/pub/compiler/conda/latest/lib/python3.12/shutil.py", line 698, in _rmtree_safe_fd
    os.unlink(entry.name, dir_fd=topfd)
Traceback (most recent call last):
OSError: [Errno 16] Device or resource busy: '/tmp/pymp-bip9fxje'
Traceback (most recent call last):
  File "/opt/ohpc/pub/compiler/conda/latest/lib/python3.12/multiprocessing/util.py", line 303, in _run_finalizers
    finalizer()
  File "/opt/ohpc/pub/compiler/conda/latest/lib/python3.12/multiprocessing/util.py", line 227, in __call__
    res = self._callback(*self._args, **self._kwargs)
          ^^^^^^^^^^^^^^^^^^^^^^^^^^^^^^^^^^^^^^^^^^^
  File "/opt/ohpc/pub/compiler/conda/latest/lib/python3.12/multiprocessing/util.py", line 136, in _remove_temp_dir
    rmtree(tempdir, onerror=onerror)
  File "/opt/ohpc/pub/compiler/conda/latest/lib/python3.12/shutil.py", line 759, in rmtree
    _rmtree_safe_fd(stack, onexc)
  File "/opt/ohpc/pub/compiler/conda/latest/lib/python3.12/shutil.py", line 703, in _rmtree_safe_fd
    onexc(func, path, err)
  File "/opt/ohpc/pub/compiler/conda/latest/lib/python3.12/shutil.py", line 750, in onexc
    return onerror(func, path, exc_info)
           ^^^^^^^^^^^^^^^^^^^^^^^^^^^^^
  File "/opt/ohpc/pub/compiler/conda/latest/lib/python3.12/shutil.py", line 700, in _rmtree_safe_fd
    onexc(os.unlink, fullname, err)
  File "/opt/ohpc/pub/compiler/conda/latest/lib/python3.12/shutil.py", line 750, in onexc
    return onerror(func, path, exc_info)
           ^^^^^^^^^^^^^^^^^^^^^^^^^^^^^
  File "/opt/ohpc/pub/compiler/conda/latest/lib/python3.12/shutil.py", line 698, in _rmtree_safe_fd
    os.unlink(entry.name, dir_fd=topfd)
  File "/opt/ohpc/pub/compiler/conda/latest/lib/python3.12/multiprocessing/util.py", line 303, in _run_finalizers
    finalizer()
OSError: [Errno 16] Device or resource busy: '/tmp/pymp-2wl8gvfa'
  File "/opt/ohpc/pub/compiler/conda/latest/lib/python3.12/multiprocessing/util.py", line 227, in __call__
    res = self._callback(*self._args, **self._kwargs)
          ^^^^^^^^^^^^^^^^^^^^^^^^^^^^^^^^^^^^^^^^^^^
  File "/opt/ohpc/pub/compiler/conda/latest/lib/python3.12/multiprocessing/util.py", line 136, in _remove_temp_dir
    rmtree(tempdir, onerror=onerror)
  File "/opt/ohpc/pub/compiler/conda/latest/lib/python3.12/shutil.py", line 759, in rmtree
    _rmtree_safe_fd(stack, onexc)
  File "/opt/ohpc/pub/compiler/conda/latest/lib/python3.12/shutil.py", line 703, in _rmtree_safe_fd
    onexc(func, path, err)
  File "/opt/ohpc/pub/compiler/conda/latest/lib/python3.12/shutil.py", line 750, in onexc
    return onerror(func, path, exc_info)
           ^^^^^^^^^^^^^^^^^^^^^^^^^^^^^
  File "/opt/ohpc/pub/compiler/conda/latest/lib/python3.12/shutil.py", line 700, in _rmtree_safe_fd
    onexc(os.unlink, fullname, err)
  File "/opt/ohpc/pub/compiler/conda/latest/lib/python3.12/shutil.py", line 750, in onexc
    return onerror(func, path, exc_info)
           ^^^^^^^^^^^^^^^^^^^^^^^^^^^^^
  File "/opt/ohpc/pub/compiler/conda/latest/lib/python3.12/shutil.py", line 698, in _rmtree_safe_fd
    os.unlink(entry.name, dir_fd=topfd)
OSError: [Errno 16] Device or resource busy: '/tmp/pymp-1b8i77zj'
Traceback (most recent call last):
  File "/opt/ohpc/pub/compiler/conda/latest/lib/python3.12/multiprocessing/util.py", line 303, in _run_finalizers
    finalizer()
  File "/opt/ohpc/pub/compiler/conda/latest/lib/python3.12/multiprocessing/util.py", line 303, in _run_finalizers
    finalizer()
  File "/opt/ohpc/pub/compiler/conda/latest/lib/python3.12/multiprocessing/util.py", line 227, in __call__
    res = self._callback(*self._args, **self._kwargs)
          ^^^^^^^^^^^^^^^^^^^^^^^^^^^^^^^^^^^^^^^^^^^
  File "/opt/ohpc/pub/compiler/conda/latest/lib/python3.12/multiprocessing/util.py", line 136, in _remove_temp_dir
    rmtree(tempdir, onerror=onerror)
  File "/opt/ohpc/pub/compiler/conda/latest/lib/python3.12/multiprocessing/util.py", line 227, in __call__
    res = self._callback(*self._args, **self._kwargs)
          ^^^^^^^^^^^^^^^^^^^^^^^^^^^^^^^^^^^^^^^^^^^
  File "/opt/ohpc/pub/compiler/conda/latest/lib/python3.12/shutil.py", line 759, in rmtree
    _rmtree_safe_fd(stack, onexc)
  File "/opt/ohpc/pub/compiler/conda/latest/lib/python3.12/multiprocessing/util.py", line 136, in _remove_temp_dir
    rmtree(tempdir, onerror=onerror)
  File "/opt/ohpc/pub/compiler/conda/latest/lib/python3.12/shutil.py", line 703, in _rmtree_safe_fd
    onexc(func, path, err)
  File "/opt/ohpc/pub/compiler/conda/latest/lib/python3.12/shutil.py", line 759, in rmtree
    _rmtree_safe_fd(stack, onexc)
  File "/opt/ohpc/pub/compiler/conda/latest/lib/python3.12/shutil.py", line 750, in onexc
    return onerror(func, path, exc_info)
           ^^^^^^^^^^^^^^^^^^^^^^^^^^^^^
  File "/opt/ohpc/pub/compiler/conda/latest/lib/python3.12/shutil.py", line 703, in _rmtree_safe_fd
    onexc(func, path, err)
  File "/opt/ohpc/pub/compiler/conda/latest/lib/python3.12/shutil.py", line 700, in _rmtree_safe_fd
    onexc(os.unlink, fullname, err)
  File "/opt/ohpc/pub/compiler/conda/latest/lib/python3.12/shutil.py", line 750, in onexc
    return onerror(func, path, exc_info)
           ^^^^^^^^^^^^^^^^^^^^^^^^^^^^^
  File "/opt/ohpc/pub/compiler/conda/latest/lib/python3.12/shutil.py", line 750, in onexc
    return onerror(func, path, exc_info)
           ^^^^^^^^^^^^^^^^^^^^^^^^^^^^^
  File "/opt/ohpc/pub/compiler/conda/latest/lib/python3.12/shutil.py", line 700, in _rmtree_safe_fd
    onexc(os.unlink, fullname, err)
  File "/opt/ohpc/pub/compiler/conda/latest/lib/python3.12/shutil.py", line 698, in _rmtree_safe_fd
    os.unlink(entry.name, dir_fd=topfd)
  File "/opt/ohpc/pub/compiler/conda/latest/lib/python3.12/shutil.py", line 750, in onexc
    return onerror(func, path, exc_info)
           ^^^^^^^^^^^^^^^^^^^^^^^^^^^^^
  File "/opt/ohpc/pub/compiler/conda/latest/lib/python3.12/shutil.py", line 698, in _rmtree_safe_fd
    os.unlink(entry.name, dir_fd=topfd)
OSError: [Errno 16] Device or resource busy: '/tmp/pymp-33vh7qae'
OSError: [Errno 16] Device or resource busy: '/tmp/pymp-intc8kyw'
Traceback (most recent call last):
  File "/opt/ohpc/pub/compiler/conda/latest/lib/python3.12/multiprocessing/util.py", line 303, in _run_finalizers
    finalizer()
  File "/opt/ohpc/pub/compiler/conda/latest/lib/python3.12/multiprocessing/util.py", line 227, in __call__
    res = self._callback(*self._args, **self._kwargs)
          ^^^^^^^^^^^^^^^^^^^^^^^^^^^^^^^^^^^^^^^^^^^
  File "/opt/ohpc/pub/compiler/conda/latest/lib/python3.12/multiprocessing/util.py", line 136, in _remove_temp_dir
    rmtree(tempdir, onerror=onerror)
  File "/opt/ohpc/pub/compiler/conda/latest/lib/python3.12/shutil.py", line 759, in rmtree
    _rmtree_safe_fd(stack, onexc)
  File "/opt/ohpc/pub/compiler/conda/latest/lib/python3.12/shutil.py", line 703, in _rmtree_safe_fd
    onexc(func, path, err)
  File "/opt/ohpc/pub/compiler/conda/latest/lib/python3.12/shutil.py", line 750, in onexc
    return onerror(func, path, exc_info)
           ^^^^^^^^^^^^^^^^^^^^^^^^^^^^^
  File "/opt/ohpc/pub/compiler/conda/latest/lib/python3.12/shutil.py", line 700, in _rmtree_safe_fd
    onexc(os.unlink, fullname, err)
  File "/opt/ohpc/pub/compiler/conda/latest/lib/python3.12/shutil.py", line 750, in onexc
    return onerror(func, path, exc_info)
           ^^^^^^^^^^^^^^^^^^^^^^^^^^^^^
  File "/opt/ohpc/pub/compiler/conda/latest/lib/python3.12/shutil.py", line 698, in _rmtree_safe_fd
    os.unlink(entry.name, dir_fd=topfd)
OSError: [Errno 16] Device or resource busy: '/tmp/pymp-3y267kay'
  File "/opt/ohpc/pub/compiler/conda/latest/lib/python3.12/multiprocessing/util.py", line 303, in _run_finalizers
    finalizer()
  File "/opt/ohpc/pub/compiler/conda/latest/lib/python3.12/multiprocessing/util.py", line 227, in __call__
    res = self._callback(*self._args, **self._kwargs)
          ^^^^^^^^^^^^^^^^^^^^^^^^^^^^^^^^^^^^^^^^^^^
  File "/opt/ohpc/pub/compiler/conda/latest/lib/python3.12/multiprocessing/util.py", line 136, in _remove_temp_dir
    rmtree(tempdir, onerror=onerror)
  File "/opt/ohpc/pub/compiler/conda/latest/lib/python3.12/shutil.py", line 759, in rmtree
    _rmtree_safe_fd(stack, onexc)
  File "/opt/ohpc/pub/compiler/conda/latest/lib/python3.12/shutil.py", line 703, in _rmtree_safe_fd
    onexc(func, path, err)
  File "/opt/ohpc/pub/compiler/conda/latest/lib/python3.12/shutil.py", line 750, in onexc
    return onerror(func, path, exc_info)
           ^^^^^^^^^^^^^^^^^^^^^^^^^^^^^
  File "/opt/ohpc/pub/compiler/conda/latest/lib/python3.12/shutil.py", line 700, in _rmtree_safe_fd
    onexc(os.unlink, fullname, err)
  File "/opt/ohpc/pub/compiler/conda/latest/lib/python3.12/shutil.py", line 750, in onexc
    return onerror(func, path, exc_info)
           ^^^^^^^^^^^^^^^^^^^^^^^^^^^^^
  File "/opt/ohpc/pub/compiler/conda/latest/lib/python3.12/shutil.py", line 698, in _rmtree_safe_fd
    os.unlink(entry.name, dir_fd=topfd)
OSError: [Errno 16] Device or resource busy: '/tmp/pymp-ushqaw4i'
[val 005] loss=-0.2622 z_std=0.0469 rankme=52.507 lidar=33.016 areq=1.587 pr=1.83 align=0.3143 unif=-1.298 converged=False collapsed=False
  e006 it0000/62 lr=0.0019 loss=-0.2657 z_std=0.0633
  e006 it0010/62 lr=0.0019 loss=-0.3013 z_std=0.0637
  e006 it0020/62 lr=0.0020 loss=-0.3038 z_std=0.0636
  e006 it0030/62 lr=0.0020 loss=-0.3113 z_std=0.0635
  e006 it0040/62 lr=0.0021 loss=-0.3206 z_std=0.0635
  e006 it0050/62 lr=0.0021 loss=-0.3327 z_std=0.0635
  e006 it0060/62 lr=0.0022 loss=-0.3422 z_std=0.0634
[epoch 006] loss=-0.3424 z_std=0.0634 (healthy~0.0625) time=193.7s
Traceback (most recent call last):
Traceback (most recent call last):
  File "/opt/ohpc/pub/compiler/conda/latest/lib/python3.12/multiprocessing/util.py", line 303, in _run_finalizers
    finalizer()
  File "/opt/ohpc/pub/compiler/conda/latest/lib/python3.12/multiprocessing/util.py", line 227, in __call__
    res = self._callback(*self._args, **self._kwargs)
          ^^^^^^^^^^^^^^^^^^^^^^^^^^^^^^^^^^^^^^^^^^^
  File "/opt/ohpc/pub/compiler/conda/latest/lib/python3.12/multiprocessing/util.py", line 136, in _remove_temp_dir
    rmtree(tempdir, onerror=onerror)
  File "/opt/ohpc/pub/compiler/conda/latest/lib/python3.12/shutil.py", line 759, in rmtree
    _rmtree_safe_fd(stack, onexc)
  File "/opt/ohpc/pub/compiler/conda/latest/lib/python3.12/shutil.py", line 703, in _rmtree_safe_fd
    onexc(func, path, err)
  File "/opt/ohpc/pub/compiler/conda/latest/lib/python3.12/shutil.py", line 750, in onexc
    return onerror(func, path, exc_info)
           ^^^^^^^^^^^^^^^^^^^^^^^^^^^^^
  File "/opt/ohpc/pub/compiler/conda/latest/lib/python3.12/shutil.py", line 700, in _rmtree_safe_fd
    onexc(os.unlink, fullname, err)
  File "/opt/ohpc/pub/compiler/conda/latest/lib/python3.12/shutil.py", line 750, in onexc
    return onerror(func, path, exc_info)
           ^^^^^^^^^^^^^^^^^^^^^^^^^^^^^
  File "/opt/ohpc/pub/compiler/conda/latest/lib/python3.12/shutil.py", line 698, in _rmtree_safe_fd
    os.unlink(entry.name, dir_fd=topfd)
OSError: [Errno 16] Device or resource busy: '/tmp/pymp-11xfkag9'
Traceback (most recent call last):
  File "/opt/ohpc/pub/compiler/conda/latest/lib/python3.12/multiprocessing/util.py", line 303, in _run_finalizers
    finalizer()
  File "/opt/ohpc/pub/compiler/conda/latest/lib/python3.12/multiprocessing/util.py", line 227, in __call__
    res = self._callback(*self._args, **self._kwargs)
          ^^^^^^^^^^^^^^^^^^^^^^^^^^^^^^^^^^^^^^^^^^^
  File "/opt/ohpc/pub/compiler/conda/latest/lib/python3.12/multiprocessing/util.py", line 136, in _remove_temp_dir
    rmtree(tempdir, onerror=onerror)
  File "/opt/ohpc/pub/compiler/conda/latest/lib/python3.12/shutil.py", line 759, in rmtree
    _rmtree_safe_fd(stack, onexc)
  File "/opt/ohpc/pub/compiler/conda/latest/lib/python3.12/shutil.py", line 703, in _rmtree_safe_fd
    onexc(func, path, err)
  File "/opt/ohpc/pub/compiler/conda/latest/lib/python3.12/shutil.py", line 750, in onexc
    return onerror(func, path, exc_info)
           ^^^^^^^^^^^^^^^^^^^^^^^^^^^^^
  File "/opt/ohpc/pub/compiler/conda/latest/lib/python3.12/shutil.py", line 700, in _rmtree_safe_fd
    onexc(os.unlink, fullname, err)
  File "/opt/ohpc/pub/compiler/conda/latest/lib/python3.12/shutil.py", line 750, in onexc
    return onerror(func, path, exc_info)
           ^^^^^^^^^^^^^^^^^^^^^^^^^^^^^
  File "/opt/ohpc/pub/compiler/conda/latest/lib/python3.12/shutil.py", line 698, in _rmtree_safe_fd
    os.unlink(entry.name, dir_fd=topfd)
OSError: [Errno 16] Device or resource busy: '/tmp/pymp-aioqfe2l'
  File "/opt/ohpc/pub/compiler/conda/latest/lib/python3.12/multiprocessing/util.py", line 303, in _run_finalizers
    finalizer()
  File "/opt/ohpc/pub/compiler/conda/latest/lib/python3.12/multiprocessing/util.py", line 227, in __call__
    res = self._callback(*self._args, **self._kwargs)
          ^^^^^^^^^^^^^^^^^^^^^^^^^^^^^^^^^^^^^^^^^^^
  File "/opt/ohpc/pub/compiler/conda/latest/lib/python3.12/multiprocessing/util.py", line 136, in _remove_temp_dir
    rmtree(tempdir, onerror=onerror)
  File "/opt/ohpc/pub/compiler/conda/latest/lib/python3.12/shutil.py", line 759, in rmtree
    _rmtree_safe_fd(stack, onexc)
  File "/opt/ohpc/pub/compiler/conda/latest/lib/python3.12/shutil.py", line 703, in _rmtree_safe_fd
    onexc(func, path, err)
  File "/opt/ohpc/pub/compiler/conda/latest/lib/python3.12/shutil.py", line 750, in onexc
    return onerror(func, path, exc_info)
           ^^^^^^^^^^^^^^^^^^^^^^^^^^^^^
  File "/opt/ohpc/pub/compiler/conda/latest/lib/python3.12/shutil.py", line 700, in _rmtree_safe_fd
    onexc(os.unlink, fullname, err)
  File "/opt/ohpc/pub/compiler/conda/latest/lib/python3.12/shutil.py", line 750, in onexc
    return onerror(func, path, exc_info)
           ^^^^^^^^^^^^^^^^^^^^^^^^^^^^^
  File "/opt/ohpc/pub/compiler/conda/latest/lib/python3.12/shutil.py", line 698, in _rmtree_safe_fd
    os.unlink(entry.name, dir_fd=topfd)
OSError: [Errno 16] Device or resource busy: '/tmp/pymp-scq8wqaz'
Traceback (most recent call last):
Traceback (most recent call last):
  File "/opt/ohpc/pub/compiler/conda/latest/lib/python3.12/multiprocessing/util.py", line 303, in _run_finalizers
    finalizer()
  File "/opt/ohpc/pub/compiler/conda/latest/lib/python3.12/multiprocessing/util.py", line 227, in __call__
    res = self._callback(*self._args, **self._kwargs)
          ^^^^^^^^^^^^^^^^^^^^^^^^^^^^^^^^^^^^^^^^^^^
  File "/opt/ohpc/pub/compiler/conda/latest/lib/python3.12/multiprocessing/util.py", line 136, in _remove_temp_dir
    rmtree(tempdir, onerror=onerror)
  File "/opt/ohpc/pub/compiler/conda/latest/lib/python3.12/shutil.py", line 759, in rmtree
    _rmtree_safe_fd(stack, onexc)
  File "/opt/ohpc/pub/compiler/conda/latest/lib/python3.12/shutil.py", line 703, in _rmtree_safe_fd
    onexc(func, path, err)
  File "/opt/ohpc/pub/compiler/conda/latest/lib/python3.12/shutil.py", line 750, in onexc
    return onerror(func, path, exc_info)
           ^^^^^^^^^^^^^^^^^^^^^^^^^^^^^
  File "/opt/ohpc/pub/compiler/conda/latest/lib/python3.12/shutil.py", line 700, in _rmtree_safe_fd
    onexc(os.unlink, fullname, err)
  File "/opt/ohpc/pub/compiler/conda/latest/lib/python3.12/shutil.py", line 750, in onexc
    return onerror(func, path, exc_info)
           ^^^^^^^^^^^^^^^^^^^^^^^^^^^^^
  File "/opt/ohpc/pub/compiler/conda/latest/lib/python3.12/shutil.py", line 698, in _rmtree_safe_fd
    os.unlink(entry.name, dir_fd=topfd)
OSError: [Errno 16] Device or resource busy: '/tmp/pymp-88n8ohz8'
Traceback (most recent call last):
  File "/opt/ohpc/pub/compiler/conda/latest/lib/python3.12/multiprocessing/util.py", line 303, in _run_finalizers
    finalizer()
  File "/opt/ohpc/pub/compiler/conda/latest/lib/python3.12/multiprocessing/util.py", line 227, in __call__
    res = self._callback(*self._args, **self._kwargs)
          ^^^^^^^^^^^^^^^^^^^^^^^^^^^^^^^^^^^^^^^^^^^
  File "/opt/ohpc/pub/compiler/conda/latest/lib/python3.12/multiprocessing/util.py", line 136, in _remove_temp_dir
    rmtree(tempdir, onerror=onerror)
  File "/opt/ohpc/pub/compiler/conda/latest/lib/python3.12/shutil.py", line 759, in rmtree
    _rmtree_safe_fd(stack, onexc)
  File "/opt/ohpc/pub/compiler/conda/latest/lib/python3.12/shutil.py", line 703, in _rmtree_safe_fd
    onexc(func, path, err)
  File "/opt/ohpc/pub/compiler/conda/latest/lib/python3.12/shutil.py", line 750, in onexc
    return onerror(func, path, exc_info)
           ^^^^^^^^^^^^^^^^^^^^^^^^^^^^^
  File "/opt/ohpc/pub/compiler/conda/latest/lib/python3.12/shutil.py", line 700, in _rmtree_safe_fd
    onexc(os.unlink, fullname, err)
  File "/opt/ohpc/pub/compiler/conda/latest/lib/python3.12/shutil.py", line 750, in onexc
    return onerror(func, path, exc_info)
           ^^^^^^^^^^^^^^^^^^^^^^^^^^^^^
  File "/opt/ohpc/pub/compiler/conda/latest/lib/python3.12/shutil.py", line 698, in _rmtree_safe_fd
    os.unlink(entry.name, dir_fd=topfd)
OSError: [Errno 16] Device or resource busy: '/tmp/pymp-gvkmmif6'
Traceback (most recent call last):
  File "/opt/ohpc/pub/compiler/conda/latest/lib/python3.12/multiprocessing/util.py", line 303, in _run_finalizers
    finalizer()
  File "/opt/ohpc/pub/compiler/conda/latest/lib/python3.12/multiprocessing/util.py", line 227, in __call__
    res = self._callback(*self._args, **self._kwargs)
          ^^^^^^^^^^^^^^^^^^^^^^^^^^^^^^^^^^^^^^^^^^^
  File "/opt/ohpc/pub/compiler/conda/latest/lib/python3.12/multiprocessing/util.py", line 136, in _remove_temp_dir
    rmtree(tempdir, onerror=onerror)
  File "/opt/ohpc/pub/compiler/conda/latest/lib/python3.12/shutil.py", line 759, in rmtree
    _rmtree_safe_fd(stack, onexc)
  File "/opt/ohpc/pub/compiler/conda/latest/lib/python3.12/shutil.py", line 703, in _rmtree_safe_fd
    onexc(func, path, err)
  File "/opt/ohpc/pub/compiler/conda/latest/lib/python3.12/shutil.py", line 750, in onexc
    return onerror(func, path, exc_info)
           ^^^^^^^^^^^^^^^^^^^^^^^^^^^^^
  File "/opt/ohpc/pub/compiler/conda/latest/lib/python3.12/shutil.py", line 700, in _rmtree_safe_fd
    onexc(os.unlink, fullname, err)
  File "/opt/ohpc/pub/compiler/conda/latest/lib/python3.12/shutil.py", line 750, in onexc
    return onerror(func, path, exc_info)
           ^^^^^^^^^^^^^^^^^^^^^^^^^^^^^
  File "/opt/ohpc/pub/compiler/conda/latest/lib/python3.12/shutil.py", line 698, in _rmtree_safe_fd
    os.unlink(entry.name, dir_fd=topfd)
OSError: [Errno 16] Device or resource busy: '/tmp/pymp-dh64fcbc'
  File "/opt/ohpc/pub/compiler/conda/latest/lib/python3.12/multiprocessing/util.py", line 303, in _run_finalizers
    finalizer()
  File "/opt/ohpc/pub/compiler/conda/latest/lib/python3.12/multiprocessing/util.py", line 227, in __call__
    res = self._callback(*self._args, **self._kwargs)
          ^^^^^^^^^^^^^^^^^^^^^^^^^^^^^^^^^^^^^^^^^^^
  File "/opt/ohpc/pub/compiler/conda/latest/lib/python3.12/multiprocessing/util.py", line 136, in _remove_temp_dir
    rmtree(tempdir, onerror=onerror)
  File "/opt/ohpc/pub/compiler/conda/latest/lib/python3.12/shutil.py", line 759, in rmtree
    _rmtree_safe_fd(stack, onexc)
  File "/opt/ohpc/pub/compiler/conda/latest/lib/python3.12/shutil.py", line 703, in _rmtree_safe_fd
    onexc(func, path, err)
  File "/opt/ohpc/pub/compiler/conda/latest/lib/python3.12/shutil.py", line 750, in onexc
    return onerror(func, path, exc_info)
           ^^^^^^^^^^^^^^^^^^^^^^^^^^^^^
  File "/opt/ohpc/pub/compiler/conda/latest/lib/python3.12/shutil.py", line 700, in _rmtree_safe_fd
    onexc(os.unlink, fullname, err)
  File "/opt/ohpc/pub/compiler/conda/latest/lib/python3.12/shutil.py", line 750, in onexc
    return onerror(func, path, exc_info)
           ^^^^^^^^^^^^^^^^^^^^^^^^^^^^^
  File "/opt/ohpc/pub/compiler/conda/latest/lib/python3.12/shutil.py", line 698, in _rmtree_safe_fd
    os.unlink(entry.name, dir_fd=topfd)
OSError: [Errno 16] Device or resource busy: '/tmp/pymp-oqci1o4k'
Traceback (most recent call last):
Traceback (most recent call last):
Traceback (most recent call last):
  File "/opt/ohpc/pub/compiler/conda/latest/lib/python3.12/multiprocessing/util.py", line 303, in _run_finalizers
    finalizer()
  File "/opt/ohpc/pub/compiler/conda/latest/lib/python3.12/multiprocessing/util.py", line 227, in __call__
    res = self._callback(*self._args, **self._kwargs)
          ^^^^^^^^^^^^^^^^^^^^^^^^^^^^^^^^^^^^^^^^^^^
  File "/opt/ohpc/pub/compiler/conda/latest/lib/python3.12/multiprocessing/util.py", line 136, in _remove_temp_dir
    rmtree(tempdir, onerror=onerror)
  File "/opt/ohpc/pub/compiler/conda/latest/lib/python3.12/shutil.py", line 759, in rmtree
    _rmtree_safe_fd(stack, onexc)
  File "/opt/ohpc/pub/compiler/conda/latest/lib/python3.12/shutil.py", line 703, in _rmtree_safe_fd
    onexc(func, path, err)
  File "/opt/ohpc/pub/compiler/conda/latest/lib/python3.12/shutil.py", line 750, in onexc
    return onerror(func, path, exc_info)
           ^^^^^^^^^^^^^^^^^^^^^^^^^^^^^
  File "/opt/ohpc/pub/compiler/conda/latest/lib/python3.12/shutil.py", line 700, in _rmtree_safe_fd
    onexc(os.unlink, fullname, err)
  File "/opt/ohpc/pub/compiler/conda/latest/lib/python3.12/shutil.py", line 750, in onexc
    return onerror(func, path, exc_info)
           ^^^^^^^^^^^^^^^^^^^^^^^^^^^^^
  File "/opt/ohpc/pub/compiler/conda/latest/lib/python3.12/shutil.py", line 698, in _rmtree_safe_fd
    os.unlink(entry.name, dir_fd=topfd)
OSError: [Errno 16] Device or resource busy: '/tmp/pymp-2tbq8fvn'
  File "/opt/ohpc/pub/compiler/conda/latest/lib/python3.12/multiprocessing/util.py", line 303, in _run_finalizers
    finalizer()
  File "/opt/ohpc/pub/compiler/conda/latest/lib/python3.12/multiprocessing/util.py", line 227, in __call__
    res = self._callback(*self._args, **self._kwargs)
          ^^^^^^^^^^^^^^^^^^^^^^^^^^^^^^^^^^^^^^^^^^^
  File "/opt/ohpc/pub/compiler/conda/latest/lib/python3.12/multiprocessing/util.py", line 136, in _remove_temp_dir
    rmtree(tempdir, onerror=onerror)
  File "/opt/ohpc/pub/compiler/conda/latest/lib/python3.12/shutil.py", line 759, in rmtree
    _rmtree_safe_fd(stack, onexc)
  File "/opt/ohpc/pub/compiler/conda/latest/lib/python3.12/shutil.py", line 703, in _rmtree_safe_fd
    onexc(func, path, err)
  File "/opt/ohpc/pub/compiler/conda/latest/lib/python3.12/shutil.py", line 750, in onexc
    return onerror(func, path, exc_info)
           ^^^^^^^^^^^^^^^^^^^^^^^^^^^^^
  File "/opt/ohpc/pub/compiler/conda/latest/lib/python3.12/shutil.py", line 700, in _rmtree_safe_fd
    onexc(os.unlink, fullname, err)
  File "/opt/ohpc/pub/compiler/conda/latest/lib/python3.12/shutil.py", line 750, in onexc
    return onerror(func, path, exc_info)
           ^^^^^^^^^^^^^^^^^^^^^^^^^^^^^
  File "/opt/ohpc/pub/compiler/conda/latest/lib/python3.12/shutil.py", line 698, in _rmtree_safe_fd
    os.unlink(entry.name, dir_fd=topfd)
OSError: [Errno 16] Device or resource busy: '/tmp/pymp-6iol727x'
  File "/opt/ohpc/pub/compiler/conda/latest/lib/python3.12/multiprocessing/util.py", line 303, in _run_finalizers
    finalizer()
  File "/opt/ohpc/pub/compiler/conda/latest/lib/python3.12/multiprocessing/util.py", line 227, in __call__
    res = self._callback(*self._args, **self._kwargs)
          ^^^^^^^^^^^^^^^^^^^^^^^^^^^^^^^^^^^^^^^^^^^
  File "/opt/ohpc/pub/compiler/conda/latest/lib/python3.12/multiprocessing/util.py", line 136, in _remove_temp_dir
    rmtree(tempdir, onerror=onerror)
  File "/opt/ohpc/pub/compiler/conda/latest/lib/python3.12/shutil.py", line 759, in rmtree
    _rmtree_safe_fd(stack, onexc)
  File "/opt/ohpc/pub/compiler/conda/latest/lib/python3.12/shutil.py", line 703, in _rmtree_safe_fd
    onexc(func, path, err)
  File "/opt/ohpc/pub/compiler/conda/latest/lib/python3.12/shutil.py", line 750, in onexc
    return onerror(func, path, exc_info)
           ^^^^^^^^^^^^^^^^^^^^^^^^^^^^^
  File "/opt/ohpc/pub/compiler/conda/latest/lib/python3.12/shutil.py", line 700, in _rmtree_safe_fd
    onexc(os.unlink, fullname, err)
  File "/opt/ohpc/pub/compiler/conda/latest/lib/python3.12/shutil.py", line 750, in onexc
    return onerror(func, path, exc_info)
           ^^^^^^^^^^^^^^^^^^^^^^^^^^^^^
  File "/opt/ohpc/pub/compiler/conda/latest/lib/python3.12/shutil.py", line 698, in _rmtree_safe_fd
    os.unlink(entry.name, dir_fd=topfd)
OSError: [Errno 16] Device or resource busy: '/tmp/pymp-m5mi59_6'
Traceback (most recent call last):
Traceback (most recent call last):
  File "/opt/ohpc/pub/compiler/conda/latest/lib/python3.12/multiprocessing/util.py", line 303, in _run_finalizers
    finalizer()
  File "/opt/ohpc/pub/compiler/conda/latest/lib/python3.12/multiprocessing/util.py", line 227, in __call__
    res = self._callback(*self._args, **self._kwargs)
          ^^^^^^^^^^^^^^^^^^^^^^^^^^^^^^^^^^^^^^^^^^^
  File "/opt/ohpc/pub/compiler/conda/latest/lib/python3.12/multiprocessing/util.py", line 136, in _remove_temp_dir
    rmtree(tempdir, onerror=onerror)
  File "/opt/ohpc/pub/compiler/conda/latest/lib/python3.12/shutil.py", line 759, in rmtree
    _rmtree_safe_fd(stack, onexc)
  File "/opt/ohpc/pub/compiler/conda/latest/lib/python3.12/shutil.py", line 703, in _rmtree_safe_fd
    onexc(func, path, err)
  File "/opt/ohpc/pub/compiler/conda/latest/lib/python3.12/shutil.py", line 750, in onexc
    return onerror(func, path, exc_info)
           ^^^^^^^^^^^^^^^^^^^^^^^^^^^^^
  File "/opt/ohpc/pub/compiler/conda/latest/lib/python3.12/shutil.py", line 700, in _rmtree_safe_fd
    onexc(os.unlink, fullname, err)
  File "/opt/ohpc/pub/compiler/conda/latest/lib/python3.12/shutil.py", line 750, in onexc
    return onerror(func, path, exc_info)
           ^^^^^^^^^^^^^^^^^^^^^^^^^^^^^
  File "/opt/ohpc/pub/compiler/conda/latest/lib/python3.12/shutil.py", line 698, in _rmtree_safe_fd
    os.unlink(entry.name, dir_fd=topfd)
OSError: [Errno 16] Device or resource busy: '/tmp/pymp-5yww0t9m'
Traceback (most recent call last):
Traceback (most recent call last):
Traceback (most recent call last):
  File "/opt/ohpc/pub/compiler/conda/latest/lib/python3.12/multiprocessing/util.py", line 303, in _run_finalizers
    finalizer()
  File "/opt/ohpc/pub/compiler/conda/latest/lib/python3.12/multiprocessing/util.py", line 227, in __call__
    res = self._callback(*self._args, **self._kwargs)
          ^^^^^^^^^^^^^^^^^^^^^^^^^^^^^^^^^^^^^^^^^^^
  File "/opt/ohpc/pub/compiler/conda/latest/lib/python3.12/multiprocessing/util.py", line 136, in _remove_temp_dir
    rmtree(tempdir, onerror=onerror)
  File "/opt/ohpc/pub/compiler/conda/latest/lib/python3.12/shutil.py", line 759, in rmtree
    _rmtree_safe_fd(stack, onexc)
  File "/opt/ohpc/pub/compiler/conda/latest/lib/python3.12/shutil.py", line 703, in _rmtree_safe_fd
    onexc(func, path, err)
  File "/opt/ohpc/pub/compiler/conda/latest/lib/python3.12/shutil.py", line 750, in onexc
    return onerror(func, path, exc_info)
           ^^^^^^^^^^^^^^^^^^^^^^^^^^^^^
  File "/opt/ohpc/pub/compiler/conda/latest/lib/python3.12/shutil.py", line 700, in _rmtree_safe_fd
    onexc(os.unlink, fullname, err)
  File "/opt/ohpc/pub/compiler/conda/latest/lib/python3.12/shutil.py", line 750, in onexc
    return onerror(func, path, exc_info)
           ^^^^^^^^^^^^^^^^^^^^^^^^^^^^^
  File "/opt/ohpc/pub/compiler/conda/latest/lib/python3.12/shutil.py", line 698, in _rmtree_safe_fd
    os.unlink(entry.name, dir_fd=topfd)
OSError: [Errno 16] Device or resource busy: '/tmp/pymp-pggh6mmy'
  File "/opt/ohpc/pub/compiler/conda/latest/lib/python3.12/multiprocessing/util.py", line 303, in _run_finalizers
    finalizer()
  File "/opt/ohpc/pub/compiler/conda/latest/lib/python3.12/multiprocessing/util.py", line 303, in _run_finalizers
    finalizer()
  File "/opt/ohpc/pub/compiler/conda/latest/lib/python3.12/multiprocessing/util.py", line 227, in __call__
    res = self._callback(*self._args, **self._kwargs)
          ^^^^^^^^^^^^^^^^^^^^^^^^^^^^^^^^^^^^^^^^^^^
  File "/opt/ohpc/pub/compiler/conda/latest/lib/python3.12/multiprocessing/util.py", line 136, in _remove_temp_dir
    rmtree(tempdir, onerror=onerror)
  File "/opt/ohpc/pub/compiler/conda/latest/lib/python3.12/shutil.py", line 759, in rmtree
    _rmtree_safe_fd(stack, onexc)
  File "/opt/ohpc/pub/compiler/conda/latest/lib/python3.12/multiprocessing/util.py", line 227, in __call__
    res = self._callback(*self._args, **self._kwargs)
          ^^^^^^^^^^^^^^^^^^^^^^^^^^^^^^^^^^^^^^^^^^^
  File "/opt/ohpc/pub/compiler/conda/latest/lib/python3.12/shutil.py", line 703, in _rmtree_safe_fd
    onexc(func, path, err)
  File "/opt/ohpc/pub/compiler/conda/latest/lib/python3.12/shutil.py", line 750, in onexc
    return onerror(func, path, exc_info)
           ^^^^^^^^^^^^^^^^^^^^^^^^^^^^^
  File "/opt/ohpc/pub/compiler/conda/latest/lib/python3.12/shutil.py", line 700, in _rmtree_safe_fd
    onexc(os.unlink, fullname, err)
  File "/opt/ohpc/pub/compiler/conda/latest/lib/python3.12/shutil.py", line 750, in onexc
    return onerror(func, path, exc_info)
           ^^^^^^^^^^^^^^^^^^^^^^^^^^^^^
  File "/opt/ohpc/pub/compiler/conda/latest/lib/python3.12/shutil.py", line 698, in _rmtree_safe_fd
    os.unlink(entry.name, dir_fd=topfd)
OSError: [Errno 16] Device or resource busy: '/tmp/pymp-ap5xcirl'
  File "/opt/ohpc/pub/compiler/conda/latest/lib/python3.12/multiprocessing/util.py", line 303, in _run_finalizers
    finalizer()
  File "/opt/ohpc/pub/compiler/conda/latest/lib/python3.12/multiprocessing/util.py", line 227, in __call__
    res = self._callback(*self._args, **self._kwargs)
          ^^^^^^^^^^^^^^^^^^^^^^^^^^^^^^^^^^^^^^^^^^^
  File "/opt/ohpc/pub/compiler/conda/latest/lib/python3.12/multiprocessing/util.py", line 136, in _remove_temp_dir
    rmtree(tempdir, onerror=onerror)
  File "/opt/ohpc/pub/compiler/conda/latest/lib/python3.12/shutil.py", line 759, in rmtree
    _rmtree_safe_fd(stack, onexc)
  File "/opt/ohpc/pub/compiler/conda/latest/lib/python3.12/shutil.py", line 703, in _rmtree_safe_fd
    onexc(func, path, err)
  File "/opt/ohpc/pub/compiler/conda/latest/lib/python3.12/shutil.py", line 750, in onexc
    return onerror(func, path, exc_info)
           ^^^^^^^^^^^^^^^^^^^^^^^^^^^^^
  File "/opt/ohpc/pub/compiler/conda/latest/lib/python3.12/shutil.py", line 700, in _rmtree_safe_fd
    onexc(os.unlink, fullname, err)
  File "/opt/ohpc/pub/compiler/conda/latest/lib/python3.12/shutil.py", line 750, in onexc
    return onerror(func, path, exc_info)
           ^^^^^^^^^^^^^^^^^^^^^^^^^^^^^
  File "/opt/ohpc/pub/compiler/conda/latest/lib/python3.12/shutil.py", line 698, in _rmtree_safe_fd
    os.unlink(entry.name, dir_fd=topfd)
OSError: [Errno 16] Device or resource busy: '/tmp/pymp-9kbtd5c0'
Traceback (most recent call last):
  File "/opt/ohpc/pub/compiler/conda/latest/lib/python3.12/multiprocessing/util.py", line 303, in _run_finalizers
    finalizer()
  File "/opt/ohpc/pub/compiler/conda/latest/lib/python3.12/multiprocessing/util.py", line 227, in __call__
    res = self._callback(*self._args, **self._kwargs)
          ^^^^^^^^^^^^^^^^^^^^^^^^^^^^^^^^^^^^^^^^^^^
  File "/opt/ohpc/pub/compiler/conda/latest/lib/python3.12/multiprocessing/util.py", line 136, in _remove_temp_dir
    rmtree(tempdir, onerror=onerror)
  File "/opt/ohpc/pub/compiler/conda/latest/lib/python3.12/shutil.py", line 759, in rmtree
    _rmtree_safe_fd(stack, onexc)
  File "/opt/ohpc/pub/compiler/conda/latest/lib/python3.12/shutil.py", line 703, in _rmtree_safe_fd
    onexc(func, path, err)
  File "/opt/ohpc/pub/compiler/conda/latest/lib/python3.12/shutil.py", line 750, in onexc
    return onerror(func, path, exc_info)
           ^^^^^^^^^^^^^^^^^^^^^^^^^^^^^
  File "/opt/ohpc/pub/compiler/conda/latest/lib/python3.12/shutil.py", line 700, in _rmtree_safe_fd
    onexc(os.unlink, fullname, err)
  File "/opt/ohpc/pub/compiler/conda/latest/lib/python3.12/shutil.py", line 750, in onexc
    return onerror(func, path, exc_info)
           ^^^^^^^^^^^^^^^^^^^^^^^^^^^^^
  File "/opt/ohpc/pub/compiler/conda/latest/lib/python3.12/shutil.py", line 698, in _rmtree_safe_fd
    os.unlink(entry.name, dir_fd=topfd)
OSError: [Errno 16] Device or resource busy: '/tmp/pymp-jlbj68ow'
Traceback (most recent call last):
  File "/opt/ohpc/pub/compiler/conda/latest/lib/python3.12/multiprocessing/util.py", line 303, in _run_finalizers
    finalizer()
  File "/opt/ohpc/pub/compiler/conda/latest/lib/python3.12/multiprocessing/util.py", line 227, in __call__
    res = self._callback(*self._args, **self._kwargs)
          ^^^^^^^^^^^^^^^^^^^^^^^^^^^^^^^^^^^^^^^^^^^
  File "/opt/ohpc/pub/compiler/conda/latest/lib/python3.12/multiprocessing/util.py", line 136, in _remove_temp_dir
    rmtree(tempdir, onerror=onerror)
  File "/opt/ohpc/pub/compiler/conda/latest/lib/python3.12/shutil.py", line 759, in rmtree
    _rmtree_safe_fd(stack, onexc)
  File "/opt/ohpc/pub/compiler/conda/latest/lib/python3.12/shutil.py", line 703, in _rmtree_safe_fd
    onexc(func, path, err)
  File "/opt/ohpc/pub/compiler/conda/latest/lib/python3.12/shutil.py", line 750, in onexc
    return onerror(func, path, exc_info)
           ^^^^^^^^^^^^^^^^^^^^^^^^^^^^^
  File "/opt/ohpc/pub/compiler/conda/latest/lib/python3.12/shutil.py", line 700, in _rmtree_safe_fd
    onexc(os.unlink, fullname, err)
  File "/opt/ohpc/pub/compiler/conda/latest/lib/python3.12/shutil.py", line 750, in onexc
    return onerror(func, path, exc_info)
           ^^^^^^^^^^^^^^^^^^^^^^^^^^^^^
  File "/opt/ohpc/pub/compiler/conda/latest/lib/python3.12/shutil.py", line 698, in _rmtree_safe_fd
    os.unlink(entry.name, dir_fd=topfd)
OSError: [Errno 16] Device or resource busy: '/tmp/pymp-kbebpio5'
  File "/opt/ohpc/pub/compiler/conda/latest/lib/python3.12/multiprocessing/util.py", line 136, in _remove_temp_dir
    rmtree(tempdir, onerror=onerror)
  File "/opt/ohpc/pub/compiler/conda/latest/lib/python3.12/shutil.py", line 759, in rmtree
    _rmtree_safe_fd(stack, onexc)
  File "/opt/ohpc/pub/compiler/conda/latest/lib/python3.12/shutil.py", line 703, in _rmtree_safe_fd
    onexc(func, path, err)
  File "/opt/ohpc/pub/compiler/conda/latest/lib/python3.12/shutil.py", line 750, in onexc
    return onerror(func, path, exc_info)
           ^^^^^^^^^^^^^^^^^^^^^^^^^^^^^
  File "/opt/ohpc/pub/compiler/conda/latest/lib/python3.12/shutil.py", line 700, in _rmtree_safe_fd
    onexc(os.unlink, fullname, err)
  File "/opt/ohpc/pub/compiler/conda/latest/lib/python3.12/shutil.py", line 750, in onexc
    return onerror(func, path, exc_info)
           ^^^^^^^^^^^^^^^^^^^^^^^^^^^^^
  File "/opt/ohpc/pub/compiler/conda/latest/lib/python3.12/shutil.py", line 698, in _rmtree_safe_fd
    os.unlink(entry.name, dir_fd=topfd)
OSError: [Errno 16] Device or resource busy: '/tmp/pymp-f8z76mq0'
Traceback (most recent call last):
Traceback (most recent call last):
  File "/opt/ohpc/pub/compiler/conda/latest/lib/python3.12/multiprocessing/util.py", line 303, in _run_finalizers
    finalizer()
  File "/opt/ohpc/pub/compiler/conda/latest/lib/python3.12/multiprocessing/util.py", line 227, in __call__
    res = self._callback(*self._args, **self._kwargs)
          ^^^^^^^^^^^^^^^^^^^^^^^^^^^^^^^^^^^^^^^^^^^
  File "/opt/ohpc/pub/compiler/conda/latest/lib/python3.12/multiprocessing/util.py", line 136, in _remove_temp_dir
    rmtree(tempdir, onerror=onerror)
  File "/opt/ohpc/pub/compiler/conda/latest/lib/python3.12/shutil.py", line 759, in rmtree
    _rmtree_safe_fd(stack, onexc)
  File "/opt/ohpc/pub/compiler/conda/latest/lib/python3.12/shutil.py", line 703, in _rmtree_safe_fd
    onexc(func, path, err)
  File "/opt/ohpc/pub/compiler/conda/latest/lib/python3.12/shutil.py", line 750, in onexc
    return onerror(func, path, exc_info)
           ^^^^^^^^^^^^^^^^^^^^^^^^^^^^^
  File "/opt/ohpc/pub/compiler/conda/latest/lib/python3.12/shutil.py", line 700, in _rmtree_safe_fd
    onexc(os.unlink, fullname, err)
  File "/opt/ohpc/pub/compiler/conda/latest/lib/python3.12/shutil.py", line 750, in onexc
    return onerror(func, path, exc_info)
           ^^^^^^^^^^^^^^^^^^^^^^^^^^^^^
  File "/opt/ohpc/pub/compiler/conda/latest/lib/python3.12/shutil.py", line 698, in _rmtree_safe_fd
    os.unlink(entry.name, dir_fd=topfd)
OSError: [Errno 16] Device or resource busy: '/tmp/pymp-pheroavx'
  File "/opt/ohpc/pub/compiler/conda/latest/lib/python3.12/multiprocessing/util.py", line 303, in _run_finalizers
    finalizer()
  File "/opt/ohpc/pub/compiler/conda/latest/lib/python3.12/multiprocessing/util.py", line 227, in __call__
    res = self._callback(*self._args, **self._kwargs)
          ^^^^^^^^^^^^^^^^^^^^^^^^^^^^^^^^^^^^^^^^^^^
  File "/opt/ohpc/pub/compiler/conda/latest/lib/python3.12/multiprocessing/util.py", line 136, in _remove_temp_dir
    rmtree(tempdir, onerror=onerror)
  File "/opt/ohpc/pub/compiler/conda/latest/lib/python3.12/shutil.py", line 759, in rmtree
    _rmtree_safe_fd(stack, onexc)
  File "/opt/ohpc/pub/compiler/conda/latest/lib/python3.12/shutil.py", line 703, in _rmtree_safe_fd
    onexc(func, path, err)
  File "/opt/ohpc/pub/compiler/conda/latest/lib/python3.12/shutil.py", line 750, in onexc
    return onerror(func, path, exc_info)
           ^^^^^^^^^^^^^^^^^^^^^^^^^^^^^
  File "/opt/ohpc/pub/compiler/conda/latest/lib/python3.12/shutil.py", line 700, in _rmtree_safe_fd
    onexc(os.unlink, fullname, err)
  File "/opt/ohpc/pub/compiler/conda/latest/lib/python3.12/shutil.py", line 750, in onexc
    return onerror(func, path, exc_info)
           ^^^^^^^^^^^^^^^^^^^^^^^^^^^^^
  File "/opt/ohpc/pub/compiler/conda/latest/lib/python3.12/shutil.py", line 698, in _rmtree_safe_fd
    os.unlink(entry.name, dir_fd=topfd)
OSError: [Errno 16] Device or resource busy: '/tmp/pymp-s61ugdgn'
Traceback (most recent call last):
  File "/opt/ohpc/pub/compiler/conda/latest/lib/python3.12/multiprocessing/util.py", line 303, in _run_finalizers
    finalizer()
  File "/opt/ohpc/pub/compiler/conda/latest/lib/python3.12/multiprocessing/util.py", line 227, in __call__
    res = self._callback(*self._args, **self._kwargs)
          ^^^^^^^^^^^^^^^^^^^^^^^^^^^^^^^^^^^^^^^^^^^
  File "/opt/ohpc/pub/compiler/conda/latest/lib/python3.12/multiprocessing/util.py", line 136, in _remove_temp_dir
    rmtree(tempdir, onerror=onerror)
  File "/opt/ohpc/pub/compiler/conda/latest/lib/python3.12/shutil.py", line 759, in rmtree
    _rmtree_safe_fd(stack, onexc)
  File "/opt/ohpc/pub/compiler/conda/latest/lib/python3.12/shutil.py", line 703, in _rmtree_safe_fd
    onexc(func, path, err)
  File "/opt/ohpc/pub/compiler/conda/latest/lib/python3.12/shutil.py", line 750, in onexc
    return onerror(func, path, exc_info)
           ^^^^^^^^^^^^^^^^^^^^^^^^^^^^^
  File "/opt/ohpc/pub/compiler/conda/latest/lib/python3.12/shutil.py", line 700, in _rmtree_safe_fd
    onexc(os.unlink, fullname, err)
  File "/opt/ohpc/pub/compiler/conda/latest/lib/python3.12/shutil.py", line 750, in onexc
    return onerror(func, path, exc_info)
           ^^^^^^^^^^^^^^^^^^^^^^^^^^^^^
  File "/opt/ohpc/pub/compiler/conda/latest/lib/python3.12/shutil.py", line 698, in _rmtree_safe_fd
    os.unlink(entry.name, dir_fd=topfd)
OSError: [Errno 16] Device or resource busy: '/tmp/pymp-1hc46z0t'
Traceback (most recent call last):
Traceback (most recent call last):
Traceback (most recent call last):
  File "/opt/ohpc/pub/compiler/conda/latest/lib/python3.12/multiprocessing/util.py", line 303, in _run_finalizers
    finalizer()
  File "/opt/ohpc/pub/compiler/conda/latest/lib/python3.12/multiprocessing/util.py", line 227, in __call__
    res = self._callback(*self._args, **self._kwargs)
          ^^^^^^^^^^^^^^^^^^^^^^^^^^^^^^^^^^^^^^^^^^^
  File "/opt/ohpc/pub/compiler/conda/latest/lib/python3.12/multiprocessing/util.py", line 136, in _remove_temp_dir
    rmtree(tempdir, onerror=onerror)
  File "/opt/ohpc/pub/compiler/conda/latest/lib/python3.12/shutil.py", line 759, in rmtree
    _rmtree_safe_fd(stack, onexc)
  File "/opt/ohpc/pub/compiler/conda/latest/lib/python3.12/shutil.py", line 703, in _rmtree_safe_fd
    onexc(func, path, err)
  File "/opt/ohpc/pub/compiler/conda/latest/lib/python3.12/shutil.py", line 750, in onexc
    return onerror(func, path, exc_info)
           ^^^^^^^^^^^^^^^^^^^^^^^^^^^^^
  File "/opt/ohpc/pub/compiler/conda/latest/lib/python3.12/shutil.py", line 700, in _rmtree_safe_fd
    onexc(os.unlink, fullname, err)
  File "/opt/ohpc/pub/compiler/conda/latest/lib/python3.12/shutil.py", line 750, in onexc
    return onerror(func, path, exc_info)
           ^^^^^^^^^^^^^^^^^^^^^^^^^^^^^
  File "/opt/ohpc/pub/compiler/conda/latest/lib/python3.12/shutil.py", line 698, in _rmtree_safe_fd
    os.unlink(entry.name, dir_fd=topfd)
OSError: [Errno 16] Device or resource busy: '/tmp/pymp-md0ormop'
Traceback (most recent call last):
  File "/opt/ohpc/pub/compiler/conda/latest/lib/python3.12/multiprocessing/util.py", line 303, in _run_finalizers
    finalizer()
  File "/opt/ohpc/pub/compiler/conda/latest/lib/python3.12/multiprocessing/util.py", line 227, in __call__
    res = self._callback(*self._args, **self._kwargs)
          ^^^^^^^^^^^^^^^^^^^^^^^^^^^^^^^^^^^^^^^^^^^
  File "/opt/ohpc/pub/compiler/conda/latest/lib/python3.12/multiprocessing/util.py", line 136, in _remove_temp_dir
    rmtree(tempdir, onerror=onerror)
  File "/opt/ohpc/pub/compiler/conda/latest/lib/python3.12/shutil.py", line 759, in rmtree
    _rmtree_safe_fd(stack, onexc)
  File "/opt/ohpc/pub/compiler/conda/latest/lib/python3.12/shutil.py", line 703, in _rmtree_safe_fd
    onexc(func, path, err)
  File "/opt/ohpc/pub/compiler/conda/latest/lib/python3.12/shutil.py", line 750, in onexc
    return onerror(func, path, exc_info)
           ^^^^^^^^^^^^^^^^^^^^^^^^^^^^^
  File "/opt/ohpc/pub/compiler/conda/latest/lib/python3.12/shutil.py", line 700, in _rmtree_safe_fd
    onexc(os.unlink, fullname, err)
  File "/opt/ohpc/pub/compiler/conda/latest/lib/python3.12/shutil.py", line 750, in onexc
    return onerror(func, path, exc_info)
           ^^^^^^^^^^^^^^^^^^^^^^^^^^^^^
  File "/opt/ohpc/pub/compiler/conda/latest/lib/python3.12/shutil.py", line 698, in _rmtree_safe_fd
    os.unlink(entry.name, dir_fd=topfd)
OSError: [Errno 16] Device or resource busy: '/tmp/pymp-3yit0o2y'
  File "/opt/ohpc/pub/compiler/conda/latest/lib/python3.12/multiprocessing/util.py", line 303, in _run_finalizers
    finalizer()
  File "/opt/ohpc/pub/compiler/conda/latest/lib/python3.12/multiprocessing/util.py", line 227, in __call__
    res = self._callback(*self._args, **self._kwargs)
          ^^^^^^^^^^^^^^^^^^^^^^^^^^^^^^^^^^^^^^^^^^^
  File "/opt/ohpc/pub/compiler/conda/latest/lib/python3.12/multiprocessing/util.py", line 136, in _remove_temp_dir
    rmtree(tempdir, onerror=onerror)
  File "/opt/ohpc/pub/compiler/conda/latest/lib/python3.12/shutil.py", line 759, in rmtree
    _rmtree_safe_fd(stack, onexc)
  File "/opt/ohpc/pub/compiler/conda/latest/lib/python3.12/shutil.py", line 703, in _rmtree_safe_fd
    onexc(func, path, err)
  File "/opt/ohpc/pub/compiler/conda/latest/lib/python3.12/shutil.py", line 750, in onexc
    return onerror(func, path, exc_info)
           ^^^^^^^^^^^^^^^^^^^^^^^^^^^^^
  File "/opt/ohpc/pub/compiler/conda/latest/lib/python3.12/shutil.py", line 700, in _rmtree_safe_fd
    onexc(os.unlink, fullname, err)
  File "/opt/ohpc/pub/compiler/conda/latest/lib/python3.12/shutil.py", line 750, in onexc
    return onerror(func, path, exc_info)
           ^^^^^^^^^^^^^^^^^^^^^^^^^^^^^
  File "/opt/ohpc/pub/compiler/conda/latest/lib/python3.12/shutil.py", line 698, in _rmtree_safe_fd
    os.unlink(entry.name, dir_fd=topfd)
OSError: [Errno 16] Device or resource busy: '/tmp/pymp-a664h_oz'
  File "/opt/ohpc/pub/compiler/conda/latest/lib/python3.12/multiprocessing/util.py", line 303, in _run_finalizers
    finalizer()
  File "/opt/ohpc/pub/compiler/conda/latest/lib/python3.12/multiprocessing/util.py", line 227, in __call__
    res = self._callback(*self._args, **self._kwargs)
          ^^^^^^^^^^^^^^^^^^^^^^^^^^^^^^^^^^^^^^^^^^^
  File "/opt/ohpc/pub/compiler/conda/latest/lib/python3.12/multiprocessing/util.py", line 136, in _remove_temp_dir
    rmtree(tempdir, onerror=onerror)
  File "/opt/ohpc/pub/compiler/conda/latest/lib/python3.12/shutil.py", line 759, in rmtree
    _rmtree_safe_fd(stack, onexc)
  File "/opt/ohpc/pub/compiler/conda/latest/lib/python3.12/shutil.py", line 703, in _rmtree_safe_fd
    onexc(func, path, err)
  File "/opt/ohpc/pub/compiler/conda/latest/lib/python3.12/shutil.py", line 750, in onexc
    return onerror(func, path, exc_info)
           ^^^^^^^^^^^^^^^^^^^^^^^^^^^^^
  File "/opt/ohpc/pub/compiler/conda/latest/lib/python3.12/shutil.py", line 700, in _rmtree_safe_fd
    onexc(os.unlink, fullname, err)
  File "/opt/ohpc/pub/compiler/conda/latest/lib/python3.12/shutil.py", line 750, in onexc
    return onerror(func, path, exc_info)
           ^^^^^^^^^^^^^^^^^^^^^^^^^^^^^
  File "/opt/ohpc/pub/compiler/conda/latest/lib/python3.12/shutil.py", line 698, in _rmtree_safe_fd
    os.unlink(entry.name, dir_fd=topfd)
OSError: [Errno 16] Device or resource busy: '/tmp/pymp-ejzg94zl'
Traceback (most recent call last):
Traceback (most recent call last):
Traceback (most recent call last):
  File "/opt/ohpc/pub/compiler/conda/latest/lib/python3.12/multiprocessing/util.py", line 303, in _run_finalizers
    finalizer()
  File "/opt/ohpc/pub/compiler/conda/latest/lib/python3.12/multiprocessing/util.py", line 227, in __call__
    res = self._callback(*self._args, **self._kwargs)
          ^^^^^^^^^^^^^^^^^^^^^^^^^^^^^^^^^^^^^^^^^^^
  File "/opt/ohpc/pub/compiler/conda/latest/lib/python3.12/multiprocessing/util.py", line 136, in _remove_temp_dir
    rmtree(tempdir, onerror=onerror)
  File "/opt/ohpc/pub/compiler/conda/latest/lib/python3.12/shutil.py", line 759, in rmtree
    _rmtree_safe_fd(stack, onexc)
  File "/opt/ohpc/pub/compiler/conda/latest/lib/python3.12/shutil.py", line 703, in _rmtree_safe_fd
    onexc(func, path, err)
  File "/opt/ohpc/pub/compiler/conda/latest/lib/python3.12/shutil.py", line 750, in onexc
    return onerror(func, path, exc_info)
           ^^^^^^^^^^^^^^^^^^^^^^^^^^^^^
  File "/opt/ohpc/pub/compiler/conda/latest/lib/python3.12/shutil.py", line 700, in _rmtree_safe_fd
    onexc(os.unlink, fullname, err)
  File "/opt/ohpc/pub/compiler/conda/latest/lib/python3.12/shutil.py", line 750, in onexc
    return onerror(func, path, exc_info)
           ^^^^^^^^^^^^^^^^^^^^^^^^^^^^^
  File "/opt/ohpc/pub/compiler/conda/latest/lib/python3.12/shutil.py", line 698, in _rmtree_safe_fd
    os.unlink(entry.name, dir_fd=topfd)
OSError: [Errno 16] Device or resource busy: '/tmp/pymp-vm2xe_mh'
  File "/opt/ohpc/pub/compiler/conda/latest/lib/python3.12/multiprocessing/util.py", line 303, in _run_finalizers
    finalizer()
  File "/opt/ohpc/pub/compiler/conda/latest/lib/python3.12/multiprocessing/util.py", line 227, in __call__
    res = self._callback(*self._args, **self._kwargs)
          ^^^^^^^^^^^^^^^^^^^^^^^^^^^^^^^^^^^^^^^^^^^
  File "/opt/ohpc/pub/compiler/conda/latest/lib/python3.12/multiprocessing/util.py", line 136, in _remove_temp_dir
    rmtree(tempdir, onerror=onerror)
  File "/opt/ohpc/pub/compiler/conda/latest/lib/python3.12/shutil.py", line 759, in rmtree
    _rmtree_safe_fd(stack, onexc)
  File "/opt/ohpc/pub/compiler/conda/latest/lib/python3.12/shutil.py", line 703, in _rmtree_safe_fd
    onexc(func, path, err)
  File "/opt/ohpc/pub/compiler/conda/latest/lib/python3.12/shutil.py", line 750, in onexc
    return onerror(func, path, exc_info)
           ^^^^^^^^^^^^^^^^^^^^^^^^^^^^^
  File "/opt/ohpc/pub/compiler/conda/latest/lib/python3.12/shutil.py", line 700, in _rmtree_safe_fd
    onexc(os.unlink, fullname, err)
  File "/opt/ohpc/pub/compiler/conda/latest/lib/python3.12/shutil.py", line 750, in onexc
    return onerror(func, path, exc_info)
           ^^^^^^^^^^^^^^^^^^^^^^^^^^^^^
  File "/opt/ohpc/pub/compiler/conda/latest/lib/python3.12/shutil.py", line 698, in _rmtree_safe_fd
    os.unlink(entry.name, dir_fd=topfd)
OSError: [Errno 16] Device or resource busy: '/tmp/pymp-lfxg3qlu'
  File "/opt/ohpc/pub/compiler/conda/latest/lib/python3.12/multiprocessing/util.py", line 303, in _run_finalizers
    finalizer()
  File "/opt/ohpc/pub/compiler/conda/latest/lib/python3.12/multiprocessing/util.py", line 227, in __call__
    res = self._callback(*self._args, **self._kwargs)
          ^^^^^^^^^^^^^^^^^^^^^^^^^^^^^^^^^^^^^^^^^^^
  File "/opt/ohpc/pub/compiler/conda/latest/lib/python3.12/multiprocessing/util.py", line 136, in _remove_temp_dir
    rmtree(tempdir, onerror=onerror)
  File "/opt/ohpc/pub/compiler/conda/latest/lib/python3.12/shutil.py", line 759, in rmtree
    _rmtree_safe_fd(stack, onexc)
  File "/opt/ohpc/pub/compiler/conda/latest/lib/python3.12/shutil.py", line 703, in _rmtree_safe_fd
    onexc(func, path, err)
  File "/opt/ohpc/pub/compiler/conda/latest/lib/python3.12/shutil.py", line 750, in onexc
    return onerror(func, path, exc_info)
           ^^^^^^^^^^^^^^^^^^^^^^^^^^^^^
  File "/opt/ohpc/pub/compiler/conda/latest/lib/python3.12/shutil.py", line 700, in _rmtree_safe_fd
    onexc(os.unlink, fullname, err)
  File "/opt/ohpc/pub/compiler/conda/latest/lib/python3.12/shutil.py", line 750, in onexc
    return onerror(func, path, exc_info)
           ^^^^^^^^^^^^^^^^^^^^^^^^^^^^^
  File "/opt/ohpc/pub/compiler/conda/latest/lib/python3.12/shutil.py", line 698, in _rmtree_safe_fd
    os.unlink(entry.name, dir_fd=topfd)
OSError: [Errno 16] Device or resource busy: '/tmp/pymp-vbw2lpmj'
Traceback (most recent call last):
  File "/opt/ohpc/pub/compiler/conda/latest/lib/python3.12/multiprocessing/util.py", line 303, in _run_finalizers
    finalizer()
  File "/opt/ohpc/pub/compiler/conda/latest/lib/python3.12/multiprocessing/util.py", line 227, in __call__
    res = self._callback(*self._args, **self._kwargs)
          ^^^^^^^^^^^^^^^^^^^^^^^^^^^^^^^^^^^^^^^^^^^
  File "/opt/ohpc/pub/compiler/conda/latest/lib/python3.12/multiprocessing/util.py", line 136, in _remove_temp_dir
    rmtree(tempdir, onerror=onerror)
  File "/opt/ohpc/pub/compiler/conda/latest/lib/python3.12/shutil.py", line 759, in rmtree
    _rmtree_safe_fd(stack, onexc)
  File "/opt/ohpc/pub/compiler/conda/latest/lib/python3.12/shutil.py", line 703, in _rmtree_safe_fd
    onexc(func, path, err)
  File "/opt/ohpc/pub/compiler/conda/latest/lib/python3.12/shutil.py", line 750, in onexc
    return onerror(func, path, exc_info)
           ^^^^^^^^^^^^^^^^^^^^^^^^^^^^^
  File "/opt/ohpc/pub/compiler/conda/latest/lib/python3.12/shutil.py", line 700, in _rmtree_safe_fd
    onexc(os.unlink, fullname, err)
  File "/opt/ohpc/pub/compiler/conda/latest/lib/python3.12/shutil.py", line 750, in onexc
    return onerror(func, path, exc_info)
           ^^^^^^^^^^^^^^^^^^^^^^^^^^^^^
  File "/opt/ohpc/pub/compiler/conda/latest/lib/python3.12/shutil.py", line 698, in _rmtree_safe_fd
    os.unlink(entry.name, dir_fd=topfd)
OSError: [Errno 16] Device or resource busy: '/tmp/pymp-ombllikv'
Traceback (most recent call last):
  File "/opt/ohpc/pub/compiler/conda/latest/lib/python3.12/multiprocessing/util.py", line 303, in _run_finalizers
    finalizer()
  File "/opt/ohpc/pub/compiler/conda/latest/lib/python3.12/multiprocessing/util.py", line 227, in __call__
    res = self._callback(*self._args, **self._kwargs)
          ^^^^^^^^^^^^^^^^^^^^^^^^^^^^^^^^^^^^^^^^^^^
  File "/opt/ohpc/pub/compiler/conda/latest/lib/python3.12/multiprocessing/util.py", line 136, in _remove_temp_dir
    rmtree(tempdir, onerror=onerror)
  File "/opt/ohpc/pub/compiler/conda/latest/lib/python3.12/shutil.py", line 759, in rmtree
    _rmtree_safe_fd(stack, onexc)
  File "/opt/ohpc/pub/compiler/conda/latest/lib/python3.12/shutil.py", line 703, in _rmtree_safe_fd
    onexc(func, path, err)
  File "/opt/ohpc/pub/compiler/conda/latest/lib/python3.12/shutil.py", line 750, in onexc
    return onerror(func, path, exc_info)
           ^^^^^^^^^^^^^^^^^^^^^^^^^^^^^
  File "/opt/ohpc/pub/compiler/conda/latest/lib/python3.12/shutil.py", line 700, in _rmtree_safe_fd
    onexc(os.unlink, fullname, err)
  File "/opt/ohpc/pub/compiler/conda/latest/lib/python3.12/shutil.py", line 750, in onexc
    return onerror(func, path, exc_info)
           ^^^^^^^^^^^^^^^^^^^^^^^^^^^^^
  File "/opt/ohpc/pub/compiler/conda/latest/lib/python3.12/shutil.py", line 698, in _rmtree_safe_fd
    os.unlink(entry.name, dir_fd=topfd)
OSError: [Errno 16] Device or resource busy: '/tmp/pymp-6ws668zf'
Traceback (most recent call last):
  File "/opt/ohpc/pub/compiler/conda/latest/lib/python3.12/multiprocessing/util.py", line 303, in _run_finalizers
    finalizer()
  File "/opt/ohpc/pub/compiler/conda/latest/lib/python3.12/multiprocessing/util.py", line 227, in __call__
    res = self._callback(*self._args, **self._kwargs)
          ^^^^^^^^^^^^^^^^^^^^^^^^^^^^^^^^^^^^^^^^^^^
  File "/opt/ohpc/pub/compiler/conda/latest/lib/python3.12/multiprocessing/util.py", line 136, in _remove_temp_dir
    rmtree(tempdir, onerror=onerror)
  File "/opt/ohpc/pub/compiler/conda/latest/lib/python3.12/shutil.py", line 759, in rmtree
    _rmtree_safe_fd(stack, onexc)
  File "/opt/ohpc/pub/compiler/conda/latest/lib/python3.12/shutil.py", line 703, in _rmtree_safe_fd
    onexc(func, path, err)
  File "/opt/ohpc/pub/compiler/conda/latest/lib/python3.12/shutil.py", line 750, in onexc
    return onerror(func, path, exc_info)
           ^^^^^^^^^^^^^^^^^^^^^^^^^^^^^
  File "/opt/ohpc/pub/compiler/conda/latest/lib/python3.12/shutil.py", line 700, in _rmtree_safe_fd
    onexc(os.unlink, fullname, err)
  File "/opt/ohpc/pub/compiler/conda/latest/lib/python3.12/shutil.py", line 750, in onexc
    return onerror(func, path, exc_info)
           ^^^^^^^^^^^^^^^^^^^^^^^^^^^^^
  File "/opt/ohpc/pub/compiler/conda/latest/lib/python3.12/shutil.py", line 698, in _rmtree_safe_fd
    os.unlink(entry.name, dir_fd=topfd)
OSError: [Errno 16] Device or resource busy: '/tmp/pymp-qizy5yul'
[val 006] loss=-0.3962 z_std=0.0464 rankme=39.335 lidar=17.651 areq=1.715 pr=1.70 align=0.2795 unif=-1.137 converged=False collapsed=False
  e007 it0000/62 lr=0.0022 loss=-0.4005 z_std=0.0617
  e007 it0010/62 lr=0.0022 loss=-0.4287 z_std=0.0627
  e007 it0020/62 lr=0.0023 loss=-0.4520 z_std=0.0628
  e007 it0030/62 lr=0.0023 loss=-0.4678 z_std=0.0628
  e007 it0040/62 lr=0.0024 loss=-0.4874 z_std=0.0628
  e007 it0050/62 lr=0.0024 loss=-0.5052 z_std=0.0628
  e007 it0060/62 lr=0.0025 loss=-0.5200 z_std=0.0628
[epoch 007] loss=-0.5219 z_std=0.0628 (healthy~0.0625) time=200.6s
Traceback (most recent call last):
Traceback (most recent call last):
Traceback (most recent call last):
  File "/opt/ohpc/pub/compiler/conda/latest/lib/python3.12/multiprocessing/util.py", line 303, in _run_finalizers
    finalizer()
  File "/opt/ohpc/pub/compiler/conda/latest/lib/python3.12/multiprocessing/util.py", line 227, in __call__
    res = self._callback(*self._args, **self._kwargs)
          ^^^^^^^^^^^^^^^^^^^^^^^^^^^^^^^^^^^^^^^^^^^
  File "/opt/ohpc/pub/compiler/conda/latest/lib/python3.12/multiprocessing/util.py", line 136, in _remove_temp_dir
    rmtree(tempdir, onerror=onerror)
  File "/opt/ohpc/pub/compiler/conda/latest/lib/python3.12/shutil.py", line 759, in rmtree
    _rmtree_safe_fd(stack, onexc)
  File "/opt/ohpc/pub/compiler/conda/latest/lib/python3.12/shutil.py", line 703, in _rmtree_safe_fd
    onexc(func, path, err)
  File "/opt/ohpc/pub/compiler/conda/latest/lib/python3.12/shutil.py", line 750, in onexc
    return onerror(func, path, exc_info)
           ^^^^^^^^^^^^^^^^^^^^^^^^^^^^^
  File "/opt/ohpc/pub/compiler/conda/latest/lib/python3.12/shutil.py", line 700, in _rmtree_safe_fd
    onexc(os.unlink, fullname, err)
  File "/opt/ohpc/pub/compiler/conda/latest/lib/python3.12/shutil.py", line 750, in onexc
    return onerror(func, path, exc_info)
           ^^^^^^^^^^^^^^^^^^^^^^^^^^^^^
  File "/opt/ohpc/pub/compiler/conda/latest/lib/python3.12/shutil.py", line 698, in _rmtree_safe_fd
    os.unlink(entry.name, dir_fd=topfd)
  File "/opt/ohpc/pub/compiler/conda/latest/lib/python3.12/multiprocessing/util.py", line 303, in _run_finalizers
    finalizer()
OSError: [Errno 16] Device or resource busy: '/tmp/pymp-2_z_r04c'
  File "/opt/ohpc/pub/compiler/conda/latest/lib/python3.12/multiprocessing/util.py", line 227, in __call__
    res = self._callback(*self._args, **self._kwargs)
          ^^^^^^^^^^^^^^^^^^^^^^^^^^^^^^^^^^^^^^^^^^^
  File "/opt/ohpc/pub/compiler/conda/latest/lib/python3.12/multiprocessing/util.py", line 136, in _remove_temp_dir
    rmtree(tempdir, onerror=onerror)
  File "/opt/ohpc/pub/compiler/conda/latest/lib/python3.12/shutil.py", line 759, in rmtree
    _rmtree_safe_fd(stack, onexc)
  File "/opt/ohpc/pub/compiler/conda/latest/lib/python3.12/shutil.py", line 703, in _rmtree_safe_fd
    onexc(func, path, err)
  File "/opt/ohpc/pub/compiler/conda/latest/lib/python3.12/shutil.py", line 750, in onexc
    return onerror(func, path, exc_info)
           ^^^^^^^^^^^^^^^^^^^^^^^^^^^^^
  File "/opt/ohpc/pub/compiler/conda/latest/lib/python3.12/shutil.py", line 700, in _rmtree_safe_fd
    onexc(os.unlink, fullname, err)
  File "/opt/ohpc/pub/compiler/conda/latest/lib/python3.12/shutil.py", line 750, in onexc
    return onerror(func, path, exc_info)
           ^^^^^^^^^^^^^^^^^^^^^^^^^^^^^
  File "/opt/ohpc/pub/compiler/conda/latest/lib/python3.12/shutil.py", line 698, in _rmtree_safe_fd
    os.unlink(entry.name, dir_fd=topfd)
OSError: [Errno 16] Device or resource busy: '/tmp/pymp-csrmyv1s'
  File "/opt/ohpc/pub/compiler/conda/latest/lib/python3.12/multiprocessing/util.py", line 303, in _run_finalizers
    finalizer()
  File "/opt/ohpc/pub/compiler/conda/latest/lib/python3.12/multiprocessing/util.py", line 227, in __call__
    res = self._callback(*self._args, **self._kwargs)
          ^^^^^^^^^^^^^^^^^^^^^^^^^^^^^^^^^^^^^^^^^^^
  File "/opt/ohpc/pub/compiler/conda/latest/lib/python3.12/multiprocessing/util.py", line 136, in _remove_temp_dir
    rmtree(tempdir, onerror=onerror)
  File "/opt/ohpc/pub/compiler/conda/latest/lib/python3.12/shutil.py", line 759, in rmtree
    _rmtree_safe_fd(stack, onexc)
  File "/opt/ohpc/pub/compiler/conda/latest/lib/python3.12/shutil.py", line 703, in _rmtree_safe_fd
    onexc(func, path, err)
  File "/opt/ohpc/pub/compiler/conda/latest/lib/python3.12/shutil.py", line 750, in onexc
    return onerror(func, path, exc_info)
           ^^^^^^^^^^^^^^^^^^^^^^^^^^^^^
  File "/opt/ohpc/pub/compiler/conda/latest/lib/python3.12/shutil.py", line 700, in _rmtree_safe_fd
    onexc(os.unlink, fullname, err)
  File "/opt/ohpc/pub/compiler/conda/latest/lib/python3.12/shutil.py", line 750, in onexc
    return onerror(func, path, exc_info)
           ^^^^^^^^^^^^^^^^^^^^^^^^^^^^^
  File "/opt/ohpc/pub/compiler/conda/latest/lib/python3.12/shutil.py", line 698, in _rmtree_safe_fd
    os.unlink(entry.name, dir_fd=topfd)
OSError: [Errno 16] Device or resource busy: '/tmp/pymp-x44jj9w9'
Traceback (most recent call last):
Traceback (most recent call last):
  File "/opt/ohpc/pub/compiler/conda/latest/lib/python3.12/multiprocessing/util.py", line 303, in _run_finalizers
    finalizer()
  File "/opt/ohpc/pub/compiler/conda/latest/lib/python3.12/multiprocessing/util.py", line 303, in _run_finalizers
    finalizer()
  File "/opt/ohpc/pub/compiler/conda/latest/lib/python3.12/multiprocessing/util.py", line 227, in __call__
    res = self._callback(*self._args, **self._kwargs)
          ^^^^^^^^^^^^^^^^^^^^^^^^^^^^^^^^^^^^^^^^^^^
  File "/opt/ohpc/pub/compiler/conda/latest/lib/python3.12/multiprocessing/util.py", line 136, in _remove_temp_dir
    rmtree(tempdir, onerror=onerror)
  File "/opt/ohpc/pub/compiler/conda/latest/lib/python3.12/shutil.py", line 759, in rmtree
    _rmtree_safe_fd(stack, onexc)
  File "/opt/ohpc/pub/compiler/conda/latest/lib/python3.12/multiprocessing/util.py", line 227, in __call__
    res = self._callback(*self._args, **self._kwargs)
          ^^^^^^^^^^^^^^^^^^^^^^^^^^^^^^^^^^^^^^^^^^^
  File "/opt/ohpc/pub/compiler/conda/latest/lib/python3.12/shutil.py", line 703, in _rmtree_safe_fd
    onexc(func, path, err)
  File "/opt/ohpc/pub/compiler/conda/latest/lib/python3.12/multiprocessing/util.py", line 136, in _remove_temp_dir
    rmtree(tempdir, onerror=onerror)
  File "/opt/ohpc/pub/compiler/conda/latest/lib/python3.12/shutil.py", line 750, in onexc
    return onerror(func, path, exc_info)
           ^^^^^^^^^^^^^^^^^^^^^^^^^^^^^
  File "/opt/ohpc/pub/compiler/conda/latest/lib/python3.12/shutil.py", line 759, in rmtree
    _rmtree_safe_fd(stack, onexc)
  File "/opt/ohpc/pub/compiler/conda/latest/lib/python3.12/shutil.py", line 700, in _rmtree_safe_fd
    onexc(os.unlink, fullname, err)
  File "/opt/ohpc/pub/compiler/conda/latest/lib/python3.12/shutil.py", line 703, in _rmtree_safe_fd
    onexc(func, path, err)
  File "/opt/ohpc/pub/compiler/conda/latest/lib/python3.12/shutil.py", line 750, in onexc
    return onerror(func, path, exc_info)
           ^^^^^^^^^^^^^^^^^^^^^^^^^^^^^
  File "/opt/ohpc/pub/compiler/conda/latest/lib/python3.12/shutil.py", line 750, in onexc
    return onerror(func, path, exc_info)
           ^^^^^^^^^^^^^^^^^^^^^^^^^^^^^
  File "/opt/ohpc/pub/compiler/conda/latest/lib/python3.12/shutil.py", line 698, in _rmtree_safe_fd
    os.unlink(entry.name, dir_fd=topfd)
  File "/opt/ohpc/pub/compiler/conda/latest/lib/python3.12/shutil.py", line 700, in _rmtree_safe_fd
    onexc(os.unlink, fullname, err)
  File "/opt/ohpc/pub/compiler/conda/latest/lib/python3.12/shutil.py", line 750, in onexc
    return onerror(func, path, exc_info)
           ^^^^^^^^^^^^^^^^^^^^^^^^^^^^^
  File "/opt/ohpc/pub/compiler/conda/latest/lib/python3.12/shutil.py", line 698, in _rmtree_safe_fd
    os.unlink(entry.name, dir_fd=topfd)
OSError: [Errno 16] Device or resource busy: '/tmp/pymp-12qv_iu9'
OSError: [Errno 16] Device or resource busy: '/tmp/pymp-xkia4myv'
Traceback (most recent call last):
Traceback (most recent call last):
  File "/opt/ohpc/pub/compiler/conda/latest/lib/python3.12/multiprocessing/util.py", line 303, in _run_finalizers
    finalizer()
  File "/opt/ohpc/pub/compiler/conda/latest/lib/python3.12/multiprocessing/util.py", line 227, in __call__
    res = self._callback(*self._args, **self._kwargs)
          ^^^^^^^^^^^^^^^^^^^^^^^^^^^^^^^^^^^^^^^^^^^
  File "/opt/ohpc/pub/compiler/conda/latest/lib/python3.12/multiprocessing/util.py", line 136, in _remove_temp_dir
    rmtree(tempdir, onerror=onerror)
  File "/opt/ohpc/pub/compiler/conda/latest/lib/python3.12/shutil.py", line 759, in rmtree
    _rmtree_safe_fd(stack, onexc)
  File "/opt/ohpc/pub/compiler/conda/latest/lib/python3.12/shutil.py", line 703, in _rmtree_safe_fd
    onexc(func, path, err)
  File "/opt/ohpc/pub/compiler/conda/latest/lib/python3.12/shutil.py", line 750, in onexc
    return onerror(func, path, exc_info)
           ^^^^^^^^^^^^^^^^^^^^^^^^^^^^^
  File "/opt/ohpc/pub/compiler/conda/latest/lib/python3.12/shutil.py", line 700, in _rmtree_safe_fd
    onexc(os.unlink, fullname, err)
  File "/opt/ohpc/pub/compiler/conda/latest/lib/python3.12/shutil.py", line 750, in onexc
    return onerror(func, path, exc_info)
           ^^^^^^^^^^^^^^^^^^^^^^^^^^^^^
  File "/opt/ohpc/pub/compiler/conda/latest/lib/python3.12/shutil.py", line 698, in _rmtree_safe_fd
    os.unlink(entry.name, dir_fd=topfd)
OSError: [Errno 16] Device or resource busy: '/tmp/pymp-b8jjo8j9'
  File "/opt/ohpc/pub/compiler/conda/latest/lib/python3.12/multiprocessing/util.py", line 303, in _run_finalizers
    finalizer()
  File "/opt/ohpc/pub/compiler/conda/latest/lib/python3.12/multiprocessing/util.py", line 227, in __call__
    res = self._callback(*self._args, **self._kwargs)
          ^^^^^^^^^^^^^^^^^^^^^^^^^^^^^^^^^^^^^^^^^^^
  File "/opt/ohpc/pub/compiler/conda/latest/lib/python3.12/multiprocessing/util.py", line 136, in _remove_temp_dir
    rmtree(tempdir, onerror=onerror)
  File "/opt/ohpc/pub/compiler/conda/latest/lib/python3.12/shutil.py", line 759, in rmtree
    _rmtree_safe_fd(stack, onexc)
  File "/opt/ohpc/pub/compiler/conda/latest/lib/python3.12/shutil.py", line 703, in _rmtree_safe_fd
    onexc(func, path, err)
  File "/opt/ohpc/pub/compiler/conda/latest/lib/python3.12/shutil.py", line 750, in onexc
    return onerror(func, path, exc_info)
           ^^^^^^^^^^^^^^^^^^^^^^^^^^^^^
  File "/opt/ohpc/pub/compiler/conda/latest/lib/python3.12/shutil.py", line 700, in _rmtree_safe_fd
    onexc(os.unlink, fullname, err)
  File "/opt/ohpc/pub/compiler/conda/latest/lib/python3.12/shutil.py", line 750, in onexc
    return onerror(func, path, exc_info)
           ^^^^^^^^^^^^^^^^^^^^^^^^^^^^^
  File "/opt/ohpc/pub/compiler/conda/latest/lib/python3.12/shutil.py", line 698, in _rmtree_safe_fd
    os.unlink(entry.name, dir_fd=topfd)
OSError: [Errno 16] Device or resource busy: '/tmp/pymp-y_lpuaxy'
Traceback (most recent call last):
Traceback (most recent call last):
Traceback (most recent call last):
  File "/opt/ohpc/pub/compiler/conda/latest/lib/python3.12/multiprocessing/util.py", line 303, in _run_finalizers
    finalizer()
  File "/opt/ohpc/pub/compiler/conda/latest/lib/python3.12/multiprocessing/util.py", line 227, in __call__
    res = self._callback(*self._args, **self._kwargs)
          ^^^^^^^^^^^^^^^^^^^^^^^^^^^^^^^^^^^^^^^^^^^
  File "/opt/ohpc/pub/compiler/conda/latest/lib/python3.12/multiprocessing/util.py", line 136, in _remove_temp_dir
    rmtree(tempdir, onerror=onerror)
  File "/opt/ohpc/pub/compiler/conda/latest/lib/python3.12/shutil.py", line 759, in rmtree
    _rmtree_safe_fd(stack, onexc)
  File "/opt/ohpc/pub/compiler/conda/latest/lib/python3.12/shutil.py", line 703, in _rmtree_safe_fd
    onexc(func, path, err)
  File "/opt/ohpc/pub/compiler/conda/latest/lib/python3.12/shutil.py", line 750, in onexc
    return onerror(func, path, exc_info)
           ^^^^^^^^^^^^^^^^^^^^^^^^^^^^^
  File "/opt/ohpc/pub/compiler/conda/latest/lib/python3.12/shutil.py", line 700, in _rmtree_safe_fd
    onexc(os.unlink, fullname, err)
  File "/opt/ohpc/pub/compiler/conda/latest/lib/python3.12/shutil.py", line 750, in onexc
    return onerror(func, path, exc_info)
           ^^^^^^^^^^^^^^^^^^^^^^^^^^^^^
  File "/opt/ohpc/pub/compiler/conda/latest/lib/python3.12/shutil.py", line 698, in _rmtree_safe_fd
    os.unlink(entry.name, dir_fd=topfd)
OSError: [Errno 16] Device or resource busy: '/tmp/pymp-5jmn_p6c'
  File "/opt/ohpc/pub/compiler/conda/latest/lib/python3.12/multiprocessing/util.py", line 303, in _run_finalizers
    finalizer()
  File "/opt/ohpc/pub/compiler/conda/latest/lib/python3.12/multiprocessing/util.py", line 227, in __call__
    res = self._callback(*self._args, **self._kwargs)
          ^^^^^^^^^^^^^^^^^^^^^^^^^^^^^^^^^^^^^^^^^^^
  File "/opt/ohpc/pub/compiler/conda/latest/lib/python3.12/multiprocessing/util.py", line 136, in _remove_temp_dir
    rmtree(tempdir, onerror=onerror)
  File "/opt/ohpc/pub/compiler/conda/latest/lib/python3.12/shutil.py", line 759, in rmtree
    _rmtree_safe_fd(stack, onexc)
  File "/opt/ohpc/pub/compiler/conda/latest/lib/python3.12/shutil.py", line 703, in _rmtree_safe_fd
    onexc(func, path, err)
  File "/opt/ohpc/pub/compiler/conda/latest/lib/python3.12/shutil.py", line 750, in onexc
    return onerror(func, path, exc_info)
           ^^^^^^^^^^^^^^^^^^^^^^^^^^^^^
  File "/opt/ohpc/pub/compiler/conda/latest/lib/python3.12/shutil.py", line 700, in _rmtree_safe_fd
    onexc(os.unlink, fullname, err)
  File "/opt/ohpc/pub/compiler/conda/latest/lib/python3.12/shutil.py", line 750, in onexc
    return onerror(func, path, exc_info)
           ^^^^^^^^^^^^^^^^^^^^^^^^^^^^^
  File "/opt/ohpc/pub/compiler/conda/latest/lib/python3.12/shutil.py", line 698, in _rmtree_safe_fd
    os.unlink(entry.name, dir_fd=topfd)
OSError: [Errno 16] Device or resource busy: '/tmp/pymp-g9yy2rv9'
  File "/opt/ohpc/pub/compiler/conda/latest/lib/python3.12/multiprocessing/util.py", line 303, in _run_finalizers
    finalizer()
  File "/opt/ohpc/pub/compiler/conda/latest/lib/python3.12/multiprocessing/util.py", line 227, in __call__
    res = self._callback(*self._args, **self._kwargs)
          ^^^^^^^^^^^^^^^^^^^^^^^^^^^^^^^^^^^^^^^^^^^
  File "/opt/ohpc/pub/compiler/conda/latest/lib/python3.12/multiprocessing/util.py", line 136, in _remove_temp_dir
    rmtree(tempdir, onerror=onerror)
  File "/opt/ohpc/pub/compiler/conda/latest/lib/python3.12/shutil.py", line 759, in rmtree
    _rmtree_safe_fd(stack, onexc)
  File "/opt/ohpc/pub/compiler/conda/latest/lib/python3.12/shutil.py", line 703, in _rmtree_safe_fd
    onexc(func, path, err)
  File "/opt/ohpc/pub/compiler/conda/latest/lib/python3.12/shutil.py", line 750, in onexc
    return onerror(func, path, exc_info)
           ^^^^^^^^^^^^^^^^^^^^^^^^^^^^^
  File "/opt/ohpc/pub/compiler/conda/latest/lib/python3.12/shutil.py", line 700, in _rmtree_safe_fd
    onexc(os.unlink, fullname, err)
  File "/opt/ohpc/pub/compiler/conda/latest/lib/python3.12/shutil.py", line 750, in onexc
    return onerror(func, path, exc_info)
           ^^^^^^^^^^^^^^^^^^^^^^^^^^^^^
  File "/opt/ohpc/pub/compiler/conda/latest/lib/python3.12/shutil.py", line 698, in _rmtree_safe_fd
    os.unlink(entry.name, dir_fd=topfd)
OSError: [Errno 16] Device or resource busy: '/tmp/pymp-djy5si0k'
Traceback (most recent call last):
Traceback (most recent call last):
Traceback (most recent call last):
  File "/opt/ohpc/pub/compiler/conda/latest/lib/python3.12/multiprocessing/util.py", line 303, in _run_finalizers
    finalizer()
  File "/opt/ohpc/pub/compiler/conda/latest/lib/python3.12/multiprocessing/util.py", line 227, in __call__
    res = self._callback(*self._args, **self._kwargs)
          ^^^^^^^^^^^^^^^^^^^^^^^^^^^^^^^^^^^^^^^^^^^
  File "/opt/ohpc/pub/compiler/conda/latest/lib/python3.12/multiprocessing/util.py", line 136, in _remove_temp_dir
    rmtree(tempdir, onerror=onerror)
  File "/opt/ohpc/pub/compiler/conda/latest/lib/python3.12/shutil.py", line 759, in rmtree
    _rmtree_safe_fd(stack, onexc)
  File "/opt/ohpc/pub/compiler/conda/latest/lib/python3.12/shutil.py", line 703, in _rmtree_safe_fd
    onexc(func, path, err)
  File "/opt/ohpc/pub/compiler/conda/latest/lib/python3.12/shutil.py", line 750, in onexc
    return onerror(func, path, exc_info)
           ^^^^^^^^^^^^^^^^^^^^^^^^^^^^^
Traceback (most recent call last):
  File "/opt/ohpc/pub/compiler/conda/latest/lib/python3.12/shutil.py", line 700, in _rmtree_safe_fd
    onexc(os.unlink, fullname, err)
  File "/opt/ohpc/pub/compiler/conda/latest/lib/python3.12/shutil.py", line 750, in onexc
    return onerror(func, path, exc_info)
           ^^^^^^^^^^^^^^^^^^^^^^^^^^^^^
  File "/opt/ohpc/pub/compiler/conda/latest/lib/python3.12/shutil.py", line 698, in _rmtree_safe_fd
    os.unlink(entry.name, dir_fd=topfd)
OSError: [Errno 16] Device or resource busy: '/tmp/pymp-12zbocro'
  File "/opt/ohpc/pub/compiler/conda/latest/lib/python3.12/multiprocessing/util.py", line 303, in _run_finalizers
    finalizer()
  File "/opt/ohpc/pub/compiler/conda/latest/lib/python3.12/multiprocessing/util.py", line 227, in __call__
    res = self._callback(*self._args, **self._kwargs)
          ^^^^^^^^^^^^^^^^^^^^^^^^^^^^^^^^^^^^^^^^^^^
  File "/opt/ohpc/pub/compiler/conda/latest/lib/python3.12/multiprocessing/util.py", line 136, in _remove_temp_dir
    rmtree(tempdir, onerror=onerror)
  File "/opt/ohpc/pub/compiler/conda/latest/lib/python3.12/shutil.py", line 759, in rmtree
    _rmtree_safe_fd(stack, onexc)
  File "/opt/ohpc/pub/compiler/conda/latest/lib/python3.12/shutil.py", line 703, in _rmtree_safe_fd
    onexc(func, path, err)
  File "/opt/ohpc/pub/compiler/conda/latest/lib/python3.12/shutil.py", line 750, in onexc
    return onerror(func, path, exc_info)
           ^^^^^^^^^^^^^^^^^^^^^^^^^^^^^
  File "/opt/ohpc/pub/compiler/conda/latest/lib/python3.12/shutil.py", line 700, in _rmtree_safe_fd
    onexc(os.unlink, fullname, err)
  File "/opt/ohpc/pub/compiler/conda/latest/lib/python3.12/shutil.py", line 750, in onexc
    return onerror(func, path, exc_info)
           ^^^^^^^^^^^^^^^^^^^^^^^^^^^^^
  File "/opt/ohpc/pub/compiler/conda/latest/lib/python3.12/shutil.py", line 698, in _rmtree_safe_fd
    os.unlink(entry.name, dir_fd=topfd)
Traceback (most recent call last):
OSError: [Errno 16] Device or resource busy: '/tmp/pymp-0aqtzbd6'
  File "/opt/ohpc/pub/compiler/conda/latest/lib/python3.12/multiprocessing/util.py", line 303, in _run_finalizers
    finalizer()
  File "/opt/ohpc/pub/compiler/conda/latest/lib/python3.12/multiprocessing/util.py", line 227, in __call__
    res = self._callback(*self._args, **self._kwargs)
          ^^^^^^^^^^^^^^^^^^^^^^^^^^^^^^^^^^^^^^^^^^^
  File "/opt/ohpc/pub/compiler/conda/latest/lib/python3.12/multiprocessing/util.py", line 136, in _remove_temp_dir
    rmtree(tempdir, onerror=onerror)
  File "/opt/ohpc/pub/compiler/conda/latest/lib/python3.12/shutil.py", line 759, in rmtree
    _rmtree_safe_fd(stack, onexc)
  File "/opt/ohpc/pub/compiler/conda/latest/lib/python3.12/shutil.py", line 703, in _rmtree_safe_fd
    onexc(func, path, err)
  File "/opt/ohpc/pub/compiler/conda/latest/lib/python3.12/shutil.py", line 750, in onexc
    return onerror(func, path, exc_info)
           ^^^^^^^^^^^^^^^^^^^^^^^^^^^^^
  File "/opt/ohpc/pub/compiler/conda/latest/lib/python3.12/shutil.py", line 700, in _rmtree_safe_fd
    onexc(os.unlink, fullname, err)
  File "/opt/ohpc/pub/compiler/conda/latest/lib/python3.12/shutil.py", line 750, in onexc
    return onerror(func, path, exc_info)
           ^^^^^^^^^^^^^^^^^^^^^^^^^^^^^
  File "/opt/ohpc/pub/compiler/conda/latest/lib/python3.12/shutil.py", line 698, in _rmtree_safe_fd
    os.unlink(entry.name, dir_fd=topfd)
  File "/opt/ohpc/pub/compiler/conda/latest/lib/python3.12/multiprocessing/util.py", line 303, in _run_finalizers
    finalizer()
OSError: [Errno 16] Device or resource busy: '/tmp/pymp-9crlptnl'
  File "/opt/ohpc/pub/compiler/conda/latest/lib/python3.12/multiprocessing/util.py", line 227, in __call__
    res = self._callback(*self._args, **self._kwargs)
          ^^^^^^^^^^^^^^^^^^^^^^^^^^^^^^^^^^^^^^^^^^^
  File "/opt/ohpc/pub/compiler/conda/latest/lib/python3.12/multiprocessing/util.py", line 136, in _remove_temp_dir
    rmtree(tempdir, onerror=onerror)
  File "/opt/ohpc/pub/compiler/conda/latest/lib/python3.12/shutil.py", line 759, in rmtree
    _rmtree_safe_fd(stack, onexc)
  File "/opt/ohpc/pub/compiler/conda/latest/lib/python3.12/shutil.py", line 703, in _rmtree_safe_fd
    onexc(func, path, err)
  File "/opt/ohpc/pub/compiler/conda/latest/lib/python3.12/shutil.py", line 750, in onexc
    return onerror(func, path, exc_info)
           ^^^^^^^^^^^^^^^^^^^^^^^^^^^^^
  File "/opt/ohpc/pub/compiler/conda/latest/lib/python3.12/shutil.py", line 700, in _rmtree_safe_fd
    onexc(os.unlink, fullname, err)
  File "/opt/ohpc/pub/compiler/conda/latest/lib/python3.12/shutil.py", line 750, in onexc
    return onerror(func, path, exc_info)
           ^^^^^^^^^^^^^^^^^^^^^^^^^^^^^
  File "/opt/ohpc/pub/compiler/conda/latest/lib/python3.12/shutil.py", line 698, in _rmtree_safe_fd
    os.unlink(entry.name, dir_fd=topfd)
OSError: [Errno 16] Device or resource busy: '/tmp/pymp-4tdwrbq2'
  File "/opt/ohpc/pub/compiler/conda/latest/lib/python3.12/multiprocessing/util.py", line 303, in _run_finalizers
    finalizer()
  File "/opt/ohpc/pub/compiler/conda/latest/lib/python3.12/multiprocessing/util.py", line 227, in __call__
    res = self._callback(*self._args, **self._kwargs)
          ^^^^^^^^^^^^^^^^^^^^^^^^^^^^^^^^^^^^^^^^^^^
  File "/opt/ohpc/pub/compiler/conda/latest/lib/python3.12/multiprocessing/util.py", line 136, in _remove_temp_dir
    rmtree(tempdir, onerror=onerror)
  File "/opt/ohpc/pub/compiler/conda/latest/lib/python3.12/shutil.py", line 759, in rmtree
    _rmtree_safe_fd(stack, onexc)
  File "/opt/ohpc/pub/compiler/conda/latest/lib/python3.12/shutil.py", line 703, in _rmtree_safe_fd
    onexc(func, path, err)
  File "/opt/ohpc/pub/compiler/conda/latest/lib/python3.12/shutil.py", line 750, in onexc
    return onerror(func, path, exc_info)
           ^^^^^^^^^^^^^^^^^^^^^^^^^^^^^
  File "/opt/ohpc/pub/compiler/conda/latest/lib/python3.12/shutil.py", line 700, in _rmtree_safe_fd
    onexc(os.unlink, fullname, err)
  File "/opt/ohpc/pub/compiler/conda/latest/lib/python3.12/shutil.py", line 750, in onexc
    return onerror(func, path, exc_info)
           ^^^^^^^^^^^^^^^^^^^^^^^^^^^^^
  File "/opt/ohpc/pub/compiler/conda/latest/lib/python3.12/shutil.py", line 698, in _rmtree_safe_fd
    os.unlink(entry.name, dir_fd=topfd)
OSError: [Errno 16] Device or resource busy: '/tmp/pymp-lrzfrvs1'
Traceback (most recent call last):
Traceback (most recent call last):
  File "/opt/ohpc/pub/compiler/conda/latest/lib/python3.12/multiprocessing/util.py", line 303, in _run_finalizers
    finalizer()
  File "/opt/ohpc/pub/compiler/conda/latest/lib/python3.12/multiprocessing/util.py", line 227, in __call__
    res = self._callback(*self._args, **self._kwargs)
          ^^^^^^^^^^^^^^^^^^^^^^^^^^^^^^^^^^^^^^^^^^^
  File "/opt/ohpc/pub/compiler/conda/latest/lib/python3.12/multiprocessing/util.py", line 136, in _remove_temp_dir
    rmtree(tempdir, onerror=onerror)
  File "/opt/ohpc/pub/compiler/conda/latest/lib/python3.12/shutil.py", line 759, in rmtree
    _rmtree_safe_fd(stack, onexc)
  File "/opt/ohpc/pub/compiler/conda/latest/lib/python3.12/shutil.py", line 703, in _rmtree_safe_fd
    onexc(func, path, err)
  File "/opt/ohpc/pub/compiler/conda/latest/lib/python3.12/shutil.py", line 750, in onexc
    return onerror(func, path, exc_info)
           ^^^^^^^^^^^^^^^^^^^^^^^^^^^^^
  File "/opt/ohpc/pub/compiler/conda/latest/lib/python3.12/shutil.py", line 700, in _rmtree_safe_fd
    onexc(os.unlink, fullname, err)
  File "/opt/ohpc/pub/compiler/conda/latest/lib/python3.12/shutil.py", line 750, in onexc
    return onerror(func, path, exc_info)
           ^^^^^^^^^^^^^^^^^^^^^^^^^^^^^
  File "/opt/ohpc/pub/compiler/conda/latest/lib/python3.12/shutil.py", line 698, in _rmtree_safe_fd
    os.unlink(entry.name, dir_fd=topfd)
OSError: [Errno 16] Device or resource busy: '/tmp/pymp-kxzce12m'
  File "/opt/ohpc/pub/compiler/conda/latest/lib/python3.12/multiprocessing/util.py", line 303, in _run_finalizers
    finalizer()
  File "/opt/ohpc/pub/compiler/conda/latest/lib/python3.12/multiprocessing/util.py", line 227, in __call__
    res = self._callback(*self._args, **self._kwargs)
          ^^^^^^^^^^^^^^^^^^^^^^^^^^^^^^^^^^^^^^^^^^^
  File "/opt/ohpc/pub/compiler/conda/latest/lib/python3.12/multiprocessing/util.py", line 136, in _remove_temp_dir
    rmtree(tempdir, onerror=onerror)
  File "/opt/ohpc/pub/compiler/conda/latest/lib/python3.12/shutil.py", line 759, in rmtree
    _rmtree_safe_fd(stack, onexc)
  File "/opt/ohpc/pub/compiler/conda/latest/lib/python3.12/shutil.py", line 703, in _rmtree_safe_fd
    onexc(func, path, err)
  File "/opt/ohpc/pub/compiler/conda/latest/lib/python3.12/shutil.py", line 750, in onexc
    return onerror(func, path, exc_info)
           ^^^^^^^^^^^^^^^^^^^^^^^^^^^^^
  File "/opt/ohpc/pub/compiler/conda/latest/lib/python3.12/shutil.py", line 700, in _rmtree_safe_fd
    onexc(os.unlink, fullname, err)
  File "/opt/ohpc/pub/compiler/conda/latest/lib/python3.12/shutil.py", line 750, in onexc
    return onerror(func, path, exc_info)
           ^^^^^^^^^^^^^^^^^^^^^^^^^^^^^
  File "/opt/ohpc/pub/compiler/conda/latest/lib/python3.12/shutil.py", line 698, in _rmtree_safe_fd
    os.unlink(entry.name, dir_fd=topfd)
OSError: [Errno 16] Device or resource busy: '/tmp/pymp-yegdf4ar'
Traceback (most recent call last):
  File "/opt/ohpc/pub/compiler/conda/latest/lib/python3.12/multiprocessing/util.py", line 303, in _run_finalizers
    finalizer()
  File "/opt/ohpc/pub/compiler/conda/latest/lib/python3.12/multiprocessing/util.py", line 227, in __call__
    res = self._callback(*self._args, **self._kwargs)
          ^^^^^^^^^^^^^^^^^^^^^^^^^^^^^^^^^^^^^^^^^^^
  File "/opt/ohpc/pub/compiler/conda/latest/lib/python3.12/multiprocessing/util.py", line 136, in _remove_temp_dir
    rmtree(tempdir, onerror=onerror)
  File "/opt/ohpc/pub/compiler/conda/latest/lib/python3.12/shutil.py", line 759, in rmtree
    _rmtree_safe_fd(stack, onexc)
  File "/opt/ohpc/pub/compiler/conda/latest/lib/python3.12/shutil.py", line 703, in _rmtree_safe_fd
    onexc(func, path, err)
  File "/opt/ohpc/pub/compiler/conda/latest/lib/python3.12/shutil.py", line 750, in onexc
    return onerror(func, path, exc_info)
           ^^^^^^^^^^^^^^^^^^^^^^^^^^^^^
  File "/opt/ohpc/pub/compiler/conda/latest/lib/python3.12/shutil.py", line 700, in _rmtree_safe_fd
    onexc(os.unlink, fullname, err)
  File "/opt/ohpc/pub/compiler/conda/latest/lib/python3.12/shutil.py", line 750, in onexc
    return onerror(func, path, exc_info)
           ^^^^^^^^^^^^^^^^^^^^^^^^^^^^^
  File "/opt/ohpc/pub/compiler/conda/latest/lib/python3.12/shutil.py", line 698, in _rmtree_safe_fd
    os.unlink(entry.name, dir_fd=topfd)
OSError: [Errno 16] Device or resource busy: '/tmp/pymp-uedwwluv'
Traceback (most recent call last):
  File "/opt/ohpc/pub/compiler/conda/latest/lib/python3.12/multiprocessing/util.py", line 303, in _run_finalizers
    finalizer()
  File "/opt/ohpc/pub/compiler/conda/latest/lib/python3.12/multiprocessing/util.py", line 227, in __call__
    res = self._callback(*self._args, **self._kwargs)
          ^^^^^^^^^^^^^^^^^^^^^^^^^^^^^^^^^^^^^^^^^^^
  File "/opt/ohpc/pub/compiler/conda/latest/lib/python3.12/multiprocessing/util.py", line 136, in _remove_temp_dir
    rmtree(tempdir, onerror=onerror)
  File "/opt/ohpc/pub/compiler/conda/latest/lib/python3.12/shutil.py", line 759, in rmtree
    _rmtree_safe_fd(stack, onexc)
  File "/opt/ohpc/pub/compiler/conda/latest/lib/python3.12/shutil.py", line 703, in _rmtree_safe_fd
    onexc(func, path, err)
  File "/opt/ohpc/pub/compiler/conda/latest/lib/python3.12/shutil.py", line 750, in onexc
    return onerror(func, path, exc_info)
           ^^^^^^^^^^^^^^^^^^^^^^^^^^^^^
  File "/opt/ohpc/pub/compiler/conda/latest/lib/python3.12/shutil.py", line 700, in _rmtree_safe_fd
    onexc(os.unlink, fullname, err)
  File "/opt/ohpc/pub/compiler/conda/latest/lib/python3.12/shutil.py", line 750, in onexc
    return onerror(func, path, exc_info)
           ^^^^^^^^^^^^^^^^^^^^^^^^^^^^^
  File "/opt/ohpc/pub/compiler/conda/latest/lib/python3.12/shutil.py", line 698, in _rmtree_safe_fd
    os.unlink(entry.name, dir_fd=topfd)
OSError: [Errno 16] Device or resource busy: '/tmp/pymp-do29caqq'
Traceback (most recent call last):
  File "/opt/ohpc/pub/compiler/conda/latest/lib/python3.12/multiprocessing/util.py", line 303, in _run_finalizers
    finalizer()
  File "/opt/ohpc/pub/compiler/conda/latest/lib/python3.12/multiprocessing/util.py", line 227, in __call__
    res = self._callback(*self._args, **self._kwargs)
          ^^^^^^^^^^^^^^^^^^^^^^^^^^^^^^^^^^^^^^^^^^^
  File "/opt/ohpc/pub/compiler/conda/latest/lib/python3.12/multiprocessing/util.py", line 136, in _remove_temp_dir
    rmtree(tempdir, onerror=onerror)
  File "/opt/ohpc/pub/compiler/conda/latest/lib/python3.12/shutil.py", line 759, in rmtree
    _rmtree_safe_fd(stack, onexc)
  File "/opt/ohpc/pub/compiler/conda/latest/lib/python3.12/shutil.py", line 703, in _rmtree_safe_fd
    onexc(func, path, err)
  File "/opt/ohpc/pub/compiler/conda/latest/lib/python3.12/shutil.py", line 750, in onexc
    return onerror(func, path, exc_info)
           ^^^^^^^^^^^^^^^^^^^^^^^^^^^^^
  File "/opt/ohpc/pub/compiler/conda/latest/lib/python3.12/shutil.py", line 700, in _rmtree_safe_fd
    onexc(os.unlink, fullname, err)
  File "/opt/ohpc/pub/compiler/conda/latest/lib/python3.12/shutil.py", line 750, in onexc
    return onerror(func, path, exc_info)
           ^^^^^^^^^^^^^^^^^^^^^^^^^^^^^
  File "/opt/ohpc/pub/compiler/conda/latest/lib/python3.12/shutil.py", line 698, in _rmtree_safe_fd
    os.unlink(entry.name, dir_fd=topfd)
OSError: [Errno 16] Device or resource busy: '/tmp/pymp-bqnd7kij'
Traceback (most recent call last):
  File "/opt/ohpc/pub/compiler/conda/latest/lib/python3.12/multiprocessing/util.py", line 303, in _run_finalizers
    finalizer()
  File "/opt/ohpc/pub/compiler/conda/latest/lib/python3.12/multiprocessing/util.py", line 227, in __call__
    res = self._callback(*self._args, **self._kwargs)
          ^^^^^^^^^^^^^^^^^^^^^^^^^^^^^^^^^^^^^^^^^^^
  File "/opt/ohpc/pub/compiler/conda/latest/lib/python3.12/multiprocessing/util.py", line 136, in _remove_temp_dir
    rmtree(tempdir, onerror=onerror)
  File "/opt/ohpc/pub/compiler/conda/latest/lib/python3.12/shutil.py", line 759, in rmtree
    _rmtree_safe_fd(stack, onexc)
  File "/opt/ohpc/pub/compiler/conda/latest/lib/python3.12/shutil.py", line 703, in _rmtree_safe_fd
    onexc(func, path, err)
  File "/opt/ohpc/pub/compiler/conda/latest/lib/python3.12/shutil.py", line 750, in onexc
    return onerror(func, path, exc_info)
           ^^^^^^^^^^^^^^^^^^^^^^^^^^^^^
  File "/opt/ohpc/pub/compiler/conda/latest/lib/python3.12/shutil.py", line 700, in _rmtree_safe_fd
    onexc(os.unlink, fullname, err)
  File "/opt/ohpc/pub/compiler/conda/latest/lib/python3.12/shutil.py", line 750, in onexc
    return onerror(func, path, exc_info)
           ^^^^^^^^^^^^^^^^^^^^^^^^^^^^^
  File "/opt/ohpc/pub/compiler/conda/latest/lib/python3.12/shutil.py", line 698, in _rmtree_safe_fd
    os.unlink(entry.name, dir_fd=topfd)
OSError: [Errno 16] Device or resource busy: '/tmp/pymp-6szqgh7q'
Traceback (most recent call last):
Traceback (most recent call last):
Traceback (most recent call last):
  File "/opt/ohpc/pub/compiler/conda/latest/lib/python3.12/multiprocessing/util.py", line 303, in _run_finalizers
    finalizer()
  File "/opt/ohpc/pub/compiler/conda/latest/lib/python3.12/multiprocessing/util.py", line 227, in __call__
    res = self._callback(*self._args, **self._kwargs)
          ^^^^^^^^^^^^^^^^^^^^^^^^^^^^^^^^^^^^^^^^^^^
  File "/opt/ohpc/pub/compiler/conda/latest/lib/python3.12/multiprocessing/util.py", line 136, in _remove_temp_dir
    rmtree(tempdir, onerror=onerror)
  File "/opt/ohpc/pub/compiler/conda/latest/lib/python3.12/shutil.py", line 759, in rmtree
    _rmtree_safe_fd(stack, onexc)
  File "/opt/ohpc/pub/compiler/conda/latest/lib/python3.12/shutil.py", line 703, in _rmtree_safe_fd
    onexc(func, path, err)
  File "/opt/ohpc/pub/compiler/conda/latest/lib/python3.12/shutil.py", line 750, in onexc
    return onerror(func, path, exc_info)
           ^^^^^^^^^^^^^^^^^^^^^^^^^^^^^
  File "/opt/ohpc/pub/compiler/conda/latest/lib/python3.12/shutil.py", line 700, in _rmtree_safe_fd
    onexc(os.unlink, fullname, err)
  File "/opt/ohpc/pub/compiler/conda/latest/lib/python3.12/shutil.py", line 750, in onexc
    return onerror(func, path, exc_info)
           ^^^^^^^^^^^^^^^^^^^^^^^^^^^^^
  File "/opt/ohpc/pub/compiler/conda/latest/lib/python3.12/shutil.py", line 698, in _rmtree_safe_fd
    os.unlink(entry.name, dir_fd=topfd)
OSError: [Errno 16] Device or resource busy: '/tmp/pymp-k4w59uc_'
  File "/opt/ohpc/pub/compiler/conda/latest/lib/python3.12/multiprocessing/util.py", line 303, in _run_finalizers
    finalizer()
  File "/opt/ohpc/pub/compiler/conda/latest/lib/python3.12/multiprocessing/util.py", line 303, in _run_finalizers
    finalizer()
  File "/opt/ohpc/pub/compiler/conda/latest/lib/python3.12/multiprocessing/util.py", line 227, in __call__
    res = self._callback(*self._args, **self._kwargs)
          ^^^^^^^^^^^^^^^^^^^^^^^^^^^^^^^^^^^^^^^^^^^
  File "/opt/ohpc/pub/compiler/conda/latest/lib/python3.12/multiprocessing/util.py", line 227, in __call__
    res = self._callback(*self._args, **self._kwargs)
          ^^^^^^^^^^^^^^^^^^^^^^^^^^^^^^^^^^^^^^^^^^^
  File "/opt/ohpc/pub/compiler/conda/latest/lib/python3.12/multiprocessing/util.py", line 136, in _remove_temp_dir
    rmtree(tempdir, onerror=onerror)
  File "/opt/ohpc/pub/compiler/conda/latest/lib/python3.12/multiprocessing/util.py", line 136, in _remove_temp_dir
    rmtree(tempdir, onerror=onerror)
  File "/opt/ohpc/pub/compiler/conda/latest/lib/python3.12/shutil.py", line 759, in rmtree
    _rmtree_safe_fd(stack, onexc)
  File "/opt/ohpc/pub/compiler/conda/latest/lib/python3.12/shutil.py", line 759, in rmtree
    _rmtree_safe_fd(stack, onexc)
  File "/opt/ohpc/pub/compiler/conda/latest/lib/python3.12/shutil.py", line 703, in _rmtree_safe_fd
    onexc(func, path, err)
  File "/opt/ohpc/pub/compiler/conda/latest/lib/python3.12/shutil.py", line 703, in _rmtree_safe_fd
    onexc(func, path, err)
  File "/opt/ohpc/pub/compiler/conda/latest/lib/python3.12/shutil.py", line 750, in onexc
    return onerror(func, path, exc_info)
           ^^^^^^^^^^^^^^^^^^^^^^^^^^^^^
  File "/opt/ohpc/pub/compiler/conda/latest/lib/python3.12/shutil.py", line 750, in onexc
    return onerror(func, path, exc_info)
           ^^^^^^^^^^^^^^^^^^^^^^^^^^^^^
  File "/opt/ohpc/pub/compiler/conda/latest/lib/python3.12/shutil.py", line 700, in _rmtree_safe_fd
    onexc(os.unlink, fullname, err)
  File "/opt/ohpc/pub/compiler/conda/latest/lib/python3.12/shutil.py", line 700, in _rmtree_safe_fd
    onexc(os.unlink, fullname, err)
  File "/opt/ohpc/pub/compiler/conda/latest/lib/python3.12/shutil.py", line 750, in onexc
    return onerror(func, path, exc_info)
           ^^^^^^^^^^^^^^^^^^^^^^^^^^^^^
  File "/opt/ohpc/pub/compiler/conda/latest/lib/python3.12/shutil.py", line 750, in onexc
    return onerror(func, path, exc_info)
           ^^^^^^^^^^^^^^^^^^^^^^^^^^^^^
  File "/opt/ohpc/pub/compiler/conda/latest/lib/python3.12/shutil.py", line 698, in _rmtree_safe_fd
    os.unlink(entry.name, dir_fd=topfd)
  File "/opt/ohpc/pub/compiler/conda/latest/lib/python3.12/shutil.py", line 698, in _rmtree_safe_fd
    os.unlink(entry.name, dir_fd=topfd)
OSError: [Errno 16] Device or resource busy: '/tmp/pymp-e9wukucd'
OSError: [Errno 16] Device or resource busy: '/tmp/pymp-m5366k3i'
Traceback (most recent call last):
Traceback (most recent call last):
  File "/opt/ohpc/pub/compiler/conda/latest/lib/python3.12/multiprocessing/util.py", line 303, in _run_finalizers
    finalizer()
  File "/opt/ohpc/pub/compiler/conda/latest/lib/python3.12/multiprocessing/util.py", line 227, in __call__
    res = self._callback(*self._args, **self._kwargs)
          ^^^^^^^^^^^^^^^^^^^^^^^^^^^^^^^^^^^^^^^^^^^
  File "/opt/ohpc/pub/compiler/conda/latest/lib/python3.12/multiprocessing/util.py", line 136, in _remove_temp_dir
    rmtree(tempdir, onerror=onerror)
  File "/opt/ohpc/pub/compiler/conda/latest/lib/python3.12/shutil.py", line 759, in rmtree
    _rmtree_safe_fd(stack, onexc)
  File "/opt/ohpc/pub/compiler/conda/latest/lib/python3.12/shutil.py", line 703, in _rmtree_safe_fd
    onexc(func, path, err)
  File "/opt/ohpc/pub/compiler/conda/latest/lib/python3.12/shutil.py", line 750, in onexc
    return onerror(func, path, exc_info)
           ^^^^^^^^^^^^^^^^^^^^^^^^^^^^^
  File "/opt/ohpc/pub/compiler/conda/latest/lib/python3.12/shutil.py", line 700, in _rmtree_safe_fd
    onexc(os.unlink, fullname, err)
  File "/opt/ohpc/pub/compiler/conda/latest/lib/python3.12/shutil.py", line 750, in onexc
    return onerror(func, path, exc_info)
           ^^^^^^^^^^^^^^^^^^^^^^^^^^^^^
  File "/opt/ohpc/pub/compiler/conda/latest/lib/python3.12/shutil.py", line 698, in _rmtree_safe_fd
    os.unlink(entry.name, dir_fd=topfd)
OSError: [Errno 16] Device or resource busy: '/tmp/pymp-5i2g7hd7'
Traceback (most recent call last):
  File "/opt/ohpc/pub/compiler/conda/latest/lib/python3.12/multiprocessing/util.py", line 303, in _run_finalizers
    finalizer()
  File "/opt/ohpc/pub/compiler/conda/latest/lib/python3.12/multiprocessing/util.py", line 227, in __call__
    res = self._callback(*self._args, **self._kwargs)
          ^^^^^^^^^^^^^^^^^^^^^^^^^^^^^^^^^^^^^^^^^^^
  File "/opt/ohpc/pub/compiler/conda/latest/lib/python3.12/multiprocessing/util.py", line 136, in _remove_temp_dir
    rmtree(tempdir, onerror=onerror)
  File "/opt/ohpc/pub/compiler/conda/latest/lib/python3.12/shutil.py", line 759, in rmtree
    _rmtree_safe_fd(stack, onexc)
  File "/opt/ohpc/pub/compiler/conda/latest/lib/python3.12/shutil.py", line 703, in _rmtree_safe_fd
    onexc(func, path, err)
  File "/opt/ohpc/pub/compiler/conda/latest/lib/python3.12/shutil.py", line 750, in onexc
    return onerror(func, path, exc_info)
           ^^^^^^^^^^^^^^^^^^^^^^^^^^^^^
  File "/opt/ohpc/pub/compiler/conda/latest/lib/python3.12/shutil.py", line 700, in _rmtree_safe_fd
    onexc(os.unlink, fullname, err)
  File "/opt/ohpc/pub/compiler/conda/latest/lib/python3.12/shutil.py", line 750, in onexc
    return onerror(func, path, exc_info)
           ^^^^^^^^^^^^^^^^^^^^^^^^^^^^^
  File "/opt/ohpc/pub/compiler/conda/latest/lib/python3.12/shutil.py", line 698, in _rmtree_safe_fd
    os.unlink(entry.name, dir_fd=topfd)
OSError: [Errno 16] Device or resource busy: '/tmp/pymp-uiwo_66j'
  File "/opt/ohpc/pub/compiler/conda/latest/lib/python3.12/multiprocessing/util.py", line 303, in _run_finalizers
    finalizer()
  File "/opt/ohpc/pub/compiler/conda/latest/lib/python3.12/multiprocessing/util.py", line 227, in __call__
    res = self._callback(*self._args, **self._kwargs)
          ^^^^^^^^^^^^^^^^^^^^^^^^^^^^^^^^^^^^^^^^^^^
  File "/opt/ohpc/pub/compiler/conda/latest/lib/python3.12/multiprocessing/util.py", line 136, in _remove_temp_dir
    rmtree(tempdir, onerror=onerror)
  File "/opt/ohpc/pub/compiler/conda/latest/lib/python3.12/shutil.py", line 759, in rmtree
    _rmtree_safe_fd(stack, onexc)
  File "/opt/ohpc/pub/compiler/conda/latest/lib/python3.12/shutil.py", line 703, in _rmtree_safe_fd
    onexc(func, path, err)
  File "/opt/ohpc/pub/compiler/conda/latest/lib/python3.12/shutil.py", line 750, in onexc
    return onerror(func, path, exc_info)
           ^^^^^^^^^^^^^^^^^^^^^^^^^^^^^
  File "/opt/ohpc/pub/compiler/conda/latest/lib/python3.12/shutil.py", line 700, in _rmtree_safe_fd
    onexc(os.unlink, fullname, err)
  File "/opt/ohpc/pub/compiler/conda/latest/lib/python3.12/shutil.py", line 750, in onexc
    return onerror(func, path, exc_info)
           ^^^^^^^^^^^^^^^^^^^^^^^^^^^^^
  File "/opt/ohpc/pub/compiler/conda/latest/lib/python3.12/shutil.py", line 698, in _rmtree_safe_fd
    os.unlink(entry.name, dir_fd=topfd)
OSError: [Errno 16] Device or resource busy: '/tmp/pymp-z8r3y_0o'
Traceback (most recent call last):
  File "/opt/ohpc/pub/compiler/conda/latest/lib/python3.12/multiprocessing/util.py", line 303, in _run_finalizers
    finalizer()
  File "/opt/ohpc/pub/compiler/conda/latest/lib/python3.12/multiprocessing/util.py", line 227, in __call__
    res = self._callback(*self._args, **self._kwargs)
          ^^^^^^^^^^^^^^^^^^^^^^^^^^^^^^^^^^^^^^^^^^^
  File "/opt/ohpc/pub/compiler/conda/latest/lib/python3.12/multiprocessing/util.py", line 136, in _remove_temp_dir
    rmtree(tempdir, onerror=onerror)
  File "/opt/ohpc/pub/compiler/conda/latest/lib/python3.12/shutil.py", line 759, in rmtree
    _rmtree_safe_fd(stack, onexc)
  File "/opt/ohpc/pub/compiler/conda/latest/lib/python3.12/shutil.py", line 703, in _rmtree_safe_fd
    onexc(func, path, err)
  File "/opt/ohpc/pub/compiler/conda/latest/lib/python3.12/shutil.py", line 750, in onexc
    return onerror(func, path, exc_info)
           ^^^^^^^^^^^^^^^^^^^^^^^^^^^^^
  File "/opt/ohpc/pub/compiler/conda/latest/lib/python3.12/shutil.py", line 700, in _rmtree_safe_fd
    onexc(os.unlink, fullname, err)
  File "/opt/ohpc/pub/compiler/conda/latest/lib/python3.12/shutil.py", line 750, in onexc
    return onerror(func, path, exc_info)
           ^^^^^^^^^^^^^^^^^^^^^^^^^^^^^
  File "/opt/ohpc/pub/compiler/conda/latest/lib/python3.12/shutil.py", line 698, in _rmtree_safe_fd
    os.unlink(entry.name, dir_fd=topfd)
OSError: [Errno 16] Device or resource busy: '/tmp/pymp-gh05ko1t'
Traceback (most recent call last):
  File "/opt/ohpc/pub/compiler/conda/latest/lib/python3.12/multiprocessing/util.py", line 303, in _run_finalizers
    finalizer()
  File "/opt/ohpc/pub/compiler/conda/latest/lib/python3.12/multiprocessing/util.py", line 227, in __call__
    res = self._callback(*self._args, **self._kwargs)
          ^^^^^^^^^^^^^^^^^^^^^^^^^^^^^^^^^^^^^^^^^^^
  File "/opt/ohpc/pub/compiler/conda/latest/lib/python3.12/multiprocessing/util.py", line 136, in _remove_temp_dir
    rmtree(tempdir, onerror=onerror)
  File "/opt/ohpc/pub/compiler/conda/latest/lib/python3.12/shutil.py", line 759, in rmtree
    _rmtree_safe_fd(stack, onexc)
  File "/opt/ohpc/pub/compiler/conda/latest/lib/python3.12/shutil.py", line 703, in _rmtree_safe_fd
    onexc(func, path, err)
  File "/opt/ohpc/pub/compiler/conda/latest/lib/python3.12/shutil.py", line 750, in onexc
    return onerror(func, path, exc_info)
           ^^^^^^^^^^^^^^^^^^^^^^^^^^^^^
  File "/opt/ohpc/pub/compiler/conda/latest/lib/python3.12/shutil.py", line 700, in _rmtree_safe_fd
    onexc(os.unlink, fullname, err)
  File "/opt/ohpc/pub/compiler/conda/latest/lib/python3.12/shutil.py", line 750, in onexc
    return onerror(func, path, exc_info)
           ^^^^^^^^^^^^^^^^^^^^^^^^^^^^^
  File "/opt/ohpc/pub/compiler/conda/latest/lib/python3.12/shutil.py", line 698, in _rmtree_safe_fd
    os.unlink(entry.name, dir_fd=topfd)
OSError: [Errno 16] Device or resource busy: '/tmp/pymp-c7qb6tt3'
Traceback (most recent call last):
  File "/opt/ohpc/pub/compiler/conda/latest/lib/python3.12/multiprocessing/util.py", line 303, in _run_finalizers
    finalizer()
  File "/opt/ohpc/pub/compiler/conda/latest/lib/python3.12/multiprocessing/util.py", line 227, in __call__
    res = self._callback(*self._args, **self._kwargs)
          ^^^^^^^^^^^^^^^^^^^^^^^^^^^^^^^^^^^^^^^^^^^
  File "/opt/ohpc/pub/compiler/conda/latest/lib/python3.12/multiprocessing/util.py", line 136, in _remove_temp_dir
    rmtree(tempdir, onerror=onerror)
  File "/opt/ohpc/pub/compiler/conda/latest/lib/python3.12/shutil.py", line 759, in rmtree
    _rmtree_safe_fd(stack, onexc)
  File "/opt/ohpc/pub/compiler/conda/latest/lib/python3.12/shutil.py", line 703, in _rmtree_safe_fd
    onexc(func, path, err)
  File "/opt/ohpc/pub/compiler/conda/latest/lib/python3.12/shutil.py", line 750, in onexc
    return onerror(func, path, exc_info)
           ^^^^^^^^^^^^^^^^^^^^^^^^^^^^^
  File "/opt/ohpc/pub/compiler/conda/latest/lib/python3.12/shutil.py", line 700, in _rmtree_safe_fd
    onexc(os.unlink, fullname, err)
  File "/opt/ohpc/pub/compiler/conda/latest/lib/python3.12/shutil.py", line 750, in onexc
    return onerror(func, path, exc_info)
           ^^^^^^^^^^^^^^^^^^^^^^^^^^^^^
  File "/opt/ohpc/pub/compiler/conda/latest/lib/python3.12/shutil.py", line 698, in _rmtree_safe_fd
    os.unlink(entry.name, dir_fd=topfd)
OSError: [Errno 16] Device or resource busy: '/tmp/pymp-2gxcuy1k'
[val 007] loss=-0.6420 z_std=0.0456 rankme=24.238 lidar=9.437 areq=1.874 pr=1.47 align=0.1664 unif=-1.002 converged=False collapsed=False
  e008 it0000/62 lr=0.0025 loss=-0.6601 z_std=0.0638
  e008 it0010/62 lr=0.0026 loss=-0.6614 z_std=0.0624
  e008 it0020/62 lr=0.0026 loss=-0.6719 z_std=0.0624
  e008 it0030/62 lr=0.0027 loss=-0.6842 z_std=0.0624
  e008 it0040/62 lr=0.0027 loss=-0.6989 z_std=0.0624
  e008 it0050/62 lr=0.0028 loss=-0.7125 z_std=0.0622
  e008 it0060/62 lr=0.0028 loss=-0.7269 z_std=0.0621
[epoch 008] loss=-0.7272 z_std=0.0621 (healthy~0.0625) time=197.1s
Traceback (most recent call last):
Traceback (most recent call last):
Traceback (most recent call last):
Traceback (most recent call last):
  File "/opt/ohpc/pub/compiler/conda/latest/lib/python3.12/multiprocessing/util.py", line 303, in _run_finalizers
    finalizer()
  File "/opt/ohpc/pub/compiler/conda/latest/lib/python3.12/multiprocessing/util.py", line 227, in __call__
    res = self._callback(*self._args, **self._kwargs)
          ^^^^^^^^^^^^^^^^^^^^^^^^^^^^^^^^^^^^^^^^^^^
  File "/opt/ohpc/pub/compiler/conda/latest/lib/python3.12/multiprocessing/util.py", line 136, in _remove_temp_dir
    rmtree(tempdir, onerror=onerror)
  File "/opt/ohpc/pub/compiler/conda/latest/lib/python3.12/shutil.py", line 759, in rmtree
    _rmtree_safe_fd(stack, onexc)
  File "/opt/ohpc/pub/compiler/conda/latest/lib/python3.12/shutil.py", line 703, in _rmtree_safe_fd
    onexc(func, path, err)
  File "/opt/ohpc/pub/compiler/conda/latest/lib/python3.12/shutil.py", line 750, in onexc
    return onerror(func, path, exc_info)
           ^^^^^^^^^^^^^^^^^^^^^^^^^^^^^
  File "/opt/ohpc/pub/compiler/conda/latest/lib/python3.12/shutil.py", line 700, in _rmtree_safe_fd
    onexc(os.unlink, fullname, err)
  File "/opt/ohpc/pub/compiler/conda/latest/lib/python3.12/multiprocessing/util.py", line 303, in _run_finalizers
    finalizer()
  File "/opt/ohpc/pub/compiler/conda/latest/lib/python3.12/shutil.py", line 750, in onexc
    return onerror(func, path, exc_info)
           ^^^^^^^^^^^^^^^^^^^^^^^^^^^^^
  File "/opt/ohpc/pub/compiler/conda/latest/lib/python3.12/shutil.py", line 698, in _rmtree_safe_fd
    os.unlink(entry.name, dir_fd=topfd)
  File "/opt/ohpc/pub/compiler/conda/latest/lib/python3.12/multiprocessing/util.py", line 303, in _run_finalizers
    finalizer()
  File "/opt/ohpc/pub/compiler/conda/latest/lib/python3.12/multiprocessing/util.py", line 227, in __call__
    res = self._callback(*self._args, **self._kwargs)
          ^^^^^^^^^^^^^^^^^^^^^^^^^^^^^^^^^^^^^^^^^^^
  File "/opt/ohpc/pub/compiler/conda/latest/lib/python3.12/multiprocessing/util.py", line 136, in _remove_temp_dir
    rmtree(tempdir, onerror=onerror)
  File "/opt/ohpc/pub/compiler/conda/latest/lib/python3.12/multiprocessing/util.py", line 227, in __call__
    res = self._callback(*self._args, **self._kwargs)
          ^^^^^^^^^^^^^^^^^^^^^^^^^^^^^^^^^^^^^^^^^^^
  File "/opt/ohpc/pub/compiler/conda/latest/lib/python3.12/shutil.py", line 759, in rmtree
    _rmtree_safe_fd(stack, onexc)
  File "/opt/ohpc/pub/compiler/conda/latest/lib/python3.12/multiprocessing/util.py", line 136, in _remove_temp_dir
    rmtree(tempdir, onerror=onerror)
OSError: [Errno 16] Device or resource busy: '/tmp/pymp-iq66jpx7'
  File "/opt/ohpc/pub/compiler/conda/latest/lib/python3.12/shutil.py", line 703, in _rmtree_safe_fd
    onexc(func, path, err)
  File "/opt/ohpc/pub/compiler/conda/latest/lib/python3.12/shutil.py", line 759, in rmtree
    _rmtree_safe_fd(stack, onexc)
  File "/opt/ohpc/pub/compiler/conda/latest/lib/python3.12/shutil.py", line 750, in onexc
    return onerror(func, path, exc_info)
           ^^^^^^^^^^^^^^^^^^^^^^^^^^^^^
  File "/opt/ohpc/pub/compiler/conda/latest/lib/python3.12/shutil.py", line 703, in _rmtree_safe_fd
    onexc(func, path, err)
  File "/opt/ohpc/pub/compiler/conda/latest/lib/python3.12/shutil.py", line 700, in _rmtree_safe_fd
    onexc(os.unlink, fullname, err)
  File "/opt/ohpc/pub/compiler/conda/latest/lib/python3.12/shutil.py", line 750, in onexc
    return onerror(func, path, exc_info)
           ^^^^^^^^^^^^^^^^^^^^^^^^^^^^^
  File "/opt/ohpc/pub/compiler/conda/latest/lib/python3.12/shutil.py", line 750, in onexc
    return onerror(func, path, exc_info)
           ^^^^^^^^^^^^^^^^^^^^^^^^^^^^^
  File "/opt/ohpc/pub/compiler/conda/latest/lib/python3.12/shutil.py", line 700, in _rmtree_safe_fd
    onexc(os.unlink, fullname, err)
  File "/opt/ohpc/pub/compiler/conda/latest/lib/python3.12/shutil.py", line 698, in _rmtree_safe_fd
    os.unlink(entry.name, dir_fd=topfd)
  File "/opt/ohpc/pub/compiler/conda/latest/lib/python3.12/shutil.py", line 750, in onexc
    return onerror(func, path, exc_info)
           ^^^^^^^^^^^^^^^^^^^^^^^^^^^^^
  File "/opt/ohpc/pub/compiler/conda/latest/lib/python3.12/shutil.py", line 698, in _rmtree_safe_fd
    os.unlink(entry.name, dir_fd=topfd)
OSError: [Errno 16] Device or resource busy: '/tmp/pymp-8k3f9wk1'
  File "/opt/ohpc/pub/compiler/conda/latest/lib/python3.12/multiprocessing/util.py", line 303, in _run_finalizers
    finalizer()
OSError: [Errno 16] Device or resource busy: '/tmp/pymp-3_3pky7k'
  File "/opt/ohpc/pub/compiler/conda/latest/lib/python3.12/multiprocessing/util.py", line 227, in __call__
    res = self._callback(*self._args, **self._kwargs)
          ^^^^^^^^^^^^^^^^^^^^^^^^^^^^^^^^^^^^^^^^^^^
  File "/opt/ohpc/pub/compiler/conda/latest/lib/python3.12/multiprocessing/util.py", line 136, in _remove_temp_dir
    rmtree(tempdir, onerror=onerror)
  File "/opt/ohpc/pub/compiler/conda/latest/lib/python3.12/shutil.py", line 759, in rmtree
    _rmtree_safe_fd(stack, onexc)
  File "/opt/ohpc/pub/compiler/conda/latest/lib/python3.12/shutil.py", line 703, in _rmtree_safe_fd
    onexc(func, path, err)
  File "/opt/ohpc/pub/compiler/conda/latest/lib/python3.12/shutil.py", line 750, in onexc
    return onerror(func, path, exc_info)
           ^^^^^^^^^^^^^^^^^^^^^^^^^^^^^
  File "/opt/ohpc/pub/compiler/conda/latest/lib/python3.12/shutil.py", line 700, in _rmtree_safe_fd
    onexc(os.unlink, fullname, err)
  File "/opt/ohpc/pub/compiler/conda/latest/lib/python3.12/shutil.py", line 750, in onexc
    return onerror(func, path, exc_info)
           ^^^^^^^^^^^^^^^^^^^^^^^^^^^^^
  File "/opt/ohpc/pub/compiler/conda/latest/lib/python3.12/shutil.py", line 698, in _rmtree_safe_fd
    os.unlink(entry.name, dir_fd=topfd)
OSError: [Errno 16] Device or resource busy: '/tmp/pymp-97breddg'
Traceback (most recent call last):
Traceback (most recent call last):
Traceback (most recent call last):
  File "/opt/ohpc/pub/compiler/conda/latest/lib/python3.12/multiprocessing/util.py", line 303, in _run_finalizers
    finalizer()
  File "/opt/ohpc/pub/compiler/conda/latest/lib/python3.12/multiprocessing/util.py", line 227, in __call__
    res = self._callback(*self._args, **self._kwargs)
          ^^^^^^^^^^^^^^^^^^^^^^^^^^^^^^^^^^^^^^^^^^^
Traceback (most recent call last):
  File "/opt/ohpc/pub/compiler/conda/latest/lib/python3.12/multiprocessing/util.py", line 136, in _remove_temp_dir
    rmtree(tempdir, onerror=onerror)
  File "/opt/ohpc/pub/compiler/conda/latest/lib/python3.12/shutil.py", line 759, in rmtree
    _rmtree_safe_fd(stack, onexc)
  File "/opt/ohpc/pub/compiler/conda/latest/lib/python3.12/shutil.py", line 703, in _rmtree_safe_fd
    onexc(func, path, err)
  File "/opt/ohpc/pub/compiler/conda/latest/lib/python3.12/shutil.py", line 750, in onexc
    return onerror(func, path, exc_info)
           ^^^^^^^^^^^^^^^^^^^^^^^^^^^^^
  File "/opt/ohpc/pub/compiler/conda/latest/lib/python3.12/shutil.py", line 700, in _rmtree_safe_fd
    onexc(os.unlink, fullname, err)
  File "/opt/ohpc/pub/compiler/conda/latest/lib/python3.12/shutil.py", line 750, in onexc
    return onerror(func, path, exc_info)
           ^^^^^^^^^^^^^^^^^^^^^^^^^^^^^
  File "/opt/ohpc/pub/compiler/conda/latest/lib/python3.12/shutil.py", line 698, in _rmtree_safe_fd
    os.unlink(entry.name, dir_fd=topfd)
OSError: [Errno 16] Device or resource busy: '/tmp/pymp-l44ue2oq'
  File "/opt/ohpc/pub/compiler/conda/latest/lib/python3.12/multiprocessing/util.py", line 303, in _run_finalizers
    finalizer()
  File "/opt/ohpc/pub/compiler/conda/latest/lib/python3.12/multiprocessing/util.py", line 303, in _run_finalizers
    finalizer()
  File "/opt/ohpc/pub/compiler/conda/latest/lib/python3.12/multiprocessing/util.py", line 227, in __call__
    res = self._callback(*self._args, **self._kwargs)
          ^^^^^^^^^^^^^^^^^^^^^^^^^^^^^^^^^^^^^^^^^^^
  File "/opt/ohpc/pub/compiler/conda/latest/lib/python3.12/multiprocessing/util.py", line 136, in _remove_temp_dir
    rmtree(tempdir, onerror=onerror)
  File "/opt/ohpc/pub/compiler/conda/latest/lib/python3.12/shutil.py", line 759, in rmtree
    _rmtree_safe_fd(stack, onexc)
  File "/opt/ohpc/pub/compiler/conda/latest/lib/python3.12/shutil.py", line 703, in _rmtree_safe_fd
    onexc(func, path, err)
  File "/opt/ohpc/pub/compiler/conda/latest/lib/python3.12/shutil.py", line 750, in onexc
    return onerror(func, path, exc_info)
           ^^^^^^^^^^^^^^^^^^^^^^^^^^^^^
  File "/opt/ohpc/pub/compiler/conda/latest/lib/python3.12/multiprocessing/util.py", line 227, in __call__
    res = self._callback(*self._args, **self._kwargs)
          ^^^^^^^^^^^^^^^^^^^^^^^^^^^^^^^^^^^^^^^^^^^
  File "/opt/ohpc/pub/compiler/conda/latest/lib/python3.12/shutil.py", line 700, in _rmtree_safe_fd
    onexc(os.unlink, fullname, err)
  File "/opt/ohpc/pub/compiler/conda/latest/lib/python3.12/multiprocessing/util.py", line 136, in _remove_temp_dir
    rmtree(tempdir, onerror=onerror)
  File "/opt/ohpc/pub/compiler/conda/latest/lib/python3.12/shutil.py", line 750, in onexc
    return onerror(func, path, exc_info)
           ^^^^^^^^^^^^^^^^^^^^^^^^^^^^^
  File "/opt/ohpc/pub/compiler/conda/latest/lib/python3.12/shutil.py", line 759, in rmtree
    _rmtree_safe_fd(stack, onexc)
  File "/opt/ohpc/pub/compiler/conda/latest/lib/python3.12/shutil.py", line 698, in _rmtree_safe_fd
    os.unlink(entry.name, dir_fd=topfd)
  File "/opt/ohpc/pub/compiler/conda/latest/lib/python3.12/shutil.py", line 703, in _rmtree_safe_fd
    onexc(func, path, err)
  File "/opt/ohpc/pub/compiler/conda/latest/lib/python3.12/shutil.py", line 750, in onexc
    return onerror(func, path, exc_info)
           ^^^^^^^^^^^^^^^^^^^^^^^^^^^^^
  File "/opt/ohpc/pub/compiler/conda/latest/lib/python3.12/shutil.py", line 700, in _rmtree_safe_fd
    onexc(os.unlink, fullname, err)
  File "/opt/ohpc/pub/compiler/conda/latest/lib/python3.12/shutil.py", line 750, in onexc
    return onerror(func, path, exc_info)
           ^^^^^^^^^^^^^^^^^^^^^^^^^^^^^
  File "/opt/ohpc/pub/compiler/conda/latest/lib/python3.12/shutil.py", line 698, in _rmtree_safe_fd
    os.unlink(entry.name, dir_fd=topfd)
OSError: [Errno 16] Device or resource busy: '/tmp/pymp-b85fo1ca'
OSError: [Errno 16] Device or resource busy: '/tmp/pymp-5swz31m0'
  File "/opt/ohpc/pub/compiler/conda/latest/lib/python3.12/multiprocessing/util.py", line 303, in _run_finalizers
    finalizer()
  File "/opt/ohpc/pub/compiler/conda/latest/lib/python3.12/multiprocessing/util.py", line 227, in __call__
    res = self._callback(*self._args, **self._kwargs)
          ^^^^^^^^^^^^^^^^^^^^^^^^^^^^^^^^^^^^^^^^^^^
  File "/opt/ohpc/pub/compiler/conda/latest/lib/python3.12/multiprocessing/util.py", line 136, in _remove_temp_dir
    rmtree(tempdir, onerror=onerror)
  File "/opt/ohpc/pub/compiler/conda/latest/lib/python3.12/shutil.py", line 759, in rmtree
    _rmtree_safe_fd(stack, onexc)
  File "/opt/ohpc/pub/compiler/conda/latest/lib/python3.12/shutil.py", line 703, in _rmtree_safe_fd
    onexc(func, path, err)
  File "/opt/ohpc/pub/compiler/conda/latest/lib/python3.12/shutil.py", line 750, in onexc
    return onerror(func, path, exc_info)
           ^^^^^^^^^^^^^^^^^^^^^^^^^^^^^
  File "/opt/ohpc/pub/compiler/conda/latest/lib/python3.12/shutil.py", line 700, in _rmtree_safe_fd
    onexc(os.unlink, fullname, err)
  File "/opt/ohpc/pub/compiler/conda/latest/lib/python3.12/shutil.py", line 750, in onexc
    return onerror(func, path, exc_info)
           ^^^^^^^^^^^^^^^^^^^^^^^^^^^^^
  File "/opt/ohpc/pub/compiler/conda/latest/lib/python3.12/shutil.py", line 698, in _rmtree_safe_fd
    os.unlink(entry.name, dir_fd=topfd)
OSError: [Errno 16] Device or resource busy: '/tmp/pymp-nqyk447l'
Traceback (most recent call last):
Traceback (most recent call last):
  File "/opt/ohpc/pub/compiler/conda/latest/lib/python3.12/multiprocessing/util.py", line 303, in _run_finalizers
    finalizer()
  File "/opt/ohpc/pub/compiler/conda/latest/lib/python3.12/multiprocessing/util.py", line 227, in __call__
    res = self._callback(*self._args, **self._kwargs)
          ^^^^^^^^^^^^^^^^^^^^^^^^^^^^^^^^^^^^^^^^^^^
  File "/opt/ohpc/pub/compiler/conda/latest/lib/python3.12/multiprocessing/util.py", line 136, in _remove_temp_dir
    rmtree(tempdir, onerror=onerror)
  File "/opt/ohpc/pub/compiler/conda/latest/lib/python3.12/shutil.py", line 759, in rmtree
    _rmtree_safe_fd(stack, onexc)
  File "/opt/ohpc/pub/compiler/conda/latest/lib/python3.12/shutil.py", line 703, in _rmtree_safe_fd
    onexc(func, path, err)
  File "/opt/ohpc/pub/compiler/conda/latest/lib/python3.12/shutil.py", line 750, in onexc
    return onerror(func, path, exc_info)
           ^^^^^^^^^^^^^^^^^^^^^^^^^^^^^
  File "/opt/ohpc/pub/compiler/conda/latest/lib/python3.12/shutil.py", line 700, in _rmtree_safe_fd
    onexc(os.unlink, fullname, err)
  File "/opt/ohpc/pub/compiler/conda/latest/lib/python3.12/shutil.py", line 750, in onexc
    return onerror(func, path, exc_info)
           ^^^^^^^^^^^^^^^^^^^^^^^^^^^^^
  File "/opt/ohpc/pub/compiler/conda/latest/lib/python3.12/shutil.py", line 698, in _rmtree_safe_fd
    os.unlink(entry.name, dir_fd=topfd)
OSError: [Errno 16] Device or resource busy: '/tmp/pymp-xhgwh7xu'
  File "/opt/ohpc/pub/compiler/conda/latest/lib/python3.12/multiprocessing/util.py", line 303, in _run_finalizers
    finalizer()
  File "/opt/ohpc/pub/compiler/conda/latest/lib/python3.12/multiprocessing/util.py", line 227, in __call__
    res = self._callback(*self._args, **self._kwargs)
          ^^^^^^^^^^^^^^^^^^^^^^^^^^^^^^^^^^^^^^^^^^^
  File "/opt/ohpc/pub/compiler/conda/latest/lib/python3.12/multiprocessing/util.py", line 136, in _remove_temp_dir
    rmtree(tempdir, onerror=onerror)
  File "/opt/ohpc/pub/compiler/conda/latest/lib/python3.12/shutil.py", line 759, in rmtree
    _rmtree_safe_fd(stack, onexc)
  File "/opt/ohpc/pub/compiler/conda/latest/lib/python3.12/shutil.py", line 703, in _rmtree_safe_fd
    onexc(func, path, err)
  File "/opt/ohpc/pub/compiler/conda/latest/lib/python3.12/shutil.py", line 750, in onexc
    return onerror(func, path, exc_info)
           ^^^^^^^^^^^^^^^^^^^^^^^^^^^^^
  File "/opt/ohpc/pub/compiler/conda/latest/lib/python3.12/shutil.py", line 700, in _rmtree_safe_fd
    onexc(os.unlink, fullname, err)
  File "/opt/ohpc/pub/compiler/conda/latest/lib/python3.12/shutil.py", line 750, in onexc
    return onerror(func, path, exc_info)
           ^^^^^^^^^^^^^^^^^^^^^^^^^^^^^
  File "/opt/ohpc/pub/compiler/conda/latest/lib/python3.12/shutil.py", line 698, in _rmtree_safe_fd
    os.unlink(entry.name, dir_fd=topfd)
OSError: [Errno 16] Device or resource busy: '/tmp/pymp-d57jn1lo'
Traceback (most recent call last):
  File "/opt/ohpc/pub/compiler/conda/latest/lib/python3.12/multiprocessing/util.py", line 303, in _run_finalizers
    finalizer()
  File "/opt/ohpc/pub/compiler/conda/latest/lib/python3.12/multiprocessing/util.py", line 227, in __call__
    res = self._callback(*self._args, **self._kwargs)
          ^^^^^^^^^^^^^^^^^^^^^^^^^^^^^^^^^^^^^^^^^^^
  File "/opt/ohpc/pub/compiler/conda/latest/lib/python3.12/multiprocessing/util.py", line 136, in _remove_temp_dir
    rmtree(tempdir, onerror=onerror)
  File "/opt/ohpc/pub/compiler/conda/latest/lib/python3.12/shutil.py", line 759, in rmtree
    _rmtree_safe_fd(stack, onexc)
  File "/opt/ohpc/pub/compiler/conda/latest/lib/python3.12/shutil.py", line 703, in _rmtree_safe_fd
    onexc(func, path, err)
  File "/opt/ohpc/pub/compiler/conda/latest/lib/python3.12/shutil.py", line 750, in onexc
    return onerror(func, path, exc_info)
           ^^^^^^^^^^^^^^^^^^^^^^^^^^^^^
  File "/opt/ohpc/pub/compiler/conda/latest/lib/python3.12/shutil.py", line 700, in _rmtree_safe_fd
    onexc(os.unlink, fullname, err)
  File "/opt/ohpc/pub/compiler/conda/latest/lib/python3.12/shutil.py", line 750, in onexc
    return onerror(func, path, exc_info)
           ^^^^^^^^^^^^^^^^^^^^^^^^^^^^^
  File "/opt/ohpc/pub/compiler/conda/latest/lib/python3.12/shutil.py", line 698, in _rmtree_safe_fd
    os.unlink(entry.name, dir_fd=topfd)
OSError: [Errno 16] Device or resource busy: '/tmp/pymp-hxhhbsfw'
Traceback (most recent call last):
Traceback (most recent call last):
  File "/opt/ohpc/pub/compiler/conda/latest/lib/python3.12/multiprocessing/util.py", line 303, in _run_finalizers
    finalizer()
  File "/opt/ohpc/pub/compiler/conda/latest/lib/python3.12/multiprocessing/util.py", line 227, in __call__
    res = self._callback(*self._args, **self._kwargs)
          ^^^^^^^^^^^^^^^^^^^^^^^^^^^^^^^^^^^^^^^^^^^
  File "/opt/ohpc/pub/compiler/conda/latest/lib/python3.12/multiprocessing/util.py", line 136, in _remove_temp_dir
    rmtree(tempdir, onerror=onerror)
  File "/opt/ohpc/pub/compiler/conda/latest/lib/python3.12/shutil.py", line 759, in rmtree
    _rmtree_safe_fd(stack, onexc)
  File "/opt/ohpc/pub/compiler/conda/latest/lib/python3.12/shutil.py", line 703, in _rmtree_safe_fd
    onexc(func, path, err)
  File "/opt/ohpc/pub/compiler/conda/latest/lib/python3.12/shutil.py", line 750, in onexc
    return onerror(func, path, exc_info)
           ^^^^^^^^^^^^^^^^^^^^^^^^^^^^^
  File "/opt/ohpc/pub/compiler/conda/latest/lib/python3.12/shutil.py", line 700, in _rmtree_safe_fd
    onexc(os.unlink, fullname, err)
  File "/opt/ohpc/pub/compiler/conda/latest/lib/python3.12/shutil.py", line 750, in onexc
    return onerror(func, path, exc_info)
           ^^^^^^^^^^^^^^^^^^^^^^^^^^^^^
  File "/opt/ohpc/pub/compiler/conda/latest/lib/python3.12/shutil.py", line 698, in _rmtree_safe_fd
    os.unlink(entry.name, dir_fd=topfd)
OSError: [Errno 16] Device or resource busy: '/tmp/pymp-5f8hwvoq'
  File "/opt/ohpc/pub/compiler/conda/latest/lib/python3.12/multiprocessing/util.py", line 303, in _run_finalizers
    finalizer()
  File "/opt/ohpc/pub/compiler/conda/latest/lib/python3.12/multiprocessing/util.py", line 227, in __call__
    res = self._callback(*self._args, **self._kwargs)
          ^^^^^^^^^^^^^^^^^^^^^^^^^^^^^^^^^^^^^^^^^^^
  File "/opt/ohpc/pub/compiler/conda/latest/lib/python3.12/multiprocessing/util.py", line 136, in _remove_temp_dir
    rmtree(tempdir, onerror=onerror)
  File "/opt/ohpc/pub/compiler/conda/latest/lib/python3.12/shutil.py", line 759, in rmtree
    _rmtree_safe_fd(stack, onexc)
  File "/opt/ohpc/pub/compiler/conda/latest/lib/python3.12/shutil.py", line 703, in _rmtree_safe_fd
    onexc(func, path, err)
  File "/opt/ohpc/pub/compiler/conda/latest/lib/python3.12/shutil.py", line 750, in onexc
    return onerror(func, path, exc_info)
           ^^^^^^^^^^^^^^^^^^^^^^^^^^^^^
  File "/opt/ohpc/pub/compiler/conda/latest/lib/python3.12/shutil.py", line 700, in _rmtree_safe_fd
    onexc(os.unlink, fullname, err)
  File "/opt/ohpc/pub/compiler/conda/latest/lib/python3.12/shutil.py", line 750, in onexc
    return onerror(func, path, exc_info)
           ^^^^^^^^^^^^^^^^^^^^^^^^^^^^^
  File "/opt/ohpc/pub/compiler/conda/latest/lib/python3.12/shutil.py", line 698, in _rmtree_safe_fd
    os.unlink(entry.name, dir_fd=topfd)
OSError: [Errno 16] Device or resource busy: '/tmp/pymp-1ntxcrlk'
Traceback (most recent call last):
  File "/opt/ohpc/pub/compiler/conda/latest/lib/python3.12/multiprocessing/util.py", line 303, in _run_finalizers
    finalizer()
  File "/opt/ohpc/pub/compiler/conda/latest/lib/python3.12/multiprocessing/util.py", line 227, in __call__
    res = self._callback(*self._args, **self._kwargs)
          ^^^^^^^^^^^^^^^^^^^^^^^^^^^^^^^^^^^^^^^^^^^
  File "/opt/ohpc/pub/compiler/conda/latest/lib/python3.12/multiprocessing/util.py", line 136, in _remove_temp_dir
    rmtree(tempdir, onerror=onerror)
  File "/opt/ohpc/pub/compiler/conda/latest/lib/python3.12/shutil.py", line 759, in rmtree
    _rmtree_safe_fd(stack, onexc)
  File "/opt/ohpc/pub/compiler/conda/latest/lib/python3.12/shutil.py", line 703, in _rmtree_safe_fd
    onexc(func, path, err)
  File "/opt/ohpc/pub/compiler/conda/latest/lib/python3.12/shutil.py", line 750, in onexc
    return onerror(func, path, exc_info)
           ^^^^^^^^^^^^^^^^^^^^^^^^^^^^^
  File "/opt/ohpc/pub/compiler/conda/latest/lib/python3.12/shutil.py", line 700, in _rmtree_safe_fd
    onexc(os.unlink, fullname, err)
  File "/opt/ohpc/pub/compiler/conda/latest/lib/python3.12/shutil.py", line 750, in onexc
    return onerror(func, path, exc_info)
           ^^^^^^^^^^^^^^^^^^^^^^^^^^^^^
  File "/opt/ohpc/pub/compiler/conda/latest/lib/python3.12/shutil.py", line 698, in _rmtree_safe_fd
    os.unlink(entry.name, dir_fd=topfd)
OSError: [Errno 16] Device or resource busy: '/tmp/pymp-bom1igye'
Traceback (most recent call last):
Traceback (most recent call last):
Traceback (most recent call last):
Traceback (most recent call last):
  File "/opt/ohpc/pub/compiler/conda/latest/lib/python3.12/multiprocessing/util.py", line 303, in _run_finalizers
    finalizer()
  File "/opt/ohpc/pub/compiler/conda/latest/lib/python3.12/multiprocessing/util.py", line 227, in __call__
    res = self._callback(*self._args, **self._kwargs)
          ^^^^^^^^^^^^^^^^^^^^^^^^^^^^^^^^^^^^^^^^^^^
  File "/opt/ohpc/pub/compiler/conda/latest/lib/python3.12/multiprocessing/util.py", line 136, in _remove_temp_dir
    rmtree(tempdir, onerror=onerror)
  File "/opt/ohpc/pub/compiler/conda/latest/lib/python3.12/shutil.py", line 759, in rmtree
    _rmtree_safe_fd(stack, onexc)
  File "/opt/ohpc/pub/compiler/conda/latest/lib/python3.12/shutil.py", line 703, in _rmtree_safe_fd
    onexc(func, path, err)
  File "/opt/ohpc/pub/compiler/conda/latest/lib/python3.12/shutil.py", line 750, in onexc
    return onerror(func, path, exc_info)
           ^^^^^^^^^^^^^^^^^^^^^^^^^^^^^
  File "/opt/ohpc/pub/compiler/conda/latest/lib/python3.12/shutil.py", line 700, in _rmtree_safe_fd
    onexc(os.unlink, fullname, err)
  File "/opt/ohpc/pub/compiler/conda/latest/lib/python3.12/shutil.py", line 750, in onexc
    return onerror(func, path, exc_info)
           ^^^^^^^^^^^^^^^^^^^^^^^^^^^^^
  File "/opt/ohpc/pub/compiler/conda/latest/lib/python3.12/shutil.py", line 698, in _rmtree_safe_fd
    os.unlink(entry.name, dir_fd=topfd)
OSError: [Errno 16] Device or resource busy: '/tmp/pymp-u396tkii'
Traceback (most recent call last):
Traceback (most recent call last):
  File "/opt/ohpc/pub/compiler/conda/latest/lib/python3.12/multiprocessing/util.py", line 303, in _run_finalizers
    finalizer()
  File "/opt/ohpc/pub/compiler/conda/latest/lib/python3.12/multiprocessing/util.py", line 227, in __call__
    res = self._callback(*self._args, **self._kwargs)
          ^^^^^^^^^^^^^^^^^^^^^^^^^^^^^^^^^^^^^^^^^^^
  File "/opt/ohpc/pub/compiler/conda/latest/lib/python3.12/multiprocessing/util.py", line 136, in _remove_temp_dir
    rmtree(tempdir, onerror=onerror)
  File "/opt/ohpc/pub/compiler/conda/latest/lib/python3.12/shutil.py", line 759, in rmtree
    _rmtree_safe_fd(stack, onexc)
  File "/opt/ohpc/pub/compiler/conda/latest/lib/python3.12/shutil.py", line 703, in _rmtree_safe_fd
    onexc(func, path, err)
  File "/opt/ohpc/pub/compiler/conda/latest/lib/python3.12/shutil.py", line 750, in onexc
    return onerror(func, path, exc_info)
           ^^^^^^^^^^^^^^^^^^^^^^^^^^^^^
  File "/opt/ohpc/pub/compiler/conda/latest/lib/python3.12/shutil.py", line 700, in _rmtree_safe_fd
    onexc(os.unlink, fullname, err)
  File "/opt/ohpc/pub/compiler/conda/latest/lib/python3.12/shutil.py", line 750, in onexc
    return onerror(func, path, exc_info)
           ^^^^^^^^^^^^^^^^^^^^^^^^^^^^^
  File "/opt/ohpc/pub/compiler/conda/latest/lib/python3.12/shutil.py", line 698, in _rmtree_safe_fd
    os.unlink(entry.name, dir_fd=topfd)
OSError: [Errno 16] Device or resource busy: '/tmp/pymp-l4pnpj6g'
  File "/opt/ohpc/pub/compiler/conda/latest/lib/python3.12/multiprocessing/util.py", line 303, in _run_finalizers
    finalizer()
  File "/opt/ohpc/pub/compiler/conda/latest/lib/python3.12/multiprocessing/util.py", line 227, in __call__
    res = self._callback(*self._args, **self._kwargs)
          ^^^^^^^^^^^^^^^^^^^^^^^^^^^^^^^^^^^^^^^^^^^
  File "/opt/ohpc/pub/compiler/conda/latest/lib/python3.12/multiprocessing/util.py", line 136, in _remove_temp_dir
    rmtree(tempdir, onerror=onerror)
  File "/opt/ohpc/pub/compiler/conda/latest/lib/python3.12/shutil.py", line 759, in rmtree
    _rmtree_safe_fd(stack, onexc)
  File "/opt/ohpc/pub/compiler/conda/latest/lib/python3.12/shutil.py", line 703, in _rmtree_safe_fd
    onexc(func, path, err)
  File "/opt/ohpc/pub/compiler/conda/latest/lib/python3.12/shutil.py", line 750, in onexc
    return onerror(func, path, exc_info)
           ^^^^^^^^^^^^^^^^^^^^^^^^^^^^^
  File "/opt/ohpc/pub/compiler/conda/latest/lib/python3.12/shutil.py", line 700, in _rmtree_safe_fd
    onexc(os.unlink, fullname, err)
  File "/opt/ohpc/pub/compiler/conda/latest/lib/python3.12/shutil.py", line 750, in onexc
    return onerror(func, path, exc_info)
           ^^^^^^^^^^^^^^^^^^^^^^^^^^^^^
  File "/opt/ohpc/pub/compiler/conda/latest/lib/python3.12/shutil.py", line 698, in _rmtree_safe_fd
    os.unlink(entry.name, dir_fd=topfd)
OSError: [Errno 16] Device or resource busy: '/tmp/pymp-wktqpe3x'
  File "/opt/ohpc/pub/compiler/conda/latest/lib/python3.12/multiprocessing/util.py", line 303, in _run_finalizers
    finalizer()
  File "/opt/ohpc/pub/compiler/conda/latest/lib/python3.12/multiprocessing/util.py", line 227, in __call__
    res = self._callback(*self._args, **self._kwargs)
          ^^^^^^^^^^^^^^^^^^^^^^^^^^^^^^^^^^^^^^^^^^^
  File "/opt/ohpc/pub/compiler/conda/latest/lib/python3.12/multiprocessing/util.py", line 136, in _remove_temp_dir
    rmtree(tempdir, onerror=onerror)
  File "/opt/ohpc/pub/compiler/conda/latest/lib/python3.12/shutil.py", line 759, in rmtree
    _rmtree_safe_fd(stack, onexc)
  File "/opt/ohpc/pub/compiler/conda/latest/lib/python3.12/shutil.py", line 703, in _rmtree_safe_fd
    onexc(func, path, err)
  File "/opt/ohpc/pub/compiler/conda/latest/lib/python3.12/shutil.py", line 750, in onexc
    return onerror(func, path, exc_info)
           ^^^^^^^^^^^^^^^^^^^^^^^^^^^^^
  File "/opt/ohpc/pub/compiler/conda/latest/lib/python3.12/shutil.py", line 700, in _rmtree_safe_fd
    onexc(os.unlink, fullname, err)
  File "/opt/ohpc/pub/compiler/conda/latest/lib/python3.12/shutil.py", line 750, in onexc
    return onerror(func, path, exc_info)
           ^^^^^^^^^^^^^^^^^^^^^^^^^^^^^
  File "/opt/ohpc/pub/compiler/conda/latest/lib/python3.12/shutil.py", line 698, in _rmtree_safe_fd
    os.unlink(entry.name, dir_fd=topfd)
OSError: [Errno 16] Device or resource busy: '/tmp/pymp-6i10tnxo'
  File "/opt/ohpc/pub/compiler/conda/latest/lib/python3.12/multiprocessing/util.py", line 303, in _run_finalizers
    finalizer()
  File "/opt/ohpc/pub/compiler/conda/latest/lib/python3.12/multiprocessing/util.py", line 227, in __call__
    res = self._callback(*self._args, **self._kwargs)
          ^^^^^^^^^^^^^^^^^^^^^^^^^^^^^^^^^^^^^^^^^^^
  File "/opt/ohpc/pub/compiler/conda/latest/lib/python3.12/multiprocessing/util.py", line 136, in _remove_temp_dir
    rmtree(tempdir, onerror=onerror)
  File "/opt/ohpc/pub/compiler/conda/latest/lib/python3.12/shutil.py", line 759, in rmtree
    _rmtree_safe_fd(stack, onexc)
  File "/opt/ohpc/pub/compiler/conda/latest/lib/python3.12/shutil.py", line 703, in _rmtree_safe_fd
    onexc(func, path, err)
  File "/opt/ohpc/pub/compiler/conda/latest/lib/python3.12/shutil.py", line 750, in onexc
    return onerror(func, path, exc_info)
           ^^^^^^^^^^^^^^^^^^^^^^^^^^^^^
  File "/opt/ohpc/pub/compiler/conda/latest/lib/python3.12/shutil.py", line 700, in _rmtree_safe_fd
    onexc(os.unlink, fullname, err)
  File "/opt/ohpc/pub/compiler/conda/latest/lib/python3.12/shutil.py", line 750, in onexc
    return onerror(func, path, exc_info)
           ^^^^^^^^^^^^^^^^^^^^^^^^^^^^^
  File "/opt/ohpc/pub/compiler/conda/latest/lib/python3.12/shutil.py", line 698, in _rmtree_safe_fd
    os.unlink(entry.name, dir_fd=topfd)
OSError: [Errno 16] Device or resource busy: '/tmp/pymp-xsq56a24'
  File "/opt/ohpc/pub/compiler/conda/latest/lib/python3.12/multiprocessing/util.py", line 303, in _run_finalizers
    finalizer()
  File "/opt/ohpc/pub/compiler/conda/latest/lib/python3.12/multiprocessing/util.py", line 227, in __call__
    res = self._callback(*self._args, **self._kwargs)
          ^^^^^^^^^^^^^^^^^^^^^^^^^^^^^^^^^^^^^^^^^^^
  File "/opt/ohpc/pub/compiler/conda/latest/lib/python3.12/multiprocessing/util.py", line 136, in _remove_temp_dir
    rmtree(tempdir, onerror=onerror)
  File "/opt/ohpc/pub/compiler/conda/latest/lib/python3.12/shutil.py", line 759, in rmtree
    _rmtree_safe_fd(stack, onexc)
  File "/opt/ohpc/pub/compiler/conda/latest/lib/python3.12/shutil.py", line 703, in _rmtree_safe_fd
    onexc(func, path, err)
  File "/opt/ohpc/pub/compiler/conda/latest/lib/python3.12/shutil.py", line 750, in onexc
    return onerror(func, path, exc_info)
           ^^^^^^^^^^^^^^^^^^^^^^^^^^^^^
  File "/opt/ohpc/pub/compiler/conda/latest/lib/python3.12/shutil.py", line 700, in _rmtree_safe_fd
    onexc(os.unlink, fullname, err)
  File "/opt/ohpc/pub/compiler/conda/latest/lib/python3.12/shutil.py", line 750, in onexc
    return onerror(func, path, exc_info)
           ^^^^^^^^^^^^^^^^^^^^^^^^^^^^^
  File "/opt/ohpc/pub/compiler/conda/latest/lib/python3.12/shutil.py", line 698, in _rmtree_safe_fd
    os.unlink(entry.name, dir_fd=topfd)
OSError: [Errno 16] Device or resource busy: '/tmp/pymp-3lc22fvj'
Traceback (most recent call last):
Traceback (most recent call last):
Traceback (most recent call last):
Traceback (most recent call last):
Traceback (most recent call last):
Traceback (most recent call last):
  File "/opt/ohpc/pub/compiler/conda/latest/lib/python3.12/multiprocessing/util.py", line 303, in _run_finalizers
    finalizer()
  File "/opt/ohpc/pub/compiler/conda/latest/lib/python3.12/multiprocessing/util.py", line 227, in __call__
    res = self._callback(*self._args, **self._kwargs)
          ^^^^^^^^^^^^^^^^^^^^^^^^^^^^^^^^^^^^^^^^^^^
  File "/opt/ohpc/pub/compiler/conda/latest/lib/python3.12/multiprocessing/util.py", line 136, in _remove_temp_dir
    rmtree(tempdir, onerror=onerror)
  File "/opt/ohpc/pub/compiler/conda/latest/lib/python3.12/shutil.py", line 759, in rmtree
    _rmtree_safe_fd(stack, onexc)
  File "/opt/ohpc/pub/compiler/conda/latest/lib/python3.12/shutil.py", line 703, in _rmtree_safe_fd
    onexc(func, path, err)
  File "/opt/ohpc/pub/compiler/conda/latest/lib/python3.12/shutil.py", line 750, in onexc
    return onerror(func, path, exc_info)
           ^^^^^^^^^^^^^^^^^^^^^^^^^^^^^
  File "/opt/ohpc/pub/compiler/conda/latest/lib/python3.12/shutil.py", line 700, in _rmtree_safe_fd
    onexc(os.unlink, fullname, err)
  File "/opt/ohpc/pub/compiler/conda/latest/lib/python3.12/multiprocessing/util.py", line 303, in _run_finalizers
    finalizer()
  File "/opt/ohpc/pub/compiler/conda/latest/lib/python3.12/shutil.py", line 750, in onexc
    return onerror(func, path, exc_info)
           ^^^^^^^^^^^^^^^^^^^^^^^^^^^^^
  File "/opt/ohpc/pub/compiler/conda/latest/lib/python3.12/shutil.py", line 698, in _rmtree_safe_fd
    os.unlink(entry.name, dir_fd=topfd)
  File "/opt/ohpc/pub/compiler/conda/latest/lib/python3.12/multiprocessing/util.py", line 227, in __call__
    res = self._callback(*self._args, **self._kwargs)
          ^^^^^^^^^^^^^^^^^^^^^^^^^^^^^^^^^^^^^^^^^^^
  File "/opt/ohpc/pub/compiler/conda/latest/lib/python3.12/multiprocessing/util.py", line 136, in _remove_temp_dir
    rmtree(tempdir, onerror=onerror)
  File "/opt/ohpc/pub/compiler/conda/latest/lib/python3.12/shutil.py", line 759, in rmtree
    _rmtree_safe_fd(stack, onexc)
  File "/opt/ohpc/pub/compiler/conda/latest/lib/python3.12/shutil.py", line 703, in _rmtree_safe_fd
    onexc(func, path, err)
  File "/opt/ohpc/pub/compiler/conda/latest/lib/python3.12/shutil.py", line 750, in onexc
    return onerror(func, path, exc_info)
           ^^^^^^^^^^^^^^^^^^^^^^^^^^^^^
OSError: [Errno 16] Device or resource busy: '/tmp/pymp-t7srjkd8'
  File "/opt/ohpc/pub/compiler/conda/latest/lib/python3.12/shutil.py", line 700, in _rmtree_safe_fd
    onexc(os.unlink, fullname, err)
  File "/opt/ohpc/pub/compiler/conda/latest/lib/python3.12/shutil.py", line 750, in onexc
    return onerror(func, path, exc_info)
           ^^^^^^^^^^^^^^^^^^^^^^^^^^^^^
  File "/opt/ohpc/pub/compiler/conda/latest/lib/python3.12/shutil.py", line 698, in _rmtree_safe_fd
    os.unlink(entry.name, dir_fd=topfd)
OSError: [Errno 16] Device or resource busy: '/tmp/pymp-uvzrvxgy'
  File "/opt/ohpc/pub/compiler/conda/latest/lib/python3.12/multiprocessing/util.py", line 303, in _run_finalizers
    finalizer()
  File "/opt/ohpc/pub/compiler/conda/latest/lib/python3.12/multiprocessing/util.py", line 227, in __call__
    res = self._callback(*self._args, **self._kwargs)
          ^^^^^^^^^^^^^^^^^^^^^^^^^^^^^^^^^^^^^^^^^^^
  File "/opt/ohpc/pub/compiler/conda/latest/lib/python3.12/multiprocessing/util.py", line 136, in _remove_temp_dir
    rmtree(tempdir, onerror=onerror)
  File "/opt/ohpc/pub/compiler/conda/latest/lib/python3.12/shutil.py", line 759, in rmtree
    _rmtree_safe_fd(stack, onexc)
  File "/opt/ohpc/pub/compiler/conda/latest/lib/python3.12/shutil.py", line 703, in _rmtree_safe_fd
    onexc(func, path, err)
  File "/opt/ohpc/pub/compiler/conda/latest/lib/python3.12/shutil.py", line 750, in onexc
    return onerror(func, path, exc_info)
           ^^^^^^^^^^^^^^^^^^^^^^^^^^^^^
  File "/opt/ohpc/pub/compiler/conda/latest/lib/python3.12/shutil.py", line 700, in _rmtree_safe_fd
    onexc(os.unlink, fullname, err)
  File "/opt/ohpc/pub/compiler/conda/latest/lib/python3.12/shutil.py", line 750, in onexc
    return onerror(func, path, exc_info)
           ^^^^^^^^^^^^^^^^^^^^^^^^^^^^^
  File "/opt/ohpc/pub/compiler/conda/latest/lib/python3.12/shutil.py", line 698, in _rmtree_safe_fd
    os.unlink(entry.name, dir_fd=topfd)
  File "/opt/ohpc/pub/compiler/conda/latest/lib/python3.12/multiprocessing/util.py", line 303, in _run_finalizers
    finalizer()
OSError: [Errno 16] Device or resource busy: '/tmp/pymp-9rlp4dq3'
  File "/opt/ohpc/pub/compiler/conda/latest/lib/python3.12/multiprocessing/util.py", line 227, in __call__
    res = self._callback(*self._args, **self._kwargs)
          ^^^^^^^^^^^^^^^^^^^^^^^^^^^^^^^^^^^^^^^^^^^
  File "/opt/ohpc/pub/compiler/conda/latest/lib/python3.12/multiprocessing/util.py", line 136, in _remove_temp_dir
    rmtree(tempdir, onerror=onerror)
  File "/opt/ohpc/pub/compiler/conda/latest/lib/python3.12/shutil.py", line 759, in rmtree
    _rmtree_safe_fd(stack, onexc)
  File "/opt/ohpc/pub/compiler/conda/latest/lib/python3.12/shutil.py", line 703, in _rmtree_safe_fd
    onexc(func, path, err)
  File "/opt/ohpc/pub/compiler/conda/latest/lib/python3.12/shutil.py", line 750, in onexc
    return onerror(func, path, exc_info)
           ^^^^^^^^^^^^^^^^^^^^^^^^^^^^^
  File "/opt/ohpc/pub/compiler/conda/latest/lib/python3.12/shutil.py", line 700, in _rmtree_safe_fd
    onexc(os.unlink, fullname, err)
  File "/opt/ohpc/pub/compiler/conda/latest/lib/python3.12/shutil.py", line 750, in onexc
    return onerror(func, path, exc_info)
           ^^^^^^^^^^^^^^^^^^^^^^^^^^^^^
  File "/opt/ohpc/pub/compiler/conda/latest/lib/python3.12/shutil.py", line 698, in _rmtree_safe_fd
    os.unlink(entry.name, dir_fd=topfd)
OSError: [Errno 16] Device or resource busy: '/tmp/pymp-a2jo0t9e'
  File "/opt/ohpc/pub/compiler/conda/latest/lib/python3.12/multiprocessing/util.py", line 303, in _run_finalizers
    finalizer()
  File "/opt/ohpc/pub/compiler/conda/latest/lib/python3.12/multiprocessing/util.py", line 227, in __call__
    res = self._callback(*self._args, **self._kwargs)
          ^^^^^^^^^^^^^^^^^^^^^^^^^^^^^^^^^^^^^^^^^^^
  File "/opt/ohpc/pub/compiler/conda/latest/lib/python3.12/multiprocessing/util.py", line 136, in _remove_temp_dir
    rmtree(tempdir, onerror=onerror)
  File "/opt/ohpc/pub/compiler/conda/latest/lib/python3.12/shutil.py", line 759, in rmtree
    _rmtree_safe_fd(stack, onexc)
  File "/opt/ohpc/pub/compiler/conda/latest/lib/python3.12/shutil.py", line 703, in _rmtree_safe_fd
    onexc(func, path, err)
  File "/opt/ohpc/pub/compiler/conda/latest/lib/python3.12/multiprocessing/util.py", line 303, in _run_finalizers
    finalizer()
  File "/opt/ohpc/pub/compiler/conda/latest/lib/python3.12/shutil.py", line 750, in onexc
    return onerror(func, path, exc_info)
           ^^^^^^^^^^^^^^^^^^^^^^^^^^^^^
Traceback (most recent call last):
  File "/opt/ohpc/pub/compiler/conda/latest/lib/python3.12/shutil.py", line 700, in _rmtree_safe_fd
    onexc(os.unlink, fullname, err)
  File "/opt/ohpc/pub/compiler/conda/latest/lib/python3.12/multiprocessing/util.py", line 227, in __call__
    res = self._callback(*self._args, **self._kwargs)
          ^^^^^^^^^^^^^^^^^^^^^^^^^^^^^^^^^^^^^^^^^^^
  File "/opt/ohpc/pub/compiler/conda/latest/lib/python3.12/shutil.py", line 750, in onexc
    return onerror(func, path, exc_info)
           ^^^^^^^^^^^^^^^^^^^^^^^^^^^^^
  File "/opt/ohpc/pub/compiler/conda/latest/lib/python3.12/multiprocessing/util.py", line 136, in _remove_temp_dir
    rmtree(tempdir, onerror=onerror)
  File "/opt/ohpc/pub/compiler/conda/latest/lib/python3.12/shutil.py", line 698, in _rmtree_safe_fd
    os.unlink(entry.name, dir_fd=topfd)
  File "/opt/ohpc/pub/compiler/conda/latest/lib/python3.12/shutil.py", line 759, in rmtree
    _rmtree_safe_fd(stack, onexc)
  File "/opt/ohpc/pub/compiler/conda/latest/lib/python3.12/shutil.py", line 703, in _rmtree_safe_fd
    onexc(func, path, err)
  File "/opt/ohpc/pub/compiler/conda/latest/lib/python3.12/shutil.py", line 750, in onexc
    return onerror(func, path, exc_info)
           ^^^^^^^^^^^^^^^^^^^^^^^^^^^^^
  File "/opt/ohpc/pub/compiler/conda/latest/lib/python3.12/shutil.py", line 700, in _rmtree_safe_fd
    onexc(os.unlink, fullname, err)
OSError: [Errno 16] Device or resource busy: '/tmp/pymp-itsihdpz'
  File "/opt/ohpc/pub/compiler/conda/latest/lib/python3.12/shutil.py", line 750, in onexc
    return onerror(func, path, exc_info)
           ^^^^^^^^^^^^^^^^^^^^^^^^^^^^^
  File "/opt/ohpc/pub/compiler/conda/latest/lib/python3.12/shutil.py", line 698, in _rmtree_safe_fd
    os.unlink(entry.name, dir_fd=topfd)
OSError: [Errno 16] Device or resource busy: '/tmp/pymp-x7rhtars'
  File "/opt/ohpc/pub/compiler/conda/latest/lib/python3.12/multiprocessing/util.py", line 303, in _run_finalizers
    finalizer()
  File "/opt/ohpc/pub/compiler/conda/latest/lib/python3.12/multiprocessing/util.py", line 227, in __call__
    res = self._callback(*self._args, **self._kwargs)
          ^^^^^^^^^^^^^^^^^^^^^^^^^^^^^^^^^^^^^^^^^^^
  File "/opt/ohpc/pub/compiler/conda/latest/lib/python3.12/multiprocessing/util.py", line 136, in _remove_temp_dir
    rmtree(tempdir, onerror=onerror)
  File "/opt/ohpc/pub/compiler/conda/latest/lib/python3.12/shutil.py", line 759, in rmtree
    _rmtree_safe_fd(stack, onexc)
  File "/opt/ohpc/pub/compiler/conda/latest/lib/python3.12/shutil.py", line 703, in _rmtree_safe_fd
    onexc(func, path, err)
  File "/opt/ohpc/pub/compiler/conda/latest/lib/python3.12/shutil.py", line 750, in onexc
    return onerror(func, path, exc_info)
           ^^^^^^^^^^^^^^^^^^^^^^^^^^^^^
  File "/opt/ohpc/pub/compiler/conda/latest/lib/python3.12/shutil.py", line 700, in _rmtree_safe_fd
    onexc(os.unlink, fullname, err)
  File "/opt/ohpc/pub/compiler/conda/latest/lib/python3.12/shutil.py", line 750, in onexc
    return onerror(func, path, exc_info)
           ^^^^^^^^^^^^^^^^^^^^^^^^^^^^^
  File "/opt/ohpc/pub/compiler/conda/latest/lib/python3.12/shutil.py", line 698, in _rmtree_safe_fd
    os.unlink(entry.name, dir_fd=topfd)
OSError: [Errno 16] Device or resource busy: '/tmp/pymp-gfpa142c'
Traceback (most recent call last):
Traceback (most recent call last):
  File "/opt/ohpc/pub/compiler/conda/latest/lib/python3.12/multiprocessing/util.py", line 303, in _run_finalizers
    finalizer()
  File "/opt/ohpc/pub/compiler/conda/latest/lib/python3.12/multiprocessing/util.py", line 227, in __call__
    res = self._callback(*self._args, **self._kwargs)
          ^^^^^^^^^^^^^^^^^^^^^^^^^^^^^^^^^^^^^^^^^^^
  File "/opt/ohpc/pub/compiler/conda/latest/lib/python3.12/multiprocessing/util.py", line 136, in _remove_temp_dir
    rmtree(tempdir, onerror=onerror)
  File "/opt/ohpc/pub/compiler/conda/latest/lib/python3.12/shutil.py", line 759, in rmtree
    _rmtree_safe_fd(stack, onexc)
  File "/opt/ohpc/pub/compiler/conda/latest/lib/python3.12/shutil.py", line 703, in _rmtree_safe_fd
    onexc(func, path, err)
  File "/opt/ohpc/pub/compiler/conda/latest/lib/python3.12/shutil.py", line 750, in onexc
    return onerror(func, path, exc_info)
           ^^^^^^^^^^^^^^^^^^^^^^^^^^^^^
  File "/opt/ohpc/pub/compiler/conda/latest/lib/python3.12/shutil.py", line 700, in _rmtree_safe_fd
    onexc(os.unlink, fullname, err)
  File "/opt/ohpc/pub/compiler/conda/latest/lib/python3.12/shutil.py", line 750, in onexc
    return onerror(func, path, exc_info)
           ^^^^^^^^^^^^^^^^^^^^^^^^^^^^^
  File "/opt/ohpc/pub/compiler/conda/latest/lib/python3.12/shutil.py", line 698, in _rmtree_safe_fd
    os.unlink(entry.name, dir_fd=topfd)
OSError: [Errno 16] Device or resource busy: '/tmp/pymp-lzgmqc_6'
  File "/opt/ohpc/pub/compiler/conda/latest/lib/python3.12/multiprocessing/util.py", line 303, in _run_finalizers
    finalizer()
  File "/opt/ohpc/pub/compiler/conda/latest/lib/python3.12/multiprocessing/util.py", line 227, in __call__
    res = self._callback(*self._args, **self._kwargs)
          ^^^^^^^^^^^^^^^^^^^^^^^^^^^^^^^^^^^^^^^^^^^
  File "/opt/ohpc/pub/compiler/conda/latest/lib/python3.12/multiprocessing/util.py", line 136, in _remove_temp_dir
    rmtree(tempdir, onerror=onerror)
  File "/opt/ohpc/pub/compiler/conda/latest/lib/python3.12/shutil.py", line 759, in rmtree
    _rmtree_safe_fd(stack, onexc)
  File "/opt/ohpc/pub/compiler/conda/latest/lib/python3.12/shutil.py", line 703, in _rmtree_safe_fd
    onexc(func, path, err)
  File "/opt/ohpc/pub/compiler/conda/latest/lib/python3.12/shutil.py", line 750, in onexc
    return onerror(func, path, exc_info)
           ^^^^^^^^^^^^^^^^^^^^^^^^^^^^^
  File "/opt/ohpc/pub/compiler/conda/latest/lib/python3.12/shutil.py", line 700, in _rmtree_safe_fd
    onexc(os.unlink, fullname, err)
  File "/opt/ohpc/pub/compiler/conda/latest/lib/python3.12/shutil.py", line 750, in onexc
    return onerror(func, path, exc_info)
           ^^^^^^^^^^^^^^^^^^^^^^^^^^^^^
  File "/opt/ohpc/pub/compiler/conda/latest/lib/python3.12/shutil.py", line 698, in _rmtree_safe_fd
    os.unlink(entry.name, dir_fd=topfd)
OSError: [Errno 16] Device or resource busy: '/tmp/pymp-bheqy0dp'
Traceback (most recent call last):
  File "/opt/ohpc/pub/compiler/conda/latest/lib/python3.12/multiprocessing/util.py", line 303, in _run_finalizers
    finalizer()
  File "/opt/ohpc/pub/compiler/conda/latest/lib/python3.12/multiprocessing/util.py", line 227, in __call__
    res = self._callback(*self._args, **self._kwargs)
          ^^^^^^^^^^^^^^^^^^^^^^^^^^^^^^^^^^^^^^^^^^^
  File "/opt/ohpc/pub/compiler/conda/latest/lib/python3.12/multiprocessing/util.py", line 136, in _remove_temp_dir
    rmtree(tempdir, onerror=onerror)
  File "/opt/ohpc/pub/compiler/conda/latest/lib/python3.12/shutil.py", line 759, in rmtree
    _rmtree_safe_fd(stack, onexc)
  File "/opt/ohpc/pub/compiler/conda/latest/lib/python3.12/shutil.py", line 703, in _rmtree_safe_fd
    onexc(func, path, err)
  File "/opt/ohpc/pub/compiler/conda/latest/lib/python3.12/shutil.py", line 750, in onexc
    return onerror(func, path, exc_info)
           ^^^^^^^^^^^^^^^^^^^^^^^^^^^^^
  File "/opt/ohpc/pub/compiler/conda/latest/lib/python3.12/shutil.py", line 700, in _rmtree_safe_fd
    onexc(os.unlink, fullname, err)
  File "/opt/ohpc/pub/compiler/conda/latest/lib/python3.12/shutil.py", line 750, in onexc
    return onerror(func, path, exc_info)
           ^^^^^^^^^^^^^^^^^^^^^^^^^^^^^
  File "/opt/ohpc/pub/compiler/conda/latest/lib/python3.12/shutil.py", line 698, in _rmtree_safe_fd
    os.unlink(entry.name, dir_fd=topfd)
OSError: [Errno 16] Device or resource busy: '/tmp/pymp-vhmvz0ek'
[val 008] loss=-0.8071 z_std=0.0450 rankme=16.878 lidar=6.441 areq=1.970 pr=1.34 align=0.1012 unif=-0.948 converged=True collapsed=False
  -> new best RankMe=16.8779 (smoothed 16.8779 over 1 evals, cleared +1.6076) @ epoch 8 (saved bestRankMe.pth)
  -> new best LiDAR=6.4409 (smoothed 6.4409 over 1 evals, cleared +0.4064) @ epoch 8 (saved bestLiDAR.pth)
  e009 it0000/62 lr=0.0028 loss=-0.7933 z_std=0.0626
  e009 it0010/62 lr=0.0029 loss=-0.8123 z_std=0.0622
  e009 it0020/62 lr=0.0029 loss=-0.8211 z_std=0.0622
  e009 it0030/62 lr=0.0030 loss=-0.8271 z_std=0.0623
  e009 it0040/62 lr=0.0030 loss=-0.8341 z_std=0.0621
  e009 it0050/62 lr=0.0031 loss=-0.8379 z_std=0.0620
  e009 it0060/62 lr=0.0031 loss=-0.8426 z_std=0.0620
[epoch 009] loss=-0.8429 z_std=0.0620 (healthy~0.0625) time=196.9s
Traceback (most recent call last):
Traceback (most recent call last):
Traceback (most recent call last):
Traceback (most recent call last):
  File "/opt/ohpc/pub/compiler/conda/latest/lib/python3.12/multiprocessing/util.py", line 303, in _run_finalizers
    finalizer()
  File "/opt/ohpc/pub/compiler/conda/latest/lib/python3.12/multiprocessing/util.py", line 227, in __call__
    res = self._callback(*self._args, **self._kwargs)
          ^^^^^^^^^^^^^^^^^^^^^^^^^^^^^^^^^^^^^^^^^^^
  File "/opt/ohpc/pub/compiler/conda/latest/lib/python3.12/multiprocessing/util.py", line 136, in _remove_temp_dir
    rmtree(tempdir, onerror=onerror)
  File "/opt/ohpc/pub/compiler/conda/latest/lib/python3.12/shutil.py", line 759, in rmtree
    _rmtree_safe_fd(stack, onexc)
  File "/opt/ohpc/pub/compiler/conda/latest/lib/python3.12/shutil.py", line 703, in _rmtree_safe_fd
    onexc(func, path, err)
  File "/opt/ohpc/pub/compiler/conda/latest/lib/python3.12/shutil.py", line 750, in onexc
    return onerror(func, path, exc_info)
           ^^^^^^^^^^^^^^^^^^^^^^^^^^^^^
  File "/opt/ohpc/pub/compiler/conda/latest/lib/python3.12/shutil.py", line 700, in _rmtree_safe_fd
    onexc(os.unlink, fullname, err)
  File "/opt/ohpc/pub/compiler/conda/latest/lib/python3.12/shutil.py", line 750, in onexc
    return onerror(func, path, exc_info)
           ^^^^^^^^^^^^^^^^^^^^^^^^^^^^^
  File "/opt/ohpc/pub/compiler/conda/latest/lib/python3.12/shutil.py", line 698, in _rmtree_safe_fd
    os.unlink(entry.name, dir_fd=topfd)
Traceback (most recent call last):
OSError: [Errno 16] Device or resource busy: '/tmp/pymp-d_vrxpie'
  File "/opt/ohpc/pub/compiler/conda/latest/lib/python3.12/multiprocessing/util.py", line 303, in _run_finalizers
    finalizer()
  File "/opt/ohpc/pub/compiler/conda/latest/lib/python3.12/multiprocessing/util.py", line 227, in __call__
    res = self._callback(*self._args, **self._kwargs)
          ^^^^^^^^^^^^^^^^^^^^^^^^^^^^^^^^^^^^^^^^^^^
  File "/opt/ohpc/pub/compiler/conda/latest/lib/python3.12/multiprocessing/util.py", line 136, in _remove_temp_dir
    rmtree(tempdir, onerror=onerror)
  File "/opt/ohpc/pub/compiler/conda/latest/lib/python3.12/shutil.py", line 759, in rmtree
    _rmtree_safe_fd(stack, onexc)
  File "/opt/ohpc/pub/compiler/conda/latest/lib/python3.12/shutil.py", line 703, in _rmtree_safe_fd
    onexc(func, path, err)
  File "/opt/ohpc/pub/compiler/conda/latest/lib/python3.12/shutil.py", line 750, in onexc
    return onerror(func, path, exc_info)
           ^^^^^^^^^^^^^^^^^^^^^^^^^^^^^
  File "/opt/ohpc/pub/compiler/conda/latest/lib/python3.12/multiprocessing/util.py", line 303, in _run_finalizers
    finalizer()
  File "/opt/ohpc/pub/compiler/conda/latest/lib/python3.12/shutil.py", line 700, in _rmtree_safe_fd
    onexc(os.unlink, fullname, err)
  File "/opt/ohpc/pub/compiler/conda/latest/lib/python3.12/shutil.py", line 750, in onexc
    return onerror(func, path, exc_info)
           ^^^^^^^^^^^^^^^^^^^^^^^^^^^^^
  File "/opt/ohpc/pub/compiler/conda/latest/lib/python3.12/shutil.py", line 698, in _rmtree_safe_fd
    os.unlink(entry.name, dir_fd=topfd)
  File "/opt/ohpc/pub/compiler/conda/latest/lib/python3.12/multiprocessing/util.py", line 227, in __call__
    res = self._callback(*self._args, **self._kwargs)
          ^^^^^^^^^^^^^^^^^^^^^^^^^^^^^^^^^^^^^^^^^^^
  File "/opt/ohpc/pub/compiler/conda/latest/lib/python3.12/multiprocessing/util.py", line 136, in _remove_temp_dir
    rmtree(tempdir, onerror=onerror)
  File "/opt/ohpc/pub/compiler/conda/latest/lib/python3.12/shutil.py", line 759, in rmtree
    _rmtree_safe_fd(stack, onexc)
  File "/opt/ohpc/pub/compiler/conda/latest/lib/python3.12/shutil.py", line 703, in _rmtree_safe_fd
    onexc(func, path, err)
  File "/opt/ohpc/pub/compiler/conda/latest/lib/python3.12/shutil.py", line 750, in onexc
    return onerror(func, path, exc_info)
           ^^^^^^^^^^^^^^^^^^^^^^^^^^^^^
OSError: [Errno 16] Device or resource busy: '/tmp/pymp-9gm_7n8s'
  File "/opt/ohpc/pub/compiler/conda/latest/lib/python3.12/shutil.py", line 700, in _rmtree_safe_fd
    onexc(os.unlink, fullname, err)
  File "/opt/ohpc/pub/compiler/conda/latest/lib/python3.12/shutil.py", line 750, in onexc
    return onerror(func, path, exc_info)
           ^^^^^^^^^^^^^^^^^^^^^^^^^^^^^
  File "/opt/ohpc/pub/compiler/conda/latest/lib/python3.12/shutil.py", line 698, in _rmtree_safe_fd
    os.unlink(entry.name, dir_fd=topfd)
OSError: [Errno 16] Device or resource busy: '/tmp/pymp-n2b_0nk9'
  File "/opt/ohpc/pub/compiler/conda/latest/lib/python3.12/multiprocessing/util.py", line 303, in _run_finalizers
    finalizer()
  File "/opt/ohpc/pub/compiler/conda/latest/lib/python3.12/multiprocessing/util.py", line 227, in __call__
    res = self._callback(*self._args, **self._kwargs)
          ^^^^^^^^^^^^^^^^^^^^^^^^^^^^^^^^^^^^^^^^^^^
  File "/opt/ohpc/pub/compiler/conda/latest/lib/python3.12/multiprocessing/util.py", line 136, in _remove_temp_dir
    rmtree(tempdir, onerror=onerror)
  File "/opt/ohpc/pub/compiler/conda/latest/lib/python3.12/shutil.py", line 759, in rmtree
    _rmtree_safe_fd(stack, onexc)
  File "/opt/ohpc/pub/compiler/conda/latest/lib/python3.12/shutil.py", line 703, in _rmtree_safe_fd
    onexc(func, path, err)
  File "/opt/ohpc/pub/compiler/conda/latest/lib/python3.12/shutil.py", line 750, in onexc
    return onerror(func, path, exc_info)
           ^^^^^^^^^^^^^^^^^^^^^^^^^^^^^
  File "/opt/ohpc/pub/compiler/conda/latest/lib/python3.12/shutil.py", line 700, in _rmtree_safe_fd
    onexc(os.unlink, fullname, err)
  File "/opt/ohpc/pub/compiler/conda/latest/lib/python3.12/shutil.py", line 750, in onexc
    return onerror(func, path, exc_info)
           ^^^^^^^^^^^^^^^^^^^^^^^^^^^^^
  File "/opt/ohpc/pub/compiler/conda/latest/lib/python3.12/shutil.py", line 698, in _rmtree_safe_fd
    os.unlink(entry.name, dir_fd=topfd)
OSError: [Errno 16] Device or resource busy: '/tmp/pymp-g5jc4csg'
  File "/opt/ohpc/pub/compiler/conda/latest/lib/python3.12/multiprocessing/util.py", line 303, in _run_finalizers
    finalizer()
  File "/opt/ohpc/pub/compiler/conda/latest/lib/python3.12/multiprocessing/util.py", line 227, in __call__
    res = self._callback(*self._args, **self._kwargs)
          ^^^^^^^^^^^^^^^^^^^^^^^^^^^^^^^^^^^^^^^^^^^
  File "/opt/ohpc/pub/compiler/conda/latest/lib/python3.12/multiprocessing/util.py", line 136, in _remove_temp_dir
    rmtree(tempdir, onerror=onerror)
  File "/opt/ohpc/pub/compiler/conda/latest/lib/python3.12/shutil.py", line 759, in rmtree
    _rmtree_safe_fd(stack, onexc)
  File "/opt/ohpc/pub/compiler/conda/latest/lib/python3.12/shutil.py", line 703, in _rmtree_safe_fd
    onexc(func, path, err)
  File "/opt/ohpc/pub/compiler/conda/latest/lib/python3.12/shutil.py", line 750, in onexc
    return onerror(func, path, exc_info)
           ^^^^^^^^^^^^^^^^^^^^^^^^^^^^^
  File "/opt/ohpc/pub/compiler/conda/latest/lib/python3.12/shutil.py", line 700, in _rmtree_safe_fd
    onexc(os.unlink, fullname, err)
  File "/opt/ohpc/pub/compiler/conda/latest/lib/python3.12/shutil.py", line 750, in onexc
    return onerror(func, path, exc_info)
           ^^^^^^^^^^^^^^^^^^^^^^^^^^^^^
  File "/opt/ohpc/pub/compiler/conda/latest/lib/python3.12/shutil.py", line 698, in _rmtree_safe_fd
    os.unlink(entry.name, dir_fd=topfd)
OSError: [Errno 16] Device or resource busy: '/tmp/pymp-o0g2hgqg'
Traceback (most recent call last):
Traceback (most recent call last):
Traceback (most recent call last):
  File "/opt/ohpc/pub/compiler/conda/latest/lib/python3.12/multiprocessing/util.py", line 303, in _run_finalizers
    finalizer()
Traceback (most recent call last):
  File "/opt/ohpc/pub/compiler/conda/latest/lib/python3.12/multiprocessing/util.py", line 227, in __call__
    res = self._callback(*self._args, **self._kwargs)
          ^^^^^^^^^^^^^^^^^^^^^^^^^^^^^^^^^^^^^^^^^^^
  File "/opt/ohpc/pub/compiler/conda/latest/lib/python3.12/multiprocessing/util.py", line 136, in _remove_temp_dir
    rmtree(tempdir, onerror=onerror)
  File "/opt/ohpc/pub/compiler/conda/latest/lib/python3.12/shutil.py", line 759, in rmtree
    _rmtree_safe_fd(stack, onexc)
  File "/opt/ohpc/pub/compiler/conda/latest/lib/python3.12/shutil.py", line 703, in _rmtree_safe_fd
    onexc(func, path, err)
  File "/opt/ohpc/pub/compiler/conda/latest/lib/python3.12/shutil.py", line 750, in onexc
    return onerror(func, path, exc_info)
           ^^^^^^^^^^^^^^^^^^^^^^^^^^^^^
  File "/opt/ohpc/pub/compiler/conda/latest/lib/python3.12/shutil.py", line 700, in _rmtree_safe_fd
    onexc(os.unlink, fullname, err)
  File "/opt/ohpc/pub/compiler/conda/latest/lib/python3.12/shutil.py", line 750, in onexc
    return onerror(func, path, exc_info)
           ^^^^^^^^^^^^^^^^^^^^^^^^^^^^^
  File "/opt/ohpc/pub/compiler/conda/latest/lib/python3.12/shutil.py", line 698, in _rmtree_safe_fd
    os.unlink(entry.name, dir_fd=topfd)
OSError: [Errno 16] Device or resource busy: '/tmp/pymp-y_011etf'
  File "/opt/ohpc/pub/compiler/conda/latest/lib/python3.12/multiprocessing/util.py", line 303, in _run_finalizers
    finalizer()
  File "/opt/ohpc/pub/compiler/conda/latest/lib/python3.12/multiprocessing/util.py", line 227, in __call__
    res = self._callback(*self._args, **self._kwargs)
          ^^^^^^^^^^^^^^^^^^^^^^^^^^^^^^^^^^^^^^^^^^^
  File "/opt/ohpc/pub/compiler/conda/latest/lib/python3.12/multiprocessing/util.py", line 136, in _remove_temp_dir
    rmtree(tempdir, onerror=onerror)
  File "/opt/ohpc/pub/compiler/conda/latest/lib/python3.12/shutil.py", line 759, in rmtree
    _rmtree_safe_fd(stack, onexc)
  File "/opt/ohpc/pub/compiler/conda/latest/lib/python3.12/shutil.py", line 703, in _rmtree_safe_fd
    onexc(func, path, err)
  File "/opt/ohpc/pub/compiler/conda/latest/lib/python3.12/shutil.py", line 750, in onexc
    return onerror(func, path, exc_info)
           ^^^^^^^^^^^^^^^^^^^^^^^^^^^^^
  File "/opt/ohpc/pub/compiler/conda/latest/lib/python3.12/shutil.py", line 700, in _rmtree_safe_fd
    onexc(os.unlink, fullname, err)
  File "/opt/ohpc/pub/compiler/conda/latest/lib/python3.12/shutil.py", line 750, in onexc
    return onerror(func, path, exc_info)
           ^^^^^^^^^^^^^^^^^^^^^^^^^^^^^
  File "/opt/ohpc/pub/compiler/conda/latest/lib/python3.12/shutil.py", line 698, in _rmtree_safe_fd
    os.unlink(entry.name, dir_fd=topfd)
OSError: [Errno 16] Device or resource busy: '/tmp/pymp-_v0ch8m0'
  File "/opt/ohpc/pub/compiler/conda/latest/lib/python3.12/multiprocessing/util.py", line 303, in _run_finalizers
    finalizer()
  File "/opt/ohpc/pub/compiler/conda/latest/lib/python3.12/multiprocessing/util.py", line 227, in __call__
    res = self._callback(*self._args, **self._kwargs)
          ^^^^^^^^^^^^^^^^^^^^^^^^^^^^^^^^^^^^^^^^^^^
  File "/opt/ohpc/pub/compiler/conda/latest/lib/python3.12/multiprocessing/util.py", line 136, in _remove_temp_dir
    rmtree(tempdir, onerror=onerror)
  File "/opt/ohpc/pub/compiler/conda/latest/lib/python3.12/shutil.py", line 759, in rmtree
    _rmtree_safe_fd(stack, onexc)
  File "/opt/ohpc/pub/compiler/conda/latest/lib/python3.12/shutil.py", line 703, in _rmtree_safe_fd
    onexc(func, path, err)
  File "/opt/ohpc/pub/compiler/conda/latest/lib/python3.12/shutil.py", line 750, in onexc
    return onerror(func, path, exc_info)
           ^^^^^^^^^^^^^^^^^^^^^^^^^^^^^
  File "/opt/ohpc/pub/compiler/conda/latest/lib/python3.12/shutil.py", line 700, in _rmtree_safe_fd
    onexc(os.unlink, fullname, err)
  File "/opt/ohpc/pub/compiler/conda/latest/lib/python3.12/shutil.py", line 750, in onexc
    return onerror(func, path, exc_info)
           ^^^^^^^^^^^^^^^^^^^^^^^^^^^^^
  File "/opt/ohpc/pub/compiler/conda/latest/lib/python3.12/shutil.py", line 698, in _rmtree_safe_fd
    os.unlink(entry.name, dir_fd=topfd)
OSError: [Errno 16] Device or resource busy: '/tmp/pymp-hvctydaj'
  File "/opt/ohpc/pub/compiler/conda/latest/lib/python3.12/multiprocessing/util.py", line 303, in _run_finalizers
    finalizer()
  File "/opt/ohpc/pub/compiler/conda/latest/lib/python3.12/multiprocessing/util.py", line 227, in __call__
    res = self._callback(*self._args, **self._kwargs)
          ^^^^^^^^^^^^^^^^^^^^^^^^^^^^^^^^^^^^^^^^^^^
  File "/opt/ohpc/pub/compiler/conda/latest/lib/python3.12/multiprocessing/util.py", line 136, in _remove_temp_dir
    rmtree(tempdir, onerror=onerror)
  File "/opt/ohpc/pub/compiler/conda/latest/lib/python3.12/shutil.py", line 759, in rmtree
    _rmtree_safe_fd(stack, onexc)
  File "/opt/ohpc/pub/compiler/conda/latest/lib/python3.12/shutil.py", line 703, in _rmtree_safe_fd
    onexc(func, path, err)
  File "/opt/ohpc/pub/compiler/conda/latest/lib/python3.12/shutil.py", line 750, in onexc
    return onerror(func, path, exc_info)
           ^^^^^^^^^^^^^^^^^^^^^^^^^^^^^
  File "/opt/ohpc/pub/compiler/conda/latest/lib/python3.12/shutil.py", line 700, in _rmtree_safe_fd
    onexc(os.unlink, fullname, err)
  File "/opt/ohpc/pub/compiler/conda/latest/lib/python3.12/shutil.py", line 750, in onexc
    return onerror(func, path, exc_info)
           ^^^^^^^^^^^^^^^^^^^^^^^^^^^^^
  File "/opt/ohpc/pub/compiler/conda/latest/lib/python3.12/shutil.py", line 698, in _rmtree_safe_fd
    os.unlink(entry.name, dir_fd=topfd)
OSError: [Errno 16] Device or resource busy: '/tmp/pymp-ckgwmzyi'
Traceback (most recent call last):
  File "/opt/ohpc/pub/compiler/conda/latest/lib/python3.12/multiprocessing/util.py", line 303, in _run_finalizers
    finalizer()
  File "/opt/ohpc/pub/compiler/conda/latest/lib/python3.12/multiprocessing/util.py", line 227, in __call__
    res = self._callback(*self._args, **self._kwargs)
          ^^^^^^^^^^^^^^^^^^^^^^^^^^^^^^^^^^^^^^^^^^^
  File "/opt/ohpc/pub/compiler/conda/latest/lib/python3.12/multiprocessing/util.py", line 136, in _remove_temp_dir
    rmtree(tempdir, onerror=onerror)
  File "/opt/ohpc/pub/compiler/conda/latest/lib/python3.12/shutil.py", line 759, in rmtree
    _rmtree_safe_fd(stack, onexc)
  File "/opt/ohpc/pub/compiler/conda/latest/lib/python3.12/shutil.py", line 703, in _rmtree_safe_fd
    onexc(func, path, err)
  File "/opt/ohpc/pub/compiler/conda/latest/lib/python3.12/shutil.py", line 750, in onexc
    return onerror(func, path, exc_info)
           ^^^^^^^^^^^^^^^^^^^^^^^^^^^^^
  File "/opt/ohpc/pub/compiler/conda/latest/lib/python3.12/shutil.py", line 700, in _rmtree_safe_fd
    onexc(os.unlink, fullname, err)
  File "/opt/ohpc/pub/compiler/conda/latest/lib/python3.12/shutil.py", line 750, in onexc
    return onerror(func, path, exc_info)
           ^^^^^^^^^^^^^^^^^^^^^^^^^^^^^
  File "/opt/ohpc/pub/compiler/conda/latest/lib/python3.12/shutil.py", line 698, in _rmtree_safe_fd
    os.unlink(entry.name, dir_fd=topfd)
OSError: [Errno 16] Device or resource busy: '/tmp/pymp-do8sdwxs'
Traceback (most recent call last):
Traceback (most recent call last):
Traceback (most recent call last):
Traceback (most recent call last):
Traceback (most recent call last):
  File "/opt/ohpc/pub/compiler/conda/latest/lib/python3.12/multiprocessing/util.py", line 303, in _run_finalizers
    finalizer()
  File "/opt/ohpc/pub/compiler/conda/latest/lib/python3.12/multiprocessing/util.py", line 303, in _run_finalizers
    finalizer()
  File "/opt/ohpc/pub/compiler/conda/latest/lib/python3.12/multiprocessing/util.py", line 303, in _run_finalizers
    finalizer()
  File "/opt/ohpc/pub/compiler/conda/latest/lib/python3.12/multiprocessing/util.py", line 227, in __call__
    res = self._callback(*self._args, **self._kwargs)
          ^^^^^^^^^^^^^^^^^^^^^^^^^^^^^^^^^^^^^^^^^^^
  File "/opt/ohpc/pub/compiler/conda/latest/lib/python3.12/multiprocessing/util.py", line 227, in __call__
    res = self._callback(*self._args, **self._kwargs)
          ^^^^^^^^^^^^^^^^^^^^^^^^^^^^^^^^^^^^^^^^^^^
  File "/opt/ohpc/pub/compiler/conda/latest/lib/python3.12/multiprocessing/util.py", line 136, in _remove_temp_dir
    rmtree(tempdir, onerror=onerror)
  File "/opt/ohpc/pub/compiler/conda/latest/lib/python3.12/multiprocessing/util.py", line 136, in _remove_temp_dir
    rmtree(tempdir, onerror=onerror)
  File "/opt/ohpc/pub/compiler/conda/latest/lib/python3.12/shutil.py", line 759, in rmtree
    _rmtree_safe_fd(stack, onexc)
  File "/opt/ohpc/pub/compiler/conda/latest/lib/python3.12/shutil.py", line 759, in rmtree
    _rmtree_safe_fd(stack, onexc)
  File "/opt/ohpc/pub/compiler/conda/latest/lib/python3.12/shutil.py", line 703, in _rmtree_safe_fd
    onexc(func, path, err)
  File "/opt/ohpc/pub/compiler/conda/latest/lib/python3.12/shutil.py", line 703, in _rmtree_safe_fd
    onexc(func, path, err)
  File "/opt/ohpc/pub/compiler/conda/latest/lib/python3.12/multiprocessing/util.py", line 227, in __call__
    res = self._callback(*self._args, **self._kwargs)
          ^^^^^^^^^^^^^^^^^^^^^^^^^^^^^^^^^^^^^^^^^^^
  File "/opt/ohpc/pub/compiler/conda/latest/lib/python3.12/shutil.py", line 750, in onexc
    return onerror(func, path, exc_info)
           ^^^^^^^^^^^^^^^^^^^^^^^^^^^^^
  File "/opt/ohpc/pub/compiler/conda/latest/lib/python3.12/shutil.py", line 750, in onexc
    return onerror(func, path, exc_info)
           ^^^^^^^^^^^^^^^^^^^^^^^^^^^^^
  File "/opt/ohpc/pub/compiler/conda/latest/lib/python3.12/multiprocessing/util.py", line 136, in _remove_temp_dir
    rmtree(tempdir, onerror=onerror)
  File "/opt/ohpc/pub/compiler/conda/latest/lib/python3.12/shutil.py", line 700, in _rmtree_safe_fd
    onexc(os.unlink, fullname, err)
  File "/opt/ohpc/pub/compiler/conda/latest/lib/python3.12/shutil.py", line 700, in _rmtree_safe_fd
    onexc(os.unlink, fullname, err)
  File "/opt/ohpc/pub/compiler/conda/latest/lib/python3.12/shutil.py", line 759, in rmtree
    _rmtree_safe_fd(stack, onexc)
  File "/opt/ohpc/pub/compiler/conda/latest/lib/python3.12/shutil.py", line 750, in onexc
    return onerror(func, path, exc_info)
           ^^^^^^^^^^^^^^^^^^^^^^^^^^^^^
  File "/opt/ohpc/pub/compiler/conda/latest/lib/python3.12/shutil.py", line 750, in onexc
    return onerror(func, path, exc_info)
           ^^^^^^^^^^^^^^^^^^^^^^^^^^^^^
  File "/opt/ohpc/pub/compiler/conda/latest/lib/python3.12/shutil.py", line 703, in _rmtree_safe_fd
    onexc(func, path, err)
  File "/opt/ohpc/pub/compiler/conda/latest/lib/python3.12/shutil.py", line 698, in _rmtree_safe_fd
    os.unlink(entry.name, dir_fd=topfd)
  File "/opt/ohpc/pub/compiler/conda/latest/lib/python3.12/shutil.py", line 698, in _rmtree_safe_fd
    os.unlink(entry.name, dir_fd=topfd)
  File "/opt/ohpc/pub/compiler/conda/latest/lib/python3.12/shutil.py", line 750, in onexc
    return onerror(func, path, exc_info)
           ^^^^^^^^^^^^^^^^^^^^^^^^^^^^^
  File "/opt/ohpc/pub/compiler/conda/latest/lib/python3.12/shutil.py", line 700, in _rmtree_safe_fd
    onexc(os.unlink, fullname, err)
  File "/opt/ohpc/pub/compiler/conda/latest/lib/python3.12/shutil.py", line 750, in onexc
    return onerror(func, path, exc_info)
           ^^^^^^^^^^^^^^^^^^^^^^^^^^^^^
  File "/opt/ohpc/pub/compiler/conda/latest/lib/python3.12/shutil.py", line 698, in _rmtree_safe_fd
    os.unlink(entry.name, dir_fd=topfd)
OSError: [Errno 16] Device or resource busy: '/tmp/pymp-sraw_ino'
OSError: [Errno 16] Device or resource busy: '/tmp/pymp-bp4rc_k3'
OSError: [Errno 16] Device or resource busy: '/tmp/pymp-11wd6hwc'
Traceback (most recent call last):
  File "/opt/ohpc/pub/compiler/conda/latest/lib/python3.12/multiprocessing/util.py", line 303, in _run_finalizers
    finalizer()
  File "/opt/ohpc/pub/compiler/conda/latest/lib/python3.12/multiprocessing/util.py", line 227, in __call__
    res = self._callback(*self._args, **self._kwargs)
          ^^^^^^^^^^^^^^^^^^^^^^^^^^^^^^^^^^^^^^^^^^^
  File "/opt/ohpc/pub/compiler/conda/latest/lib/python3.12/multiprocessing/util.py", line 136, in _remove_temp_dir
    rmtree(tempdir, onerror=onerror)
  File "/opt/ohpc/pub/compiler/conda/latest/lib/python3.12/shutil.py", line 759, in rmtree
    _rmtree_safe_fd(stack, onexc)
  File "/opt/ohpc/pub/compiler/conda/latest/lib/python3.12/shutil.py", line 703, in _rmtree_safe_fd
    onexc(func, path, err)
  File "/opt/ohpc/pub/compiler/conda/latest/lib/python3.12/shutil.py", line 750, in onexc
    return onerror(func, path, exc_info)
           ^^^^^^^^^^^^^^^^^^^^^^^^^^^^^
  File "/opt/ohpc/pub/compiler/conda/latest/lib/python3.12/shutil.py", line 700, in _rmtree_safe_fd
    onexc(os.unlink, fullname, err)
  File "/opt/ohpc/pub/compiler/conda/latest/lib/python3.12/shutil.py", line 750, in onexc
    return onerror(func, path, exc_info)
           ^^^^^^^^^^^^^^^^^^^^^^^^^^^^^
  File "/opt/ohpc/pub/compiler/conda/latest/lib/python3.12/shutil.py", line 698, in _rmtree_safe_fd
    os.unlink(entry.name, dir_fd=topfd)
OSError: [Errno 16] Device or resource busy: '/tmp/pymp-f4_nbyee'
Traceback (most recent call last):
  File "/opt/ohpc/pub/compiler/conda/latest/lib/python3.12/multiprocessing/util.py", line 303, in _run_finalizers
    finalizer()
  File "/opt/ohpc/pub/compiler/conda/latest/lib/python3.12/multiprocessing/util.py", line 227, in __call__
    res = self._callback(*self._args, **self._kwargs)
          ^^^^^^^^^^^^^^^^^^^^^^^^^^^^^^^^^^^^^^^^^^^
  File "/opt/ohpc/pub/compiler/conda/latest/lib/python3.12/multiprocessing/util.py", line 136, in _remove_temp_dir
    rmtree(tempdir, onerror=onerror)
  File "/opt/ohpc/pub/compiler/conda/latest/lib/python3.12/shutil.py", line 759, in rmtree
    _rmtree_safe_fd(stack, onexc)
  File "/opt/ohpc/pub/compiler/conda/latest/lib/python3.12/shutil.py", line 703, in _rmtree_safe_fd
    onexc(func, path, err)
  File "/opt/ohpc/pub/compiler/conda/latest/lib/python3.12/shutil.py", line 750, in onexc
    return onerror(func, path, exc_info)
           ^^^^^^^^^^^^^^^^^^^^^^^^^^^^^
  File "/opt/ohpc/pub/compiler/conda/latest/lib/python3.12/shutil.py", line 700, in _rmtree_safe_fd
    onexc(os.unlink, fullname, err)
  File "/opt/ohpc/pub/compiler/conda/latest/lib/python3.12/shutil.py", line 750, in onexc
    return onerror(func, path, exc_info)
           ^^^^^^^^^^^^^^^^^^^^^^^^^^^^^
  File "/opt/ohpc/pub/compiler/conda/latest/lib/python3.12/shutil.py", line 698, in _rmtree_safe_fd
    os.unlink(entry.name, dir_fd=topfd)
OSError: [Errno 16] Device or resource busy: '/tmp/pymp-onwj7owe'
Traceback (most recent call last):
  File "/opt/ohpc/pub/compiler/conda/latest/lib/python3.12/multiprocessing/util.py", line 303, in _run_finalizers
    finalizer()
  File "/opt/ohpc/pub/compiler/conda/latest/lib/python3.12/multiprocessing/util.py", line 227, in __call__
    res = self._callback(*self._args, **self._kwargs)
          ^^^^^^^^^^^^^^^^^^^^^^^^^^^^^^^^^^^^^^^^^^^
  File "/opt/ohpc/pub/compiler/conda/latest/lib/python3.12/multiprocessing/util.py", line 136, in _remove_temp_dir
    rmtree(tempdir, onerror=onerror)
  File "/opt/ohpc/pub/compiler/conda/latest/lib/python3.12/shutil.py", line 759, in rmtree
    _rmtree_safe_fd(stack, onexc)
  File "/opt/ohpc/pub/compiler/conda/latest/lib/python3.12/shutil.py", line 703, in _rmtree_safe_fd
    onexc(func, path, err)
  File "/opt/ohpc/pub/compiler/conda/latest/lib/python3.12/shutil.py", line 750, in onexc
    return onerror(func, path, exc_info)
           ^^^^^^^^^^^^^^^^^^^^^^^^^^^^^
  File "/opt/ohpc/pub/compiler/conda/latest/lib/python3.12/shutil.py", line 700, in _rmtree_safe_fd
    onexc(os.unlink, fullname, err)
  File "/opt/ohpc/pub/compiler/conda/latest/lib/python3.12/shutil.py", line 750, in onexc
    return onerror(func, path, exc_info)
           ^^^^^^^^^^^^^^^^^^^^^^^^^^^^^
  File "/opt/ohpc/pub/compiler/conda/latest/lib/python3.12/shutil.py", line 698, in _rmtree_safe_fd
    os.unlink(entry.name, dir_fd=topfd)
OSError: [Errno 16] Device or resource busy: '/tmp/pymp-gd595zqa'
  File "/opt/ohpc/pub/compiler/conda/latest/lib/python3.12/multiprocessing/util.py", line 303, in _run_finalizers
    finalizer()
  File "/opt/ohpc/pub/compiler/conda/latest/lib/python3.12/multiprocessing/util.py", line 227, in __call__
    res = self._callback(*self._args, **self._kwargs)
          ^^^^^^^^^^^^^^^^^^^^^^^^^^^^^^^^^^^^^^^^^^^
  File "/opt/ohpc/pub/compiler/conda/latest/lib/python3.12/multiprocessing/util.py", line 136, in _remove_temp_dir
    rmtree(tempdir, onerror=onerror)
  File "/opt/ohpc/pub/compiler/conda/latest/lib/python3.12/shutil.py", line 759, in rmtree
    _rmtree_safe_fd(stack, onexc)
  File "/opt/ohpc/pub/compiler/conda/latest/lib/python3.12/shutil.py", line 703, in _rmtree_safe_fd
    onexc(func, path, err)
  File "/opt/ohpc/pub/compiler/conda/latest/lib/python3.12/shutil.py", line 750, in onexc
    return onerror(func, path, exc_info)
           ^^^^^^^^^^^^^^^^^^^^^^^^^^^^^
  File "/opt/ohpc/pub/compiler/conda/latest/lib/python3.12/shutil.py", line 700, in _rmtree_safe_fd
    onexc(os.unlink, fullname, err)
  File "/opt/ohpc/pub/compiler/conda/latest/lib/python3.12/shutil.py", line 750, in onexc
    return onerror(func, path, exc_info)
           ^^^^^^^^^^^^^^^^^^^^^^^^^^^^^
  File "/opt/ohpc/pub/compiler/conda/latest/lib/python3.12/shutil.py", line 698, in _rmtree_safe_fd
    os.unlink(entry.name, dir_fd=topfd)
OSError: [Errno 16] Device or resource busy: '/tmp/pymp-tizebr9k'
  File "/opt/ohpc/pub/compiler/conda/latest/lib/python3.12/multiprocessing/util.py", line 303, in _run_finalizers
    finalizer()
  File "/opt/ohpc/pub/compiler/conda/latest/lib/python3.12/multiprocessing/util.py", line 227, in __call__
    res = self._callback(*self._args, **self._kwargs)
          ^^^^^^^^^^^^^^^^^^^^^^^^^^^^^^^^^^^^^^^^^^^
  File "/opt/ohpc/pub/compiler/conda/latest/lib/python3.12/multiprocessing/util.py", line 136, in _remove_temp_dir
    rmtree(tempdir, onerror=onerror)
  File "/opt/ohpc/pub/compiler/conda/latest/lib/python3.12/shutil.py", line 759, in rmtree
    _rmtree_safe_fd(stack, onexc)
  File "/opt/ohpc/pub/compiler/conda/latest/lib/python3.12/shutil.py", line 703, in _rmtree_safe_fd
    onexc(func, path, err)
  File "/opt/ohpc/pub/compiler/conda/latest/lib/python3.12/shutil.py", line 750, in onexc
    return onerror(func, path, exc_info)
           ^^^^^^^^^^^^^^^^^^^^^^^^^^^^^
  File "/opt/ohpc/pub/compiler/conda/latest/lib/python3.12/shutil.py", line 700, in _rmtree_safe_fd
    onexc(os.unlink, fullname, err)
  File "/opt/ohpc/pub/compiler/conda/latest/lib/python3.12/shutil.py", line 750, in onexc
    return onerror(func, path, exc_info)
           ^^^^^^^^^^^^^^^^^^^^^^^^^^^^^
  File "/opt/ohpc/pub/compiler/conda/latest/lib/python3.12/shutil.py", line 698, in _rmtree_safe_fd
    os.unlink(entry.name, dir_fd=topfd)
OSError: [Errno 16] Device or resource busy: '/tmp/pymp-ucwo18f1'
Traceback (most recent call last):
  File "/opt/ohpc/pub/compiler/conda/latest/lib/python3.12/multiprocessing/util.py", line 303, in _run_finalizers
    finalizer()
  File "/opt/ohpc/pub/compiler/conda/latest/lib/python3.12/multiprocessing/util.py", line 227, in __call__
    res = self._callback(*self._args, **self._kwargs)
          ^^^^^^^^^^^^^^^^^^^^^^^^^^^^^^^^^^^^^^^^^^^
  File "/opt/ohpc/pub/compiler/conda/latest/lib/python3.12/multiprocessing/util.py", line 136, in _remove_temp_dir
    rmtree(tempdir, onerror=onerror)
  File "/opt/ohpc/pub/compiler/conda/latest/lib/python3.12/shutil.py", line 759, in rmtree
    _rmtree_safe_fd(stack, onexc)
  File "/opt/ohpc/pub/compiler/conda/latest/lib/python3.12/shutil.py", line 703, in _rmtree_safe_fd
    onexc(func, path, err)
  File "/opt/ohpc/pub/compiler/conda/latest/lib/python3.12/shutil.py", line 750, in onexc
    return onerror(func, path, exc_info)
           ^^^^^^^^^^^^^^^^^^^^^^^^^^^^^
  File "/opt/ohpc/pub/compiler/conda/latest/lib/python3.12/shutil.py", line 700, in _rmtree_safe_fd
    onexc(os.unlink, fullname, err)
  File "/opt/ohpc/pub/compiler/conda/latest/lib/python3.12/shutil.py", line 750, in onexc
    return onerror(func, path, exc_info)
           ^^^^^^^^^^^^^^^^^^^^^^^^^^^^^
  File "/opt/ohpc/pub/compiler/conda/latest/lib/python3.12/shutil.py", line 698, in _rmtree_safe_fd
    os.unlink(entry.name, dir_fd=topfd)
OSError: [Errno 16] Device or resource busy: '/tmp/pymp-qi54_9oj'
Traceback (most recent call last):
  File "/opt/ohpc/pub/compiler/conda/latest/lib/python3.12/multiprocessing/util.py", line 303, in _run_finalizers
    finalizer()
  File "/opt/ohpc/pub/compiler/conda/latest/lib/python3.12/multiprocessing/util.py", line 227, in __call__
    res = self._callback(*self._args, **self._kwargs)
          ^^^^^^^^^^^^^^^^^^^^^^^^^^^^^^^^^^^^^^^^^^^
  File "/opt/ohpc/pub/compiler/conda/latest/lib/python3.12/multiprocessing/util.py", line 136, in _remove_temp_dir
    rmtree(tempdir, onerror=onerror)
  File "/opt/ohpc/pub/compiler/conda/latest/lib/python3.12/shutil.py", line 759, in rmtree
    _rmtree_safe_fd(stack, onexc)
  File "/opt/ohpc/pub/compiler/conda/latest/lib/python3.12/shutil.py", line 703, in _rmtree_safe_fd
    onexc(func, path, err)
  File "/opt/ohpc/pub/compiler/conda/latest/lib/python3.12/shutil.py", line 750, in onexc
    return onerror(func, path, exc_info)
           ^^^^^^^^^^^^^^^^^^^^^^^^^^^^^
  File "/opt/ohpc/pub/compiler/conda/latest/lib/python3.12/shutil.py", line 700, in _rmtree_safe_fd
    onexc(os.unlink, fullname, err)
  File "/opt/ohpc/pub/compiler/conda/latest/lib/python3.12/shutil.py", line 750, in onexc
    return onerror(func, path, exc_info)
           ^^^^^^^^^^^^^^^^^^^^^^^^^^^^^
  File "/opt/ohpc/pub/compiler/conda/latest/lib/python3.12/shutil.py", line 698, in _rmtree_safe_fd
    os.unlink(entry.name, dir_fd=topfd)
OSError: [Errno 16] Device or resource busy: '/tmp/pymp-_pwa9rij'
Traceback (most recent call last):
Traceback (most recent call last):
  File "/opt/ohpc/pub/compiler/conda/latest/lib/python3.12/multiprocessing/util.py", line 303, in _run_finalizers
    finalizer()
  File "/opt/ohpc/pub/compiler/conda/latest/lib/python3.12/multiprocessing/util.py", line 303, in _run_finalizers
    finalizer()
  File "/opt/ohpc/pub/compiler/conda/latest/lib/python3.12/multiprocessing/util.py", line 227, in __call__
    res = self._callback(*self._args, **self._kwargs)
          ^^^^^^^^^^^^^^^^^^^^^^^^^^^^^^^^^^^^^^^^^^^
  File "/opt/ohpc/pub/compiler/conda/latest/lib/python3.12/multiprocessing/util.py", line 227, in __call__
    res = self._callback(*self._args, **self._kwargs)
          ^^^^^^^^^^^^^^^^^^^^^^^^^^^^^^^^^^^^^^^^^^^
  File "/opt/ohpc/pub/compiler/conda/latest/lib/python3.12/multiprocessing/util.py", line 136, in _remove_temp_dir
    rmtree(tempdir, onerror=onerror)
  File "/opt/ohpc/pub/compiler/conda/latest/lib/python3.12/multiprocessing/util.py", line 136, in _remove_temp_dir
    rmtree(tempdir, onerror=onerror)
  File "/opt/ohpc/pub/compiler/conda/latest/lib/python3.12/shutil.py", line 759, in rmtree
    _rmtree_safe_fd(stack, onexc)
  File "/opt/ohpc/pub/compiler/conda/latest/lib/python3.12/shutil.py", line 759, in rmtree
    _rmtree_safe_fd(stack, onexc)
  File "/opt/ohpc/pub/compiler/conda/latest/lib/python3.12/shutil.py", line 703, in _rmtree_safe_fd
    onexc(func, path, err)
  File "/opt/ohpc/pub/compiler/conda/latest/lib/python3.12/shutil.py", line 703, in _rmtree_safe_fd
    onexc(func, path, err)
  File "/opt/ohpc/pub/compiler/conda/latest/lib/python3.12/shutil.py", line 750, in onexc
    return onerror(func, path, exc_info)
           ^^^^^^^^^^^^^^^^^^^^^^^^^^^^^
  File "/opt/ohpc/pub/compiler/conda/latest/lib/python3.12/shutil.py", line 750, in onexc
    return onerror(func, path, exc_info)
           ^^^^^^^^^^^^^^^^^^^^^^^^^^^^^
  File "/opt/ohpc/pub/compiler/conda/latest/lib/python3.12/shutil.py", line 700, in _rmtree_safe_fd
    onexc(os.unlink, fullname, err)
  File "/opt/ohpc/pub/compiler/conda/latest/lib/python3.12/shutil.py", line 700, in _rmtree_safe_fd
    onexc(os.unlink, fullname, err)
  File "/opt/ohpc/pub/compiler/conda/latest/lib/python3.12/shutil.py", line 750, in onexc
    return onerror(func, path, exc_info)
           ^^^^^^^^^^^^^^^^^^^^^^^^^^^^^
  File "/opt/ohpc/pub/compiler/conda/latest/lib/python3.12/shutil.py", line 750, in onexc
    return onerror(func, path, exc_info)
           ^^^^^^^^^^^^^^^^^^^^^^^^^^^^^
  File "/opt/ohpc/pub/compiler/conda/latest/lib/python3.12/shutil.py", line 698, in _rmtree_safe_fd
    os.unlink(entry.name, dir_fd=topfd)
  File "/opt/ohpc/pub/compiler/conda/latest/lib/python3.12/shutil.py", line 698, in _rmtree_safe_fd
    os.unlink(entry.name, dir_fd=topfd)
OSError: [Errno 16] Device or resource busy: '/tmp/pymp-vxc6f7nx'
OSError: [Errno 16] Device or resource busy: '/tmp/pymp-0z2751vl'
Traceback (most recent call last):
Traceback (most recent call last):
Traceback (most recent call last):
  File "/opt/ohpc/pub/compiler/conda/latest/lib/python3.12/multiprocessing/util.py", line 303, in _run_finalizers
    finalizer()
  File "/opt/ohpc/pub/compiler/conda/latest/lib/python3.12/multiprocessing/util.py", line 227, in __call__
    res = self._callback(*self._args, **self._kwargs)
          ^^^^^^^^^^^^^^^^^^^^^^^^^^^^^^^^^^^^^^^^^^^
  File "/opt/ohpc/pub/compiler/conda/latest/lib/python3.12/multiprocessing/util.py", line 136, in _remove_temp_dir
    rmtree(tempdir, onerror=onerror)
  File "/opt/ohpc/pub/compiler/conda/latest/lib/python3.12/shutil.py", line 759, in rmtree
    _rmtree_safe_fd(stack, onexc)
Traceback (most recent call last):
  File "/opt/ohpc/pub/compiler/conda/latest/lib/python3.12/shutil.py", line 703, in _rmtree_safe_fd
    onexc(func, path, err)
  File "/opt/ohpc/pub/compiler/conda/latest/lib/python3.12/shutil.py", line 750, in onexc
    return onerror(func, path, exc_info)
           ^^^^^^^^^^^^^^^^^^^^^^^^^^^^^
  File "/opt/ohpc/pub/compiler/conda/latest/lib/python3.12/shutil.py", line 700, in _rmtree_safe_fd
    onexc(os.unlink, fullname, err)
  File "/opt/ohpc/pub/compiler/conda/latest/lib/python3.12/shutil.py", line 750, in onexc
    return onerror(func, path, exc_info)
           ^^^^^^^^^^^^^^^^^^^^^^^^^^^^^
  File "/opt/ohpc/pub/compiler/conda/latest/lib/python3.12/shutil.py", line 698, in _rmtree_safe_fd
    os.unlink(entry.name, dir_fd=topfd)
OSError: [Errno 16] Device or resource busy: '/tmp/pymp-ga4hg48n'
Traceback (most recent call last):
  File "/opt/ohpc/pub/compiler/conda/latest/lib/python3.12/multiprocessing/util.py", line 303, in _run_finalizers
    finalizer()
  File "/opt/ohpc/pub/compiler/conda/latest/lib/python3.12/multiprocessing/util.py", line 227, in __call__
    res = self._callback(*self._args, **self._kwargs)
          ^^^^^^^^^^^^^^^^^^^^^^^^^^^^^^^^^^^^^^^^^^^
  File "/opt/ohpc/pub/compiler/conda/latest/lib/python3.12/multiprocessing/util.py", line 136, in _remove_temp_dir
    rmtree(tempdir, onerror=onerror)
  File "/opt/ohpc/pub/compiler/conda/latest/lib/python3.12/shutil.py", line 759, in rmtree
    _rmtree_safe_fd(stack, onexc)
  File "/opt/ohpc/pub/compiler/conda/latest/lib/python3.12/shutil.py", line 703, in _rmtree_safe_fd
    onexc(func, path, err)
  File "/opt/ohpc/pub/compiler/conda/latest/lib/python3.12/shutil.py", line 750, in onexc
    return onerror(func, path, exc_info)
           ^^^^^^^^^^^^^^^^^^^^^^^^^^^^^
  File "/opt/ohpc/pub/compiler/conda/latest/lib/python3.12/shutil.py", line 700, in _rmtree_safe_fd
    onexc(os.unlink, fullname, err)
  File "/opt/ohpc/pub/compiler/conda/latest/lib/python3.12/shutil.py", line 750, in onexc
    return onerror(func, path, exc_info)
           ^^^^^^^^^^^^^^^^^^^^^^^^^^^^^
  File "/opt/ohpc/pub/compiler/conda/latest/lib/python3.12/shutil.py", line 698, in _rmtree_safe_fd
    os.unlink(entry.name, dir_fd=topfd)
OSError: [Errno 16] Device or resource busy: '/tmp/pymp-32z2gezk'
  File "/opt/ohpc/pub/compiler/conda/latest/lib/python3.12/multiprocessing/util.py", line 303, in _run_finalizers
    finalizer()
  File "/opt/ohpc/pub/compiler/conda/latest/lib/python3.12/multiprocessing/util.py", line 227, in __call__
    res = self._callback(*self._args, **self._kwargs)
          ^^^^^^^^^^^^^^^^^^^^^^^^^^^^^^^^^^^^^^^^^^^
  File "/opt/ohpc/pub/compiler/conda/latest/lib/python3.12/multiprocessing/util.py", line 136, in _remove_temp_dir
    rmtree(tempdir, onerror=onerror)
  File "/opt/ohpc/pub/compiler/conda/latest/lib/python3.12/shutil.py", line 759, in rmtree
    _rmtree_safe_fd(stack, onexc)
  File "/opt/ohpc/pub/compiler/conda/latest/lib/python3.12/shutil.py", line 703, in _rmtree_safe_fd
    onexc(func, path, err)
  File "/opt/ohpc/pub/compiler/conda/latest/lib/python3.12/shutil.py", line 750, in onexc
    return onerror(func, path, exc_info)
           ^^^^^^^^^^^^^^^^^^^^^^^^^^^^^
  File "/opt/ohpc/pub/compiler/conda/latest/lib/python3.12/shutil.py", line 700, in _rmtree_safe_fd
    onexc(os.unlink, fullname, err)
  File "/opt/ohpc/pub/compiler/conda/latest/lib/python3.12/shutil.py", line 750, in onexc
    return onerror(func, path, exc_info)
           ^^^^^^^^^^^^^^^^^^^^^^^^^^^^^
  File "/opt/ohpc/pub/compiler/conda/latest/lib/python3.12/shutil.py", line 698, in _rmtree_safe_fd
    os.unlink(entry.name, dir_fd=topfd)
OSError: [Errno 16] Device or resource busy: '/tmp/pymp-z5rlg4ge'
  File "/opt/ohpc/pub/compiler/conda/latest/lib/python3.12/multiprocessing/util.py", line 303, in _run_finalizers
    finalizer()
  File "/opt/ohpc/pub/compiler/conda/latest/lib/python3.12/multiprocessing/util.py", line 227, in __call__
    res = self._callback(*self._args, **self._kwargs)
          ^^^^^^^^^^^^^^^^^^^^^^^^^^^^^^^^^^^^^^^^^^^
  File "/opt/ohpc/pub/compiler/conda/latest/lib/python3.12/multiprocessing/util.py", line 136, in _remove_temp_dir
    rmtree(tempdir, onerror=onerror)
  File "/opt/ohpc/pub/compiler/conda/latest/lib/python3.12/shutil.py", line 759, in rmtree
    _rmtree_safe_fd(stack, onexc)
  File "/opt/ohpc/pub/compiler/conda/latest/lib/python3.12/shutil.py", line 703, in _rmtree_safe_fd
    onexc(func, path, err)
Traceback (most recent call last):
  File "/opt/ohpc/pub/compiler/conda/latest/lib/python3.12/shutil.py", line 750, in onexc
    return onerror(func, path, exc_info)
           ^^^^^^^^^^^^^^^^^^^^^^^^^^^^^
  File "/opt/ohpc/pub/compiler/conda/latest/lib/python3.12/shutil.py", line 700, in _rmtree_safe_fd
    onexc(os.unlink, fullname, err)
  File "/opt/ohpc/pub/compiler/conda/latest/lib/python3.12/shutil.py", line 750, in onexc
    return onerror(func, path, exc_info)
           ^^^^^^^^^^^^^^^^^^^^^^^^^^^^^
  File "/opt/ohpc/pub/compiler/conda/latest/lib/python3.12/shutil.py", line 698, in _rmtree_safe_fd
    os.unlink(entry.name, dir_fd=topfd)
OSError: [Errno 16] Device or resource busy: '/tmp/pymp-2z8cnsqo'
  File "/opt/ohpc/pub/compiler/conda/latest/lib/python3.12/multiprocessing/util.py", line 303, in _run_finalizers
    finalizer()
  File "/opt/ohpc/pub/compiler/conda/latest/lib/python3.12/multiprocessing/util.py", line 227, in __call__
    res = self._callback(*self._args, **self._kwargs)
          ^^^^^^^^^^^^^^^^^^^^^^^^^^^^^^^^^^^^^^^^^^^
  File "/opt/ohpc/pub/compiler/conda/latest/lib/python3.12/multiprocessing/util.py", line 136, in _remove_temp_dir
    rmtree(tempdir, onerror=onerror)
  File "/opt/ohpc/pub/compiler/conda/latest/lib/python3.12/shutil.py", line 759, in rmtree
    _rmtree_safe_fd(stack, onexc)
  File "/opt/ohpc/pub/compiler/conda/latest/lib/python3.12/shutil.py", line 703, in _rmtree_safe_fd
    onexc(func, path, err)
  File "/opt/ohpc/pub/compiler/conda/latest/lib/python3.12/shutil.py", line 750, in onexc
    return onerror(func, path, exc_info)
           ^^^^^^^^^^^^^^^^^^^^^^^^^^^^^
  File "/opt/ohpc/pub/compiler/conda/latest/lib/python3.12/shutil.py", line 700, in _rmtree_safe_fd
    onexc(os.unlink, fullname, err)
  File "/opt/ohpc/pub/compiler/conda/latest/lib/python3.12/shutil.py", line 750, in onexc
    return onerror(func, path, exc_info)
           ^^^^^^^^^^^^^^^^^^^^^^^^^^^^^
  File "/opt/ohpc/pub/compiler/conda/latest/lib/python3.12/shutil.py", line 698, in _rmtree_safe_fd
    os.unlink(entry.name, dir_fd=topfd)
OSError: [Errno 16] Device or resource busy: '/tmp/pymp-ggi0m0lc'
  File "/opt/ohpc/pub/compiler/conda/latest/lib/python3.12/multiprocessing/util.py", line 303, in _run_finalizers
    finalizer()
  File "/opt/ohpc/pub/compiler/conda/latest/lib/python3.12/multiprocessing/util.py", line 227, in __call__
    res = self._callback(*self._args, **self._kwargs)
          ^^^^^^^^^^^^^^^^^^^^^^^^^^^^^^^^^^^^^^^^^^^
  File "/opt/ohpc/pub/compiler/conda/latest/lib/python3.12/multiprocessing/util.py", line 136, in _remove_temp_dir
    rmtree(tempdir, onerror=onerror)
  File "/opt/ohpc/pub/compiler/conda/latest/lib/python3.12/shutil.py", line 759, in rmtree
    _rmtree_safe_fd(stack, onexc)
  File "/opt/ohpc/pub/compiler/conda/latest/lib/python3.12/shutil.py", line 703, in _rmtree_safe_fd
    onexc(func, path, err)
  File "/opt/ohpc/pub/compiler/conda/latest/lib/python3.12/shutil.py", line 750, in onexc
    return onerror(func, path, exc_info)
           ^^^^^^^^^^^^^^^^^^^^^^^^^^^^^
  File "/opt/ohpc/pub/compiler/conda/latest/lib/python3.12/shutil.py", line 700, in _rmtree_safe_fd
    onexc(os.unlink, fullname, err)
  File "/opt/ohpc/pub/compiler/conda/latest/lib/python3.12/shutil.py", line 750, in onexc
    return onerror(func, path, exc_info)
           ^^^^^^^^^^^^^^^^^^^^^^^^^^^^^
  File "/opt/ohpc/pub/compiler/conda/latest/lib/python3.12/shutil.py", line 698, in _rmtree_safe_fd
    os.unlink(entry.name, dir_fd=topfd)
OSError: [Errno 16] Device or resource busy: '/tmp/pymp-k_l2t24s'
Traceback (most recent call last):
  File "/opt/ohpc/pub/compiler/conda/latest/lib/python3.12/multiprocessing/util.py", line 303, in _run_finalizers
    finalizer()
  File "/opt/ohpc/pub/compiler/conda/latest/lib/python3.12/multiprocessing/util.py", line 227, in __call__
    res = self._callback(*self._args, **self._kwargs)
          ^^^^^^^^^^^^^^^^^^^^^^^^^^^^^^^^^^^^^^^^^^^
  File "/opt/ohpc/pub/compiler/conda/latest/lib/python3.12/multiprocessing/util.py", line 136, in _remove_temp_dir
    rmtree(tempdir, onerror=onerror)
  File "/opt/ohpc/pub/compiler/conda/latest/lib/python3.12/shutil.py", line 759, in rmtree
    _rmtree_safe_fd(stack, onexc)
  File "/opt/ohpc/pub/compiler/conda/latest/lib/python3.12/shutil.py", line 703, in _rmtree_safe_fd
    onexc(func, path, err)
  File "/opt/ohpc/pub/compiler/conda/latest/lib/python3.12/shutil.py", line 750, in onexc
    return onerror(func, path, exc_info)
           ^^^^^^^^^^^^^^^^^^^^^^^^^^^^^
  File "/opt/ohpc/pub/compiler/conda/latest/lib/python3.12/shutil.py", line 700, in _rmtree_safe_fd
    onexc(os.unlink, fullname, err)
  File "/opt/ohpc/pub/compiler/conda/latest/lib/python3.12/shutil.py", line 750, in onexc
    return onerror(func, path, exc_info)
           ^^^^^^^^^^^^^^^^^^^^^^^^^^^^^
  File "/opt/ohpc/pub/compiler/conda/latest/lib/python3.12/shutil.py", line 698, in _rmtree_safe_fd
    os.unlink(entry.name, dir_fd=topfd)
OSError: [Errno 16] Device or resource busy: '/tmp/pymp-5_sgd4ih'
Traceback (most recent call last):
  File "/opt/ohpc/pub/compiler/conda/latest/lib/python3.12/multiprocessing/util.py", line 303, in _run_finalizers
    finalizer()
  File "/opt/ohpc/pub/compiler/conda/latest/lib/python3.12/multiprocessing/util.py", line 227, in __call__
    res = self._callback(*self._args, **self._kwargs)
          ^^^^^^^^^^^^^^^^^^^^^^^^^^^^^^^^^^^^^^^^^^^
  File "/opt/ohpc/pub/compiler/conda/latest/lib/python3.12/multiprocessing/util.py", line 136, in _remove_temp_dir
    rmtree(tempdir, onerror=onerror)
  File "/opt/ohpc/pub/compiler/conda/latest/lib/python3.12/shutil.py", line 759, in rmtree
    _rmtree_safe_fd(stack, onexc)
  File "/opt/ohpc/pub/compiler/conda/latest/lib/python3.12/shutil.py", line 703, in _rmtree_safe_fd
    onexc(func, path, err)
  File "/opt/ohpc/pub/compiler/conda/latest/lib/python3.12/shutil.py", line 750, in onexc
    return onerror(func, path, exc_info)
           ^^^^^^^^^^^^^^^^^^^^^^^^^^^^^
  File "/opt/ohpc/pub/compiler/conda/latest/lib/python3.12/shutil.py", line 700, in _rmtree_safe_fd
    onexc(os.unlink, fullname, err)
  File "/opt/ohpc/pub/compiler/conda/latest/lib/python3.12/shutil.py", line 750, in onexc
    return onerror(func, path, exc_info)
           ^^^^^^^^^^^^^^^^^^^^^^^^^^^^^
  File "/opt/ohpc/pub/compiler/conda/latest/lib/python3.12/shutil.py", line 698, in _rmtree_safe_fd
    os.unlink(entry.name, dir_fd=topfd)
OSError: [Errno 16] Device or resource busy: '/tmp/pymp-f7nw31jq'
[val 009] loss=-0.8847 z_std=0.0445 rankme=13.060 lidar=5.283 areq=2.027 pr=1.25 align=0.1328 unif=-0.871 converged=True collapsed=False
  e010 it0000/62 lr=0.0031 loss=-0.8849 z_std=0.0604
  e010 it0010/62 lr=0.0031 loss=-0.8830 z_std=0.0611
  e010 it0020/62 lr=0.0031 loss=-0.8828 z_std=0.0615
  e010 it0030/62 lr=0.0031 loss=-0.8859 z_std=0.0616
  e010 it0040/62 lr=0.0031 loss=-0.8918 z_std=0.0616
  e010 it0050/62 lr=0.0031 loss=-0.8956 z_std=0.0615
  e010 it0060/62 lr=0.0031 loss=-0.8972 z_std=0.0615
[epoch 010] loss=-0.8973 z_std=0.0615 (healthy~0.0625) time=205.5s
Traceback (most recent call last):
Traceback (most recent call last):
Traceback (most recent call last):
Traceback (most recent call last):
Traceback (most recent call last):
Traceback (most recent call last):
Traceback (most recent call last):
Traceback (most recent call last):
Traceback (most recent call last):
  File "/opt/ohpc/pub/compiler/conda/latest/lib/python3.12/multiprocessing/util.py", line 303, in _run_finalizers
    finalizer()
  File "/opt/ohpc/pub/compiler/conda/latest/lib/python3.12/multiprocessing/util.py", line 227, in __call__
    res = self._callback(*self._args, **self._kwargs)
          ^^^^^^^^^^^^^^^^^^^^^^^^^^^^^^^^^^^^^^^^^^^
  File "/opt/ohpc/pub/compiler/conda/latest/lib/python3.12/multiprocessing/util.py", line 136, in _remove_temp_dir
    rmtree(tempdir, onerror=onerror)
  File "/opt/ohpc/pub/compiler/conda/latest/lib/python3.12/shutil.py", line 759, in rmtree
    _rmtree_safe_fd(stack, onexc)
  File "/opt/ohpc/pub/compiler/conda/latest/lib/python3.12/shutil.py", line 703, in _rmtree_safe_fd
    onexc(func, path, err)
  File "/opt/ohpc/pub/compiler/conda/latest/lib/python3.12/shutil.py", line 750, in onexc
    return onerror(func, path, exc_info)
           ^^^^^^^^^^^^^^^^^^^^^^^^^^^^^
  File "/opt/ohpc/pub/compiler/conda/latest/lib/python3.12/shutil.py", line 700, in _rmtree_safe_fd
    onexc(os.unlink, fullname, err)
  File "/opt/ohpc/pub/compiler/conda/latest/lib/python3.12/shutil.py", line 750, in onexc
    return onerror(func, path, exc_info)
           ^^^^^^^^^^^^^^^^^^^^^^^^^^^^^
  File "/opt/ohpc/pub/compiler/conda/latest/lib/python3.12/shutil.py", line 698, in _rmtree_safe_fd
    os.unlink(entry.name, dir_fd=topfd)
  File "/opt/ohpc/pub/compiler/conda/latest/lib/python3.12/multiprocessing/util.py", line 303, in _run_finalizers
    finalizer()
OSError: [Errno 16] Device or resource busy: '/tmp/pymp-fe36vbmr'
  File "/opt/ohpc/pub/compiler/conda/latest/lib/python3.12/multiprocessing/util.py", line 227, in __call__
    res = self._callback(*self._args, **self._kwargs)
          ^^^^^^^^^^^^^^^^^^^^^^^^^^^^^^^^^^^^^^^^^^^
  File "/opt/ohpc/pub/compiler/conda/latest/lib/python3.12/multiprocessing/util.py", line 136, in _remove_temp_dir
    rmtree(tempdir, onerror=onerror)
  File "/opt/ohpc/pub/compiler/conda/latest/lib/python3.12/shutil.py", line 759, in rmtree
    _rmtree_safe_fd(stack, onexc)
  File "/opt/ohpc/pub/compiler/conda/latest/lib/python3.12/shutil.py", line 703, in _rmtree_safe_fd
    onexc(func, path, err)
  File "/opt/ohpc/pub/compiler/conda/latest/lib/python3.12/shutil.py", line 750, in onexc
    return onerror(func, path, exc_info)
           ^^^^^^^^^^^^^^^^^^^^^^^^^^^^^
  File "/opt/ohpc/pub/compiler/conda/latest/lib/python3.12/shutil.py", line 700, in _rmtree_safe_fd
    onexc(os.unlink, fullname, err)
  File "/opt/ohpc/pub/compiler/conda/latest/lib/python3.12/multiprocessing/util.py", line 303, in _run_finalizers
    finalizer()
  File "/opt/ohpc/pub/compiler/conda/latest/lib/python3.12/shutil.py", line 750, in onexc
    return onerror(func, path, exc_info)
           ^^^^^^^^^^^^^^^^^^^^^^^^^^^^^
  File "/opt/ohpc/pub/compiler/conda/latest/lib/python3.12/shutil.py", line 698, in _rmtree_safe_fd
    os.unlink(entry.name, dir_fd=topfd)
  File "/opt/ohpc/pub/compiler/conda/latest/lib/python3.12/multiprocessing/util.py", line 227, in __call__
    res = self._callback(*self._args, **self._kwargs)
          ^^^^^^^^^^^^^^^^^^^^^^^^^^^^^^^^^^^^^^^^^^^
  File "/opt/ohpc/pub/compiler/conda/latest/lib/python3.12/multiprocessing/util.py", line 303, in _run_finalizers
    finalizer()
  File "/opt/ohpc/pub/compiler/conda/latest/lib/python3.12/multiprocessing/util.py", line 136, in _remove_temp_dir
    rmtree(tempdir, onerror=onerror)
  File "/opt/ohpc/pub/compiler/conda/latest/lib/python3.12/shutil.py", line 759, in rmtree
    _rmtree_safe_fd(stack, onexc)
  File "/opt/ohpc/pub/compiler/conda/latest/lib/python3.12/multiprocessing/util.py", line 227, in __call__
    res = self._callback(*self._args, **self._kwargs)
          ^^^^^^^^^^^^^^^^^^^^^^^^^^^^^^^^^^^^^^^^^^^
  File "/opt/ohpc/pub/compiler/conda/latest/lib/python3.12/shutil.py", line 703, in _rmtree_safe_fd
    onexc(func, path, err)
OSError: [Errno 16] Device or resource busy: '/tmp/pymp-ff1sp4vh'
  File "/opt/ohpc/pub/compiler/conda/latest/lib/python3.12/multiprocessing/util.py", line 136, in _remove_temp_dir
    rmtree(tempdir, onerror=onerror)
  File "/opt/ohpc/pub/compiler/conda/latest/lib/python3.12/shutil.py", line 750, in onexc
    return onerror(func, path, exc_info)
           ^^^^^^^^^^^^^^^^^^^^^^^^^^^^^
  File "/opt/ohpc/pub/compiler/conda/latest/lib/python3.12/shutil.py", line 759, in rmtree
    _rmtree_safe_fd(stack, onexc)
  File "/opt/ohpc/pub/compiler/conda/latest/lib/python3.12/shutil.py", line 700, in _rmtree_safe_fd
    onexc(os.unlink, fullname, err)
  File "/opt/ohpc/pub/compiler/conda/latest/lib/python3.12/shutil.py", line 703, in _rmtree_safe_fd
    onexc(func, path, err)
  File "/opt/ohpc/pub/compiler/conda/latest/lib/python3.12/shutil.py", line 750, in onexc
    return onerror(func, path, exc_info)
           ^^^^^^^^^^^^^^^^^^^^^^^^^^^^^
  File "/opt/ohpc/pub/compiler/conda/latest/lib/python3.12/shutil.py", line 750, in onexc
    return onerror(func, path, exc_info)
           ^^^^^^^^^^^^^^^^^^^^^^^^^^^^^
  File "/opt/ohpc/pub/compiler/conda/latest/lib/python3.12/shutil.py", line 698, in _rmtree_safe_fd
    os.unlink(entry.name, dir_fd=topfd)
  File "/opt/ohpc/pub/compiler/conda/latest/lib/python3.12/shutil.py", line 700, in _rmtree_safe_fd
    onexc(os.unlink, fullname, err)
  File "/opt/ohpc/pub/compiler/conda/latest/lib/python3.12/shutil.py", line 750, in onexc
    return onerror(func, path, exc_info)
           ^^^^^^^^^^^^^^^^^^^^^^^^^^^^^
  File "/opt/ohpc/pub/compiler/conda/latest/lib/python3.12/shutil.py", line 698, in _rmtree_safe_fd
    os.unlink(entry.name, dir_fd=topfd)
OSError: [Errno 16] Device or resource busy: '/tmp/pymp-8_frk9io'
OSError: [Errno 16] Device or resource busy: '/tmp/pymp-7cqmjrc7'
  File "/opt/ohpc/pub/compiler/conda/latest/lib/python3.12/multiprocessing/util.py", line 303, in _run_finalizers
    finalizer()
  File "/opt/ohpc/pub/compiler/conda/latest/lib/python3.12/multiprocessing/util.py", line 227, in __call__
    res = self._callback(*self._args, **self._kwargs)
          ^^^^^^^^^^^^^^^^^^^^^^^^^^^^^^^^^^^^^^^^^^^
  File "/opt/ohpc/pub/compiler/conda/latest/lib/python3.12/multiprocessing/util.py", line 136, in _remove_temp_dir
    rmtree(tempdir, onerror=onerror)
  File "/opt/ohpc/pub/compiler/conda/latest/lib/python3.12/shutil.py", line 759, in rmtree
    _rmtree_safe_fd(stack, onexc)
  File "/opt/ohpc/pub/compiler/conda/latest/lib/python3.12/shutil.py", line 703, in _rmtree_safe_fd
    onexc(func, path, err)
  File "/opt/ohpc/pub/compiler/conda/latest/lib/python3.12/shutil.py", line 750, in onexc
    return onerror(func, path, exc_info)
           ^^^^^^^^^^^^^^^^^^^^^^^^^^^^^
  File "/opt/ohpc/pub/compiler/conda/latest/lib/python3.12/shutil.py", line 700, in _rmtree_safe_fd
    onexc(os.unlink, fullname, err)
  File "/opt/ohpc/pub/compiler/conda/latest/lib/python3.12/shutil.py", line 750, in onexc
    return onerror(func, path, exc_info)
           ^^^^^^^^^^^^^^^^^^^^^^^^^^^^^
  File "/opt/ohpc/pub/compiler/conda/latest/lib/python3.12/shutil.py", line 698, in _rmtree_safe_fd
    os.unlink(entry.name, dir_fd=topfd)
OSError: [Errno 16] Device or resource busy: '/tmp/pymp-ios0r7k9'
  File "/opt/ohpc/pub/compiler/conda/latest/lib/python3.12/multiprocessing/util.py", line 303, in _run_finalizers
    finalizer()
  File "/opt/ohpc/pub/compiler/conda/latest/lib/python3.12/multiprocessing/util.py", line 227, in __call__
    res = self._callback(*self._args, **self._kwargs)
          ^^^^^^^^^^^^^^^^^^^^^^^^^^^^^^^^^^^^^^^^^^^
  File "/opt/ohpc/pub/compiler/conda/latest/lib/python3.12/multiprocessing/util.py", line 136, in _remove_temp_dir
    rmtree(tempdir, onerror=onerror)
  File "/opt/ohpc/pub/compiler/conda/latest/lib/python3.12/shutil.py", line 759, in rmtree
    _rmtree_safe_fd(stack, onexc)
  File "/opt/ohpc/pub/compiler/conda/latest/lib/python3.12/shutil.py", line 703, in _rmtree_safe_fd
    onexc(func, path, err)
  File "/opt/ohpc/pub/compiler/conda/latest/lib/python3.12/shutil.py", line 750, in onexc
    return onerror(func, path, exc_info)
           ^^^^^^^^^^^^^^^^^^^^^^^^^^^^^
  File "/opt/ohpc/pub/compiler/conda/latest/lib/python3.12/shutil.py", line 700, in _rmtree_safe_fd
    onexc(os.unlink, fullname, err)
  File "/opt/ohpc/pub/compiler/conda/latest/lib/python3.12/shutil.py", line 750, in onexc
    return onerror(func, path, exc_info)
           ^^^^^^^^^^^^^^^^^^^^^^^^^^^^^
  File "/opt/ohpc/pub/compiler/conda/latest/lib/python3.12/shutil.py", line 698, in _rmtree_safe_fd
    os.unlink(entry.name, dir_fd=topfd)
  File "/opt/ohpc/pub/compiler/conda/latest/lib/python3.12/multiprocessing/util.py", line 303, in _run_finalizers
    finalizer()
  File "/opt/ohpc/pub/compiler/conda/latest/lib/python3.12/multiprocessing/util.py", line 303, in _run_finalizers
    finalizer()
  File "/opt/ohpc/pub/compiler/conda/latest/lib/python3.12/multiprocessing/util.py", line 227, in __call__
    res = self._callback(*self._args, **self._kwargs)
          ^^^^^^^^^^^^^^^^^^^^^^^^^^^^^^^^^^^^^^^^^^^
OSError: [Errno 16] Device or resource busy: '/tmp/pymp-i6bgvm6f'
  File "/opt/ohpc/pub/compiler/conda/latest/lib/python3.12/multiprocessing/util.py", line 227, in __call__
    res = self._callback(*self._args, **self._kwargs)
          ^^^^^^^^^^^^^^^^^^^^^^^^^^^^^^^^^^^^^^^^^^^
  File "/opt/ohpc/pub/compiler/conda/latest/lib/python3.12/multiprocessing/util.py", line 136, in _remove_temp_dir
    rmtree(tempdir, onerror=onerror)
  File "/opt/ohpc/pub/compiler/conda/latest/lib/python3.12/shutil.py", line 759, in rmtree
    _rmtree_safe_fd(stack, onexc)
  File "/opt/ohpc/pub/compiler/conda/latest/lib/python3.12/multiprocessing/util.py", line 136, in _remove_temp_dir
    rmtree(tempdir, onerror=onerror)
  File "/opt/ohpc/pub/compiler/conda/latest/lib/python3.12/shutil.py", line 703, in _rmtree_safe_fd
    onexc(func, path, err)
  File "/opt/ohpc/pub/compiler/conda/latest/lib/python3.12/shutil.py", line 759, in rmtree
    _rmtree_safe_fd(stack, onexc)
  File "/opt/ohpc/pub/compiler/conda/latest/lib/python3.12/shutil.py", line 750, in onexc
    return onerror(func, path, exc_info)
           ^^^^^^^^^^^^^^^^^^^^^^^^^^^^^
  File "/opt/ohpc/pub/compiler/conda/latest/lib/python3.12/shutil.py", line 703, in _rmtree_safe_fd
    onexc(func, path, err)
  File "/opt/ohpc/pub/compiler/conda/latest/lib/python3.12/shutil.py", line 700, in _rmtree_safe_fd
    onexc(os.unlink, fullname, err)
  File "/opt/ohpc/pub/compiler/conda/latest/lib/python3.12/shutil.py", line 750, in onexc
    return onerror(func, path, exc_info)
           ^^^^^^^^^^^^^^^^^^^^^^^^^^^^^
  File "/opt/ohpc/pub/compiler/conda/latest/lib/python3.12/shutil.py", line 750, in onexc
    return onerror(func, path, exc_info)
           ^^^^^^^^^^^^^^^^^^^^^^^^^^^^^
  File "/opt/ohpc/pub/compiler/conda/latest/lib/python3.12/shutil.py", line 698, in _rmtree_safe_fd
    os.unlink(entry.name, dir_fd=topfd)
  File "/opt/ohpc/pub/compiler/conda/latest/lib/python3.12/shutil.py", line 700, in _rmtree_safe_fd
    onexc(os.unlink, fullname, err)
  File "/opt/ohpc/pub/compiler/conda/latest/lib/python3.12/shutil.py", line 750, in onexc
    return onerror(func, path, exc_info)
           ^^^^^^^^^^^^^^^^^^^^^^^^^^^^^
  File "/opt/ohpc/pub/compiler/conda/latest/lib/python3.12/shutil.py", line 698, in _rmtree_safe_fd
    os.unlink(entry.name, dir_fd=topfd)
OSError: [Errno 16] Device or resource busy: '/tmp/pymp-t7zg8lis'
OSError: [Errno 16] Device or resource busy: '/tmp/pymp-0m1o6hq9'
  File "/opt/ohpc/pub/compiler/conda/latest/lib/python3.12/multiprocessing/util.py", line 303, in _run_finalizers
    finalizer()
  File "/opt/ohpc/pub/compiler/conda/latest/lib/python3.12/multiprocessing/util.py", line 227, in __call__
    res = self._callback(*self._args, **self._kwargs)
          ^^^^^^^^^^^^^^^^^^^^^^^^^^^^^^^^^^^^^^^^^^^
  File "/opt/ohpc/pub/compiler/conda/latest/lib/python3.12/multiprocessing/util.py", line 136, in _remove_temp_dir
    rmtree(tempdir, onerror=onerror)
  File "/opt/ohpc/pub/compiler/conda/latest/lib/python3.12/shutil.py", line 759, in rmtree
    _rmtree_safe_fd(stack, onexc)
  File "/opt/ohpc/pub/compiler/conda/latest/lib/python3.12/shutil.py", line 703, in _rmtree_safe_fd
    onexc(func, path, err)
  File "/opt/ohpc/pub/compiler/conda/latest/lib/python3.12/shutil.py", line 750, in onexc
    return onerror(func, path, exc_info)
           ^^^^^^^^^^^^^^^^^^^^^^^^^^^^^
  File "/opt/ohpc/pub/compiler/conda/latest/lib/python3.12/shutil.py", line 700, in _rmtree_safe_fd
    onexc(os.unlink, fullname, err)
  File "/opt/ohpc/pub/compiler/conda/latest/lib/python3.12/shutil.py", line 750, in onexc
    return onerror(func, path, exc_info)
           ^^^^^^^^^^^^^^^^^^^^^^^^^^^^^
  File "/opt/ohpc/pub/compiler/conda/latest/lib/python3.12/shutil.py", line 698, in _rmtree_safe_fd
    os.unlink(entry.name, dir_fd=topfd)
OSError: [Errno 16] Device or resource busy: '/tmp/pymp-n683c22s'
Traceback (most recent call last):
  File "/opt/ohpc/pub/compiler/conda/latest/lib/python3.12/multiprocessing/util.py", line 303, in _run_finalizers
    finalizer()
  File "/opt/ohpc/pub/compiler/conda/latest/lib/python3.12/multiprocessing/util.py", line 227, in __call__
    res = self._callback(*self._args, **self._kwargs)
          ^^^^^^^^^^^^^^^^^^^^^^^^^^^^^^^^^^^^^^^^^^^
  File "/opt/ohpc/pub/compiler/conda/latest/lib/python3.12/multiprocessing/util.py", line 136, in _remove_temp_dir
    rmtree(tempdir, onerror=onerror)
  File "/opt/ohpc/pub/compiler/conda/latest/lib/python3.12/shutil.py", line 759, in rmtree
    _rmtree_safe_fd(stack, onexc)
  File "/opt/ohpc/pub/compiler/conda/latest/lib/python3.12/shutil.py", line 703, in _rmtree_safe_fd
    onexc(func, path, err)
  File "/opt/ohpc/pub/compiler/conda/latest/lib/python3.12/shutil.py", line 750, in onexc
    return onerror(func, path, exc_info)
           ^^^^^^^^^^^^^^^^^^^^^^^^^^^^^
  File "/opt/ohpc/pub/compiler/conda/latest/lib/python3.12/shutil.py", line 700, in _rmtree_safe_fd
    onexc(os.unlink, fullname, err)
  File "/opt/ohpc/pub/compiler/conda/latest/lib/python3.12/shutil.py", line 750, in onexc
    return onerror(func, path, exc_info)
           ^^^^^^^^^^^^^^^^^^^^^^^^^^^^^
  File "/opt/ohpc/pub/compiler/conda/latest/lib/python3.12/shutil.py", line 698, in _rmtree_safe_fd
    os.unlink(entry.name, dir_fd=topfd)
OSError: [Errno 16] Device or resource busy: '/tmp/pymp-jvvq9a_n'
Traceback (most recent call last):
Traceback (most recent call last):
Traceback (most recent call last):
Traceback (most recent call last):
  File "/opt/ohpc/pub/compiler/conda/latest/lib/python3.12/multiprocessing/util.py", line 303, in _run_finalizers
    finalizer()
  File "/opt/ohpc/pub/compiler/conda/latest/lib/python3.12/multiprocessing/util.py", line 227, in __call__
    res = self._callback(*self._args, **self._kwargs)
          ^^^^^^^^^^^^^^^^^^^^^^^^^^^^^^^^^^^^^^^^^^^
  File "/opt/ohpc/pub/compiler/conda/latest/lib/python3.12/multiprocessing/util.py", line 136, in _remove_temp_dir
    rmtree(tempdir, onerror=onerror)
  File "/opt/ohpc/pub/compiler/conda/latest/lib/python3.12/shutil.py", line 759, in rmtree
    _rmtree_safe_fd(stack, onexc)
  File "/opt/ohpc/pub/compiler/conda/latest/lib/python3.12/shutil.py", line 703, in _rmtree_safe_fd
    onexc(func, path, err)
  File "/opt/ohpc/pub/compiler/conda/latest/lib/python3.12/shutil.py", line 750, in onexc
    return onerror(func, path, exc_info)
           ^^^^^^^^^^^^^^^^^^^^^^^^^^^^^
  File "/opt/ohpc/pub/compiler/conda/latest/lib/python3.12/shutil.py", line 700, in _rmtree_safe_fd
    onexc(os.unlink, fullname, err)
  File "/opt/ohpc/pub/compiler/conda/latest/lib/python3.12/shutil.py", line 750, in onexc
    return onerror(func, path, exc_info)
           ^^^^^^^^^^^^^^^^^^^^^^^^^^^^^
  File "/opt/ohpc/pub/compiler/conda/latest/lib/python3.12/shutil.py", line 698, in _rmtree_safe_fd
    os.unlink(entry.name, dir_fd=topfd)
Traceback (most recent call last):
OSError: [Errno 16] Device or resource busy: '/tmp/pymp-0dj47x3a'
Traceback (most recent call last):
Traceback (most recent call last):
  File "/opt/ohpc/pub/compiler/conda/latest/lib/python3.12/multiprocessing/util.py", line 303, in _run_finalizers
    finalizer()
  File "/opt/ohpc/pub/compiler/conda/latest/lib/python3.12/multiprocessing/util.py", line 227, in __call__
    res = self._callback(*self._args, **self._kwargs)
          ^^^^^^^^^^^^^^^^^^^^^^^^^^^^^^^^^^^^^^^^^^^
  File "/opt/ohpc/pub/compiler/conda/latest/lib/python3.12/multiprocessing/util.py", line 136, in _remove_temp_dir
    rmtree(tempdir, onerror=onerror)
  File "/opt/ohpc/pub/compiler/conda/latest/lib/python3.12/shutil.py", line 759, in rmtree
    _rmtree_safe_fd(stack, onexc)
  File "/opt/ohpc/pub/compiler/conda/latest/lib/python3.12/shutil.py", line 703, in _rmtree_safe_fd
    onexc(func, path, err)
  File "/opt/ohpc/pub/compiler/conda/latest/lib/python3.12/shutil.py", line 750, in onexc
    return onerror(func, path, exc_info)
           ^^^^^^^^^^^^^^^^^^^^^^^^^^^^^
  File "/opt/ohpc/pub/compiler/conda/latest/lib/python3.12/shutil.py", line 700, in _rmtree_safe_fd
    onexc(os.unlink, fullname, err)
  File "/opt/ohpc/pub/compiler/conda/latest/lib/python3.12/shutil.py", line 750, in onexc
    return onerror(func, path, exc_info)
           ^^^^^^^^^^^^^^^^^^^^^^^^^^^^^
  File "/opt/ohpc/pub/compiler/conda/latest/lib/python3.12/shutil.py", line 698, in _rmtree_safe_fd
    os.unlink(entry.name, dir_fd=topfd)
Traceback (most recent call last):
OSError: [Errno 16] Device or resource busy: '/tmp/pymp-ez7v9vvk'
  File "/opt/ohpc/pub/compiler/conda/latest/lib/python3.12/multiprocessing/util.py", line 303, in _run_finalizers
    finalizer()
  File "/opt/ohpc/pub/compiler/conda/latest/lib/python3.12/multiprocessing/util.py", line 227, in __call__
    res = self._callback(*self._args, **self._kwargs)
          ^^^^^^^^^^^^^^^^^^^^^^^^^^^^^^^^^^^^^^^^^^^
  File "/opt/ohpc/pub/compiler/conda/latest/lib/python3.12/multiprocessing/util.py", line 136, in _remove_temp_dir
    rmtree(tempdir, onerror=onerror)
  File "/opt/ohpc/pub/compiler/conda/latest/lib/python3.12/shutil.py", line 759, in rmtree
    _rmtree_safe_fd(stack, onexc)
  File "/opt/ohpc/pub/compiler/conda/latest/lib/python3.12/shutil.py", line 703, in _rmtree_safe_fd
    onexc(func, path, err)
  File "/opt/ohpc/pub/compiler/conda/latest/lib/python3.12/shutil.py", line 750, in onexc
    return onerror(func, path, exc_info)
           ^^^^^^^^^^^^^^^^^^^^^^^^^^^^^
  File "/opt/ohpc/pub/compiler/conda/latest/lib/python3.12/shutil.py", line 700, in _rmtree_safe_fd
    onexc(os.unlink, fullname, err)
  File "/opt/ohpc/pub/compiler/conda/latest/lib/python3.12/shutil.py", line 750, in onexc
    return onerror(func, path, exc_info)
           ^^^^^^^^^^^^^^^^^^^^^^^^^^^^^
  File "/opt/ohpc/pub/compiler/conda/latest/lib/python3.12/shutil.py", line 698, in _rmtree_safe_fd
    os.unlink(entry.name, dir_fd=topfd)
Traceback (most recent call last):
  File "/opt/ohpc/pub/compiler/conda/latest/lib/python3.12/multiprocessing/util.py", line 303, in _run_finalizers
    finalizer()
OSError: [Errno 16] Device or resource busy: '/tmp/pymp-gz2377v6'
  File "/opt/ohpc/pub/compiler/conda/latest/lib/python3.12/multiprocessing/util.py", line 227, in __call__
    res = self._callback(*self._args, **self._kwargs)
          ^^^^^^^^^^^^^^^^^^^^^^^^^^^^^^^^^^^^^^^^^^^
  File "/opt/ohpc/pub/compiler/conda/latest/lib/python3.12/multiprocessing/util.py", line 136, in _remove_temp_dir
    rmtree(tempdir, onerror=onerror)
  File "/opt/ohpc/pub/compiler/conda/latest/lib/python3.12/shutil.py", line 759, in rmtree
    _rmtree_safe_fd(stack, onexc)
  File "/opt/ohpc/pub/compiler/conda/latest/lib/python3.12/shutil.py", line 703, in _rmtree_safe_fd
    onexc(func, path, err)
  File "/opt/ohpc/pub/compiler/conda/latest/lib/python3.12/shutil.py", line 750, in onexc
    return onerror(func, path, exc_info)
           ^^^^^^^^^^^^^^^^^^^^^^^^^^^^^
  File "/opt/ohpc/pub/compiler/conda/latest/lib/python3.12/shutil.py", line 700, in _rmtree_safe_fd
    onexc(os.unlink, fullname, err)
  File "/opt/ohpc/pub/compiler/conda/latest/lib/python3.12/shutil.py", line 750, in onexc
    return onerror(func, path, exc_info)
           ^^^^^^^^^^^^^^^^^^^^^^^^^^^^^
  File "/opt/ohpc/pub/compiler/conda/latest/lib/python3.12/shutil.py", line 698, in _rmtree_safe_fd
    os.unlink(entry.name, dir_fd=topfd)
OSError: [Errno 16] Device or resource busy: '/tmp/pymp-hhw04dlb'
  File "/opt/ohpc/pub/compiler/conda/latest/lib/python3.12/multiprocessing/util.py", line 303, in _run_finalizers
    finalizer()
  File "/opt/ohpc/pub/compiler/conda/latest/lib/python3.12/multiprocessing/util.py", line 227, in __call__
    res = self._callback(*self._args, **self._kwargs)
          ^^^^^^^^^^^^^^^^^^^^^^^^^^^^^^^^^^^^^^^^^^^
  File "/opt/ohpc/pub/compiler/conda/latest/lib/python3.12/multiprocessing/util.py", line 136, in _remove_temp_dir
    rmtree(tempdir, onerror=onerror)
  File "/opt/ohpc/pub/compiler/conda/latest/lib/python3.12/shutil.py", line 759, in rmtree
    _rmtree_safe_fd(stack, onexc)
  File "/opt/ohpc/pub/compiler/conda/latest/lib/python3.12/shutil.py", line 703, in _rmtree_safe_fd
    onexc(func, path, err)
  File "/opt/ohpc/pub/compiler/conda/latest/lib/python3.12/shutil.py", line 750, in onexc
    return onerror(func, path, exc_info)
           ^^^^^^^^^^^^^^^^^^^^^^^^^^^^^
  File "/opt/ohpc/pub/compiler/conda/latest/lib/python3.12/shutil.py", line 700, in _rmtree_safe_fd
    onexc(os.unlink, fullname, err)
  File "/opt/ohpc/pub/compiler/conda/latest/lib/python3.12/shutil.py", line 750, in onexc
    return onerror(func, path, exc_info)
           ^^^^^^^^^^^^^^^^^^^^^^^^^^^^^
  File "/opt/ohpc/pub/compiler/conda/latest/lib/python3.12/shutil.py", line 698, in _rmtree_safe_fd
    os.unlink(entry.name, dir_fd=topfd)
  File "/opt/ohpc/pub/compiler/conda/latest/lib/python3.12/multiprocessing/util.py", line 303, in _run_finalizers
    finalizer()
  File "/opt/ohpc/pub/compiler/conda/latest/lib/python3.12/multiprocessing/util.py", line 227, in __call__
    res = self._callback(*self._args, **self._kwargs)
          ^^^^^^^^^^^^^^^^^^^^^^^^^^^^^^^^^^^^^^^^^^^
  File "/opt/ohpc/pub/compiler/conda/latest/lib/python3.12/multiprocessing/util.py", line 136, in _remove_temp_dir
    rmtree(tempdir, onerror=onerror)
  File "/opt/ohpc/pub/compiler/conda/latest/lib/python3.12/shutil.py", line 759, in rmtree
    _rmtree_safe_fd(stack, onexc)
OSError: [Errno 16] Device or resource busy: '/tmp/pymp-t2gcwr_e'
  File "/opt/ohpc/pub/compiler/conda/latest/lib/python3.12/shutil.py", line 703, in _rmtree_safe_fd
    onexc(func, path, err)
  File "/opt/ohpc/pub/compiler/conda/latest/lib/python3.12/shutil.py", line 750, in onexc
    return onerror(func, path, exc_info)
           ^^^^^^^^^^^^^^^^^^^^^^^^^^^^^
  File "/opt/ohpc/pub/compiler/conda/latest/lib/python3.12/shutil.py", line 700, in _rmtree_safe_fd
    onexc(os.unlink, fullname, err)
  File "/opt/ohpc/pub/compiler/conda/latest/lib/python3.12/shutil.py", line 750, in onexc
    return onerror(func, path, exc_info)
           ^^^^^^^^^^^^^^^^^^^^^^^^^^^^^
  File "/opt/ohpc/pub/compiler/conda/latest/lib/python3.12/shutil.py", line 698, in _rmtree_safe_fd
    os.unlink(entry.name, dir_fd=topfd)
  File "/opt/ohpc/pub/compiler/conda/latest/lib/python3.12/multiprocessing/util.py", line 303, in _run_finalizers
    finalizer()
  File "/opt/ohpc/pub/compiler/conda/latest/lib/python3.12/multiprocessing/util.py", line 227, in __call__
    res = self._callback(*self._args, **self._kwargs)
          ^^^^^^^^^^^^^^^^^^^^^^^^^^^^^^^^^^^^^^^^^^^
OSError: [Errno 16] Device or resource busy: '/tmp/pymp-xleum7tt'
  File "/opt/ohpc/pub/compiler/conda/latest/lib/python3.12/multiprocessing/util.py", line 136, in _remove_temp_dir
    rmtree(tempdir, onerror=onerror)
Traceback (most recent call last):
  File "/opt/ohpc/pub/compiler/conda/latest/lib/python3.12/shutil.py", line 759, in rmtree
    _rmtree_safe_fd(stack, onexc)
  File "/opt/ohpc/pub/compiler/conda/latest/lib/python3.12/shutil.py", line 703, in _rmtree_safe_fd
    onexc(func, path, err)
  File "/opt/ohpc/pub/compiler/conda/latest/lib/python3.12/shutil.py", line 750, in onexc
    return onerror(func, path, exc_info)
           ^^^^^^^^^^^^^^^^^^^^^^^^^^^^^
  File "/opt/ohpc/pub/compiler/conda/latest/lib/python3.12/shutil.py", line 700, in _rmtree_safe_fd
    onexc(os.unlink, fullname, err)
  File "/opt/ohpc/pub/compiler/conda/latest/lib/python3.12/shutil.py", line 750, in onexc
    return onerror(func, path, exc_info)
           ^^^^^^^^^^^^^^^^^^^^^^^^^^^^^
  File "/opt/ohpc/pub/compiler/conda/latest/lib/python3.12/shutil.py", line 698, in _rmtree_safe_fd
    os.unlink(entry.name, dir_fd=topfd)
OSError: [Errno 16] Device or resource busy: '/tmp/pymp-05dkw7v9'
  File "/opt/ohpc/pub/compiler/conda/latest/lib/python3.12/multiprocessing/util.py", line 303, in _run_finalizers
    finalizer()
  File "/opt/ohpc/pub/compiler/conda/latest/lib/python3.12/multiprocessing/util.py", line 227, in __call__
    res = self._callback(*self._args, **self._kwargs)
          ^^^^^^^^^^^^^^^^^^^^^^^^^^^^^^^^^^^^^^^^^^^
  File "/opt/ohpc/pub/compiler/conda/latest/lib/python3.12/multiprocessing/util.py", line 136, in _remove_temp_dir
    rmtree(tempdir, onerror=onerror)
  File "/opt/ohpc/pub/compiler/conda/latest/lib/python3.12/shutil.py", line 759, in rmtree
    _rmtree_safe_fd(stack, onexc)
  File "/opt/ohpc/pub/compiler/conda/latest/lib/python3.12/shutil.py", line 703, in _rmtree_safe_fd
    onexc(func, path, err)
  File "/opt/ohpc/pub/compiler/conda/latest/lib/python3.12/shutil.py", line 750, in onexc
    return onerror(func, path, exc_info)
           ^^^^^^^^^^^^^^^^^^^^^^^^^^^^^
  File "/opt/ohpc/pub/compiler/conda/latest/lib/python3.12/shutil.py", line 700, in _rmtree_safe_fd
    onexc(os.unlink, fullname, err)
  File "/opt/ohpc/pub/compiler/conda/latest/lib/python3.12/shutil.py", line 750, in onexc
    return onerror(func, path, exc_info)
           ^^^^^^^^^^^^^^^^^^^^^^^^^^^^^
  File "/opt/ohpc/pub/compiler/conda/latest/lib/python3.12/shutil.py", line 698, in _rmtree_safe_fd
    os.unlink(entry.name, dir_fd=topfd)
  File "/opt/ohpc/pub/compiler/conda/latest/lib/python3.12/multiprocessing/util.py", line 303, in _run_finalizers
    finalizer()
OSError: [Errno 16] Device or resource busy: '/tmp/pymp-x58m8mcn'
  File "/opt/ohpc/pub/compiler/conda/latest/lib/python3.12/multiprocessing/util.py", line 227, in __call__
    res = self._callback(*self._args, **self._kwargs)
          ^^^^^^^^^^^^^^^^^^^^^^^^^^^^^^^^^^^^^^^^^^^
  File "/opt/ohpc/pub/compiler/conda/latest/lib/python3.12/multiprocessing/util.py", line 136, in _remove_temp_dir
    rmtree(tempdir, onerror=onerror)
  File "/opt/ohpc/pub/compiler/conda/latest/lib/python3.12/shutil.py", line 759, in rmtree
    _rmtree_safe_fd(stack, onexc)
  File "/opt/ohpc/pub/compiler/conda/latest/lib/python3.12/shutil.py", line 703, in _rmtree_safe_fd
    onexc(func, path, err)
  File "/opt/ohpc/pub/compiler/conda/latest/lib/python3.12/shutil.py", line 750, in onexc
    return onerror(func, path, exc_info)
           ^^^^^^^^^^^^^^^^^^^^^^^^^^^^^
  File "/opt/ohpc/pub/compiler/conda/latest/lib/python3.12/shutil.py", line 700, in _rmtree_safe_fd
    onexc(os.unlink, fullname, err)
  File "/opt/ohpc/pub/compiler/conda/latest/lib/python3.12/shutil.py", line 750, in onexc
    return onerror(func, path, exc_info)
           ^^^^^^^^^^^^^^^^^^^^^^^^^^^^^
  File "/opt/ohpc/pub/compiler/conda/latest/lib/python3.12/shutil.py", line 698, in _rmtree_safe_fd
    os.unlink(entry.name, dir_fd=topfd)
OSError: [Errno 16] Device or resource busy: '/tmp/pymp-hqto1_va'
  File "/opt/ohpc/pub/compiler/conda/latest/lib/python3.12/multiprocessing/util.py", line 303, in _run_finalizers
    finalizer()
  File "/opt/ohpc/pub/compiler/conda/latest/lib/python3.12/multiprocessing/util.py", line 227, in __call__
    res = self._callback(*self._args, **self._kwargs)
          ^^^^^^^^^^^^^^^^^^^^^^^^^^^^^^^^^^^^^^^^^^^
  File "/opt/ohpc/pub/compiler/conda/latest/lib/python3.12/multiprocessing/util.py", line 136, in _remove_temp_dir
    rmtree(tempdir, onerror=onerror)
  File "/opt/ohpc/pub/compiler/conda/latest/lib/python3.12/shutil.py", line 759, in rmtree
    _rmtree_safe_fd(stack, onexc)
  File "/opt/ohpc/pub/compiler/conda/latest/lib/python3.12/shutil.py", line 703, in _rmtree_safe_fd
    onexc(func, path, err)
  File "/opt/ohpc/pub/compiler/conda/latest/lib/python3.12/shutil.py", line 750, in onexc
    return onerror(func, path, exc_info)
           ^^^^^^^^^^^^^^^^^^^^^^^^^^^^^
  File "/opt/ohpc/pub/compiler/conda/latest/lib/python3.12/shutil.py", line 700, in _rmtree_safe_fd
    onexc(os.unlink, fullname, err)
  File "/opt/ohpc/pub/compiler/conda/latest/lib/python3.12/shutil.py", line 750, in onexc
    return onerror(func, path, exc_info)
           ^^^^^^^^^^^^^^^^^^^^^^^^^^^^^
  File "/opt/ohpc/pub/compiler/conda/latest/lib/python3.12/shutil.py", line 698, in _rmtree_safe_fd
    os.unlink(entry.name, dir_fd=topfd)
OSError: [Errno 16] Device or resource busy: '/tmp/pymp-969mbsjm'
Traceback (most recent call last):
Traceback (most recent call last):
Traceback (most recent call last):
  File "/opt/ohpc/pub/compiler/conda/latest/lib/python3.12/multiprocessing/util.py", line 303, in _run_finalizers
    finalizer()
  File "/opt/ohpc/pub/compiler/conda/latest/lib/python3.12/multiprocessing/util.py", line 227, in __call__
    res = self._callback(*self._args, **self._kwargs)
          ^^^^^^^^^^^^^^^^^^^^^^^^^^^^^^^^^^^^^^^^^^^
  File "/opt/ohpc/pub/compiler/conda/latest/lib/python3.12/multiprocessing/util.py", line 136, in _remove_temp_dir
    rmtree(tempdir, onerror=onerror)
  File "/opt/ohpc/pub/compiler/conda/latest/lib/python3.12/shutil.py", line 759, in rmtree
    _rmtree_safe_fd(stack, onexc)
  File "/opt/ohpc/pub/compiler/conda/latest/lib/python3.12/shutil.py", line 703, in _rmtree_safe_fd
    onexc(func, path, err)
  File "/opt/ohpc/pub/compiler/conda/latest/lib/python3.12/shutil.py", line 750, in onexc
    return onerror(func, path, exc_info)
           ^^^^^^^^^^^^^^^^^^^^^^^^^^^^^
  File "/opt/ohpc/pub/compiler/conda/latest/lib/python3.12/shutil.py", line 700, in _rmtree_safe_fd
    onexc(os.unlink, fullname, err)
  File "/opt/ohpc/pub/compiler/conda/latest/lib/python3.12/shutil.py", line 750, in onexc
    return onerror(func, path, exc_info)
           ^^^^^^^^^^^^^^^^^^^^^^^^^^^^^
  File "/opt/ohpc/pub/compiler/conda/latest/lib/python3.12/shutil.py", line 698, in _rmtree_safe_fd
    os.unlink(entry.name, dir_fd=topfd)
OSError: [Errno 16] Device or resource busy: '/tmp/pymp-11tczqie'
  File "/opt/ohpc/pub/compiler/conda/latest/lib/python3.12/multiprocessing/util.py", line 303, in _run_finalizers
    finalizer()
Traceback (most recent call last):
  File "/opt/ohpc/pub/compiler/conda/latest/lib/python3.12/multiprocessing/util.py", line 227, in __call__
    res = self._callback(*self._args, **self._kwargs)
          ^^^^^^^^^^^^^^^^^^^^^^^^^^^^^^^^^^^^^^^^^^^
  File "/opt/ohpc/pub/compiler/conda/latest/lib/python3.12/multiprocessing/util.py", line 136, in _remove_temp_dir
    rmtree(tempdir, onerror=onerror)
  File "/opt/ohpc/pub/compiler/conda/latest/lib/python3.12/shutil.py", line 759, in rmtree
    _rmtree_safe_fd(stack, onexc)
  File "/opt/ohpc/pub/compiler/conda/latest/lib/python3.12/shutil.py", line 703, in _rmtree_safe_fd
    onexc(func, path, err)
Traceback (most recent call last):
  File "/opt/ohpc/pub/compiler/conda/latest/lib/python3.12/shutil.py", line 750, in onexc
    return onerror(func, path, exc_info)
           ^^^^^^^^^^^^^^^^^^^^^^^^^^^^^
  File "/opt/ohpc/pub/compiler/conda/latest/lib/python3.12/shutil.py", line 700, in _rmtree_safe_fd
    onexc(os.unlink, fullname, err)
  File "/opt/ohpc/pub/compiler/conda/latest/lib/python3.12/shutil.py", line 750, in onexc
    return onerror(func, path, exc_info)
           ^^^^^^^^^^^^^^^^^^^^^^^^^^^^^
  File "/opt/ohpc/pub/compiler/conda/latest/lib/python3.12/shutil.py", line 698, in _rmtree_safe_fd
    os.unlink(entry.name, dir_fd=topfd)
OSError: [Errno 16] Device or resource busy: '/tmp/pymp-qgrrprwq'
  File "/opt/ohpc/pub/compiler/conda/latest/lib/python3.12/multiprocessing/util.py", line 303, in _run_finalizers
    finalizer()
  File "/opt/ohpc/pub/compiler/conda/latest/lib/python3.12/multiprocessing/util.py", line 227, in __call__
    res = self._callback(*self._args, **self._kwargs)
          ^^^^^^^^^^^^^^^^^^^^^^^^^^^^^^^^^^^^^^^^^^^
  File "/opt/ohpc/pub/compiler/conda/latest/lib/python3.12/multiprocessing/util.py", line 136, in _remove_temp_dir
    rmtree(tempdir, onerror=onerror)
  File "/opt/ohpc/pub/compiler/conda/latest/lib/python3.12/shutil.py", line 759, in rmtree
    _rmtree_safe_fd(stack, onexc)
  File "/opt/ohpc/pub/compiler/conda/latest/lib/python3.12/shutil.py", line 703, in _rmtree_safe_fd
    onexc(func, path, err)
  File "/opt/ohpc/pub/compiler/conda/latest/lib/python3.12/shutil.py", line 750, in onexc
    return onerror(func, path, exc_info)
           ^^^^^^^^^^^^^^^^^^^^^^^^^^^^^
  File "/opt/ohpc/pub/compiler/conda/latest/lib/python3.12/shutil.py", line 700, in _rmtree_safe_fd
    onexc(os.unlink, fullname, err)
  File "/opt/ohpc/pub/compiler/conda/latest/lib/python3.12/shutil.py", line 750, in onexc
    return onerror(func, path, exc_info)
           ^^^^^^^^^^^^^^^^^^^^^^^^^^^^^
  File "/opt/ohpc/pub/compiler/conda/latest/lib/python3.12/shutil.py", line 698, in _rmtree_safe_fd
    os.unlink(entry.name, dir_fd=topfd)
OSError: [Errno 16] Device or resource busy: '/tmp/pymp-u0o5btpl'
Traceback (most recent call last):
  File "/opt/ohpc/pub/compiler/conda/latest/lib/python3.12/multiprocessing/util.py", line 303, in _run_finalizers
    finalizer()
  File "/opt/ohpc/pub/compiler/conda/latest/lib/python3.12/multiprocessing/util.py", line 227, in __call__
    res = self._callback(*self._args, **self._kwargs)
          ^^^^^^^^^^^^^^^^^^^^^^^^^^^^^^^^^^^^^^^^^^^
  File "/opt/ohpc/pub/compiler/conda/latest/lib/python3.12/multiprocessing/util.py", line 136, in _remove_temp_dir
    rmtree(tempdir, onerror=onerror)
  File "/opt/ohpc/pub/compiler/conda/latest/lib/python3.12/shutil.py", line 759, in rmtree
    _rmtree_safe_fd(stack, onexc)
Traceback (most recent call last):
  File "/opt/ohpc/pub/compiler/conda/latest/lib/python3.12/shutil.py", line 703, in _rmtree_safe_fd
    onexc(func, path, err)
  File "/opt/ohpc/pub/compiler/conda/latest/lib/python3.12/shutil.py", line 750, in onexc
    return onerror(func, path, exc_info)
           ^^^^^^^^^^^^^^^^^^^^^^^^^^^^^
  File "/opt/ohpc/pub/compiler/conda/latest/lib/python3.12/shutil.py", line 700, in _rmtree_safe_fd
    onexc(os.unlink, fullname, err)
  File "/opt/ohpc/pub/compiler/conda/latest/lib/python3.12/shutil.py", line 750, in onexc
    return onerror(func, path, exc_info)
           ^^^^^^^^^^^^^^^^^^^^^^^^^^^^^
  File "/opt/ohpc/pub/compiler/conda/latest/lib/python3.12/shutil.py", line 698, in _rmtree_safe_fd
    os.unlink(entry.name, dir_fd=topfd)
OSError: [Errno 16] Device or resource busy: '/tmp/pymp-b2_bq3d5'
  File "/opt/ohpc/pub/compiler/conda/latest/lib/python3.12/multiprocessing/util.py", line 303, in _run_finalizers
    finalizer()
  File "/opt/ohpc/pub/compiler/conda/latest/lib/python3.12/multiprocessing/util.py", line 227, in __call__
    res = self._callback(*self._args, **self._kwargs)
          ^^^^^^^^^^^^^^^^^^^^^^^^^^^^^^^^^^^^^^^^^^^
  File "/opt/ohpc/pub/compiler/conda/latest/lib/python3.12/multiprocessing/util.py", line 136, in _remove_temp_dir
    rmtree(tempdir, onerror=onerror)
  File "/opt/ohpc/pub/compiler/conda/latest/lib/python3.12/shutil.py", line 759, in rmtree
    _rmtree_safe_fd(stack, onexc)
  File "/opt/ohpc/pub/compiler/conda/latest/lib/python3.12/shutil.py", line 703, in _rmtree_safe_fd
    onexc(func, path, err)
  File "/opt/ohpc/pub/compiler/conda/latest/lib/python3.12/shutil.py", line 750, in onexc
    return onerror(func, path, exc_info)
           ^^^^^^^^^^^^^^^^^^^^^^^^^^^^^
  File "/opt/ohpc/pub/compiler/conda/latest/lib/python3.12/shutil.py", line 700, in _rmtree_safe_fd
    onexc(os.unlink, fullname, err)
  File "/opt/ohpc/pub/compiler/conda/latest/lib/python3.12/shutil.py", line 750, in onexc
    return onerror(func, path, exc_info)
           ^^^^^^^^^^^^^^^^^^^^^^^^^^^^^
  File "/opt/ohpc/pub/compiler/conda/latest/lib/python3.12/shutil.py", line 698, in _rmtree_safe_fd
    os.unlink(entry.name, dir_fd=topfd)
OSError: [Errno 16] Device or resource busy: '/tmp/pymp-deajvvlv'
  File "/opt/ohpc/pub/compiler/conda/latest/lib/python3.12/multiprocessing/util.py", line 303, in _run_finalizers
    finalizer()
  File "/opt/ohpc/pub/compiler/conda/latest/lib/python3.12/multiprocessing/util.py", line 227, in __call__
    res = self._callback(*self._args, **self._kwargs)
          ^^^^^^^^^^^^^^^^^^^^^^^^^^^^^^^^^^^^^^^^^^^
  File "/opt/ohpc/pub/compiler/conda/latest/lib/python3.12/multiprocessing/util.py", line 136, in _remove_temp_dir
    rmtree(tempdir, onerror=onerror)
  File "/opt/ohpc/pub/compiler/conda/latest/lib/python3.12/shutil.py", line 759, in rmtree
    _rmtree_safe_fd(stack, onexc)
  File "/opt/ohpc/pub/compiler/conda/latest/lib/python3.12/shutil.py", line 703, in _rmtree_safe_fd
    onexc(func, path, err)
  File "/opt/ohpc/pub/compiler/conda/latest/lib/python3.12/shutil.py", line 750, in onexc
    return onerror(func, path, exc_info)
           ^^^^^^^^^^^^^^^^^^^^^^^^^^^^^
  File "/opt/ohpc/pub/compiler/conda/latest/lib/python3.12/shutil.py", line 700, in _rmtree_safe_fd
    onexc(os.unlink, fullname, err)
  File "/opt/ohpc/pub/compiler/conda/latest/lib/python3.12/shutil.py", line 750, in onexc
    return onerror(func, path, exc_info)
           ^^^^^^^^^^^^^^^^^^^^^^^^^^^^^
  File "/opt/ohpc/pub/compiler/conda/latest/lib/python3.12/shutil.py", line 698, in _rmtree_safe_fd
    os.unlink(entry.name, dir_fd=topfd)
OSError: [Errno 16] Device or resource busy: '/tmp/pymp-m4h004s0'
  File "/opt/ohpc/pub/compiler/conda/latest/lib/python3.12/multiprocessing/util.py", line 303, in _run_finalizers
    finalizer()
  File "/opt/ohpc/pub/compiler/conda/latest/lib/python3.12/multiprocessing/util.py", line 227, in __call__
    res = self._callback(*self._args, **self._kwargs)
          ^^^^^^^^^^^^^^^^^^^^^^^^^^^^^^^^^^^^^^^^^^^
  File "/opt/ohpc/pub/compiler/conda/latest/lib/python3.12/multiprocessing/util.py", line 136, in _remove_temp_dir
    rmtree(tempdir, onerror=onerror)
  File "/opt/ohpc/pub/compiler/conda/latest/lib/python3.12/shutil.py", line 759, in rmtree
    _rmtree_safe_fd(stack, onexc)
  File "/opt/ohpc/pub/compiler/conda/latest/lib/python3.12/shutil.py", line 703, in _rmtree_safe_fd
    onexc(func, path, err)
  File "/opt/ohpc/pub/compiler/conda/latest/lib/python3.12/shutil.py", line 750, in onexc
    return onerror(func, path, exc_info)
           ^^^^^^^^^^^^^^^^^^^^^^^^^^^^^
  File "/opt/ohpc/pub/compiler/conda/latest/lib/python3.12/shutil.py", line 700, in _rmtree_safe_fd
    onexc(os.unlink, fullname, err)
  File "/opt/ohpc/pub/compiler/conda/latest/lib/python3.12/shutil.py", line 750, in onexc
    return onerror(func, path, exc_info)
           ^^^^^^^^^^^^^^^^^^^^^^^^^^^^^
  File "/opt/ohpc/pub/compiler/conda/latest/lib/python3.12/shutil.py", line 698, in _rmtree_safe_fd
    os.unlink(entry.name, dir_fd=topfd)
OSError: [Errno 16] Device or resource busy: '/tmp/pymp-5pf0wyqx'
Traceback (most recent call last):
Traceback (most recent call last):
  File "/opt/ohpc/pub/compiler/conda/latest/lib/python3.12/multiprocessing/util.py", line 303, in _run_finalizers
    finalizer()
  File "/opt/ohpc/pub/compiler/conda/latest/lib/python3.12/multiprocessing/util.py", line 227, in __call__
    res = self._callback(*self._args, **self._kwargs)
          ^^^^^^^^^^^^^^^^^^^^^^^^^^^^^^^^^^^^^^^^^^^
  File "/opt/ohpc/pub/compiler/conda/latest/lib/python3.12/multiprocessing/util.py", line 136, in _remove_temp_dir
    rmtree(tempdir, onerror=onerror)
  File "/opt/ohpc/pub/compiler/conda/latest/lib/python3.12/shutil.py", line 759, in rmtree
    _rmtree_safe_fd(stack, onexc)
  File "/opt/ohpc/pub/compiler/conda/latest/lib/python3.12/shutil.py", line 703, in _rmtree_safe_fd
    onexc(func, path, err)
  File "/opt/ohpc/pub/compiler/conda/latest/lib/python3.12/shutil.py", line 750, in onexc
    return onerror(func, path, exc_info)
           ^^^^^^^^^^^^^^^^^^^^^^^^^^^^^
  File "/opt/ohpc/pub/compiler/conda/latest/lib/python3.12/shutil.py", line 700, in _rmtree_safe_fd
    onexc(os.unlink, fullname, err)
  File "/opt/ohpc/pub/compiler/conda/latest/lib/python3.12/shutil.py", line 750, in onexc
    return onerror(func, path, exc_info)
           ^^^^^^^^^^^^^^^^^^^^^^^^^^^^^
  File "/opt/ohpc/pub/compiler/conda/latest/lib/python3.12/shutil.py", line 698, in _rmtree_safe_fd
    os.unlink(entry.name, dir_fd=topfd)
OSError: [Errno 16] Device or resource busy: '/tmp/pymp-qpav93nv'
  File "/opt/ohpc/pub/compiler/conda/latest/lib/python3.12/multiprocessing/util.py", line 303, in _run_finalizers
    finalizer()
  File "/opt/ohpc/pub/compiler/conda/latest/lib/python3.12/multiprocessing/util.py", line 227, in __call__
    res = self._callback(*self._args, **self._kwargs)
          ^^^^^^^^^^^^^^^^^^^^^^^^^^^^^^^^^^^^^^^^^^^
  File "/opt/ohpc/pub/compiler/conda/latest/lib/python3.12/multiprocessing/util.py", line 136, in _remove_temp_dir
    rmtree(tempdir, onerror=onerror)
  File "/opt/ohpc/pub/compiler/conda/latest/lib/python3.12/shutil.py", line 759, in rmtree
    _rmtree_safe_fd(stack, onexc)
  File "/opt/ohpc/pub/compiler/conda/latest/lib/python3.12/shutil.py", line 703, in _rmtree_safe_fd
    onexc(func, path, err)
  File "/opt/ohpc/pub/compiler/conda/latest/lib/python3.12/shutil.py", line 750, in onexc
    return onerror(func, path, exc_info)
           ^^^^^^^^^^^^^^^^^^^^^^^^^^^^^
  File "/opt/ohpc/pub/compiler/conda/latest/lib/python3.12/shutil.py", line 700, in _rmtree_safe_fd
    onexc(os.unlink, fullname, err)
  File "/opt/ohpc/pub/compiler/conda/latest/lib/python3.12/shutil.py", line 750, in onexc
    return onerror(func, path, exc_info)
           ^^^^^^^^^^^^^^^^^^^^^^^^^^^^^
  File "/opt/ohpc/pub/compiler/conda/latest/lib/python3.12/shutil.py", line 698, in _rmtree_safe_fd
    os.unlink(entry.name, dir_fd=topfd)
OSError: [Errno 16] Device or resource busy: '/tmp/pymp-844b6mdj'
Traceback (most recent call last):
  File "/opt/ohpc/pub/compiler/conda/latest/lib/python3.12/multiprocessing/util.py", line 303, in _run_finalizers
    finalizer()
  File "/opt/ohpc/pub/compiler/conda/latest/lib/python3.12/multiprocessing/util.py", line 227, in __call__
    res = self._callback(*self._args, **self._kwargs)
          ^^^^^^^^^^^^^^^^^^^^^^^^^^^^^^^^^^^^^^^^^^^
  File "/opt/ohpc/pub/compiler/conda/latest/lib/python3.12/multiprocessing/util.py", line 136, in _remove_temp_dir
    rmtree(tempdir, onerror=onerror)
  File "/opt/ohpc/pub/compiler/conda/latest/lib/python3.12/shutil.py", line 759, in rmtree
    _rmtree_safe_fd(stack, onexc)
  File "/opt/ohpc/pub/compiler/conda/latest/lib/python3.12/shutil.py", line 703, in _rmtree_safe_fd
    onexc(func, path, err)
  File "/opt/ohpc/pub/compiler/conda/latest/lib/python3.12/shutil.py", line 750, in onexc
    return onerror(func, path, exc_info)
           ^^^^^^^^^^^^^^^^^^^^^^^^^^^^^
  File "/opt/ohpc/pub/compiler/conda/latest/lib/python3.12/shutil.py", line 700, in _rmtree_safe_fd
    onexc(os.unlink, fullname, err)
  File "/opt/ohpc/pub/compiler/conda/latest/lib/python3.12/shutil.py", line 750, in onexc
    return onerror(func, path, exc_info)
           ^^^^^^^^^^^^^^^^^^^^^^^^^^^^^
  File "/opt/ohpc/pub/compiler/conda/latest/lib/python3.12/shutil.py", line 698, in _rmtree_safe_fd
    os.unlink(entry.name, dir_fd=topfd)
OSError: [Errno 16] Device or resource busy: '/tmp/pymp-fkdyyhxc'
