### task 1: configs/simsiam_r18_unified.yaml seed=43 -> checkpoints/simsiam_r18_unified_seed43
### node=ai01  gpus=2  started=2026-07-27T13:20:07+03:00
NVIDIA H100 NVL, 95830 MiB
NVIDIA H100 NVL, 95830 MiB
NVIDIA H100 NVL, 95830 MiB
NVIDIA H100 NVL, 95830 MiB
chown: changing ownership of '/dev/nvidia3': Operation not permitted
chmod: changing permissions of '/dev/nvidia3': Operation not permitted
setfacl: /dev/nvidia3: Operation not permitted
[cfg] device=cuda:0 backbone=resnet18 roi=(128, 128, 128) crop_mode=tumor batch=16 feature_dim=256
[data] train subjects=995 iters/epoch=62
[data] val subjects=200 (label-free monitor every 1 ep)
[model] backbone_dim=512 -> feature_dim=256 params=34.0M
[mlflow] tracking -> https://dagshub.com/alilivanturk/IDH-Classifier.mlflow (experiment=simsiam-brats-all, run=simsiam_r18_unified_seed43, run_id=6bed693fc83444dcace67f8175e09319)
  e000 it0000/62 lr=0.0000 loss=+0.0119 z_std=0.0643
  e000 it0010/62 lr=0.0001 loss=+0.0082 z_std=0.0643
  e000 it0020/62 lr=0.0001 loss=+0.0040 z_std=0.0643
  e000 it0030/62 lr=0.0002 loss=+0.0038 z_std=0.0643
  e000 it0040/62 lr=0.0002 loss=+0.0019 z_std=0.0643
  e000 it0050/62 lr=0.0003 loss=-0.0002 z_std=0.0643
  e000 it0060/62 lr=0.0003 loss=-0.0017 z_std=0.0643
[epoch 000] loss=-0.0017 z_std=0.0643 (healthy~0.0625) time=173.0s
Traceback (most recent call last):
Traceback (most recent call last):
Traceback (most recent call last):
Traceback (most recent call last):
Traceback (most recent call last):
Traceback (most recent call last):
Traceback (most recent call last):
Traceback (most recent call last):
Traceback (most recent call last):
  File "/opt/ohpc/pub/compiler/conda/latest/lib/python3.12/multiprocessing/util.py", line 303, in _run_finalizers
    finalizer()
  File "/opt/ohpc/pub/compiler/conda/latest/lib/python3.12/multiprocessing/util.py", line 303, in _run_finalizers
    finalizer()
  File "/opt/ohpc/pub/compiler/conda/latest/lib/python3.12/multiprocessing/util.py", line 303, in _run_finalizers
    finalizer()
  File "/opt/ohpc/pub/compiler/conda/latest/lib/python3.12/multiprocessing/util.py", line 227, in __call__
    res = self._callback(*self._args, **self._kwargs)
          ^^^^^^^^^^^^^^^^^^^^^^^^^^^^^^^^^^^^^^^^^^^
  File "/opt/ohpc/pub/compiler/conda/latest/lib/python3.12/multiprocessing/util.py", line 227, in __call__
    res = self._callback(*self._args, **self._kwargs)
          ^^^^^^^^^^^^^^^^^^^^^^^^^^^^^^^^^^^^^^^^^^^
  File "/opt/ohpc/pub/compiler/conda/latest/lib/python3.12/multiprocessing/util.py", line 136, in _remove_temp_dir
    rmtree(tempdir, onerror=onerror)
  File "/opt/ohpc/pub/compiler/conda/latest/lib/python3.12/multiprocessing/util.py", line 303, in _run_finalizers
    finalizer()
  File "/opt/ohpc/pub/compiler/conda/latest/lib/python3.12/multiprocessing/util.py", line 303, in _run_finalizers
    finalizer()
  File "/opt/ohpc/pub/compiler/conda/latest/lib/python3.12/multiprocessing/util.py", line 136, in _remove_temp_dir
    rmtree(tempdir, onerror=onerror)
  File "/opt/ohpc/pub/compiler/conda/latest/lib/python3.12/multiprocessing/util.py", line 303, in _run_finalizers
    finalizer()
  File "/opt/ohpc/pub/compiler/conda/latest/lib/python3.12/multiprocessing/util.py", line 227, in __call__
    res = self._callback(*self._args, **self._kwargs)
          ^^^^^^^^^^^^^^^^^^^^^^^^^^^^^^^^^^^^^^^^^^^
  File "/opt/ohpc/pub/compiler/conda/latest/lib/python3.12/shutil.py", line 759, in rmtree
    _rmtree_safe_fd(stack, onexc)
  File "/opt/ohpc/pub/compiler/conda/latest/lib/python3.12/shutil.py", line 759, in rmtree
    _rmtree_safe_fd(stack, onexc)
  File "/opt/ohpc/pub/compiler/conda/latest/lib/python3.12/multiprocessing/util.py", line 136, in _remove_temp_dir
    rmtree(tempdir, onerror=onerror)
  File "/opt/ohpc/pub/compiler/conda/latest/lib/python3.12/shutil.py", line 703, in _rmtree_safe_fd
    onexc(func, path, err)
  File "/opt/ohpc/pub/compiler/conda/latest/lib/python3.12/shutil.py", line 703, in _rmtree_safe_fd
    onexc(func, path, err)
  File "/opt/ohpc/pub/compiler/conda/latest/lib/python3.12/multiprocessing/util.py", line 303, in _run_finalizers
    finalizer()
  File "/opt/ohpc/pub/compiler/conda/latest/lib/python3.12/multiprocessing/util.py", line 227, in __call__
    res = self._callback(*self._args, **self._kwargs)
          ^^^^^^^^^^^^^^^^^^^^^^^^^^^^^^^^^^^^^^^^^^^
  File "/opt/ohpc/pub/compiler/conda/latest/lib/python3.12/multiprocessing/util.py", line 227, in __call__
    res = self._callback(*self._args, **self._kwargs)
          ^^^^^^^^^^^^^^^^^^^^^^^^^^^^^^^^^^^^^^^^^^^
  File "/opt/ohpc/pub/compiler/conda/latest/lib/python3.12/shutil.py", line 759, in rmtree
    _rmtree_safe_fd(stack, onexc)
  File "/opt/ohpc/pub/compiler/conda/latest/lib/python3.12/shutil.py", line 750, in onexc
    return onerror(func, path, exc_info)
           ^^^^^^^^^^^^^^^^^^^^^^^^^^^^^
  File "/opt/ohpc/pub/compiler/conda/latest/lib/python3.12/shutil.py", line 750, in onexc
    return onerror(func, path, exc_info)
           ^^^^^^^^^^^^^^^^^^^^^^^^^^^^^
  File "/opt/ohpc/pub/compiler/conda/latest/lib/python3.12/multiprocessing/util.py", line 136, in _remove_temp_dir
    rmtree(tempdir, onerror=onerror)
  File "/opt/ohpc/pub/compiler/conda/latest/lib/python3.12/shutil.py", line 703, in _rmtree_safe_fd
    onexc(func, path, err)
  File "/opt/ohpc/pub/compiler/conda/latest/lib/python3.12/multiprocessing/util.py", line 227, in __call__
    res = self._callback(*self._args, **self._kwargs)
          ^^^^^^^^^^^^^^^^^^^^^^^^^^^^^^^^^^^^^^^^^^^
  File "/opt/ohpc/pub/compiler/conda/latest/lib/python3.12/shutil.py", line 700, in _rmtree_safe_fd
    onexc(os.unlink, fullname, err)
  File "/opt/ohpc/pub/compiler/conda/latest/lib/python3.12/multiprocessing/util.py", line 136, in _remove_temp_dir
    rmtree(tempdir, onerror=onerror)
  File "/opt/ohpc/pub/compiler/conda/latest/lib/python3.12/shutil.py", line 700, in _rmtree_safe_fd
    onexc(os.unlink, fullname, err)
  File "/opt/ohpc/pub/compiler/conda/latest/lib/python3.12/shutil.py", line 759, in rmtree
    _rmtree_safe_fd(stack, onexc)
  File "/opt/ohpc/pub/compiler/conda/latest/lib/python3.12/multiprocessing/util.py", line 227, in __call__
    res = self._callback(*self._args, **self._kwargs)
          ^^^^^^^^^^^^^^^^^^^^^^^^^^^^^^^^^^^^^^^^^^^
  File "/opt/ohpc/pub/compiler/conda/latest/lib/python3.12/shutil.py", line 750, in onexc
    return onerror(func, path, exc_info)
           ^^^^^^^^^^^^^^^^^^^^^^^^^^^^^
  File "/opt/ohpc/pub/compiler/conda/latest/lib/python3.12/shutil.py", line 750, in onexc
    return onerror(func, path, exc_info)
           ^^^^^^^^^^^^^^^^^^^^^^^^^^^^^
  File "/opt/ohpc/pub/compiler/conda/latest/lib/python3.12/shutil.py", line 759, in rmtree
    _rmtree_safe_fd(stack, onexc)
  File "/opt/ohpc/pub/compiler/conda/latest/lib/python3.12/multiprocessing/util.py", line 136, in _remove_temp_dir
    rmtree(tempdir, onerror=onerror)
  File "/opt/ohpc/pub/compiler/conda/latest/lib/python3.12/shutil.py", line 750, in onexc
    return onerror(func, path, exc_info)
           ^^^^^^^^^^^^^^^^^^^^^^^^^^^^^
  File "/opt/ohpc/pub/compiler/conda/latest/lib/python3.12/shutil.py", line 703, in _rmtree_safe_fd
    onexc(func, path, err)
  File "/opt/ohpc/pub/compiler/conda/latest/lib/python3.12/multiprocessing/util.py", line 136, in _remove_temp_dir
    rmtree(tempdir, onerror=onerror)
  File "/opt/ohpc/pub/compiler/conda/latest/lib/python3.12/shutil.py", line 698, in _rmtree_safe_fd
    os.unlink(entry.name, dir_fd=topfd)
  File "/opt/ohpc/pub/compiler/conda/latest/lib/python3.12/shutil.py", line 703, in _rmtree_safe_fd
    onexc(func, path, err)
  File "/opt/ohpc/pub/compiler/conda/latest/lib/python3.12/shutil.py", line 700, in _rmtree_safe_fd
    onexc(os.unlink, fullname, err)
  File "/opt/ohpc/pub/compiler/conda/latest/lib/python3.12/shutil.py", line 759, in rmtree
    _rmtree_safe_fd(stack, onexc)
  File "/opt/ohpc/pub/compiler/conda/latest/lib/python3.12/shutil.py", line 698, in _rmtree_safe_fd
    os.unlink(entry.name, dir_fd=topfd)
  File "/opt/ohpc/pub/compiler/conda/latest/lib/python3.12/shutil.py", line 750, in onexc
    return onerror(func, path, exc_info)
           ^^^^^^^^^^^^^^^^^^^^^^^^^^^^^
  File "/opt/ohpc/pub/compiler/conda/latest/lib/python3.12/shutil.py", line 759, in rmtree
    _rmtree_safe_fd(stack, onexc)
  File "/opt/ohpc/pub/compiler/conda/latest/lib/python3.12/shutil.py", line 750, in onexc
    return onerror(func, path, exc_info)
           ^^^^^^^^^^^^^^^^^^^^^^^^^^^^^
  File "/opt/ohpc/pub/compiler/conda/latest/lib/python3.12/shutil.py", line 703, in _rmtree_safe_fd
    onexc(func, path, err)
  File "/opt/ohpc/pub/compiler/conda/latest/lib/python3.12/shutil.py", line 750, in onexc
    return onerror(func, path, exc_info)
           ^^^^^^^^^^^^^^^^^^^^^^^^^^^^^
  File "/opt/ohpc/pub/compiler/conda/latest/lib/python3.12/shutil.py", line 700, in _rmtree_safe_fd
    onexc(os.unlink, fullname, err)
  File "/opt/ohpc/pub/compiler/conda/latest/lib/python3.12/shutil.py", line 700, in _rmtree_safe_fd
    onexc(os.unlink, fullname, err)
  File "/opt/ohpc/pub/compiler/conda/latest/lib/python3.12/shutil.py", line 698, in _rmtree_safe_fd
    os.unlink(entry.name, dir_fd=topfd)
  File "/opt/ohpc/pub/compiler/conda/latest/lib/python3.12/shutil.py", line 750, in onexc
    return onerror(func, path, exc_info)
           ^^^^^^^^^^^^^^^^^^^^^^^^^^^^^
  File "/opt/ohpc/pub/compiler/conda/latest/lib/python3.12/shutil.py", line 750, in onexc
    return onerror(func, path, exc_info)
           ^^^^^^^^^^^^^^^^^^^^^^^^^^^^^
  File "/opt/ohpc/pub/compiler/conda/latest/lib/python3.12/shutil.py", line 703, in _rmtree_safe_fd
    onexc(func, path, err)
  File "/opt/ohpc/pub/compiler/conda/latest/lib/python3.12/shutil.py", line 698, in _rmtree_safe_fd
    os.unlink(entry.name, dir_fd=topfd)
  File "/opt/ohpc/pub/compiler/conda/latest/lib/python3.12/shutil.py", line 750, in onexc
    return onerror(func, path, exc_info)
           ^^^^^^^^^^^^^^^^^^^^^^^^^^^^^
  File "/opt/ohpc/pub/compiler/conda/latest/lib/python3.12/shutil.py", line 700, in _rmtree_safe_fd
    onexc(os.unlink, fullname, err)
OSError: [Errno 16] Device or resource busy: '/tmp/pymp-khwcrx6w'
  File "/opt/ohpc/pub/compiler/conda/latest/lib/python3.12/shutil.py", line 750, in onexc
    return onerror(func, path, exc_info)
           ^^^^^^^^^^^^^^^^^^^^^^^^^^^^^
  File "/opt/ohpc/pub/compiler/conda/latest/lib/python3.12/shutil.py", line 698, in _rmtree_safe_fd
    os.unlink(entry.name, dir_fd=topfd)
OSError: [Errno 16] Device or resource busy: '/tmp/pymp-n5ktc3fn'
  File "/opt/ohpc/pub/compiler/conda/latest/lib/python3.12/shutil.py", line 750, in onexc
    return onerror(func, path, exc_info)
           ^^^^^^^^^^^^^^^^^^^^^^^^^^^^^
  File "/opt/ohpc/pub/compiler/conda/latest/lib/python3.12/shutil.py", line 700, in _rmtree_safe_fd
    onexc(os.unlink, fullname, err)
  File "/opt/ohpc/pub/compiler/conda/latest/lib/python3.12/shutil.py", line 698, in _rmtree_safe_fd
    os.unlink(entry.name, dir_fd=topfd)
  File "/opt/ohpc/pub/compiler/conda/latest/lib/python3.12/shutil.py", line 750, in onexc
    return onerror(func, path, exc_info)
           ^^^^^^^^^^^^^^^^^^^^^^^^^^^^^
  File "/opt/ohpc/pub/compiler/conda/latest/lib/python3.12/multiprocessing/util.py", line 303, in _run_finalizers
    finalizer()
OSError: [Errno 16] Device or resource busy: '/tmp/pymp-tlgv5ugc'
  File "/opt/ohpc/pub/compiler/conda/latest/lib/python3.12/shutil.py", line 698, in _rmtree_safe_fd
    os.unlink(entry.name, dir_fd=topfd)
OSError: [Errno 16] Device or resource busy: '/tmp/pymp-fhh14e63'
  File "/opt/ohpc/pub/compiler/conda/latest/lib/python3.12/multiprocessing/util.py", line 227, in __call__
    res = self._callback(*self._args, **self._kwargs)
          ^^^^^^^^^^^^^^^^^^^^^^^^^^^^^^^^^^^^^^^^^^^
OSError: [Errno 16] Device or resource busy: '/tmp/pymp-219nb080'
  File "/opt/ohpc/pub/compiler/conda/latest/lib/python3.12/multiprocessing/util.py", line 136, in _remove_temp_dir
    rmtree(tempdir, onerror=onerror)
OSError: [Errno 16] Device or resource busy: '/tmp/pymp-chaqrxx1'
  File "/opt/ohpc/pub/compiler/conda/latest/lib/python3.12/shutil.py", line 759, in rmtree
    _rmtree_safe_fd(stack, onexc)
OSError: [Errno 16] Device or resource busy: '/tmp/pymp-loosr7p4'
  File "/opt/ohpc/pub/compiler/conda/latest/lib/python3.12/shutil.py", line 703, in _rmtree_safe_fd
    onexc(func, path, err)
  File "/opt/ohpc/pub/compiler/conda/latest/lib/python3.12/shutil.py", line 750, in onexc
    return onerror(func, path, exc_info)
           ^^^^^^^^^^^^^^^^^^^^^^^^^^^^^
  File "/opt/ohpc/pub/compiler/conda/latest/lib/python3.12/shutil.py", line 700, in _rmtree_safe_fd
    onexc(os.unlink, fullname, err)
  File "/opt/ohpc/pub/compiler/conda/latest/lib/python3.12/shutil.py", line 750, in onexc
    return onerror(func, path, exc_info)
           ^^^^^^^^^^^^^^^^^^^^^^^^^^^^^
  File "/opt/ohpc/pub/compiler/conda/latest/lib/python3.12/shutil.py", line 698, in _rmtree_safe_fd
    os.unlink(entry.name, dir_fd=topfd)
OSError: [Errno 16] Device or resource busy: '/tmp/pymp-fjtksajv'
  File "/opt/ohpc/pub/compiler/conda/latest/lib/python3.12/multiprocessing/util.py", line 303, in _run_finalizers
    finalizer()
  File "/opt/ohpc/pub/compiler/conda/latest/lib/python3.12/multiprocessing/util.py", line 227, in __call__
    res = self._callback(*self._args, **self._kwargs)
          ^^^^^^^^^^^^^^^^^^^^^^^^^^^^^^^^^^^^^^^^^^^
  File "/opt/ohpc/pub/compiler/conda/latest/lib/python3.12/multiprocessing/util.py", line 136, in _remove_temp_dir
    rmtree(tempdir, onerror=onerror)
  File "/opt/ohpc/pub/compiler/conda/latest/lib/python3.12/shutil.py", line 759, in rmtree
    _rmtree_safe_fd(stack, onexc)
  File "/opt/ohpc/pub/compiler/conda/latest/lib/python3.12/shutil.py", line 703, in _rmtree_safe_fd
    onexc(func, path, err)
Traceback (most recent call last):
  File "/opt/ohpc/pub/compiler/conda/latest/lib/python3.12/shutil.py", line 750, in onexc
    return onerror(func, path, exc_info)
           ^^^^^^^^^^^^^^^^^^^^^^^^^^^^^
  File "/opt/ohpc/pub/compiler/conda/latest/lib/python3.12/shutil.py", line 700, in _rmtree_safe_fd
    onexc(os.unlink, fullname, err)
  File "/opt/ohpc/pub/compiler/conda/latest/lib/python3.12/shutil.py", line 750, in onexc
    return onerror(func, path, exc_info)
           ^^^^^^^^^^^^^^^^^^^^^^^^^^^^^
  File "/opt/ohpc/pub/compiler/conda/latest/lib/python3.12/shutil.py", line 698, in _rmtree_safe_fd
    os.unlink(entry.name, dir_fd=topfd)
OSError: [Errno 16] Device or resource busy: '/tmp/pymp-ib8znlgv'
  File "/opt/ohpc/pub/compiler/conda/latest/lib/python3.12/multiprocessing/util.py", line 303, in _run_finalizers
    finalizer()
  File "/opt/ohpc/pub/compiler/conda/latest/lib/python3.12/multiprocessing/util.py", line 227, in __call__
    res = self._callback(*self._args, **self._kwargs)
          ^^^^^^^^^^^^^^^^^^^^^^^^^^^^^^^^^^^^^^^^^^^
  File "/opt/ohpc/pub/compiler/conda/latest/lib/python3.12/multiprocessing/util.py", line 136, in _remove_temp_dir
    rmtree(tempdir, onerror=onerror)
  File "/opt/ohpc/pub/compiler/conda/latest/lib/python3.12/shutil.py", line 759, in rmtree
    _rmtree_safe_fd(stack, onexc)
  File "/opt/ohpc/pub/compiler/conda/latest/lib/python3.12/shutil.py", line 703, in _rmtree_safe_fd
    onexc(func, path, err)
  File "/opt/ohpc/pub/compiler/conda/latest/lib/python3.12/shutil.py", line 750, in onexc
    return onerror(func, path, exc_info)
           ^^^^^^^^^^^^^^^^^^^^^^^^^^^^^
  File "/opt/ohpc/pub/compiler/conda/latest/lib/python3.12/shutil.py", line 700, in _rmtree_safe_fd
    onexc(os.unlink, fullname, err)
  File "/opt/ohpc/pub/compiler/conda/latest/lib/python3.12/shutil.py", line 750, in onexc
    return onerror(func, path, exc_info)
           ^^^^^^^^^^^^^^^^^^^^^^^^^^^^^
  File "/opt/ohpc/pub/compiler/conda/latest/lib/python3.12/shutil.py", line 698, in _rmtree_safe_fd
    os.unlink(entry.name, dir_fd=topfd)
OSError: [Errno 16] Device or resource busy: '/tmp/pymp-o8li9x5z'
Traceback (most recent call last):
Traceback (most recent call last):
  File "/opt/ohpc/pub/compiler/conda/latest/lib/python3.12/multiprocessing/util.py", line 303, in _run_finalizers
    finalizer()
  File "/opt/ohpc/pub/compiler/conda/latest/lib/python3.12/multiprocessing/util.py", line 227, in __call__
    res = self._callback(*self._args, **self._kwargs)
          ^^^^^^^^^^^^^^^^^^^^^^^^^^^^^^^^^^^^^^^^^^^
  File "/opt/ohpc/pub/compiler/conda/latest/lib/python3.12/multiprocessing/util.py", line 136, in _remove_temp_dir
    rmtree(tempdir, onerror=onerror)
  File "/opt/ohpc/pub/compiler/conda/latest/lib/python3.12/shutil.py", line 759, in rmtree
    _rmtree_safe_fd(stack, onexc)
Traceback (most recent call last):
  File "/opt/ohpc/pub/compiler/conda/latest/lib/python3.12/shutil.py", line 703, in _rmtree_safe_fd
    onexc(func, path, err)
  File "/opt/ohpc/pub/compiler/conda/latest/lib/python3.12/shutil.py", line 750, in onexc
    return onerror(func, path, exc_info)
           ^^^^^^^^^^^^^^^^^^^^^^^^^^^^^
  File "/opt/ohpc/pub/compiler/conda/latest/lib/python3.12/shutil.py", line 700, in _rmtree_safe_fd
    onexc(os.unlink, fullname, err)
  File "/opt/ohpc/pub/compiler/conda/latest/lib/python3.12/shutil.py", line 750, in onexc
    return onerror(func, path, exc_info)
           ^^^^^^^^^^^^^^^^^^^^^^^^^^^^^
  File "/opt/ohpc/pub/compiler/conda/latest/lib/python3.12/shutil.py", line 698, in _rmtree_safe_fd
    os.unlink(entry.name, dir_fd=topfd)
OSError: [Errno 16] Device or resource busy: '/tmp/pymp-cnk007kt'
Traceback (most recent call last):
Traceback (most recent call last):
Traceback (most recent call last):
Traceback (most recent call last):
Traceback (most recent call last):
  File "/opt/ohpc/pub/compiler/conda/latest/lib/python3.12/multiprocessing/util.py", line 303, in _run_finalizers
    finalizer()
  File "/opt/ohpc/pub/compiler/conda/latest/lib/python3.12/multiprocessing/util.py", line 227, in __call__
    res = self._callback(*self._args, **self._kwargs)
          ^^^^^^^^^^^^^^^^^^^^^^^^^^^^^^^^^^^^^^^^^^^
  File "/opt/ohpc/pub/compiler/conda/latest/lib/python3.12/multiprocessing/util.py", line 136, in _remove_temp_dir
    rmtree(tempdir, onerror=onerror)
  File "/opt/ohpc/pub/compiler/conda/latest/lib/python3.12/shutil.py", line 759, in rmtree
    _rmtree_safe_fd(stack, onexc)
Traceback (most recent call last):
  File "/opt/ohpc/pub/compiler/conda/latest/lib/python3.12/shutil.py", line 703, in _rmtree_safe_fd
    onexc(func, path, err)
  File "/opt/ohpc/pub/compiler/conda/latest/lib/python3.12/shutil.py", line 750, in onexc
    return onerror(func, path, exc_info)
           ^^^^^^^^^^^^^^^^^^^^^^^^^^^^^
Traceback (most recent call last):
  File "/opt/ohpc/pub/compiler/conda/latest/lib/python3.12/shutil.py", line 700, in _rmtree_safe_fd
    onexc(os.unlink, fullname, err)
  File "/opt/ohpc/pub/compiler/conda/latest/lib/python3.12/shutil.py", line 750, in onexc
    return onerror(func, path, exc_info)
           ^^^^^^^^^^^^^^^^^^^^^^^^^^^^^
  File "/opt/ohpc/pub/compiler/conda/latest/lib/python3.12/shutil.py", line 698, in _rmtree_safe_fd
    os.unlink(entry.name, dir_fd=topfd)
OSError: [Errno 16] Device or resource busy: '/tmp/pymp-ndhzl7mn'
  File "/opt/ohpc/pub/compiler/conda/latest/lib/python3.12/multiprocessing/util.py", line 303, in _run_finalizers
    finalizer()
  File "/opt/ohpc/pub/compiler/conda/latest/lib/python3.12/multiprocessing/util.py", line 227, in __call__
    res = self._callback(*self._args, **self._kwargs)
          ^^^^^^^^^^^^^^^^^^^^^^^^^^^^^^^^^^^^^^^^^^^
  File "/opt/ohpc/pub/compiler/conda/latest/lib/python3.12/multiprocessing/util.py", line 136, in _remove_temp_dir
    rmtree(tempdir, onerror=onerror)
  File "/opt/ohpc/pub/compiler/conda/latest/lib/python3.12/shutil.py", line 759, in rmtree
    _rmtree_safe_fd(stack, onexc)
  File "/opt/ohpc/pub/compiler/conda/latest/lib/python3.12/shutil.py", line 703, in _rmtree_safe_fd
    onexc(func, path, err)
  File "/opt/ohpc/pub/compiler/conda/latest/lib/python3.12/shutil.py", line 750, in onexc
    return onerror(func, path, exc_info)
           ^^^^^^^^^^^^^^^^^^^^^^^^^^^^^
  File "/opt/ohpc/pub/compiler/conda/latest/lib/python3.12/shutil.py", line 700, in _rmtree_safe_fd
    onexc(os.unlink, fullname, err)
  File "/opt/ohpc/pub/compiler/conda/latest/lib/python3.12/shutil.py", line 750, in onexc
    return onerror(func, path, exc_info)
           ^^^^^^^^^^^^^^^^^^^^^^^^^^^^^
  File "/opt/ohpc/pub/compiler/conda/latest/lib/python3.12/shutil.py", line 698, in _rmtree_safe_fd
    os.unlink(entry.name, dir_fd=topfd)
OSError: [Errno 16] Device or resource busy: '/tmp/pymp-u5vykw_y'
  File "/opt/ohpc/pub/compiler/conda/latest/lib/python3.12/multiprocessing/util.py", line 303, in _run_finalizers
    finalizer()
  File "/opt/ohpc/pub/compiler/conda/latest/lib/python3.12/multiprocessing/util.py", line 303, in _run_finalizers
    finalizer()
  File "/opt/ohpc/pub/compiler/conda/latest/lib/python3.12/multiprocessing/util.py", line 227, in __call__
    res = self._callback(*self._args, **self._kwargs)
          ^^^^^^^^^^^^^^^^^^^^^^^^^^^^^^^^^^^^^^^^^^^
  File "/opt/ohpc/pub/compiler/conda/latest/lib/python3.12/multiprocessing/util.py", line 136, in _remove_temp_dir
    rmtree(tempdir, onerror=onerror)
  File "/opt/ohpc/pub/compiler/conda/latest/lib/python3.12/multiprocessing/util.py", line 227, in __call__
    res = self._callback(*self._args, **self._kwargs)
          ^^^^^^^^^^^^^^^^^^^^^^^^^^^^^^^^^^^^^^^^^^^
  File "/opt/ohpc/pub/compiler/conda/latest/lib/python3.12/shutil.py", line 759, in rmtree
    _rmtree_safe_fd(stack, onexc)
  File "/opt/ohpc/pub/compiler/conda/latest/lib/python3.12/multiprocessing/util.py", line 136, in _remove_temp_dir
    rmtree(tempdir, onerror=onerror)
  File "/opt/ohpc/pub/compiler/conda/latest/lib/python3.12/multiprocessing/util.py", line 303, in _run_finalizers
    finalizer()
  File "/opt/ohpc/pub/compiler/conda/latest/lib/python3.12/shutil.py", line 703, in _rmtree_safe_fd
    onexc(func, path, err)
  File "/opt/ohpc/pub/compiler/conda/latest/lib/python3.12/shutil.py", line 759, in rmtree
    _rmtree_safe_fd(stack, onexc)
  File "/opt/ohpc/pub/compiler/conda/latest/lib/python3.12/shutil.py", line 750, in onexc
    return onerror(func, path, exc_info)
           ^^^^^^^^^^^^^^^^^^^^^^^^^^^^^
  File "/opt/ohpc/pub/compiler/conda/latest/lib/python3.12/shutil.py", line 703, in _rmtree_safe_fd
    onexc(func, path, err)
  File "/opt/ohpc/pub/compiler/conda/latest/lib/python3.12/multiprocessing/util.py", line 227, in __call__
    res = self._callback(*self._args, **self._kwargs)
          ^^^^^^^^^^^^^^^^^^^^^^^^^^^^^^^^^^^^^^^^^^^
  File "/opt/ohpc/pub/compiler/conda/latest/lib/python3.12/shutil.py", line 700, in _rmtree_safe_fd
    onexc(os.unlink, fullname, err)
  File "/opt/ohpc/pub/compiler/conda/latest/lib/python3.12/shutil.py", line 750, in onexc
    return onerror(func, path, exc_info)
           ^^^^^^^^^^^^^^^^^^^^^^^^^^^^^
  File "/opt/ohpc/pub/compiler/conda/latest/lib/python3.12/shutil.py", line 750, in onexc
    return onerror(func, path, exc_info)
           ^^^^^^^^^^^^^^^^^^^^^^^^^^^^^
  File "/opt/ohpc/pub/compiler/conda/latest/lib/python3.12/multiprocessing/util.py", line 136, in _remove_temp_dir
    rmtree(tempdir, onerror=onerror)
  File "/opt/ohpc/pub/compiler/conda/latest/lib/python3.12/shutil.py", line 700, in _rmtree_safe_fd
    onexc(os.unlink, fullname, err)
  File "/opt/ohpc/pub/compiler/conda/latest/lib/python3.12/shutil.py", line 698, in _rmtree_safe_fd
    os.unlink(entry.name, dir_fd=topfd)
  File "/opt/ohpc/pub/compiler/conda/latest/lib/python3.12/shutil.py", line 759, in rmtree
    _rmtree_safe_fd(stack, onexc)
  File "/opt/ohpc/pub/compiler/conda/latest/lib/python3.12/shutil.py", line 750, in onexc
    return onerror(func, path, exc_info)
           ^^^^^^^^^^^^^^^^^^^^^^^^^^^^^
  File "/opt/ohpc/pub/compiler/conda/latest/lib/python3.12/shutil.py", line 698, in _rmtree_safe_fd
    os.unlink(entry.name, dir_fd=topfd)
  File "/opt/ohpc/pub/compiler/conda/latest/lib/python3.12/shutil.py", line 703, in _rmtree_safe_fd
    onexc(func, path, err)
  File "/opt/ohpc/pub/compiler/conda/latest/lib/python3.12/shutil.py", line 750, in onexc
    return onerror(func, path, exc_info)
           ^^^^^^^^^^^^^^^^^^^^^^^^^^^^^
  File "/opt/ohpc/pub/compiler/conda/latest/lib/python3.12/shutil.py", line 700, in _rmtree_safe_fd
    onexc(os.unlink, fullname, err)
OSError: [Errno 16] Device or resource busy: '/tmp/pymp-32n0lwug'
  File "/opt/ohpc/pub/compiler/conda/latest/lib/python3.12/shutil.py", line 750, in onexc
    return onerror(func, path, exc_info)
           ^^^^^^^^^^^^^^^^^^^^^^^^^^^^^
  File "/opt/ohpc/pub/compiler/conda/latest/lib/python3.12/shutil.py", line 698, in _rmtree_safe_fd
    os.unlink(entry.name, dir_fd=topfd)
OSError: [Errno 16] Device or resource busy: '/tmp/pymp-e0m81izq'
OSError: [Errno 16] Device or resource busy: '/tmp/pymp-a3ejkwbz'
  File "/opt/ohpc/pub/compiler/conda/latest/lib/python3.12/multiprocessing/util.py", line 303, in _run_finalizers
    finalizer()
  File "/opt/ohpc/pub/compiler/conda/latest/lib/python3.12/multiprocessing/util.py", line 227, in __call__
    res = self._callback(*self._args, **self._kwargs)
          ^^^^^^^^^^^^^^^^^^^^^^^^^^^^^^^^^^^^^^^^^^^
  File "/opt/ohpc/pub/compiler/conda/latest/lib/python3.12/multiprocessing/util.py", line 303, in _run_finalizers
    finalizer()
  File "/opt/ohpc/pub/compiler/conda/latest/lib/python3.12/multiprocessing/util.py", line 136, in _remove_temp_dir
    rmtree(tempdir, onerror=onerror)
  File "/opt/ohpc/pub/compiler/conda/latest/lib/python3.12/shutil.py", line 759, in rmtree
    _rmtree_safe_fd(stack, onexc)
  File "/opt/ohpc/pub/compiler/conda/latest/lib/python3.12/multiprocessing/util.py", line 227, in __call__
    res = self._callback(*self._args, **self._kwargs)
          ^^^^^^^^^^^^^^^^^^^^^^^^^^^^^^^^^^^^^^^^^^^
  File "/opt/ohpc/pub/compiler/conda/latest/lib/python3.12/shutil.py", line 703, in _rmtree_safe_fd
    onexc(func, path, err)
  File "/opt/ohpc/pub/compiler/conda/latest/lib/python3.12/multiprocessing/util.py", line 136, in _remove_temp_dir
    rmtree(tempdir, onerror=onerror)
  File "/opt/ohpc/pub/compiler/conda/latest/lib/python3.12/shutil.py", line 750, in onexc
    return onerror(func, path, exc_info)
           ^^^^^^^^^^^^^^^^^^^^^^^^^^^^^
  File "/opt/ohpc/pub/compiler/conda/latest/lib/python3.12/shutil.py", line 759, in rmtree
    _rmtree_safe_fd(stack, onexc)
  File "/opt/ohpc/pub/compiler/conda/latest/lib/python3.12/shutil.py", line 700, in _rmtree_safe_fd
    onexc(os.unlink, fullname, err)
  File "/opt/ohpc/pub/compiler/conda/latest/lib/python3.12/shutil.py", line 703, in _rmtree_safe_fd
    onexc(func, path, err)
  File "/opt/ohpc/pub/compiler/conda/latest/lib/python3.12/shutil.py", line 750, in onexc
    return onerror(func, path, exc_info)
           ^^^^^^^^^^^^^^^^^^^^^^^^^^^^^
  File "/opt/ohpc/pub/compiler/conda/latest/lib/python3.12/shutil.py", line 750, in onexc
    return onerror(func, path, exc_info)
           ^^^^^^^^^^^^^^^^^^^^^^^^^^^^^
  File "/opt/ohpc/pub/compiler/conda/latest/lib/python3.12/shutil.py", line 698, in _rmtree_safe_fd
    os.unlink(entry.name, dir_fd=topfd)
  File "/opt/ohpc/pub/compiler/conda/latest/lib/python3.12/shutil.py", line 700, in _rmtree_safe_fd
    onexc(os.unlink, fullname, err)
  File "/opt/ohpc/pub/compiler/conda/latest/lib/python3.12/shutil.py", line 750, in onexc
    return onerror(func, path, exc_info)
           ^^^^^^^^^^^^^^^^^^^^^^^^^^^^^
  File "/opt/ohpc/pub/compiler/conda/latest/lib/python3.12/shutil.py", line 698, in _rmtree_safe_fd
    os.unlink(entry.name, dir_fd=topfd)
OSError: [Errno 16] Device or resource busy: '/tmp/pymp-873lclz5'
OSError: [Errno 16] Device or resource busy: '/tmp/pymp-mnttctfj'
  File "/opt/ohpc/pub/compiler/conda/latest/lib/python3.12/multiprocessing/util.py", line 303, in _run_finalizers
    finalizer()
  File "/opt/ohpc/pub/compiler/conda/latest/lib/python3.12/multiprocessing/util.py", line 303, in _run_finalizers
    finalizer()
  File "/opt/ohpc/pub/compiler/conda/latest/lib/python3.12/multiprocessing/util.py", line 227, in __call__
    res = self._callback(*self._args, **self._kwargs)
          ^^^^^^^^^^^^^^^^^^^^^^^^^^^^^^^^^^^^^^^^^^^
  File "/opt/ohpc/pub/compiler/conda/latest/lib/python3.12/multiprocessing/util.py", line 136, in _remove_temp_dir
    rmtree(tempdir, onerror=onerror)
  File "/opt/ohpc/pub/compiler/conda/latest/lib/python3.12/shutil.py", line 759, in rmtree
    _rmtree_safe_fd(stack, onexc)
  File "/opt/ohpc/pub/compiler/conda/latest/lib/python3.12/multiprocessing/util.py", line 227, in __call__
    res = self._callback(*self._args, **self._kwargs)
          ^^^^^^^^^^^^^^^^^^^^^^^^^^^^^^^^^^^^^^^^^^^
  File "/opt/ohpc/pub/compiler/conda/latest/lib/python3.12/shutil.py", line 703, in _rmtree_safe_fd
    onexc(func, path, err)
  File "/opt/ohpc/pub/compiler/conda/latest/lib/python3.12/shutil.py", line 750, in onexc
    return onerror(func, path, exc_info)
           ^^^^^^^^^^^^^^^^^^^^^^^^^^^^^
  File "/opt/ohpc/pub/compiler/conda/latest/lib/python3.12/multiprocessing/util.py", line 136, in _remove_temp_dir
    rmtree(tempdir, onerror=onerror)
  File "/opt/ohpc/pub/compiler/conda/latest/lib/python3.12/shutil.py", line 700, in _rmtree_safe_fd
    onexc(os.unlink, fullname, err)
  File "/opt/ohpc/pub/compiler/conda/latest/lib/python3.12/shutil.py", line 759, in rmtree
    _rmtree_safe_fd(stack, onexc)
  File "/opt/ohpc/pub/compiler/conda/latest/lib/python3.12/shutil.py", line 750, in onexc
    return onerror(func, path, exc_info)
           ^^^^^^^^^^^^^^^^^^^^^^^^^^^^^
  File "/opt/ohpc/pub/compiler/conda/latest/lib/python3.12/shutil.py", line 703, in _rmtree_safe_fd
    onexc(func, path, err)
  File "/opt/ohpc/pub/compiler/conda/latest/lib/python3.12/shutil.py", line 698, in _rmtree_safe_fd
    os.unlink(entry.name, dir_fd=topfd)
  File "/opt/ohpc/pub/compiler/conda/latest/lib/python3.12/shutil.py", line 750, in onexc
    return onerror(func, path, exc_info)
           ^^^^^^^^^^^^^^^^^^^^^^^^^^^^^
  File "/opt/ohpc/pub/compiler/conda/latest/lib/python3.12/shutil.py", line 700, in _rmtree_safe_fd
    onexc(os.unlink, fullname, err)
  File "/opt/ohpc/pub/compiler/conda/latest/lib/python3.12/shutil.py", line 750, in onexc
    return onerror(func, path, exc_info)
           ^^^^^^^^^^^^^^^^^^^^^^^^^^^^^
  File "/opt/ohpc/pub/compiler/conda/latest/lib/python3.12/shutil.py", line 698, in _rmtree_safe_fd
    os.unlink(entry.name, dir_fd=topfd)
OSError: [Errno 16] Device or resource busy: '/tmp/pymp-ijas3oni'
OSError: [Errno 16] Device or resource busy: '/tmp/pymp-7ck7zt9j'
Traceback (most recent call last):
Traceback (most recent call last):
Traceback (most recent call last):
Traceback (most recent call last):
Traceback (most recent call last):
Traceback (most recent call last):
Traceback (most recent call last):
Traceback (most recent call last):
Traceback (most recent call last):
Traceback (most recent call last):
  File "/opt/ohpc/pub/compiler/conda/latest/lib/python3.12/multiprocessing/util.py", line 303, in _run_finalizers
    finalizer()
  File "/opt/ohpc/pub/compiler/conda/latest/lib/python3.12/multiprocessing/util.py", line 227, in __call__
    res = self._callback(*self._args, **self._kwargs)
          ^^^^^^^^^^^^^^^^^^^^^^^^^^^^^^^^^^^^^^^^^^^
  File "/opt/ohpc/pub/compiler/conda/latest/lib/python3.12/multiprocessing/util.py", line 136, in _remove_temp_dir
    rmtree(tempdir, onerror=onerror)
  File "/opt/ohpc/pub/compiler/conda/latest/lib/python3.12/shutil.py", line 759, in rmtree
    _rmtree_safe_fd(stack, onexc)
  File "/opt/ohpc/pub/compiler/conda/latest/lib/python3.12/shutil.py", line 703, in _rmtree_safe_fd
    onexc(func, path, err)
  File "/opt/ohpc/pub/compiler/conda/latest/lib/python3.12/shutil.py", line 750, in onexc
    return onerror(func, path, exc_info)
           ^^^^^^^^^^^^^^^^^^^^^^^^^^^^^
  File "/opt/ohpc/pub/compiler/conda/latest/lib/python3.12/shutil.py", line 700, in _rmtree_safe_fd
    onexc(os.unlink, fullname, err)
  File "/opt/ohpc/pub/compiler/conda/latest/lib/python3.12/shutil.py", line 750, in onexc
    return onerror(func, path, exc_info)
           ^^^^^^^^^^^^^^^^^^^^^^^^^^^^^
  File "/opt/ohpc/pub/compiler/conda/latest/lib/python3.12/shutil.py", line 698, in _rmtree_safe_fd
    os.unlink(entry.name, dir_fd=topfd)
OSError: [Errno 16] Device or resource busy: '/tmp/pymp-8tbqu0b1'
  File "/opt/ohpc/pub/compiler/conda/latest/lib/python3.12/multiprocessing/util.py", line 303, in _run_finalizers
    finalizer()
  File "/opt/ohpc/pub/compiler/conda/latest/lib/python3.12/multiprocessing/util.py", line 303, in _run_finalizers
    finalizer()
  File "/opt/ohpc/pub/compiler/conda/latest/lib/python3.12/multiprocessing/util.py", line 227, in __call__
    res = self._callback(*self._args, **self._kwargs)
          ^^^^^^^^^^^^^^^^^^^^^^^^^^^^^^^^^^^^^^^^^^^
  File "/opt/ohpc/pub/compiler/conda/latest/lib/python3.12/multiprocessing/util.py", line 227, in __call__
    res = self._callback(*self._args, **self._kwargs)
          ^^^^^^^^^^^^^^^^^^^^^^^^^^^^^^^^^^^^^^^^^^^
  File "/opt/ohpc/pub/compiler/conda/latest/lib/python3.12/multiprocessing/util.py", line 136, in _remove_temp_dir
    rmtree(tempdir, onerror=onerror)
  File "/opt/ohpc/pub/compiler/conda/latest/lib/python3.12/multiprocessing/util.py", line 136, in _remove_temp_dir
    rmtree(tempdir, onerror=onerror)
  File "/opt/ohpc/pub/compiler/conda/latest/lib/python3.12/shutil.py", line 759, in rmtree
    _rmtree_safe_fd(stack, onexc)
  File "/opt/ohpc/pub/compiler/conda/latest/lib/python3.12/shutil.py", line 759, in rmtree
    _rmtree_safe_fd(stack, onexc)
  File "/opt/ohpc/pub/compiler/conda/latest/lib/python3.12/shutil.py", line 703, in _rmtree_safe_fd
    onexc(func, path, err)
  File "/opt/ohpc/pub/compiler/conda/latest/lib/python3.12/shutil.py", line 703, in _rmtree_safe_fd
    onexc(func, path, err)
  File "/opt/ohpc/pub/compiler/conda/latest/lib/python3.12/shutil.py", line 750, in onexc
    return onerror(func, path, exc_info)
           ^^^^^^^^^^^^^^^^^^^^^^^^^^^^^
  File "/opt/ohpc/pub/compiler/conda/latest/lib/python3.12/shutil.py", line 750, in onexc
    return onerror(func, path, exc_info)
           ^^^^^^^^^^^^^^^^^^^^^^^^^^^^^
  File "/opt/ohpc/pub/compiler/conda/latest/lib/python3.12/shutil.py", line 700, in _rmtree_safe_fd
    onexc(os.unlink, fullname, err)
  File "/opt/ohpc/pub/compiler/conda/latest/lib/python3.12/shutil.py", line 700, in _rmtree_safe_fd
    onexc(os.unlink, fullname, err)
  File "/opt/ohpc/pub/compiler/conda/latest/lib/python3.12/shutil.py", line 750, in onexc
    return onerror(func, path, exc_info)
           ^^^^^^^^^^^^^^^^^^^^^^^^^^^^^
  File "/opt/ohpc/pub/compiler/conda/latest/lib/python3.12/shutil.py", line 750, in onexc
    return onerror(func, path, exc_info)
           ^^^^^^^^^^^^^^^^^^^^^^^^^^^^^
  File "/opt/ohpc/pub/compiler/conda/latest/lib/python3.12/shutil.py", line 698, in _rmtree_safe_fd
    os.unlink(entry.name, dir_fd=topfd)
  File "/opt/ohpc/pub/compiler/conda/latest/lib/python3.12/shutil.py", line 698, in _rmtree_safe_fd
    os.unlink(entry.name, dir_fd=topfd)
OSError: [Errno 16] Device or resource busy: '/tmp/pymp-j6gt3zfz'
OSError: [Errno 16] Device or resource busy: '/tmp/pymp-tb_z0zp8'
  File "/opt/ohpc/pub/compiler/conda/latest/lib/python3.12/multiprocessing/util.py", line 303, in _run_finalizers
    finalizer()
  File "/opt/ohpc/pub/compiler/conda/latest/lib/python3.12/multiprocessing/util.py", line 227, in __call__
    res = self._callback(*self._args, **self._kwargs)
          ^^^^^^^^^^^^^^^^^^^^^^^^^^^^^^^^^^^^^^^^^^^
  File "/opt/ohpc/pub/compiler/conda/latest/lib/python3.12/multiprocessing/util.py", line 136, in _remove_temp_dir
    rmtree(tempdir, onerror=onerror)
  File "/opt/ohpc/pub/compiler/conda/latest/lib/python3.12/shutil.py", line 759, in rmtree
    _rmtree_safe_fd(stack, onexc)
  File "/opt/ohpc/pub/compiler/conda/latest/lib/python3.12/shutil.py", line 703, in _rmtree_safe_fd
    onexc(func, path, err)
  File "/opt/ohpc/pub/compiler/conda/latest/lib/python3.12/shutil.py", line 750, in onexc
    return onerror(func, path, exc_info)
           ^^^^^^^^^^^^^^^^^^^^^^^^^^^^^
  File "/opt/ohpc/pub/compiler/conda/latest/lib/python3.12/shutil.py", line 700, in _rmtree_safe_fd
    onexc(os.unlink, fullname, err)
  File "/opt/ohpc/pub/compiler/conda/latest/lib/python3.12/shutil.py", line 750, in onexc
    return onerror(func, path, exc_info)
           ^^^^^^^^^^^^^^^^^^^^^^^^^^^^^
  File "/opt/ohpc/pub/compiler/conda/latest/lib/python3.12/shutil.py", line 698, in _rmtree_safe_fd
    os.unlink(entry.name, dir_fd=topfd)
OSError: [Errno 16] Device or resource busy: '/tmp/pymp-b0yp_ec0'
  File "/opt/ohpc/pub/compiler/conda/latest/lib/python3.12/multiprocessing/util.py", line 303, in _run_finalizers
    finalizer()
  File "/opt/ohpc/pub/compiler/conda/latest/lib/python3.12/multiprocessing/util.py", line 227, in __call__
    res = self._callback(*self._args, **self._kwargs)
          ^^^^^^^^^^^^^^^^^^^^^^^^^^^^^^^^^^^^^^^^^^^
  File "/opt/ohpc/pub/compiler/conda/latest/lib/python3.12/multiprocessing/util.py", line 136, in _remove_temp_dir
    rmtree(tempdir, onerror=onerror)
  File "/opt/ohpc/pub/compiler/conda/latest/lib/python3.12/shutil.py", line 759, in rmtree
    _rmtree_safe_fd(stack, onexc)
  File "/opt/ohpc/pub/compiler/conda/latest/lib/python3.12/shutil.py", line 703, in _rmtree_safe_fd
    onexc(func, path, err)
  File "/opt/ohpc/pub/compiler/conda/latest/lib/python3.12/shutil.py", line 750, in onexc
    return onerror(func, path, exc_info)
           ^^^^^^^^^^^^^^^^^^^^^^^^^^^^^
  File "/opt/ohpc/pub/compiler/conda/latest/lib/python3.12/shutil.py", line 700, in _rmtree_safe_fd
    onexc(os.unlink, fullname, err)
  File "/opt/ohpc/pub/compiler/conda/latest/lib/python3.12/shutil.py", line 750, in onexc
    return onerror(func, path, exc_info)
           ^^^^^^^^^^^^^^^^^^^^^^^^^^^^^
  File "/opt/ohpc/pub/compiler/conda/latest/lib/python3.12/shutil.py", line 698, in _rmtree_safe_fd
    os.unlink(entry.name, dir_fd=topfd)
OSError: [Errno 16] Device or resource busy: '/tmp/pymp-471iyj1w'
  File "/opt/ohpc/pub/compiler/conda/latest/lib/python3.12/multiprocessing/util.py", line 303, in _run_finalizers
    finalizer()
  File "/opt/ohpc/pub/compiler/conda/latest/lib/python3.12/multiprocessing/util.py", line 227, in __call__
    res = self._callback(*self._args, **self._kwargs)
          ^^^^^^^^^^^^^^^^^^^^^^^^^^^^^^^^^^^^^^^^^^^
  File "/opt/ohpc/pub/compiler/conda/latest/lib/python3.12/multiprocessing/util.py", line 136, in _remove_temp_dir
    rmtree(tempdir, onerror=onerror)
  File "/opt/ohpc/pub/compiler/conda/latest/lib/python3.12/shutil.py", line 759, in rmtree
    _rmtree_safe_fd(stack, onexc)
  File "/opt/ohpc/pub/compiler/conda/latest/lib/python3.12/shutil.py", line 703, in _rmtree_safe_fd
    onexc(func, path, err)
  File "/opt/ohpc/pub/compiler/conda/latest/lib/python3.12/shutil.py", line 750, in onexc
    return onerror(func, path, exc_info)
           ^^^^^^^^^^^^^^^^^^^^^^^^^^^^^
  File "/opt/ohpc/pub/compiler/conda/latest/lib/python3.12/shutil.py", line 700, in _rmtree_safe_fd
    onexc(os.unlink, fullname, err)
  File "/opt/ohpc/pub/compiler/conda/latest/lib/python3.12/shutil.py", line 750, in onexc
    return onerror(func, path, exc_info)
           ^^^^^^^^^^^^^^^^^^^^^^^^^^^^^
  File "/opt/ohpc/pub/compiler/conda/latest/lib/python3.12/shutil.py", line 698, in _rmtree_safe_fd
    os.unlink(entry.name, dir_fd=topfd)
  File "/opt/ohpc/pub/compiler/conda/latest/lib/python3.12/multiprocessing/util.py", line 303, in _run_finalizers
    finalizer()
OSError: [Errno 16] Device or resource busy: '/tmp/pymp-am1g4g4z'
  File "/opt/ohpc/pub/compiler/conda/latest/lib/python3.12/multiprocessing/util.py", line 227, in __call__
    res = self._callback(*self._args, **self._kwargs)
          ^^^^^^^^^^^^^^^^^^^^^^^^^^^^^^^^^^^^^^^^^^^
  File "/opt/ohpc/pub/compiler/conda/latest/lib/python3.12/multiprocessing/util.py", line 136, in _remove_temp_dir
    rmtree(tempdir, onerror=onerror)
  File "/opt/ohpc/pub/compiler/conda/latest/lib/python3.12/shutil.py", line 759, in rmtree
    _rmtree_safe_fd(stack, onexc)
  File "/opt/ohpc/pub/compiler/conda/latest/lib/python3.12/shutil.py", line 703, in _rmtree_safe_fd
    onexc(func, path, err)
  File "/opt/ohpc/pub/compiler/conda/latest/lib/python3.12/shutil.py", line 750, in onexc
    return onerror(func, path, exc_info)
           ^^^^^^^^^^^^^^^^^^^^^^^^^^^^^
  File "/opt/ohpc/pub/compiler/conda/latest/lib/python3.12/shutil.py", line 700, in _rmtree_safe_fd
    onexc(os.unlink, fullname, err)
  File "/opt/ohpc/pub/compiler/conda/latest/lib/python3.12/multiprocessing/util.py", line 303, in _run_finalizers
    finalizer()
  File "/opt/ohpc/pub/compiler/conda/latest/lib/python3.12/shutil.py", line 750, in onexc
    return onerror(func, path, exc_info)
           ^^^^^^^^^^^^^^^^^^^^^^^^^^^^^
  File "/opt/ohpc/pub/compiler/conda/latest/lib/python3.12/shutil.py", line 698, in _rmtree_safe_fd
    os.unlink(entry.name, dir_fd=topfd)
  File "/opt/ohpc/pub/compiler/conda/latest/lib/python3.12/multiprocessing/util.py", line 227, in __call__
    res = self._callback(*self._args, **self._kwargs)
          ^^^^^^^^^^^^^^^^^^^^^^^^^^^^^^^^^^^^^^^^^^^
  File "/opt/ohpc/pub/compiler/conda/latest/lib/python3.12/multiprocessing/util.py", line 136, in _remove_temp_dir
    rmtree(tempdir, onerror=onerror)
  File "/opt/ohpc/pub/compiler/conda/latest/lib/python3.12/shutil.py", line 759, in rmtree
    _rmtree_safe_fd(stack, onexc)
OSError: [Errno 16] Device or resource busy: '/tmp/pymp-0a7vtk3u'
  File "/opt/ohpc/pub/compiler/conda/latest/lib/python3.12/shutil.py", line 703, in _rmtree_safe_fd
    onexc(func, path, err)
  File "/opt/ohpc/pub/compiler/conda/latest/lib/python3.12/shutil.py", line 750, in onexc
    return onerror(func, path, exc_info)
           ^^^^^^^^^^^^^^^^^^^^^^^^^^^^^
  File "/opt/ohpc/pub/compiler/conda/latest/lib/python3.12/multiprocessing/util.py", line 303, in _run_finalizers
    finalizer()
  File "/opt/ohpc/pub/compiler/conda/latest/lib/python3.12/shutil.py", line 700, in _rmtree_safe_fd
    onexc(os.unlink, fullname, err)
  File "/opt/ohpc/pub/compiler/conda/latest/lib/python3.12/shutil.py", line 750, in onexc
    return onerror(func, path, exc_info)
           ^^^^^^^^^^^^^^^^^^^^^^^^^^^^^
  File "/opt/ohpc/pub/compiler/conda/latest/lib/python3.12/multiprocessing/util.py", line 227, in __call__
    res = self._callback(*self._args, **self._kwargs)
          ^^^^^^^^^^^^^^^^^^^^^^^^^^^^^^^^^^^^^^^^^^^
  File "/opt/ohpc/pub/compiler/conda/latest/lib/python3.12/shutil.py", line 698, in _rmtree_safe_fd
    os.unlink(entry.name, dir_fd=topfd)
  File "/opt/ohpc/pub/compiler/conda/latest/lib/python3.12/multiprocessing/util.py", line 136, in _remove_temp_dir
    rmtree(tempdir, onerror=onerror)
  File "/opt/ohpc/pub/compiler/conda/latest/lib/python3.12/shutil.py", line 759, in rmtree
    _rmtree_safe_fd(stack, onexc)
  File "/opt/ohpc/pub/compiler/conda/latest/lib/python3.12/shutil.py", line 703, in _rmtree_safe_fd
    onexc(func, path, err)
  File "/opt/ohpc/pub/compiler/conda/latest/lib/python3.12/shutil.py", line 750, in onexc
    return onerror(func, path, exc_info)
           ^^^^^^^^^^^^^^^^^^^^^^^^^^^^^
OSError: [Errno 16] Device or resource busy: '/tmp/pymp-idodguhv'
  File "/opt/ohpc/pub/compiler/conda/latest/lib/python3.12/shutil.py", line 700, in _rmtree_safe_fd
    onexc(os.unlink, fullname, err)
  File "/opt/ohpc/pub/compiler/conda/latest/lib/python3.12/shutil.py", line 750, in onexc
    return onerror(func, path, exc_info)
           ^^^^^^^^^^^^^^^^^^^^^^^^^^^^^
  File "/opt/ohpc/pub/compiler/conda/latest/lib/python3.12/shutil.py", line 698, in _rmtree_safe_fd
    os.unlink(entry.name, dir_fd=topfd)
  File "/opt/ohpc/pub/compiler/conda/latest/lib/python3.12/multiprocessing/util.py", line 303, in _run_finalizers
    finalizer()
OSError: [Errno 16] Device or resource busy: '/tmp/pymp-dakdintr'
  File "/opt/ohpc/pub/compiler/conda/latest/lib/python3.12/multiprocessing/util.py", line 227, in __call__
    res = self._callback(*self._args, **self._kwargs)
          ^^^^^^^^^^^^^^^^^^^^^^^^^^^^^^^^^^^^^^^^^^^
  File "/opt/ohpc/pub/compiler/conda/latest/lib/python3.12/multiprocessing/util.py", line 136, in _remove_temp_dir
    rmtree(tempdir, onerror=onerror)
  File "/opt/ohpc/pub/compiler/conda/latest/lib/python3.12/shutil.py", line 759, in rmtree
    _rmtree_safe_fd(stack, onexc)
  File "/opt/ohpc/pub/compiler/conda/latest/lib/python3.12/shutil.py", line 703, in _rmtree_safe_fd
    onexc(func, path, err)
  File "/opt/ohpc/pub/compiler/conda/latest/lib/python3.12/shutil.py", line 750, in onexc
    return onerror(func, path, exc_info)
           ^^^^^^^^^^^^^^^^^^^^^^^^^^^^^
  File "/opt/ohpc/pub/compiler/conda/latest/lib/python3.12/shutil.py", line 700, in _rmtree_safe_fd
    onexc(os.unlink, fullname, err)
  File "/opt/ohpc/pub/compiler/conda/latest/lib/python3.12/shutil.py", line 750, in onexc
    return onerror(func, path, exc_info)
           ^^^^^^^^^^^^^^^^^^^^^^^^^^^^^
  File "/opt/ohpc/pub/compiler/conda/latest/lib/python3.12/shutil.py", line 698, in _rmtree_safe_fd
    os.unlink(entry.name, dir_fd=topfd)
OSError: [Errno 16] Device or resource busy: '/tmp/pymp-u5zixjeb'
[val 000] loss=-0.0100 z_std=0.0484 rankme=81.792 lidar=44.151 areq=1.280 pr=2.68 align=0.6390 unif=-1.758 converged=False collapsed=False
  e001 it0000/62 lr=0.0003 loss=-0.0148 z_std=0.0643
  e001 it0010/62 lr=0.0004 loss=-0.0122 z_std=0.0643
  e001 it0020/62 lr=0.0004 loss=-0.0190 z_std=0.0643
  e001 it0030/62 lr=0.0005 loss=-0.0203 z_std=0.0642
  e001 it0040/62 lr=0.0005 loss=-0.0226 z_std=0.0643
  e001 it0050/62 lr=0.0006 loss=-0.0262 z_std=0.0642
  e001 it0060/62 lr=0.0006 loss=-0.0288 z_std=0.0642
[epoch 001] loss=-0.0289 z_std=0.0642 (healthy~0.0625) time=177.2s
Traceback (most recent call last):
Traceback (most recent call last):
Traceback (most recent call last):
Traceback (most recent call last):
Traceback (most recent call last):
Traceback (most recent call last):
Traceback (most recent call last):
  File "/opt/ohpc/pub/compiler/conda/latest/lib/python3.12/multiprocessing/util.py", line 303, in _run_finalizers
    finalizer()
  File "/opt/ohpc/pub/compiler/conda/latest/lib/python3.12/multiprocessing/util.py", line 303, in _run_finalizers
    finalizer()
  File "/opt/ohpc/pub/compiler/conda/latest/lib/python3.12/multiprocessing/util.py", line 303, in _run_finalizers
    finalizer()
  File "/opt/ohpc/pub/compiler/conda/latest/lib/python3.12/multiprocessing/util.py", line 303, in _run_finalizers
    finalizer()
  File "/opt/ohpc/pub/compiler/conda/latest/lib/python3.12/multiprocessing/util.py", line 303, in _run_finalizers
    finalizer()
  File "/opt/ohpc/pub/compiler/conda/latest/lib/python3.12/multiprocessing/util.py", line 227, in __call__
    res = self._callback(*self._args, **self._kwargs)
          ^^^^^^^^^^^^^^^^^^^^^^^^^^^^^^^^^^^^^^^^^^^
  File "/opt/ohpc/pub/compiler/conda/latest/lib/python3.12/multiprocessing/util.py", line 227, in __call__
    res = self._callback(*self._args, **self._kwargs)
          ^^^^^^^^^^^^^^^^^^^^^^^^^^^^^^^^^^^^^^^^^^^
  File "/opt/ohpc/pub/compiler/conda/latest/lib/python3.12/multiprocessing/util.py", line 227, in __call__
    res = self._callback(*self._args, **self._kwargs)
          ^^^^^^^^^^^^^^^^^^^^^^^^^^^^^^^^^^^^^^^^^^^
  File "/opt/ohpc/pub/compiler/conda/latest/lib/python3.12/multiprocessing/util.py", line 227, in __call__
    res = self._callback(*self._args, **self._kwargs)
          ^^^^^^^^^^^^^^^^^^^^^^^^^^^^^^^^^^^^^^^^^^^
  File "/opt/ohpc/pub/compiler/conda/latest/lib/python3.12/multiprocessing/util.py", line 136, in _remove_temp_dir
    rmtree(tempdir, onerror=onerror)
  File "/opt/ohpc/pub/compiler/conda/latest/lib/python3.12/multiprocessing/util.py", line 136, in _remove_temp_dir
    rmtree(tempdir, onerror=onerror)
  File "/opt/ohpc/pub/compiler/conda/latest/lib/python3.12/multiprocessing/util.py", line 136, in _remove_temp_dir
    rmtree(tempdir, onerror=onerror)
  File "/opt/ohpc/pub/compiler/conda/latest/lib/python3.12/shutil.py", line 759, in rmtree
    _rmtree_safe_fd(stack, onexc)
  File "/opt/ohpc/pub/compiler/conda/latest/lib/python3.12/multiprocessing/util.py", line 136, in _remove_temp_dir
    rmtree(tempdir, onerror=onerror)
  File "/opt/ohpc/pub/compiler/conda/latest/lib/python3.12/multiprocessing/util.py", line 227, in __call__
    res = self._callback(*self._args, **self._kwargs)
          ^^^^^^^^^^^^^^^^^^^^^^^^^^^^^^^^^^^^^^^^^^^
  File "/opt/ohpc/pub/compiler/conda/latest/lib/python3.12/shutil.py", line 759, in rmtree
    _rmtree_safe_fd(stack, onexc)
  File "/opt/ohpc/pub/compiler/conda/latest/lib/python3.12/shutil.py", line 759, in rmtree
    _rmtree_safe_fd(stack, onexc)
  File "/opt/ohpc/pub/compiler/conda/latest/lib/python3.12/shutil.py", line 703, in _rmtree_safe_fd
    onexc(func, path, err)
  File "/opt/ohpc/pub/compiler/conda/latest/lib/python3.12/shutil.py", line 759, in rmtree
    _rmtree_safe_fd(stack, onexc)
  File "/opt/ohpc/pub/compiler/conda/latest/lib/python3.12/shutil.py", line 703, in _rmtree_safe_fd
    onexc(func, path, err)
  File "/opt/ohpc/pub/compiler/conda/latest/lib/python3.12/multiprocessing/util.py", line 136, in _remove_temp_dir
    rmtree(tempdir, onerror=onerror)
  File "/opt/ohpc/pub/compiler/conda/latest/lib/python3.12/shutil.py", line 703, in _rmtree_safe_fd
    onexc(func, path, err)
  File "/opt/ohpc/pub/compiler/conda/latest/lib/python3.12/shutil.py", line 750, in onexc
    return onerror(func, path, exc_info)
           ^^^^^^^^^^^^^^^^^^^^^^^^^^^^^
  File "/opt/ohpc/pub/compiler/conda/latest/lib/python3.12/shutil.py", line 703, in _rmtree_safe_fd
    onexc(func, path, err)
  File "/opt/ohpc/pub/compiler/conda/latest/lib/python3.12/shutil.py", line 750, in onexc
    return onerror(func, path, exc_info)
           ^^^^^^^^^^^^^^^^^^^^^^^^^^^^^
  File "/opt/ohpc/pub/compiler/conda/latest/lib/python3.12/shutil.py", line 759, in rmtree
    _rmtree_safe_fd(stack, onexc)
  File "/opt/ohpc/pub/compiler/conda/latest/lib/python3.12/shutil.py", line 750, in onexc
    return onerror(func, path, exc_info)
           ^^^^^^^^^^^^^^^^^^^^^^^^^^^^^
  File "/opt/ohpc/pub/compiler/conda/latest/lib/python3.12/shutil.py", line 700, in _rmtree_safe_fd
    onexc(os.unlink, fullname, err)
  File "/opt/ohpc/pub/compiler/conda/latest/lib/python3.12/shutil.py", line 750, in onexc
    return onerror(func, path, exc_info)
           ^^^^^^^^^^^^^^^^^^^^^^^^^^^^^
  File "/opt/ohpc/pub/compiler/conda/latest/lib/python3.12/shutil.py", line 700, in _rmtree_safe_fd
    onexc(os.unlink, fullname, err)
  File "/opt/ohpc/pub/compiler/conda/latest/lib/python3.12/shutil.py", line 703, in _rmtree_safe_fd
    onexc(func, path, err)
  File "/opt/ohpc/pub/compiler/conda/latest/lib/python3.12/shutil.py", line 700, in _rmtree_safe_fd
    onexc(os.unlink, fullname, err)
  File "/opt/ohpc/pub/compiler/conda/latest/lib/python3.12/shutil.py", line 750, in onexc
    return onerror(func, path, exc_info)
           ^^^^^^^^^^^^^^^^^^^^^^^^^^^^^
  File "/opt/ohpc/pub/compiler/conda/latest/lib/python3.12/shutil.py", line 700, in _rmtree_safe_fd
    onexc(os.unlink, fullname, err)
  File "/opt/ohpc/pub/compiler/conda/latest/lib/python3.12/shutil.py", line 750, in onexc
    return onerror(func, path, exc_info)
           ^^^^^^^^^^^^^^^^^^^^^^^^^^^^^
  File "/opt/ohpc/pub/compiler/conda/latest/lib/python3.12/shutil.py", line 698, in _rmtree_safe_fd
    os.unlink(entry.name, dir_fd=topfd)
  File "/opt/ohpc/pub/compiler/conda/latest/lib/python3.12/shutil.py", line 750, in onexc
    return onerror(func, path, exc_info)
           ^^^^^^^^^^^^^^^^^^^^^^^^^^^^^
  File "/opt/ohpc/pub/compiler/conda/latest/lib/python3.12/shutil.py", line 698, in _rmtree_safe_fd
    os.unlink(entry.name, dir_fd=topfd)
  File "/opt/ohpc/pub/compiler/conda/latest/lib/python3.12/shutil.py", line 750, in onexc
    return onerror(func, path, exc_info)
           ^^^^^^^^^^^^^^^^^^^^^^^^^^^^^
  File "/opt/ohpc/pub/compiler/conda/latest/lib/python3.12/shutil.py", line 750, in onexc
    return onerror(func, path, exc_info)
           ^^^^^^^^^^^^^^^^^^^^^^^^^^^^^
  File "/opt/ohpc/pub/compiler/conda/latest/lib/python3.12/shutil.py", line 698, in _rmtree_safe_fd
    os.unlink(entry.name, dir_fd=topfd)
  File "/opt/ohpc/pub/compiler/conda/latest/lib/python3.12/shutil.py", line 700, in _rmtree_safe_fd
    onexc(os.unlink, fullname, err)
  File "/opt/ohpc/pub/compiler/conda/latest/lib/python3.12/shutil.py", line 698, in _rmtree_safe_fd
    os.unlink(entry.name, dir_fd=topfd)
  File "/opt/ohpc/pub/compiler/conda/latest/lib/python3.12/shutil.py", line 750, in onexc
    return onerror(func, path, exc_info)
           ^^^^^^^^^^^^^^^^^^^^^^^^^^^^^
Traceback (most recent call last):
  File "/opt/ohpc/pub/compiler/conda/latest/lib/python3.12/shutil.py", line 698, in _rmtree_safe_fd
    os.unlink(entry.name, dir_fd=topfd)
  File "/opt/ohpc/pub/compiler/conda/latest/lib/python3.12/multiprocessing/util.py", line 303, in _run_finalizers
    finalizer()
OSError: [Errno 16] Device or resource busy: '/tmp/pymp-xbz7mnu1'
OSError: [Errno 16] Device or resource busy: '/tmp/pymp-gp_8x2tm'
OSError: [Errno 16] Device or resource busy: '/tmp/pymp-yyr52evp'
OSError: [Errno 16] Device or resource busy: '/tmp/pymp-mmjrmqaj'
  File "/opt/ohpc/pub/compiler/conda/latest/lib/python3.12/multiprocessing/util.py", line 227, in __call__
    res = self._callback(*self._args, **self._kwargs)
          ^^^^^^^^^^^^^^^^^^^^^^^^^^^^^^^^^^^^^^^^^^^
  File "/opt/ohpc/pub/compiler/conda/latest/lib/python3.12/multiprocessing/util.py", line 136, in _remove_temp_dir
    rmtree(tempdir, onerror=onerror)
OSError: [Errno 16] Device or resource busy: '/tmp/pymp-04tdm_d8'
  File "/opt/ohpc/pub/compiler/conda/latest/lib/python3.12/shutil.py", line 759, in rmtree
    _rmtree_safe_fd(stack, onexc)
  File "/opt/ohpc/pub/compiler/conda/latest/lib/python3.12/shutil.py", line 703, in _rmtree_safe_fd
    onexc(func, path, err)
  File "/opt/ohpc/pub/compiler/conda/latest/lib/python3.12/shutil.py", line 750, in onexc
    return onerror(func, path, exc_info)
           ^^^^^^^^^^^^^^^^^^^^^^^^^^^^^
  File "/opt/ohpc/pub/compiler/conda/latest/lib/python3.12/shutil.py", line 700, in _rmtree_safe_fd
    onexc(os.unlink, fullname, err)
  File "/opt/ohpc/pub/compiler/conda/latest/lib/python3.12/shutil.py", line 750, in onexc
    return onerror(func, path, exc_info)
           ^^^^^^^^^^^^^^^^^^^^^^^^^^^^^
  File "/opt/ohpc/pub/compiler/conda/latest/lib/python3.12/shutil.py", line 698, in _rmtree_safe_fd
    os.unlink(entry.name, dir_fd=topfd)
OSError: [Errno 16] Device or resource busy: '/tmp/pymp-fcw165_i'
  File "/opt/ohpc/pub/compiler/conda/latest/lib/python3.12/multiprocessing/util.py", line 303, in _run_finalizers
    finalizer()
  File "/opt/ohpc/pub/compiler/conda/latest/lib/python3.12/multiprocessing/util.py", line 227, in __call__
    res = self._callback(*self._args, **self._kwargs)
          ^^^^^^^^^^^^^^^^^^^^^^^^^^^^^^^^^^^^^^^^^^^
  File "/opt/ohpc/pub/compiler/conda/latest/lib/python3.12/multiprocessing/util.py", line 136, in _remove_temp_dir
    rmtree(tempdir, onerror=onerror)
  File "/opt/ohpc/pub/compiler/conda/latest/lib/python3.12/shutil.py", line 759, in rmtree
    _rmtree_safe_fd(stack, onexc)
Traceback (most recent call last):
  File "/opt/ohpc/pub/compiler/conda/latest/lib/python3.12/shutil.py", line 703, in _rmtree_safe_fd
    onexc(func, path, err)
  File "/opt/ohpc/pub/compiler/conda/latest/lib/python3.12/shutil.py", line 750, in onexc
    return onerror(func, path, exc_info)
           ^^^^^^^^^^^^^^^^^^^^^^^^^^^^^
  File "/opt/ohpc/pub/compiler/conda/latest/lib/python3.12/shutil.py", line 700, in _rmtree_safe_fd
    onexc(os.unlink, fullname, err)
  File "/opt/ohpc/pub/compiler/conda/latest/lib/python3.12/shutil.py", line 750, in onexc
    return onerror(func, path, exc_info)
           ^^^^^^^^^^^^^^^^^^^^^^^^^^^^^
  File "/opt/ohpc/pub/compiler/conda/latest/lib/python3.12/shutil.py", line 698, in _rmtree_safe_fd
    os.unlink(entry.name, dir_fd=topfd)
OSError: [Errno 16] Device or resource busy: '/tmp/pymp-jq_e3719'
  File "/opt/ohpc/pub/compiler/conda/latest/lib/python3.12/multiprocessing/util.py", line 303, in _run_finalizers
    finalizer()
  File "/opt/ohpc/pub/compiler/conda/latest/lib/python3.12/multiprocessing/util.py", line 227, in __call__
    res = self._callback(*self._args, **self._kwargs)
          ^^^^^^^^^^^^^^^^^^^^^^^^^^^^^^^^^^^^^^^^^^^
  File "/opt/ohpc/pub/compiler/conda/latest/lib/python3.12/multiprocessing/util.py", line 136, in _remove_temp_dir
    rmtree(tempdir, onerror=onerror)
  File "/opt/ohpc/pub/compiler/conda/latest/lib/python3.12/shutil.py", line 759, in rmtree
    _rmtree_safe_fd(stack, onexc)
  File "/opt/ohpc/pub/compiler/conda/latest/lib/python3.12/shutil.py", line 703, in _rmtree_safe_fd
    onexc(func, path, err)
  File "/opt/ohpc/pub/compiler/conda/latest/lib/python3.12/shutil.py", line 750, in onexc
    return onerror(func, path, exc_info)
           ^^^^^^^^^^^^^^^^^^^^^^^^^^^^^
  File "/opt/ohpc/pub/compiler/conda/latest/lib/python3.12/shutil.py", line 700, in _rmtree_safe_fd
    onexc(os.unlink, fullname, err)
  File "/opt/ohpc/pub/compiler/conda/latest/lib/python3.12/shutil.py", line 750, in onexc
    return onerror(func, path, exc_info)
           ^^^^^^^^^^^^^^^^^^^^^^^^^^^^^
  File "/opt/ohpc/pub/compiler/conda/latest/lib/python3.12/shutil.py", line 698, in _rmtree_safe_fd
    os.unlink(entry.name, dir_fd=topfd)
OSError: [Errno 16] Device or resource busy: '/tmp/pymp-e0w4b3j5'
  File "/opt/ohpc/pub/compiler/conda/latest/lib/python3.12/multiprocessing/util.py", line 303, in _run_finalizers
    finalizer()
  File "/opt/ohpc/pub/compiler/conda/latest/lib/python3.12/multiprocessing/util.py", line 227, in __call__
    res = self._callback(*self._args, **self._kwargs)
          ^^^^^^^^^^^^^^^^^^^^^^^^^^^^^^^^^^^^^^^^^^^
  File "/opt/ohpc/pub/compiler/conda/latest/lib/python3.12/multiprocessing/util.py", line 136, in _remove_temp_dir
    rmtree(tempdir, onerror=onerror)
  File "/opt/ohpc/pub/compiler/conda/latest/lib/python3.12/shutil.py", line 759, in rmtree
    _rmtree_safe_fd(stack, onexc)
  File "/opt/ohpc/pub/compiler/conda/latest/lib/python3.12/shutil.py", line 703, in _rmtree_safe_fd
    onexc(func, path, err)
  File "/opt/ohpc/pub/compiler/conda/latest/lib/python3.12/shutil.py", line 750, in onexc
    return onerror(func, path, exc_info)
           ^^^^^^^^^^^^^^^^^^^^^^^^^^^^^
  File "/opt/ohpc/pub/compiler/conda/latest/lib/python3.12/shutil.py", line 700, in _rmtree_safe_fd
    onexc(os.unlink, fullname, err)
  File "/opt/ohpc/pub/compiler/conda/latest/lib/python3.12/shutil.py", line 750, in onexc
    return onerror(func, path, exc_info)
           ^^^^^^^^^^^^^^^^^^^^^^^^^^^^^
  File "/opt/ohpc/pub/compiler/conda/latest/lib/python3.12/shutil.py", line 698, in _rmtree_safe_fd
    os.unlink(entry.name, dir_fd=topfd)
OSError: [Errno 16] Device or resource busy: '/tmp/pymp-eiifbz2m'
Traceback (most recent call last):
  File "/opt/ohpc/pub/compiler/conda/latest/lib/python3.12/multiprocessing/util.py", line 303, in _run_finalizers
    finalizer()
  File "/opt/ohpc/pub/compiler/conda/latest/lib/python3.12/multiprocessing/util.py", line 227, in __call__
    res = self._callback(*self._args, **self._kwargs)
          ^^^^^^^^^^^^^^^^^^^^^^^^^^^^^^^^^^^^^^^^^^^
  File "/opt/ohpc/pub/compiler/conda/latest/lib/python3.12/multiprocessing/util.py", line 136, in _remove_temp_dir
    rmtree(tempdir, onerror=onerror)
  File "/opt/ohpc/pub/compiler/conda/latest/lib/python3.12/shutil.py", line 759, in rmtree
    _rmtree_safe_fd(stack, onexc)
  File "/opt/ohpc/pub/compiler/conda/latest/lib/python3.12/shutil.py", line 703, in _rmtree_safe_fd
    onexc(func, path, err)
  File "/opt/ohpc/pub/compiler/conda/latest/lib/python3.12/shutil.py", line 750, in onexc
    return onerror(func, path, exc_info)
           ^^^^^^^^^^^^^^^^^^^^^^^^^^^^^
  File "/opt/ohpc/pub/compiler/conda/latest/lib/python3.12/shutil.py", line 700, in _rmtree_safe_fd
    onexc(os.unlink, fullname, err)
  File "/opt/ohpc/pub/compiler/conda/latest/lib/python3.12/shutil.py", line 750, in onexc
    return onerror(func, path, exc_info)
           ^^^^^^^^^^^^^^^^^^^^^^^^^^^^^
  File "/opt/ohpc/pub/compiler/conda/latest/lib/python3.12/shutil.py", line 698, in _rmtree_safe_fd
    os.unlink(entry.name, dir_fd=topfd)
OSError: [Errno 16] Device or resource busy: '/tmp/pymp-qotdke7f'
Traceback (most recent call last):
Traceback (most recent call last):
Traceback (most recent call last):
Traceback (most recent call last):
Traceback (most recent call last):
Traceback (most recent call last):
Traceback (most recent call last):
  File "/opt/ohpc/pub/compiler/conda/latest/lib/python3.12/multiprocessing/util.py", line 303, in _run_finalizers
    finalizer()
  File "/opt/ohpc/pub/compiler/conda/latest/lib/python3.12/multiprocessing/util.py", line 227, in __call__
    res = self._callback(*self._args, **self._kwargs)
          ^^^^^^^^^^^^^^^^^^^^^^^^^^^^^^^^^^^^^^^^^^^
  File "/opt/ohpc/pub/compiler/conda/latest/lib/python3.12/multiprocessing/util.py", line 136, in _remove_temp_dir
    rmtree(tempdir, onerror=onerror)
  File "/opt/ohpc/pub/compiler/conda/latest/lib/python3.12/shutil.py", line 759, in rmtree
    _rmtree_safe_fd(stack, onexc)
  File "/opt/ohpc/pub/compiler/conda/latest/lib/python3.12/shutil.py", line 703, in _rmtree_safe_fd
    onexc(func, path, err)
  File "/opt/ohpc/pub/compiler/conda/latest/lib/python3.12/shutil.py", line 750, in onexc
    return onerror(func, path, exc_info)
           ^^^^^^^^^^^^^^^^^^^^^^^^^^^^^
  File "/opt/ohpc/pub/compiler/conda/latest/lib/python3.12/shutil.py", line 700, in _rmtree_safe_fd
    onexc(os.unlink, fullname, err)
  File "/opt/ohpc/pub/compiler/conda/latest/lib/python3.12/shutil.py", line 750, in onexc
    return onerror(func, path, exc_info)
           ^^^^^^^^^^^^^^^^^^^^^^^^^^^^^
  File "/opt/ohpc/pub/compiler/conda/latest/lib/python3.12/shutil.py", line 698, in _rmtree_safe_fd
    os.unlink(entry.name, dir_fd=topfd)
OSError: [Errno 16] Device or resource busy: '/tmp/pymp-0maqtz81'
Traceback (most recent call last):
  File "/opt/ohpc/pub/compiler/conda/latest/lib/python3.12/multiprocessing/util.py", line 303, in _run_finalizers
    finalizer()
  File "/opt/ohpc/pub/compiler/conda/latest/lib/python3.12/multiprocessing/util.py", line 303, in _run_finalizers
    finalizer()
  File "/opt/ohpc/pub/compiler/conda/latest/lib/python3.12/multiprocessing/util.py", line 303, in _run_finalizers
    finalizer()
Traceback (most recent call last):
  File "/opt/ohpc/pub/compiler/conda/latest/lib/python3.12/multiprocessing/util.py", line 227, in __call__
    res = self._callback(*self._args, **self._kwargs)
          ^^^^^^^^^^^^^^^^^^^^^^^^^^^^^^^^^^^^^^^^^^^
  File "/opt/ohpc/pub/compiler/conda/latest/lib/python3.12/multiprocessing/util.py", line 227, in __call__
    res = self._callback(*self._args, **self._kwargs)
          ^^^^^^^^^^^^^^^^^^^^^^^^^^^^^^^^^^^^^^^^^^^
  File "/opt/ohpc/pub/compiler/conda/latest/lib/python3.12/multiprocessing/util.py", line 136, in _remove_temp_dir
    rmtree(tempdir, onerror=onerror)
  File "/opt/ohpc/pub/compiler/conda/latest/lib/python3.12/multiprocessing/util.py", line 136, in _remove_temp_dir
    rmtree(tempdir, onerror=onerror)
  File "/opt/ohpc/pub/compiler/conda/latest/lib/python3.12/multiprocessing/util.py", line 303, in _run_finalizers
    finalizer()
  File "/opt/ohpc/pub/compiler/conda/latest/lib/python3.12/multiprocessing/util.py", line 227, in __call__
    res = self._callback(*self._args, **self._kwargs)
          ^^^^^^^^^^^^^^^^^^^^^^^^^^^^^^^^^^^^^^^^^^^
  File "/opt/ohpc/pub/compiler/conda/latest/lib/python3.12/shutil.py", line 759, in rmtree
    _rmtree_safe_fd(stack, onexc)
  File "/opt/ohpc/pub/compiler/conda/latest/lib/python3.12/shutil.py", line 759, in rmtree
    _rmtree_safe_fd(stack, onexc)
  File "/opt/ohpc/pub/compiler/conda/latest/lib/python3.12/multiprocessing/util.py", line 136, in _remove_temp_dir
    rmtree(tempdir, onerror=onerror)
  File "/opt/ohpc/pub/compiler/conda/latest/lib/python3.12/shutil.py", line 703, in _rmtree_safe_fd
    onexc(func, path, err)
  File "/opt/ohpc/pub/compiler/conda/latest/lib/python3.12/shutil.py", line 703, in _rmtree_safe_fd
    onexc(func, path, err)
  File "/opt/ohpc/pub/compiler/conda/latest/lib/python3.12/shutil.py", line 759, in rmtree
    _rmtree_safe_fd(stack, onexc)
  File "/opt/ohpc/pub/compiler/conda/latest/lib/python3.12/multiprocessing/util.py", line 227, in __call__
    res = self._callback(*self._args, **self._kwargs)
          ^^^^^^^^^^^^^^^^^^^^^^^^^^^^^^^^^^^^^^^^^^^
  File "/opt/ohpc/pub/compiler/conda/latest/lib/python3.12/multiprocessing/util.py", line 303, in _run_finalizers
    finalizer()
  File "/opt/ohpc/pub/compiler/conda/latest/lib/python3.12/shutil.py", line 750, in onexc
    return onerror(func, path, exc_info)
           ^^^^^^^^^^^^^^^^^^^^^^^^^^^^^
  File "/opt/ohpc/pub/compiler/conda/latest/lib/python3.12/shutil.py", line 750, in onexc
    return onerror(func, path, exc_info)
           ^^^^^^^^^^^^^^^^^^^^^^^^^^^^^
  File "/opt/ohpc/pub/compiler/conda/latest/lib/python3.12/multiprocessing/util.py", line 136, in _remove_temp_dir
    rmtree(tempdir, onerror=onerror)
  File "/opt/ohpc/pub/compiler/conda/latest/lib/python3.12/shutil.py", line 703, in _rmtree_safe_fd
    onexc(func, path, err)
  File "/opt/ohpc/pub/compiler/conda/latest/lib/python3.12/shutil.py", line 700, in _rmtree_safe_fd
    onexc(os.unlink, fullname, err)
  File "/opt/ohpc/pub/compiler/conda/latest/lib/python3.12/shutil.py", line 700, in _rmtree_safe_fd
    onexc(os.unlink, fullname, err)
  File "/opt/ohpc/pub/compiler/conda/latest/lib/python3.12/shutil.py", line 759, in rmtree
    _rmtree_safe_fd(stack, onexc)
  File "/opt/ohpc/pub/compiler/conda/latest/lib/python3.12/shutil.py", line 750, in onexc
    return onerror(func, path, exc_info)
           ^^^^^^^^^^^^^^^^^^^^^^^^^^^^^
  File "/opt/ohpc/pub/compiler/conda/latest/lib/python3.12/shutil.py", line 750, in onexc
    return onerror(func, path, exc_info)
           ^^^^^^^^^^^^^^^^^^^^^^^^^^^^^
  File "/opt/ohpc/pub/compiler/conda/latest/lib/python3.12/shutil.py", line 750, in onexc
    return onerror(func, path, exc_info)
           ^^^^^^^^^^^^^^^^^^^^^^^^^^^^^
  File "/opt/ohpc/pub/compiler/conda/latest/lib/python3.12/multiprocessing/util.py", line 303, in _run_finalizers
    finalizer()
  File "/opt/ohpc/pub/compiler/conda/latest/lib/python3.12/shutil.py", line 703, in _rmtree_safe_fd
    onexc(func, path, err)
  File "/opt/ohpc/pub/compiler/conda/latest/lib/python3.12/shutil.py", line 700, in _rmtree_safe_fd
    onexc(os.unlink, fullname, err)
  File "/opt/ohpc/pub/compiler/conda/latest/lib/python3.12/shutil.py", line 698, in _rmtree_safe_fd
    os.unlink(entry.name, dir_fd=topfd)
  File "/opt/ohpc/pub/compiler/conda/latest/lib/python3.12/shutil.py", line 698, in _rmtree_safe_fd
    os.unlink(entry.name, dir_fd=topfd)
  File "/opt/ohpc/pub/compiler/conda/latest/lib/python3.12/multiprocessing/util.py", line 227, in __call__
    res = self._callback(*self._args, **self._kwargs)
          ^^^^^^^^^^^^^^^^^^^^^^^^^^^^^^^^^^^^^^^^^^^
  File "/opt/ohpc/pub/compiler/conda/latest/lib/python3.12/shutil.py", line 750, in onexc
    return onerror(func, path, exc_info)
           ^^^^^^^^^^^^^^^^^^^^^^^^^^^^^
  File "/opt/ohpc/pub/compiler/conda/latest/lib/python3.12/shutil.py", line 750, in onexc
    return onerror(func, path, exc_info)
           ^^^^^^^^^^^^^^^^^^^^^^^^^^^^^
  File "/opt/ohpc/pub/compiler/conda/latest/lib/python3.12/multiprocessing/util.py", line 136, in _remove_temp_dir
    rmtree(tempdir, onerror=onerror)
  File "/opt/ohpc/pub/compiler/conda/latest/lib/python3.12/shutil.py", line 698, in _rmtree_safe_fd
    os.unlink(entry.name, dir_fd=topfd)
  File "/opt/ohpc/pub/compiler/conda/latest/lib/python3.12/shutil.py", line 700, in _rmtree_safe_fd
    onexc(os.unlink, fullname, err)
  File "/opt/ohpc/pub/compiler/conda/latest/lib/python3.12/shutil.py", line 759, in rmtree
    _rmtree_safe_fd(stack, onexc)
  File "/opt/ohpc/pub/compiler/conda/latest/lib/python3.12/shutil.py", line 750, in onexc
    return onerror(func, path, exc_info)
           ^^^^^^^^^^^^^^^^^^^^^^^^^^^^^
  File "/opt/ohpc/pub/compiler/conda/latest/lib/python3.12/shutil.py", line 703, in _rmtree_safe_fd
    onexc(func, path, err)
  File "/opt/ohpc/pub/compiler/conda/latest/lib/python3.12/shutil.py", line 698, in _rmtree_safe_fd
    os.unlink(entry.name, dir_fd=topfd)
  File "/opt/ohpc/pub/compiler/conda/latest/lib/python3.12/multiprocessing/util.py", line 227, in __call__
    res = self._callback(*self._args, **self._kwargs)
          ^^^^^^^^^^^^^^^^^^^^^^^^^^^^^^^^^^^^^^^^^^^
  File "/opt/ohpc/pub/compiler/conda/latest/lib/python3.12/shutil.py", line 750, in onexc
    return onerror(func, path, exc_info)
           ^^^^^^^^^^^^^^^^^^^^^^^^^^^^^
  File "/opt/ohpc/pub/compiler/conda/latest/lib/python3.12/multiprocessing/util.py", line 136, in _remove_temp_dir
    rmtree(tempdir, onerror=onerror)
OSError: [Errno 16] Device or resource busy: '/tmp/pymp-4i788rqk'
  File "/opt/ohpc/pub/compiler/conda/latest/lib/python3.12/shutil.py", line 700, in _rmtree_safe_fd
    onexc(os.unlink, fullname, err)
OSError: [Errno 16] Device or resource busy: '/tmp/pymp-wnbi_1_i'
  File "/opt/ohpc/pub/compiler/conda/latest/lib/python3.12/shutil.py", line 759, in rmtree
    _rmtree_safe_fd(stack, onexc)
  File "/opt/ohpc/pub/compiler/conda/latest/lib/python3.12/shutil.py", line 750, in onexc
    return onerror(func, path, exc_info)
           ^^^^^^^^^^^^^^^^^^^^^^^^^^^^^
OSError: [Errno 16] Device or resource busy: '/tmp/pymp-umi4_fxt'
  File "/opt/ohpc/pub/compiler/conda/latest/lib/python3.12/shutil.py", line 703, in _rmtree_safe_fd
    onexc(func, path, err)
OSError: [Errno 16] Device or resource busy: '/tmp/pymp-ohf7i_hu'
  File "/opt/ohpc/pub/compiler/conda/latest/lib/python3.12/shutil.py", line 698, in _rmtree_safe_fd
    os.unlink(entry.name, dir_fd=topfd)
  File "/opt/ohpc/pub/compiler/conda/latest/lib/python3.12/shutil.py", line 750, in onexc
    return onerror(func, path, exc_info)
           ^^^^^^^^^^^^^^^^^^^^^^^^^^^^^
  File "/opt/ohpc/pub/compiler/conda/latest/lib/python3.12/shutil.py", line 700, in _rmtree_safe_fd
    onexc(os.unlink, fullname, err)
  File "/opt/ohpc/pub/compiler/conda/latest/lib/python3.12/shutil.py", line 750, in onexc
    return onerror(func, path, exc_info)
           ^^^^^^^^^^^^^^^^^^^^^^^^^^^^^
  File "/opt/ohpc/pub/compiler/conda/latest/lib/python3.12/shutil.py", line 698, in _rmtree_safe_fd
    os.unlink(entry.name, dir_fd=topfd)
OSError: [Errno 16] Device or resource busy: '/tmp/pymp-ododuvow'
OSError: [Errno 16] Device or resource busy: '/tmp/pymp-vmz9m2b7'
Traceback (most recent call last):
  File "/opt/ohpc/pub/compiler/conda/latest/lib/python3.12/multiprocessing/util.py", line 303, in _run_finalizers
    finalizer()
  File "/opt/ohpc/pub/compiler/conda/latest/lib/python3.12/multiprocessing/util.py", line 227, in __call__
    res = self._callback(*self._args, **self._kwargs)
          ^^^^^^^^^^^^^^^^^^^^^^^^^^^^^^^^^^^^^^^^^^^
  File "/opt/ohpc/pub/compiler/conda/latest/lib/python3.12/multiprocessing/util.py", line 136, in _remove_temp_dir
    rmtree(tempdir, onerror=onerror)
  File "/opt/ohpc/pub/compiler/conda/latest/lib/python3.12/shutil.py", line 759, in rmtree
    _rmtree_safe_fd(stack, onexc)
  File "/opt/ohpc/pub/compiler/conda/latest/lib/python3.12/shutil.py", line 703, in _rmtree_safe_fd
    onexc(func, path, err)
  File "/opt/ohpc/pub/compiler/conda/latest/lib/python3.12/shutil.py", line 750, in onexc
    return onerror(func, path, exc_info)
           ^^^^^^^^^^^^^^^^^^^^^^^^^^^^^
  File "/opt/ohpc/pub/compiler/conda/latest/lib/python3.12/shutil.py", line 700, in _rmtree_safe_fd
    onexc(os.unlink, fullname, err)
  File "/opt/ohpc/pub/compiler/conda/latest/lib/python3.12/shutil.py", line 750, in onexc
    return onerror(func, path, exc_info)
           ^^^^^^^^^^^^^^^^^^^^^^^^^^^^^
  File "/opt/ohpc/pub/compiler/conda/latest/lib/python3.12/shutil.py", line 698, in _rmtree_safe_fd
    os.unlink(entry.name, dir_fd=topfd)
OSError: [Errno 16] Device or resource busy: '/tmp/pymp-ud1cavs1'
  File "/opt/ohpc/pub/compiler/conda/latest/lib/python3.12/multiprocessing/util.py", line 303, in _run_finalizers
    finalizer()
  File "/opt/ohpc/pub/compiler/conda/latest/lib/python3.12/multiprocessing/util.py", line 227, in __call__
    res = self._callback(*self._args, **self._kwargs)
          ^^^^^^^^^^^^^^^^^^^^^^^^^^^^^^^^^^^^^^^^^^^
  File "/opt/ohpc/pub/compiler/conda/latest/lib/python3.12/multiprocessing/util.py", line 136, in _remove_temp_dir
    rmtree(tempdir, onerror=onerror)
  File "/opt/ohpc/pub/compiler/conda/latest/lib/python3.12/shutil.py", line 759, in rmtree
    _rmtree_safe_fd(stack, onexc)
  File "/opt/ohpc/pub/compiler/conda/latest/lib/python3.12/shutil.py", line 703, in _rmtree_safe_fd
    onexc(func, path, err)
  File "/opt/ohpc/pub/compiler/conda/latest/lib/python3.12/shutil.py", line 750, in onexc
    return onerror(func, path, exc_info)
           ^^^^^^^^^^^^^^^^^^^^^^^^^^^^^
  File "/opt/ohpc/pub/compiler/conda/latest/lib/python3.12/shutil.py", line 700, in _rmtree_safe_fd
    onexc(os.unlink, fullname, err)
  File "/opt/ohpc/pub/compiler/conda/latest/lib/python3.12/shutil.py", line 750, in onexc
    return onerror(func, path, exc_info)
           ^^^^^^^^^^^^^^^^^^^^^^^^^^^^^
  File "/opt/ohpc/pub/compiler/conda/latest/lib/python3.12/shutil.py", line 698, in _rmtree_safe_fd
    os.unlink(entry.name, dir_fd=topfd)
OSError: [Errno 16] Device or resource busy: '/tmp/pymp-xsi1grdm'
  File "/opt/ohpc/pub/compiler/conda/latest/lib/python3.12/multiprocessing/util.py", line 303, in _run_finalizers
    finalizer()
  File "/opt/ohpc/pub/compiler/conda/latest/lib/python3.12/multiprocessing/util.py", line 227, in __call__
    res = self._callback(*self._args, **self._kwargs)
          ^^^^^^^^^^^^^^^^^^^^^^^^^^^^^^^^^^^^^^^^^^^
  File "/opt/ohpc/pub/compiler/conda/latest/lib/python3.12/multiprocessing/util.py", line 136, in _remove_temp_dir
    rmtree(tempdir, onerror=onerror)
  File "/opt/ohpc/pub/compiler/conda/latest/lib/python3.12/shutil.py", line 759, in rmtree
    _rmtree_safe_fd(stack, onexc)
  File "/opt/ohpc/pub/compiler/conda/latest/lib/python3.12/shutil.py", line 703, in _rmtree_safe_fd
    onexc(func, path, err)
  File "/opt/ohpc/pub/compiler/conda/latest/lib/python3.12/shutil.py", line 750, in onexc
    return onerror(func, path, exc_info)
           ^^^^^^^^^^^^^^^^^^^^^^^^^^^^^
  File "/opt/ohpc/pub/compiler/conda/latest/lib/python3.12/shutil.py", line 700, in _rmtree_safe_fd
    onexc(os.unlink, fullname, err)
  File "/opt/ohpc/pub/compiler/conda/latest/lib/python3.12/shutil.py", line 750, in onexc
    return onerror(func, path, exc_info)
           ^^^^^^^^^^^^^^^^^^^^^^^^^^^^^
  File "/opt/ohpc/pub/compiler/conda/latest/lib/python3.12/shutil.py", line 698, in _rmtree_safe_fd
    os.unlink(entry.name, dir_fd=topfd)
OSError: [Errno 16] Device or resource busy: '/tmp/pymp-ba8l61fu'
Traceback (most recent call last):
Traceback (most recent call last):
Traceback (most recent call last):
Traceback (most recent call last):
Traceback (most recent call last):
Traceback (most recent call last):
Traceback (most recent call last):
Traceback (most recent call last):
Traceback (most recent call last):
  File "/opt/ohpc/pub/compiler/conda/latest/lib/python3.12/multiprocessing/util.py", line 303, in _run_finalizers
    finalizer()
  File "/opt/ohpc/pub/compiler/conda/latest/lib/python3.12/multiprocessing/util.py", line 303, in _run_finalizers
    finalizer()
  File "/opt/ohpc/pub/compiler/conda/latest/lib/python3.12/multiprocessing/util.py", line 303, in _run_finalizers
    finalizer()
  File "/opt/ohpc/pub/compiler/conda/latest/lib/python3.12/multiprocessing/util.py", line 303, in _run_finalizers
    finalizer()
  File "/opt/ohpc/pub/compiler/conda/latest/lib/python3.12/multiprocessing/util.py", line 227, in __call__
    res = self._callback(*self._args, **self._kwargs)
          ^^^^^^^^^^^^^^^^^^^^^^^^^^^^^^^^^^^^^^^^^^^
  File "/opt/ohpc/pub/compiler/conda/latest/lib/python3.12/multiprocessing/util.py", line 227, in __call__
    res = self._callback(*self._args, **self._kwargs)
          ^^^^^^^^^^^^^^^^^^^^^^^^^^^^^^^^^^^^^^^^^^^
  File "/opt/ohpc/pub/compiler/conda/latest/lib/python3.12/multiprocessing/util.py", line 227, in __call__
    res = self._callback(*self._args, **self._kwargs)
          ^^^^^^^^^^^^^^^^^^^^^^^^^^^^^^^^^^^^^^^^^^^
  File "/opt/ohpc/pub/compiler/conda/latest/lib/python3.12/multiprocessing/util.py", line 227, in __call__
    res = self._callback(*self._args, **self._kwargs)
          ^^^^^^^^^^^^^^^^^^^^^^^^^^^^^^^^^^^^^^^^^^^
  File "/opt/ohpc/pub/compiler/conda/latest/lib/python3.12/multiprocessing/util.py", line 303, in _run_finalizers
    finalizer()
  File "/opt/ohpc/pub/compiler/conda/latest/lib/python3.12/multiprocessing/util.py", line 136, in _remove_temp_dir
    rmtree(tempdir, onerror=onerror)
  File "/opt/ohpc/pub/compiler/conda/latest/lib/python3.12/multiprocessing/util.py", line 136, in _remove_temp_dir
    rmtree(tempdir, onerror=onerror)
  File "/opt/ohpc/pub/compiler/conda/latest/lib/python3.12/multiprocessing/util.py", line 136, in _remove_temp_dir
    rmtree(tempdir, onerror=onerror)
  File "/opt/ohpc/pub/compiler/conda/latest/lib/python3.12/multiprocessing/util.py", line 136, in _remove_temp_dir
    rmtree(tempdir, onerror=onerror)
  File "/opt/ohpc/pub/compiler/conda/latest/lib/python3.12/shutil.py", line 759, in rmtree
    _rmtree_safe_fd(stack, onexc)
  File "/opt/ohpc/pub/compiler/conda/latest/lib/python3.12/shutil.py", line 759, in rmtree
    _rmtree_safe_fd(stack, onexc)
  File "/opt/ohpc/pub/compiler/conda/latest/lib/python3.12/shutil.py", line 759, in rmtree
    _rmtree_safe_fd(stack, onexc)
  File "/opt/ohpc/pub/compiler/conda/latest/lib/python3.12/shutil.py", line 703, in _rmtree_safe_fd
    onexc(func, path, err)
  File "/opt/ohpc/pub/compiler/conda/latest/lib/python3.12/shutil.py", line 759, in rmtree
    _rmtree_safe_fd(stack, onexc)
  File "/opt/ohpc/pub/compiler/conda/latest/lib/python3.12/shutil.py", line 703, in _rmtree_safe_fd
    onexc(func, path, err)
  File "/opt/ohpc/pub/compiler/conda/latest/lib/python3.12/multiprocessing/util.py", line 227, in __call__
    res = self._callback(*self._args, **self._kwargs)
          ^^^^^^^^^^^^^^^^^^^^^^^^^^^^^^^^^^^^^^^^^^^
  File "/opt/ohpc/pub/compiler/conda/latest/lib/python3.12/shutil.py", line 703, in _rmtree_safe_fd
    onexc(func, path, err)
  File "/opt/ohpc/pub/compiler/conda/latest/lib/python3.12/shutil.py", line 703, in _rmtree_safe_fd
    onexc(func, path, err)
  File "/opt/ohpc/pub/compiler/conda/latest/lib/python3.12/shutil.py", line 750, in onexc
    return onerror(func, path, exc_info)
           ^^^^^^^^^^^^^^^^^^^^^^^^^^^^^
  File "/opt/ohpc/pub/compiler/conda/latest/lib/python3.12/shutil.py", line 750, in onexc
    return onerror(func, path, exc_info)
           ^^^^^^^^^^^^^^^^^^^^^^^^^^^^^
  File "/opt/ohpc/pub/compiler/conda/latest/lib/python3.12/shutil.py", line 750, in onexc
    return onerror(func, path, exc_info)
           ^^^^^^^^^^^^^^^^^^^^^^^^^^^^^
  File "/opt/ohpc/pub/compiler/conda/latest/lib/python3.12/shutil.py", line 700, in _rmtree_safe_fd
    onexc(os.unlink, fullname, err)
  File "/opt/ohpc/pub/compiler/conda/latest/lib/python3.12/shutil.py", line 750, in onexc
    return onerror(func, path, exc_info)
           ^^^^^^^^^^^^^^^^^^^^^^^^^^^^^
  File "/opt/ohpc/pub/compiler/conda/latest/lib/python3.12/multiprocessing/util.py", line 136, in _remove_temp_dir
    rmtree(tempdir, onerror=onerror)
  File "/opt/ohpc/pub/compiler/conda/latest/lib/python3.12/shutil.py", line 700, in _rmtree_safe_fd
    onexc(os.unlink, fullname, err)
  File "/opt/ohpc/pub/compiler/conda/latest/lib/python3.12/shutil.py", line 700, in _rmtree_safe_fd
    onexc(os.unlink, fullname, err)
  File "/opt/ohpc/pub/compiler/conda/latest/lib/python3.12/shutil.py", line 750, in onexc
    return onerror(func, path, exc_info)
           ^^^^^^^^^^^^^^^^^^^^^^^^^^^^^
  File "/opt/ohpc/pub/compiler/conda/latest/lib/python3.12/shutil.py", line 700, in _rmtree_safe_fd
    onexc(os.unlink, fullname, err)
  File "/opt/ohpc/pub/compiler/conda/latest/lib/python3.12/shutil.py", line 759, in rmtree
    _rmtree_safe_fd(stack, onexc)
  File "/opt/ohpc/pub/compiler/conda/latest/lib/python3.12/shutil.py", line 750, in onexc
    return onerror(func, path, exc_info)
           ^^^^^^^^^^^^^^^^^^^^^^^^^^^^^
  File "/opt/ohpc/pub/compiler/conda/latest/lib/python3.12/shutil.py", line 750, in onexc
    return onerror(func, path, exc_info)
           ^^^^^^^^^^^^^^^^^^^^^^^^^^^^^
  File "/opt/ohpc/pub/compiler/conda/latest/lib/python3.12/shutil.py", line 698, in _rmtree_safe_fd
    os.unlink(entry.name, dir_fd=topfd)
  File "/opt/ohpc/pub/compiler/conda/latest/lib/python3.12/shutil.py", line 750, in onexc
    return onerror(func, path, exc_info)
           ^^^^^^^^^^^^^^^^^^^^^^^^^^^^^
  File "/opt/ohpc/pub/compiler/conda/latest/lib/python3.12/shutil.py", line 703, in _rmtree_safe_fd
    onexc(func, path, err)
  File "/opt/ohpc/pub/compiler/conda/latest/lib/python3.12/shutil.py", line 698, in _rmtree_safe_fd
    os.unlink(entry.name, dir_fd=topfd)
  File "/opt/ohpc/pub/compiler/conda/latest/lib/python3.12/shutil.py", line 698, in _rmtree_safe_fd
    os.unlink(entry.name, dir_fd=topfd)
  File "/opt/ohpc/pub/compiler/conda/latest/lib/python3.12/shutil.py", line 698, in _rmtree_safe_fd
    os.unlink(entry.name, dir_fd=topfd)
  File "/opt/ohpc/pub/compiler/conda/latest/lib/python3.12/shutil.py", line 750, in onexc
    return onerror(func, path, exc_info)
           ^^^^^^^^^^^^^^^^^^^^^^^^^^^^^
  File "/opt/ohpc/pub/compiler/conda/latest/lib/python3.12/shutil.py", line 700, in _rmtree_safe_fd
    onexc(os.unlink, fullname, err)
  File "/opt/ohpc/pub/compiler/conda/latest/lib/python3.12/shutil.py", line 750, in onexc
    return onerror(func, path, exc_info)
           ^^^^^^^^^^^^^^^^^^^^^^^^^^^^^
  File "/opt/ohpc/pub/compiler/conda/latest/lib/python3.12/shutil.py", line 698, in _rmtree_safe_fd
    os.unlink(entry.name, dir_fd=topfd)
OSError: [Errno 16] Device or resource busy: '/tmp/pymp-qoow9xel'
OSError: [Errno 16] Device or resource busy: '/tmp/pymp-14xud1sj'
OSError: [Errno 16] Device or resource busy: '/tmp/pymp-xhv48147'
OSError: [Errno 16] Device or resource busy: '/tmp/pymp-wjx8zbfs'
OSError: [Errno 16] Device or resource busy: '/tmp/pymp-5ptpqake'
  File "/opt/ohpc/pub/compiler/conda/latest/lib/python3.12/multiprocessing/util.py", line 303, in _run_finalizers
    finalizer()
  File "/opt/ohpc/pub/compiler/conda/latest/lib/python3.12/multiprocessing/util.py", line 227, in __call__
    res = self._callback(*self._args, **self._kwargs)
          ^^^^^^^^^^^^^^^^^^^^^^^^^^^^^^^^^^^^^^^^^^^
  File "/opt/ohpc/pub/compiler/conda/latest/lib/python3.12/multiprocessing/util.py", line 136, in _remove_temp_dir
    rmtree(tempdir, onerror=onerror)
  File "/opt/ohpc/pub/compiler/conda/latest/lib/python3.12/shutil.py", line 759, in rmtree
    _rmtree_safe_fd(stack, onexc)
  File "/opt/ohpc/pub/compiler/conda/latest/lib/python3.12/shutil.py", line 703, in _rmtree_safe_fd
    onexc(func, path, err)
  File "/opt/ohpc/pub/compiler/conda/latest/lib/python3.12/shutil.py", line 750, in onexc
    return onerror(func, path, exc_info)
           ^^^^^^^^^^^^^^^^^^^^^^^^^^^^^
  File "/opt/ohpc/pub/compiler/conda/latest/lib/python3.12/shutil.py", line 700, in _rmtree_safe_fd
    onexc(os.unlink, fullname, err)
  File "/opt/ohpc/pub/compiler/conda/latest/lib/python3.12/shutil.py", line 750, in onexc
    return onerror(func, path, exc_info)
           ^^^^^^^^^^^^^^^^^^^^^^^^^^^^^
  File "/opt/ohpc/pub/compiler/conda/latest/lib/python3.12/shutil.py", line 698, in _rmtree_safe_fd
    os.unlink(entry.name, dir_fd=topfd)
  File "/opt/ohpc/pub/compiler/conda/latest/lib/python3.12/multiprocessing/util.py", line 303, in _run_finalizers
    finalizer()
OSError: [Errno 16] Device or resource busy: '/tmp/pymp-eh9gcce8'
  File "/opt/ohpc/pub/compiler/conda/latest/lib/python3.12/multiprocessing/util.py", line 227, in __call__
    res = self._callback(*self._args, **self._kwargs)
          ^^^^^^^^^^^^^^^^^^^^^^^^^^^^^^^^^^^^^^^^^^^
  File "/opt/ohpc/pub/compiler/conda/latest/lib/python3.12/multiprocessing/util.py", line 136, in _remove_temp_dir
    rmtree(tempdir, onerror=onerror)
  File "/opt/ohpc/pub/compiler/conda/latest/lib/python3.12/shutil.py", line 759, in rmtree
    _rmtree_safe_fd(stack, onexc)
  File "/opt/ohpc/pub/compiler/conda/latest/lib/python3.12/shutil.py", line 703, in _rmtree_safe_fd
    onexc(func, path, err)
  File "/opt/ohpc/pub/compiler/conda/latest/lib/python3.12/shutil.py", line 750, in onexc
    return onerror(func, path, exc_info)
           ^^^^^^^^^^^^^^^^^^^^^^^^^^^^^
  File "/opt/ohpc/pub/compiler/conda/latest/lib/python3.12/shutil.py", line 700, in _rmtree_safe_fd
    onexc(os.unlink, fullname, err)
  File "/opt/ohpc/pub/compiler/conda/latest/lib/python3.12/shutil.py", line 750, in onexc
    return onerror(func, path, exc_info)
           ^^^^^^^^^^^^^^^^^^^^^^^^^^^^^
  File "/opt/ohpc/pub/compiler/conda/latest/lib/python3.12/shutil.py", line 698, in _rmtree_safe_fd
    os.unlink(entry.name, dir_fd=topfd)
OSError: [Errno 16] Device or resource busy: '/tmp/pymp-_t4ckg8k'
  File "/opt/ohpc/pub/compiler/conda/latest/lib/python3.12/multiprocessing/util.py", line 303, in _run_finalizers
    finalizer()
  File "/opt/ohpc/pub/compiler/conda/latest/lib/python3.12/multiprocessing/util.py", line 227, in __call__
    res = self._callback(*self._args, **self._kwargs)
          ^^^^^^^^^^^^^^^^^^^^^^^^^^^^^^^^^^^^^^^^^^^
  File "/opt/ohpc/pub/compiler/conda/latest/lib/python3.12/multiprocessing/util.py", line 136, in _remove_temp_dir
    rmtree(tempdir, onerror=onerror)
  File "/opt/ohpc/pub/compiler/conda/latest/lib/python3.12/shutil.py", line 759, in rmtree
    _rmtree_safe_fd(stack, onexc)
  File "/opt/ohpc/pub/compiler/conda/latest/lib/python3.12/shutil.py", line 703, in _rmtree_safe_fd
    onexc(func, path, err)
  File "/opt/ohpc/pub/compiler/conda/latest/lib/python3.12/shutil.py", line 750, in onexc
    return onerror(func, path, exc_info)
           ^^^^^^^^^^^^^^^^^^^^^^^^^^^^^
  File "/opt/ohpc/pub/compiler/conda/latest/lib/python3.12/shutil.py", line 700, in _rmtree_safe_fd
    onexc(os.unlink, fullname, err)
  File "/opt/ohpc/pub/compiler/conda/latest/lib/python3.12/shutil.py", line 750, in onexc
    return onerror(func, path, exc_info)
           ^^^^^^^^^^^^^^^^^^^^^^^^^^^^^
  File "/opt/ohpc/pub/compiler/conda/latest/lib/python3.12/shutil.py", line 698, in _rmtree_safe_fd
    os.unlink(entry.name, dir_fd=topfd)
OSError: [Errno 16] Device or resource busy: '/tmp/pymp-gbxdpsek'
  File "/opt/ohpc/pub/compiler/conda/latest/lib/python3.12/multiprocessing/util.py", line 303, in _run_finalizers
    finalizer()
  File "/opt/ohpc/pub/compiler/conda/latest/lib/python3.12/multiprocessing/util.py", line 227, in __call__
    res = self._callback(*self._args, **self._kwargs)
          ^^^^^^^^^^^^^^^^^^^^^^^^^^^^^^^^^^^^^^^^^^^
  File "/opt/ohpc/pub/compiler/conda/latest/lib/python3.12/multiprocessing/util.py", line 136, in _remove_temp_dir
    rmtree(tempdir, onerror=onerror)
  File "/opt/ohpc/pub/compiler/conda/latest/lib/python3.12/shutil.py", line 759, in rmtree
    _rmtree_safe_fd(stack, onexc)
  File "/opt/ohpc/pub/compiler/conda/latest/lib/python3.12/shutil.py", line 703, in _rmtree_safe_fd
    onexc(func, path, err)
  File "/opt/ohpc/pub/compiler/conda/latest/lib/python3.12/shutil.py", line 750, in onexc
    return onerror(func, path, exc_info)
           ^^^^^^^^^^^^^^^^^^^^^^^^^^^^^
  File "/opt/ohpc/pub/compiler/conda/latest/lib/python3.12/shutil.py", line 700, in _rmtree_safe_fd
    onexc(os.unlink, fullname, err)
  File "/opt/ohpc/pub/compiler/conda/latest/lib/python3.12/shutil.py", line 750, in onexc
    return onerror(func, path, exc_info)
           ^^^^^^^^^^^^^^^^^^^^^^^^^^^^^
  File "/opt/ohpc/pub/compiler/conda/latest/lib/python3.12/shutil.py", line 698, in _rmtree_safe_fd
    os.unlink(entry.name, dir_fd=topfd)
OSError: [Errno 16] Device or resource busy: '/tmp/pymp-_yb_3dbx'
Traceback (most recent call last):
  File "/opt/ohpc/pub/compiler/conda/latest/lib/python3.12/multiprocessing/util.py", line 303, in _run_finalizers
    finalizer()
  File "/opt/ohpc/pub/compiler/conda/latest/lib/python3.12/multiprocessing/util.py", line 227, in __call__
    res = self._callback(*self._args, **self._kwargs)
          ^^^^^^^^^^^^^^^^^^^^^^^^^^^^^^^^^^^^^^^^^^^
  File "/opt/ohpc/pub/compiler/conda/latest/lib/python3.12/multiprocessing/util.py", line 136, in _remove_temp_dir
    rmtree(tempdir, onerror=onerror)
  File "/opt/ohpc/pub/compiler/conda/latest/lib/python3.12/shutil.py", line 759, in rmtree
    _rmtree_safe_fd(stack, onexc)
  File "/opt/ohpc/pub/compiler/conda/latest/lib/python3.12/shutil.py", line 703, in _rmtree_safe_fd
    onexc(func, path, err)
  File "/opt/ohpc/pub/compiler/conda/latest/lib/python3.12/shutil.py", line 750, in onexc
    return onerror(func, path, exc_info)
           ^^^^^^^^^^^^^^^^^^^^^^^^^^^^^
  File "/opt/ohpc/pub/compiler/conda/latest/lib/python3.12/shutil.py", line 700, in _rmtree_safe_fd
    onexc(os.unlink, fullname, err)
  File "/opt/ohpc/pub/compiler/conda/latest/lib/python3.12/shutil.py", line 750, in onexc
    return onerror(func, path, exc_info)
           ^^^^^^^^^^^^^^^^^^^^^^^^^^^^^
  File "/opt/ohpc/pub/compiler/conda/latest/lib/python3.12/shutil.py", line 698, in _rmtree_safe_fd
    os.unlink(entry.name, dir_fd=topfd)
OSError: [Errno 16] Device or resource busy: '/tmp/pymp-94omrxmo'
[val 001] loss=-0.0410 z_std=0.0482 rankme=77.591 lidar=44.010 areq=1.330 pr=2.40 align=0.5838 unif=-1.668 converged=False collapsed=False
  e002 it0000/62 lr=0.0006 loss=-0.0504 z_std=0.0643
  e002 it0010/62 lr=0.0007 loss=-0.0515 z_std=0.0643
  e002 it0020/62 lr=0.0007 loss=-0.0527 z_std=0.0643
  e002 it0030/62 lr=0.0008 loss=-0.0544 z_std=0.0642
  e002 it0040/62 lr=0.0008 loss=-0.0543 z_std=0.0642
  e002 it0050/62 lr=0.0009 loss=-0.0570 z_std=0.0642
  e002 it0060/62 lr=0.0009 loss=-0.0591 z_std=0.0642
[epoch 002] loss=-0.0596 z_std=0.0642 (healthy~0.0625) time=175.7s
Traceback (most recent call last):
Traceback (most recent call last):
Traceback (most recent call last):
Traceback (most recent call last):
Traceback (most recent call last):
Traceback (most recent call last):
Traceback (most recent call last):
Traceback (most recent call last):
Traceback (most recent call last):
  File "/opt/ohpc/pub/compiler/conda/latest/lib/python3.12/multiprocessing/util.py", line 303, in _run_finalizers
    finalizer()
  File "/opt/ohpc/pub/compiler/conda/latest/lib/python3.12/multiprocessing/util.py", line 227, in __call__
    res = self._callback(*self._args, **self._kwargs)
          ^^^^^^^^^^^^^^^^^^^^^^^^^^^^^^^^^^^^^^^^^^^
  File "/opt/ohpc/pub/compiler/conda/latest/lib/python3.12/multiprocessing/util.py", line 303, in _run_finalizers
    finalizer()
  File "/opt/ohpc/pub/compiler/conda/latest/lib/python3.12/multiprocessing/util.py", line 136, in _remove_temp_dir
    rmtree(tempdir, onerror=onerror)
  File "/opt/ohpc/pub/compiler/conda/latest/lib/python3.12/shutil.py", line 759, in rmtree
    _rmtree_safe_fd(stack, onexc)
  File "/opt/ohpc/pub/compiler/conda/latest/lib/python3.12/multiprocessing/util.py", line 303, in _run_finalizers
    finalizer()
  File "/opt/ohpc/pub/compiler/conda/latest/lib/python3.12/multiprocessing/util.py", line 227, in __call__
    res = self._callback(*self._args, **self._kwargs)
          ^^^^^^^^^^^^^^^^^^^^^^^^^^^^^^^^^^^^^^^^^^^
  File "/opt/ohpc/pub/compiler/conda/latest/lib/python3.12/shutil.py", line 703, in _rmtree_safe_fd
    onexc(func, path, err)
  File "/opt/ohpc/pub/compiler/conda/latest/lib/python3.12/multiprocessing/util.py", line 136, in _remove_temp_dir
    rmtree(tempdir, onerror=onerror)
  File "/opt/ohpc/pub/compiler/conda/latest/lib/python3.12/shutil.py", line 750, in onexc
    return onerror(func, path, exc_info)
           ^^^^^^^^^^^^^^^^^^^^^^^^^^^^^
  File "/opt/ohpc/pub/compiler/conda/latest/lib/python3.12/multiprocessing/util.py", line 227, in __call__
    res = self._callback(*self._args, **self._kwargs)
          ^^^^^^^^^^^^^^^^^^^^^^^^^^^^^^^^^^^^^^^^^^^
  File "/opt/ohpc/pub/compiler/conda/latest/lib/python3.12/shutil.py", line 759, in rmtree
    _rmtree_safe_fd(stack, onexc)
  File "/opt/ohpc/pub/compiler/conda/latest/lib/python3.12/shutil.py", line 700, in _rmtree_safe_fd
    onexc(os.unlink, fullname, err)
  File "/opt/ohpc/pub/compiler/conda/latest/lib/python3.12/multiprocessing/util.py", line 136, in _remove_temp_dir
    rmtree(tempdir, onerror=onerror)
  File "/opt/ohpc/pub/compiler/conda/latest/lib/python3.12/shutil.py", line 703, in _rmtree_safe_fd
    onexc(func, path, err)
  File "/opt/ohpc/pub/compiler/conda/latest/lib/python3.12/shutil.py", line 750, in onexc
    return onerror(func, path, exc_info)
           ^^^^^^^^^^^^^^^^^^^^^^^^^^^^^
  File "/opt/ohpc/pub/compiler/conda/latest/lib/python3.12/shutil.py", line 759, in rmtree
    _rmtree_safe_fd(stack, onexc)
  File "/opt/ohpc/pub/compiler/conda/latest/lib/python3.12/shutil.py", line 750, in onexc
    return onerror(func, path, exc_info)
           ^^^^^^^^^^^^^^^^^^^^^^^^^^^^^
  File "/opt/ohpc/pub/compiler/conda/latest/lib/python3.12/shutil.py", line 698, in _rmtree_safe_fd
    os.unlink(entry.name, dir_fd=topfd)
  File "/opt/ohpc/pub/compiler/conda/latest/lib/python3.12/shutil.py", line 703, in _rmtree_safe_fd
    onexc(func, path, err)
  File "/opt/ohpc/pub/compiler/conda/latest/lib/python3.12/shutil.py", line 700, in _rmtree_safe_fd
    onexc(os.unlink, fullname, err)
  File "/opt/ohpc/pub/compiler/conda/latest/lib/python3.12/shutil.py", line 750, in onexc
    return onerror(func, path, exc_info)
           ^^^^^^^^^^^^^^^^^^^^^^^^^^^^^
  File "/opt/ohpc/pub/compiler/conda/latest/lib/python3.12/shutil.py", line 750, in onexc
    return onerror(func, path, exc_info)
           ^^^^^^^^^^^^^^^^^^^^^^^^^^^^^
  File "/opt/ohpc/pub/compiler/conda/latest/lib/python3.12/shutil.py", line 700, in _rmtree_safe_fd
    onexc(os.unlink, fullname, err)
  File "/opt/ohpc/pub/compiler/conda/latest/lib/python3.12/shutil.py", line 698, in _rmtree_safe_fd
    os.unlink(entry.name, dir_fd=topfd)
  File "/opt/ohpc/pub/compiler/conda/latest/lib/python3.12/shutil.py", line 750, in onexc
    return onerror(func, path, exc_info)
           ^^^^^^^^^^^^^^^^^^^^^^^^^^^^^
  File "/opt/ohpc/pub/compiler/conda/latest/lib/python3.12/shutil.py", line 698, in _rmtree_safe_fd
    os.unlink(entry.name, dir_fd=topfd)
OSError: [Errno 16] Device or resource busy: '/tmp/pymp-ap8vxfp2'
OSError: [Errno 16] Device or resource busy: '/tmp/pymp-9dr8ig2o'
OSError: [Errno 16] Device or resource busy: '/tmp/pymp-eisko53t'
  File "/opt/ohpc/pub/compiler/conda/latest/lib/python3.12/multiprocessing/util.py", line 303, in _run_finalizers
    finalizer()
  File "/opt/ohpc/pub/compiler/conda/latest/lib/python3.12/multiprocessing/util.py", line 227, in __call__
    res = self._callback(*self._args, **self._kwargs)
          ^^^^^^^^^^^^^^^^^^^^^^^^^^^^^^^^^^^^^^^^^^^
  File "/opt/ohpc/pub/compiler/conda/latest/lib/python3.12/multiprocessing/util.py", line 136, in _remove_temp_dir
    rmtree(tempdir, onerror=onerror)
  File "/opt/ohpc/pub/compiler/conda/latest/lib/python3.12/multiprocessing/util.py", line 303, in _run_finalizers
    finalizer()
  File "/opt/ohpc/pub/compiler/conda/latest/lib/python3.12/shutil.py", line 759, in rmtree
    _rmtree_safe_fd(stack, onexc)
  File "/opt/ohpc/pub/compiler/conda/latest/lib/python3.12/shutil.py", line 703, in _rmtree_safe_fd
    onexc(func, path, err)
  File "/opt/ohpc/pub/compiler/conda/latest/lib/python3.12/shutil.py", line 750, in onexc
    return onerror(func, path, exc_info)
           ^^^^^^^^^^^^^^^^^^^^^^^^^^^^^
  File "/opt/ohpc/pub/compiler/conda/latest/lib/python3.12/multiprocessing/util.py", line 227, in __call__
    res = self._callback(*self._args, **self._kwargs)
          ^^^^^^^^^^^^^^^^^^^^^^^^^^^^^^^^^^^^^^^^^^^
  File "/opt/ohpc/pub/compiler/conda/latest/lib/python3.12/shutil.py", line 700, in _rmtree_safe_fd
    onexc(os.unlink, fullname, err)
  File "/opt/ohpc/pub/compiler/conda/latest/lib/python3.12/multiprocessing/util.py", line 136, in _remove_temp_dir
    rmtree(tempdir, onerror=onerror)
  File "/opt/ohpc/pub/compiler/conda/latest/lib/python3.12/shutil.py", line 750, in onexc
    return onerror(func, path, exc_info)
           ^^^^^^^^^^^^^^^^^^^^^^^^^^^^^
  File "/opt/ohpc/pub/compiler/conda/latest/lib/python3.12/shutil.py", line 759, in rmtree
    _rmtree_safe_fd(stack, onexc)
  File "/opt/ohpc/pub/compiler/conda/latest/lib/python3.12/shutil.py", line 698, in _rmtree_safe_fd
    os.unlink(entry.name, dir_fd=topfd)
  File "/opt/ohpc/pub/compiler/conda/latest/lib/python3.12/shutil.py", line 703, in _rmtree_safe_fd
    onexc(func, path, err)
  File "/opt/ohpc/pub/compiler/conda/latest/lib/python3.12/shutil.py", line 750, in onexc
    return onerror(func, path, exc_info)
           ^^^^^^^^^^^^^^^^^^^^^^^^^^^^^
  File "/opt/ohpc/pub/compiler/conda/latest/lib/python3.12/shutil.py", line 700, in _rmtree_safe_fd
    onexc(os.unlink, fullname, err)
  File "/opt/ohpc/pub/compiler/conda/latest/lib/python3.12/shutil.py", line 750, in onexc
    return onerror(func, path, exc_info)
           ^^^^^^^^^^^^^^^^^^^^^^^^^^^^^
  File "/opt/ohpc/pub/compiler/conda/latest/lib/python3.12/shutil.py", line 698, in _rmtree_safe_fd
    os.unlink(entry.name, dir_fd=topfd)
OSError: [Errno 16] Device or resource busy: '/tmp/pymp-6tr3vy8w'
OSError: [Errno 16] Device or resource busy: '/tmp/pymp-0p4et8on'
  File "/opt/ohpc/pub/compiler/conda/latest/lib/python3.12/multiprocessing/util.py", line 303, in _run_finalizers
    finalizer()
  File "/opt/ohpc/pub/compiler/conda/latest/lib/python3.12/multiprocessing/util.py", line 227, in __call__
    res = self._callback(*self._args, **self._kwargs)
          ^^^^^^^^^^^^^^^^^^^^^^^^^^^^^^^^^^^^^^^^^^^
  File "/opt/ohpc/pub/compiler/conda/latest/lib/python3.12/multiprocessing/util.py", line 136, in _remove_temp_dir
    rmtree(tempdir, onerror=onerror)
  File "/opt/ohpc/pub/compiler/conda/latest/lib/python3.12/shutil.py", line 759, in rmtree
    _rmtree_safe_fd(stack, onexc)
  File "/opt/ohpc/pub/compiler/conda/latest/lib/python3.12/shutil.py", line 703, in _rmtree_safe_fd
    onexc(func, path, err)
  File "/opt/ohpc/pub/compiler/conda/latest/lib/python3.12/shutil.py", line 750, in onexc
    return onerror(func, path, exc_info)
           ^^^^^^^^^^^^^^^^^^^^^^^^^^^^^
  File "/opt/ohpc/pub/compiler/conda/latest/lib/python3.12/shutil.py", line 700, in _rmtree_safe_fd
    onexc(os.unlink, fullname, err)
  File "/opt/ohpc/pub/compiler/conda/latest/lib/python3.12/shutil.py", line 750, in onexc
    return onerror(func, path, exc_info)
           ^^^^^^^^^^^^^^^^^^^^^^^^^^^^^
  File "/opt/ohpc/pub/compiler/conda/latest/lib/python3.12/shutil.py", line 698, in _rmtree_safe_fd
    os.unlink(entry.name, dir_fd=topfd)
OSError: [Errno 16] Device or resource busy: '/tmp/pymp-tlcsbdiw'
  File "/opt/ohpc/pub/compiler/conda/latest/lib/python3.12/multiprocessing/util.py", line 303, in _run_finalizers
    finalizer()
  File "/opt/ohpc/pub/compiler/conda/latest/lib/python3.12/multiprocessing/util.py", line 303, in _run_finalizers
    finalizer()
  File "/opt/ohpc/pub/compiler/conda/latest/lib/python3.12/multiprocessing/util.py", line 227, in __call__
    res = self._callback(*self._args, **self._kwargs)
          ^^^^^^^^^^^^^^^^^^^^^^^^^^^^^^^^^^^^^^^^^^^
  File "/opt/ohpc/pub/compiler/conda/latest/lib/python3.12/multiprocessing/util.py", line 227, in __call__
    res = self._callback(*self._args, **self._kwargs)
          ^^^^^^^^^^^^^^^^^^^^^^^^^^^^^^^^^^^^^^^^^^^
  File "/opt/ohpc/pub/compiler/conda/latest/lib/python3.12/multiprocessing/util.py", line 136, in _remove_temp_dir
    rmtree(tempdir, onerror=onerror)
  File "/opt/ohpc/pub/compiler/conda/latest/lib/python3.12/multiprocessing/util.py", line 136, in _remove_temp_dir
    rmtree(tempdir, onerror=onerror)
  File "/opt/ohpc/pub/compiler/conda/latest/lib/python3.12/shutil.py", line 759, in rmtree
    _rmtree_safe_fd(stack, onexc)
  File "/opt/ohpc/pub/compiler/conda/latest/lib/python3.12/shutil.py", line 759, in rmtree
    _rmtree_safe_fd(stack, onexc)
  File "/opt/ohpc/pub/compiler/conda/latest/lib/python3.12/shutil.py", line 703, in _rmtree_safe_fd
    onexc(func, path, err)
  File "/opt/ohpc/pub/compiler/conda/latest/lib/python3.12/shutil.py", line 703, in _rmtree_safe_fd
    onexc(func, path, err)
  File "/opt/ohpc/pub/compiler/conda/latest/lib/python3.12/shutil.py", line 750, in onexc
    return onerror(func, path, exc_info)
           ^^^^^^^^^^^^^^^^^^^^^^^^^^^^^
  File "/opt/ohpc/pub/compiler/conda/latest/lib/python3.12/shutil.py", line 750, in onexc
    return onerror(func, path, exc_info)
           ^^^^^^^^^^^^^^^^^^^^^^^^^^^^^
  File "/opt/ohpc/pub/compiler/conda/latest/lib/python3.12/shutil.py", line 700, in _rmtree_safe_fd
    onexc(os.unlink, fullname, err)
  File "/opt/ohpc/pub/compiler/conda/latest/lib/python3.12/shutil.py", line 700, in _rmtree_safe_fd
    onexc(os.unlink, fullname, err)
  File "/opt/ohpc/pub/compiler/conda/latest/lib/python3.12/shutil.py", line 750, in onexc
    return onerror(func, path, exc_info)
           ^^^^^^^^^^^^^^^^^^^^^^^^^^^^^
  File "/opt/ohpc/pub/compiler/conda/latest/lib/python3.12/shutil.py", line 750, in onexc
    return onerror(func, path, exc_info)
           ^^^^^^^^^^^^^^^^^^^^^^^^^^^^^
  File "/opt/ohpc/pub/compiler/conda/latest/lib/python3.12/shutil.py", line 698, in _rmtree_safe_fd
    os.unlink(entry.name, dir_fd=topfd)
  File "/opt/ohpc/pub/compiler/conda/latest/lib/python3.12/shutil.py", line 698, in _rmtree_safe_fd
    os.unlink(entry.name, dir_fd=topfd)
OSError: [Errno 16] Device or resource busy: '/tmp/pymp-n5hhnjbn'
OSError: [Errno 16] Device or resource busy: '/tmp/pymp-lh8wc2rt'
  File "/opt/ohpc/pub/compiler/conda/latest/lib/python3.12/multiprocessing/util.py", line 303, in _run_finalizers
    finalizer()
  File "/opt/ohpc/pub/compiler/conda/latest/lib/python3.12/multiprocessing/util.py", line 227, in __call__
    res = self._callback(*self._args, **self._kwargs)
          ^^^^^^^^^^^^^^^^^^^^^^^^^^^^^^^^^^^^^^^^^^^
  File "/opt/ohpc/pub/compiler/conda/latest/lib/python3.12/multiprocessing/util.py", line 136, in _remove_temp_dir
    rmtree(tempdir, onerror=onerror)
  File "/opt/ohpc/pub/compiler/conda/latest/lib/python3.12/shutil.py", line 759, in rmtree
    _rmtree_safe_fd(stack, onexc)
  File "/opt/ohpc/pub/compiler/conda/latest/lib/python3.12/shutil.py", line 703, in _rmtree_safe_fd
    onexc(func, path, err)
  File "/opt/ohpc/pub/compiler/conda/latest/lib/python3.12/shutil.py", line 750, in onexc
    return onerror(func, path, exc_info)
           ^^^^^^^^^^^^^^^^^^^^^^^^^^^^^
  File "/opt/ohpc/pub/compiler/conda/latest/lib/python3.12/shutil.py", line 700, in _rmtree_safe_fd
    onexc(os.unlink, fullname, err)
  File "/opt/ohpc/pub/compiler/conda/latest/lib/python3.12/shutil.py", line 750, in onexc
    return onerror(func, path, exc_info)
           ^^^^^^^^^^^^^^^^^^^^^^^^^^^^^
  File "/opt/ohpc/pub/compiler/conda/latest/lib/python3.12/shutil.py", line 698, in _rmtree_safe_fd
    os.unlink(entry.name, dir_fd=topfd)
OSError: [Errno 16] Device or resource busy: '/tmp/pymp-js0z750m'
Traceback (most recent call last):
  File "/opt/ohpc/pub/compiler/conda/latest/lib/python3.12/multiprocessing/util.py", line 303, in _run_finalizers
    finalizer()
  File "/opt/ohpc/pub/compiler/conda/latest/lib/python3.12/multiprocessing/util.py", line 227, in __call__
    res = self._callback(*self._args, **self._kwargs)
          ^^^^^^^^^^^^^^^^^^^^^^^^^^^^^^^^^^^^^^^^^^^
  File "/opt/ohpc/pub/compiler/conda/latest/lib/python3.12/multiprocessing/util.py", line 136, in _remove_temp_dir
    rmtree(tempdir, onerror=onerror)
  File "/opt/ohpc/pub/compiler/conda/latest/lib/python3.12/shutil.py", line 759, in rmtree
    _rmtree_safe_fd(stack, onexc)
  File "/opt/ohpc/pub/compiler/conda/latest/lib/python3.12/shutil.py", line 703, in _rmtree_safe_fd
    onexc(func, path, err)
  File "/opt/ohpc/pub/compiler/conda/latest/lib/python3.12/shutil.py", line 750, in onexc
    return onerror(func, path, exc_info)
           ^^^^^^^^^^^^^^^^^^^^^^^^^^^^^
  File "/opt/ohpc/pub/compiler/conda/latest/lib/python3.12/shutil.py", line 700, in _rmtree_safe_fd
    onexc(os.unlink, fullname, err)
  File "/opt/ohpc/pub/compiler/conda/latest/lib/python3.12/shutil.py", line 750, in onexc
    return onerror(func, path, exc_info)
           ^^^^^^^^^^^^^^^^^^^^^^^^^^^^^
  File "/opt/ohpc/pub/compiler/conda/latest/lib/python3.12/shutil.py", line 698, in _rmtree_safe_fd
    os.unlink(entry.name, dir_fd=topfd)
OSError: [Errno 16] Device or resource busy: '/tmp/pymp-9_u4jejf'
Traceback (most recent call last):
Traceback (most recent call last):
Traceback (most recent call last):
  File "/opt/ohpc/pub/compiler/conda/latest/lib/python3.12/multiprocessing/util.py", line 303, in _run_finalizers
    finalizer()
  File "/opt/ohpc/pub/compiler/conda/latest/lib/python3.12/multiprocessing/util.py", line 227, in __call__
    res = self._callback(*self._args, **self._kwargs)
          ^^^^^^^^^^^^^^^^^^^^^^^^^^^^^^^^^^^^^^^^^^^
  File "/opt/ohpc/pub/compiler/conda/latest/lib/python3.12/multiprocessing/util.py", line 136, in _remove_temp_dir
    rmtree(tempdir, onerror=onerror)
  File "/opt/ohpc/pub/compiler/conda/latest/lib/python3.12/shutil.py", line 759, in rmtree
    _rmtree_safe_fd(stack, onexc)
  File "/opt/ohpc/pub/compiler/conda/latest/lib/python3.12/shutil.py", line 703, in _rmtree_safe_fd
    onexc(func, path, err)
  File "/opt/ohpc/pub/compiler/conda/latest/lib/python3.12/shutil.py", line 750, in onexc
    return onerror(func, path, exc_info)
           ^^^^^^^^^^^^^^^^^^^^^^^^^^^^^
  File "/opt/ohpc/pub/compiler/conda/latest/lib/python3.12/shutil.py", line 700, in _rmtree_safe_fd
    onexc(os.unlink, fullname, err)
Traceback (most recent call last):
  File "/opt/ohpc/pub/compiler/conda/latest/lib/python3.12/shutil.py", line 750, in onexc
    return onerror(func, path, exc_info)
           ^^^^^^^^^^^^^^^^^^^^^^^^^^^^^
  File "/opt/ohpc/pub/compiler/conda/latest/lib/python3.12/shutil.py", line 698, in _rmtree_safe_fd
    os.unlink(entry.name, dir_fd=topfd)
OSError: [Errno 16] Device or resource busy: '/tmp/pymp-7l0q0l0a'
  File "/opt/ohpc/pub/compiler/conda/latest/lib/python3.12/multiprocessing/util.py", line 303, in _run_finalizers
    finalizer()
  File "/opt/ohpc/pub/compiler/conda/latest/lib/python3.12/multiprocessing/util.py", line 227, in __call__
    res = self._callback(*self._args, **self._kwargs)
          ^^^^^^^^^^^^^^^^^^^^^^^^^^^^^^^^^^^^^^^^^^^
  File "/opt/ohpc/pub/compiler/conda/latest/lib/python3.12/multiprocessing/util.py", line 136, in _remove_temp_dir
    rmtree(tempdir, onerror=onerror)
  File "/opt/ohpc/pub/compiler/conda/latest/lib/python3.12/shutil.py", line 759, in rmtree
    _rmtree_safe_fd(stack, onexc)
  File "/opt/ohpc/pub/compiler/conda/latest/lib/python3.12/shutil.py", line 703, in _rmtree_safe_fd
    onexc(func, path, err)
  File "/opt/ohpc/pub/compiler/conda/latest/lib/python3.12/shutil.py", line 750, in onexc
    return onerror(func, path, exc_info)
           ^^^^^^^^^^^^^^^^^^^^^^^^^^^^^
  File "/opt/ohpc/pub/compiler/conda/latest/lib/python3.12/shutil.py", line 700, in _rmtree_safe_fd
    onexc(os.unlink, fullname, err)
  File "/opt/ohpc/pub/compiler/conda/latest/lib/python3.12/shutil.py", line 750, in onexc
    return onerror(func, path, exc_info)
           ^^^^^^^^^^^^^^^^^^^^^^^^^^^^^
  File "/opt/ohpc/pub/compiler/conda/latest/lib/python3.12/shutil.py", line 698, in _rmtree_safe_fd
    os.unlink(entry.name, dir_fd=topfd)
OSError: [Errno 16] Device or resource busy: '/tmp/pymp-l5nxbavc'
  File "/opt/ohpc/pub/compiler/conda/latest/lib/python3.12/multiprocessing/util.py", line 303, in _run_finalizers
    finalizer()
Traceback (most recent call last):
  File "/opt/ohpc/pub/compiler/conda/latest/lib/python3.12/multiprocessing/util.py", line 227, in __call__
    res = self._callback(*self._args, **self._kwargs)
          ^^^^^^^^^^^^^^^^^^^^^^^^^^^^^^^^^^^^^^^^^^^
  File "/opt/ohpc/pub/compiler/conda/latest/lib/python3.12/multiprocessing/util.py", line 136, in _remove_temp_dir
    rmtree(tempdir, onerror=onerror)
  File "/opt/ohpc/pub/compiler/conda/latest/lib/python3.12/shutil.py", line 759, in rmtree
    _rmtree_safe_fd(stack, onexc)
  File "/opt/ohpc/pub/compiler/conda/latest/lib/python3.12/shutil.py", line 703, in _rmtree_safe_fd
    onexc(func, path, err)
  File "/opt/ohpc/pub/compiler/conda/latest/lib/python3.12/shutil.py", line 750, in onexc
    return onerror(func, path, exc_info)
           ^^^^^^^^^^^^^^^^^^^^^^^^^^^^^
  File "/opt/ohpc/pub/compiler/conda/latest/lib/python3.12/shutil.py", line 700, in _rmtree_safe_fd
    onexc(os.unlink, fullname, err)
  File "/opt/ohpc/pub/compiler/conda/latest/lib/python3.12/shutil.py", line 750, in onexc
    return onerror(func, path, exc_info)
           ^^^^^^^^^^^^^^^^^^^^^^^^^^^^^
  File "/opt/ohpc/pub/compiler/conda/latest/lib/python3.12/shutil.py", line 698, in _rmtree_safe_fd
    os.unlink(entry.name, dir_fd=topfd)
Traceback (most recent call last):
OSError: [Errno 16] Device or resource busy: '/tmp/pymp-c0uqchw7'
Traceback (most recent call last):
Traceback (most recent call last):
  File "/opt/ohpc/pub/compiler/conda/latest/lib/python3.12/multiprocessing/util.py", line 303, in _run_finalizers
    finalizer()
  File "/opt/ohpc/pub/compiler/conda/latest/lib/python3.12/multiprocessing/util.py", line 227, in __call__
    res = self._callback(*self._args, **self._kwargs)
          ^^^^^^^^^^^^^^^^^^^^^^^^^^^^^^^^^^^^^^^^^^^
  File "/opt/ohpc/pub/compiler/conda/latest/lib/python3.12/multiprocessing/util.py", line 136, in _remove_temp_dir
    rmtree(tempdir, onerror=onerror)
  File "/opt/ohpc/pub/compiler/conda/latest/lib/python3.12/shutil.py", line 759, in rmtree
    _rmtree_safe_fd(stack, onexc)
  File "/opt/ohpc/pub/compiler/conda/latest/lib/python3.12/shutil.py", line 703, in _rmtree_safe_fd
    onexc(func, path, err)
  File "/opt/ohpc/pub/compiler/conda/latest/lib/python3.12/shutil.py", line 750, in onexc
    return onerror(func, path, exc_info)
           ^^^^^^^^^^^^^^^^^^^^^^^^^^^^^
Traceback (most recent call last):
  File "/opt/ohpc/pub/compiler/conda/latest/lib/python3.12/shutil.py", line 700, in _rmtree_safe_fd
    onexc(os.unlink, fullname, err)
  File "/opt/ohpc/pub/compiler/conda/latest/lib/python3.12/shutil.py", line 750, in onexc
    return onerror(func, path, exc_info)
           ^^^^^^^^^^^^^^^^^^^^^^^^^^^^^
  File "/opt/ohpc/pub/compiler/conda/latest/lib/python3.12/shutil.py", line 698, in _rmtree_safe_fd
    os.unlink(entry.name, dir_fd=topfd)
OSError: [Errno 16] Device or resource busy: '/tmp/pymp-_4286ead'
  File "/opt/ohpc/pub/compiler/conda/latest/lib/python3.12/multiprocessing/util.py", line 303, in _run_finalizers
    finalizer()
  File "/opt/ohpc/pub/compiler/conda/latest/lib/python3.12/multiprocessing/util.py", line 227, in __call__
    res = self._callback(*self._args, **self._kwargs)
          ^^^^^^^^^^^^^^^^^^^^^^^^^^^^^^^^^^^^^^^^^^^
  File "/opt/ohpc/pub/compiler/conda/latest/lib/python3.12/multiprocessing/util.py", line 136, in _remove_temp_dir
    rmtree(tempdir, onerror=onerror)
  File "/opt/ohpc/pub/compiler/conda/latest/lib/python3.12/shutil.py", line 759, in rmtree
    _rmtree_safe_fd(stack, onexc)
  File "/opt/ohpc/pub/compiler/conda/latest/lib/python3.12/shutil.py", line 703, in _rmtree_safe_fd
    onexc(func, path, err)
  File "/opt/ohpc/pub/compiler/conda/latest/lib/python3.12/shutil.py", line 750, in onexc
    return onerror(func, path, exc_info)
           ^^^^^^^^^^^^^^^^^^^^^^^^^^^^^
  File "/opt/ohpc/pub/compiler/conda/latest/lib/python3.12/shutil.py", line 700, in _rmtree_safe_fd
    onexc(os.unlink, fullname, err)
  File "/opt/ohpc/pub/compiler/conda/latest/lib/python3.12/shutil.py", line 750, in onexc
    return onerror(func, path, exc_info)
           ^^^^^^^^^^^^^^^^^^^^^^^^^^^^^
  File "/opt/ohpc/pub/compiler/conda/latest/lib/python3.12/shutil.py", line 698, in _rmtree_safe_fd
    os.unlink(entry.name, dir_fd=topfd)
OSError: [Errno 16] Device or resource busy: '/tmp/pymp-1ffupj29'
  File "/opt/ohpc/pub/compiler/conda/latest/lib/python3.12/multiprocessing/util.py", line 303, in _run_finalizers
    finalizer()
  File "/opt/ohpc/pub/compiler/conda/latest/lib/python3.12/multiprocessing/util.py", line 227, in __call__
    res = self._callback(*self._args, **self._kwargs)
          ^^^^^^^^^^^^^^^^^^^^^^^^^^^^^^^^^^^^^^^^^^^
  File "/opt/ohpc/pub/compiler/conda/latest/lib/python3.12/multiprocessing/util.py", line 136, in _remove_temp_dir
    rmtree(tempdir, onerror=onerror)
  File "/opt/ohpc/pub/compiler/conda/latest/lib/python3.12/shutil.py", line 759, in rmtree
    _rmtree_safe_fd(stack, onexc)
  File "/opt/ohpc/pub/compiler/conda/latest/lib/python3.12/shutil.py", line 703, in _rmtree_safe_fd
    onexc(func, path, err)
  File "/opt/ohpc/pub/compiler/conda/latest/lib/python3.12/shutil.py", line 750, in onexc
    return onerror(func, path, exc_info)
           ^^^^^^^^^^^^^^^^^^^^^^^^^^^^^
  File "/opt/ohpc/pub/compiler/conda/latest/lib/python3.12/shutil.py", line 700, in _rmtree_safe_fd
    onexc(os.unlink, fullname, err)
  File "/opt/ohpc/pub/compiler/conda/latest/lib/python3.12/shutil.py", line 750, in onexc
    return onerror(func, path, exc_info)
           ^^^^^^^^^^^^^^^^^^^^^^^^^^^^^
  File "/opt/ohpc/pub/compiler/conda/latest/lib/python3.12/shutil.py", line 698, in _rmtree_safe_fd
    os.unlink(entry.name, dir_fd=topfd)
OSError: [Errno 16] Device or resource busy: '/tmp/pymp-gikt7gum'
  File "/opt/ohpc/pub/compiler/conda/latest/lib/python3.12/multiprocessing/util.py", line 303, in _run_finalizers
    finalizer()
  File "/opt/ohpc/pub/compiler/conda/latest/lib/python3.12/multiprocessing/util.py", line 303, in _run_finalizers
    finalizer()
  File "/opt/ohpc/pub/compiler/conda/latest/lib/python3.12/multiprocessing/util.py", line 227, in __call__
    res = self._callback(*self._args, **self._kwargs)
          ^^^^^^^^^^^^^^^^^^^^^^^^^^^^^^^^^^^^^^^^^^^
  File "/opt/ohpc/pub/compiler/conda/latest/lib/python3.12/multiprocessing/util.py", line 136, in _remove_temp_dir
    rmtree(tempdir, onerror=onerror)
  File "/opt/ohpc/pub/compiler/conda/latest/lib/python3.12/shutil.py", line 759, in rmtree
    _rmtree_safe_fd(stack, onexc)
  File "/opt/ohpc/pub/compiler/conda/latest/lib/python3.12/multiprocessing/util.py", line 227, in __call__
    res = self._callback(*self._args, **self._kwargs)
          ^^^^^^^^^^^^^^^^^^^^^^^^^^^^^^^^^^^^^^^^^^^
  File "/opt/ohpc/pub/compiler/conda/latest/lib/python3.12/shutil.py", line 703, in _rmtree_safe_fd
    onexc(func, path, err)
  File "/opt/ohpc/pub/compiler/conda/latest/lib/python3.12/multiprocessing/util.py", line 136, in _remove_temp_dir
    rmtree(tempdir, onerror=onerror)
  File "/opt/ohpc/pub/compiler/conda/latest/lib/python3.12/shutil.py", line 750, in onexc
    return onerror(func, path, exc_info)
           ^^^^^^^^^^^^^^^^^^^^^^^^^^^^^
  File "/opt/ohpc/pub/compiler/conda/latest/lib/python3.12/shutil.py", line 759, in rmtree
    _rmtree_safe_fd(stack, onexc)
  File "/opt/ohpc/pub/compiler/conda/latest/lib/python3.12/shutil.py", line 700, in _rmtree_safe_fd
    onexc(os.unlink, fullname, err)
  File "/opt/ohpc/pub/compiler/conda/latest/lib/python3.12/shutil.py", line 703, in _rmtree_safe_fd
    onexc(func, path, err)
  File "/opt/ohpc/pub/compiler/conda/latest/lib/python3.12/shutil.py", line 750, in onexc
    return onerror(func, path, exc_info)
           ^^^^^^^^^^^^^^^^^^^^^^^^^^^^^
  File "/opt/ohpc/pub/compiler/conda/latest/lib/python3.12/shutil.py", line 750, in onexc
    return onerror(func, path, exc_info)
           ^^^^^^^^^^^^^^^^^^^^^^^^^^^^^
  File "/opt/ohpc/pub/compiler/conda/latest/lib/python3.12/shutil.py", line 698, in _rmtree_safe_fd
    os.unlink(entry.name, dir_fd=topfd)
  File "/opt/ohpc/pub/compiler/conda/latest/lib/python3.12/shutil.py", line 700, in _rmtree_safe_fd
    onexc(os.unlink, fullname, err)
  File "/opt/ohpc/pub/compiler/conda/latest/lib/python3.12/shutil.py", line 750, in onexc
    return onerror(func, path, exc_info)
           ^^^^^^^^^^^^^^^^^^^^^^^^^^^^^
  File "/opt/ohpc/pub/compiler/conda/latest/lib/python3.12/shutil.py", line 698, in _rmtree_safe_fd
    os.unlink(entry.name, dir_fd=topfd)
OSError: [Errno 16] Device or resource busy: '/tmp/pymp-thb77yyh'
OSError: [Errno 16] Device or resource busy: '/tmp/pymp-61yhllvr'
  File "/opt/ohpc/pub/compiler/conda/latest/lib/python3.12/multiprocessing/util.py", line 303, in _run_finalizers
    finalizer()
  File "/opt/ohpc/pub/compiler/conda/latest/lib/python3.12/multiprocessing/util.py", line 227, in __call__
    res = self._callback(*self._args, **self._kwargs)
          ^^^^^^^^^^^^^^^^^^^^^^^^^^^^^^^^^^^^^^^^^^^
  File "/opt/ohpc/pub/compiler/conda/latest/lib/python3.12/multiprocessing/util.py", line 136, in _remove_temp_dir
    rmtree(tempdir, onerror=onerror)
  File "/opt/ohpc/pub/compiler/conda/latest/lib/python3.12/shutil.py", line 759, in rmtree
    _rmtree_safe_fd(stack, onexc)
  File "/opt/ohpc/pub/compiler/conda/latest/lib/python3.12/shutil.py", line 703, in _rmtree_safe_fd
    onexc(func, path, err)
  File "/opt/ohpc/pub/compiler/conda/latest/lib/python3.12/shutil.py", line 750, in onexc
    return onerror(func, path, exc_info)
           ^^^^^^^^^^^^^^^^^^^^^^^^^^^^^
  File "/opt/ohpc/pub/compiler/conda/latest/lib/python3.12/shutil.py", line 700, in _rmtree_safe_fd
    onexc(os.unlink, fullname, err)
  File "/opt/ohpc/pub/compiler/conda/latest/lib/python3.12/shutil.py", line 750, in onexc
    return onerror(func, path, exc_info)
           ^^^^^^^^^^^^^^^^^^^^^^^^^^^^^
  File "/opt/ohpc/pub/compiler/conda/latest/lib/python3.12/shutil.py", line 698, in _rmtree_safe_fd
    os.unlink(entry.name, dir_fd=topfd)
Traceback (most recent call last):
OSError: [Errno 16] Device or resource busy: '/tmp/pymp-uo24zng0'
  File "/opt/ohpc/pub/compiler/conda/latest/lib/python3.12/multiprocessing/util.py", line 303, in _run_finalizers
    finalizer()
  File "/opt/ohpc/pub/compiler/conda/latest/lib/python3.12/multiprocessing/util.py", line 227, in __call__
    res = self._callback(*self._args, **self._kwargs)
          ^^^^^^^^^^^^^^^^^^^^^^^^^^^^^^^^^^^^^^^^^^^
  File "/opt/ohpc/pub/compiler/conda/latest/lib/python3.12/multiprocessing/util.py", line 136, in _remove_temp_dir
    rmtree(tempdir, onerror=onerror)
  File "/opt/ohpc/pub/compiler/conda/latest/lib/python3.12/shutil.py", line 759, in rmtree
    _rmtree_safe_fd(stack, onexc)
  File "/opt/ohpc/pub/compiler/conda/latest/lib/python3.12/shutil.py", line 703, in _rmtree_safe_fd
    onexc(func, path, err)
  File "/opt/ohpc/pub/compiler/conda/latest/lib/python3.12/shutil.py", line 750, in onexc
    return onerror(func, path, exc_info)
           ^^^^^^^^^^^^^^^^^^^^^^^^^^^^^
  File "/opt/ohpc/pub/compiler/conda/latest/lib/python3.12/shutil.py", line 700, in _rmtree_safe_fd
    onexc(os.unlink, fullname, err)
  File "/opt/ohpc/pub/compiler/conda/latest/lib/python3.12/shutil.py", line 750, in onexc
    return onerror(func, path, exc_info)
           ^^^^^^^^^^^^^^^^^^^^^^^^^^^^^
  File "/opt/ohpc/pub/compiler/conda/latest/lib/python3.12/shutil.py", line 698, in _rmtree_safe_fd
    os.unlink(entry.name, dir_fd=topfd)
OSError: [Errno 16] Device or resource busy: '/tmp/pymp-eje4m82e'
Traceback (most recent call last):
Traceback (most recent call last):
Traceback (most recent call last):
Traceback (most recent call last):
Traceback (most recent call last):
Traceback (most recent call last):
Traceback (most recent call last):
Traceback (most recent call last):
Traceback (most recent call last):
Traceback (most recent call last):
  File "/opt/ohpc/pub/compiler/conda/latest/lib/python3.12/multiprocessing/util.py", line 303, in _run_finalizers
    finalizer()
  File "/opt/ohpc/pub/compiler/conda/latest/lib/python3.12/multiprocessing/util.py", line 303, in _run_finalizers
    finalizer()
  File "/opt/ohpc/pub/compiler/conda/latest/lib/python3.12/multiprocessing/util.py", line 303, in _run_finalizers
    finalizer()
  File "/opt/ohpc/pub/compiler/conda/latest/lib/python3.12/multiprocessing/util.py", line 227, in __call__
    res = self._callback(*self._args, **self._kwargs)
          ^^^^^^^^^^^^^^^^^^^^^^^^^^^^^^^^^^^^^^^^^^^
  File "/opt/ohpc/pub/compiler/conda/latest/lib/python3.12/multiprocessing/util.py", line 227, in __call__
    res = self._callback(*self._args, **self._kwargs)
          ^^^^^^^^^^^^^^^^^^^^^^^^^^^^^^^^^^^^^^^^^^^
  File "/opt/ohpc/pub/compiler/conda/latest/lib/python3.12/multiprocessing/util.py", line 227, in __call__
    res = self._callback(*self._args, **self._kwargs)
          ^^^^^^^^^^^^^^^^^^^^^^^^^^^^^^^^^^^^^^^^^^^
  File "/opt/ohpc/pub/compiler/conda/latest/lib/python3.12/multiprocessing/util.py", line 136, in _remove_temp_dir
    rmtree(tempdir, onerror=onerror)
  File "/opt/ohpc/pub/compiler/conda/latest/lib/python3.12/multiprocessing/util.py", line 136, in _remove_temp_dir
    rmtree(tempdir, onerror=onerror)
  File "/opt/ohpc/pub/compiler/conda/latest/lib/python3.12/shutil.py", line 759, in rmtree
    _rmtree_safe_fd(stack, onexc)
  File "/opt/ohpc/pub/compiler/conda/latest/lib/python3.12/multiprocessing/util.py", line 136, in _remove_temp_dir
    rmtree(tempdir, onerror=onerror)
  File "/opt/ohpc/pub/compiler/conda/latest/lib/python3.12/shutil.py", line 759, in rmtree
    _rmtree_safe_fd(stack, onexc)
  File "/opt/ohpc/pub/compiler/conda/latest/lib/python3.12/shutil.py", line 703, in _rmtree_safe_fd
    onexc(func, path, err)
  File "/opt/ohpc/pub/compiler/conda/latest/lib/python3.12/shutil.py", line 759, in rmtree
    _rmtree_safe_fd(stack, onexc)
  File "/opt/ohpc/pub/compiler/conda/latest/lib/python3.12/shutil.py", line 703, in _rmtree_safe_fd
    onexc(func, path, err)
  File "/opt/ohpc/pub/compiler/conda/latest/lib/python3.12/shutil.py", line 750, in onexc
    return onerror(func, path, exc_info)
           ^^^^^^^^^^^^^^^^^^^^^^^^^^^^^
  File "/opt/ohpc/pub/compiler/conda/latest/lib/python3.12/shutil.py", line 703, in _rmtree_safe_fd
    onexc(func, path, err)
  File "/opt/ohpc/pub/compiler/conda/latest/lib/python3.12/shutil.py", line 750, in onexc
    return onerror(func, path, exc_info)
           ^^^^^^^^^^^^^^^^^^^^^^^^^^^^^
  File "/opt/ohpc/pub/compiler/conda/latest/lib/python3.12/shutil.py", line 700, in _rmtree_safe_fd
    onexc(os.unlink, fullname, err)
  File "/opt/ohpc/pub/compiler/conda/latest/lib/python3.12/shutil.py", line 750, in onexc
    return onerror(func, path, exc_info)
           ^^^^^^^^^^^^^^^^^^^^^^^^^^^^^
  File "/opt/ohpc/pub/compiler/conda/latest/lib/python3.12/shutil.py", line 700, in _rmtree_safe_fd
    onexc(os.unlink, fullname, err)
  File "/opt/ohpc/pub/compiler/conda/latest/lib/python3.12/shutil.py", line 750, in onexc
    return onerror(func, path, exc_info)
           ^^^^^^^^^^^^^^^^^^^^^^^^^^^^^
  File "/opt/ohpc/pub/compiler/conda/latest/lib/python3.12/shutil.py", line 700, in _rmtree_safe_fd
    onexc(os.unlink, fullname, err)
  File "/opt/ohpc/pub/compiler/conda/latest/lib/python3.12/shutil.py", line 750, in onexc
    return onerror(func, path, exc_info)
           ^^^^^^^^^^^^^^^^^^^^^^^^^^^^^
  File "/opt/ohpc/pub/compiler/conda/latest/lib/python3.12/shutil.py", line 698, in _rmtree_safe_fd
    os.unlink(entry.name, dir_fd=topfd)
  File "/opt/ohpc/pub/compiler/conda/latest/lib/python3.12/shutil.py", line 750, in onexc
    return onerror(func, path, exc_info)
           ^^^^^^^^^^^^^^^^^^^^^^^^^^^^^
  File "/opt/ohpc/pub/compiler/conda/latest/lib/python3.12/shutil.py", line 698, in _rmtree_safe_fd
    os.unlink(entry.name, dir_fd=topfd)
  File "/opt/ohpc/pub/compiler/conda/latest/lib/python3.12/shutil.py", line 698, in _rmtree_safe_fd
    os.unlink(entry.name, dir_fd=topfd)
OSError: [Errno 16] Device or resource busy: '/tmp/pymp-drk0artt'
OSError: [Errno 16] Device or resource busy: '/tmp/pymp-ll9sp_7j'
OSError: [Errno 16] Device or resource busy: '/tmp/pymp-zcqi8rvl'
  File "/opt/ohpc/pub/compiler/conda/latest/lib/python3.12/multiprocessing/util.py", line 303, in _run_finalizers
    finalizer()
  File "/opt/ohpc/pub/compiler/conda/latest/lib/python3.12/multiprocessing/util.py", line 227, in __call__
    res = self._callback(*self._args, **self._kwargs)
          ^^^^^^^^^^^^^^^^^^^^^^^^^^^^^^^^^^^^^^^^^^^
  File "/opt/ohpc/pub/compiler/conda/latest/lib/python3.12/multiprocessing/util.py", line 136, in _remove_temp_dir
    rmtree(tempdir, onerror=onerror)
  File "/opt/ohpc/pub/compiler/conda/latest/lib/python3.12/shutil.py", line 759, in rmtree
    _rmtree_safe_fd(stack, onexc)
  File "/opt/ohpc/pub/compiler/conda/latest/lib/python3.12/shutil.py", line 703, in _rmtree_safe_fd
    onexc(func, path, err)
  File "/opt/ohpc/pub/compiler/conda/latest/lib/python3.12/multiprocessing/util.py", line 303, in _run_finalizers
    finalizer()
  File "/opt/ohpc/pub/compiler/conda/latest/lib/python3.12/shutil.py", line 750, in onexc
    return onerror(func, path, exc_info)
           ^^^^^^^^^^^^^^^^^^^^^^^^^^^^^
  File "/opt/ohpc/pub/compiler/conda/latest/lib/python3.12/shutil.py", line 700, in _rmtree_safe_fd
    onexc(os.unlink, fullname, err)
  File "/opt/ohpc/pub/compiler/conda/latest/lib/python3.12/shutil.py", line 750, in onexc
    return onerror(func, path, exc_info)
           ^^^^^^^^^^^^^^^^^^^^^^^^^^^^^
  File "/opt/ohpc/pub/compiler/conda/latest/lib/python3.12/multiprocessing/util.py", line 227, in __call__
    res = self._callback(*self._args, **self._kwargs)
          ^^^^^^^^^^^^^^^^^^^^^^^^^^^^^^^^^^^^^^^^^^^
  File "/opt/ohpc/pub/compiler/conda/latest/lib/python3.12/shutil.py", line 698, in _rmtree_safe_fd
    os.unlink(entry.name, dir_fd=topfd)
  File "/opt/ohpc/pub/compiler/conda/latest/lib/python3.12/multiprocessing/util.py", line 136, in _remove_temp_dir
    rmtree(tempdir, onerror=onerror)
  File "/opt/ohpc/pub/compiler/conda/latest/lib/python3.12/shutil.py", line 759, in rmtree
    _rmtree_safe_fd(stack, onexc)
  File "/opt/ohpc/pub/compiler/conda/latest/lib/python3.12/shutil.py", line 703, in _rmtree_safe_fd
    onexc(func, path, err)
  File "/opt/ohpc/pub/compiler/conda/latest/lib/python3.12/multiprocessing/util.py", line 303, in _run_finalizers
    finalizer()
  File "/opt/ohpc/pub/compiler/conda/latest/lib/python3.12/shutil.py", line 750, in onexc
    return onerror(func, path, exc_info)
           ^^^^^^^^^^^^^^^^^^^^^^^^^^^^^
OSError: [Errno 16] Device or resource busy: '/tmp/pymp-i4vi2e1g'
  File "/opt/ohpc/pub/compiler/conda/latest/lib/python3.12/shutil.py", line 700, in _rmtree_safe_fd
    onexc(os.unlink, fullname, err)
  File "/opt/ohpc/pub/compiler/conda/latest/lib/python3.12/multiprocessing/util.py", line 227, in __call__
    res = self._callback(*self._args, **self._kwargs)
          ^^^^^^^^^^^^^^^^^^^^^^^^^^^^^^^^^^^^^^^^^^^
  File "/opt/ohpc/pub/compiler/conda/latest/lib/python3.12/shutil.py", line 750, in onexc
    return onerror(func, path, exc_info)
           ^^^^^^^^^^^^^^^^^^^^^^^^^^^^^
  File "/opt/ohpc/pub/compiler/conda/latest/lib/python3.12/multiprocessing/util.py", line 136, in _remove_temp_dir
    rmtree(tempdir, onerror=onerror)
  File "/opt/ohpc/pub/compiler/conda/latest/lib/python3.12/shutil.py", line 698, in _rmtree_safe_fd
    os.unlink(entry.name, dir_fd=topfd)
  File "/opt/ohpc/pub/compiler/conda/latest/lib/python3.12/shutil.py", line 759, in rmtree
    _rmtree_safe_fd(stack, onexc)
  File "/opt/ohpc/pub/compiler/conda/latest/lib/python3.12/shutil.py", line 703, in _rmtree_safe_fd
    onexc(func, path, err)
  File "/opt/ohpc/pub/compiler/conda/latest/lib/python3.12/shutil.py", line 750, in onexc
    return onerror(func, path, exc_info)
           ^^^^^^^^^^^^^^^^^^^^^^^^^^^^^
  File "/opt/ohpc/pub/compiler/conda/latest/lib/python3.12/shutil.py", line 700, in _rmtree_safe_fd
    onexc(os.unlink, fullname, err)
OSError: [Errno 16] Device or resource busy: '/tmp/pymp-5nwd4dxw'
  File "/opt/ohpc/pub/compiler/conda/latest/lib/python3.12/multiprocessing/util.py", line 303, in _run_finalizers
    finalizer()
  File "/opt/ohpc/pub/compiler/conda/latest/lib/python3.12/shutil.py", line 750, in onexc
    return onerror(func, path, exc_info)
           ^^^^^^^^^^^^^^^^^^^^^^^^^^^^^
  File "/opt/ohpc/pub/compiler/conda/latest/lib/python3.12/shutil.py", line 698, in _rmtree_safe_fd
    os.unlink(entry.name, dir_fd=topfd)
  File "/opt/ohpc/pub/compiler/conda/latest/lib/python3.12/multiprocessing/util.py", line 227, in __call__
    res = self._callback(*self._args, **self._kwargs)
          ^^^^^^^^^^^^^^^^^^^^^^^^^^^^^^^^^^^^^^^^^^^
  File "/opt/ohpc/pub/compiler/conda/latest/lib/python3.12/multiprocessing/util.py", line 136, in _remove_temp_dir
    rmtree(tempdir, onerror=onerror)
  File "/opt/ohpc/pub/compiler/conda/latest/lib/python3.12/shutil.py", line 759, in rmtree
    _rmtree_safe_fd(stack, onexc)
  File "/opt/ohpc/pub/compiler/conda/latest/lib/python3.12/shutil.py", line 703, in _rmtree_safe_fd
    onexc(func, path, err)
OSError: [Errno 16] Device or resource busy: '/tmp/pymp-giltmv7q'
  File "/opt/ohpc/pub/compiler/conda/latest/lib/python3.12/shutil.py", line 750, in onexc
    return onerror(func, path, exc_info)
           ^^^^^^^^^^^^^^^^^^^^^^^^^^^^^
  File "/opt/ohpc/pub/compiler/conda/latest/lib/python3.12/shutil.py", line 700, in _rmtree_safe_fd
    onexc(os.unlink, fullname, err)
  File "/opt/ohpc/pub/compiler/conda/latest/lib/python3.12/shutil.py", line 750, in onexc
    return onerror(func, path, exc_info)
           ^^^^^^^^^^^^^^^^^^^^^^^^^^^^^
  File "/opt/ohpc/pub/compiler/conda/latest/lib/python3.12/shutil.py", line 698, in _rmtree_safe_fd
    os.unlink(entry.name, dir_fd=topfd)
OSError: [Errno 16] Device or resource busy: '/tmp/pymp-kp4o70sn'
  File "/opt/ohpc/pub/compiler/conda/latest/lib/python3.12/multiprocessing/util.py", line 303, in _run_finalizers
    finalizer()
  File "/opt/ohpc/pub/compiler/conda/latest/lib/python3.12/multiprocessing/util.py", line 227, in __call__
    res = self._callback(*self._args, **self._kwargs)
          ^^^^^^^^^^^^^^^^^^^^^^^^^^^^^^^^^^^^^^^^^^^
  File "/opt/ohpc/pub/compiler/conda/latest/lib/python3.12/multiprocessing/util.py", line 136, in _remove_temp_dir
    rmtree(tempdir, onerror=onerror)
  File "/opt/ohpc/pub/compiler/conda/latest/lib/python3.12/shutil.py", line 759, in rmtree
    _rmtree_safe_fd(stack, onexc)
  File "/opt/ohpc/pub/compiler/conda/latest/lib/python3.12/shutil.py", line 703, in _rmtree_safe_fd
    onexc(func, path, err)
  File "/opt/ohpc/pub/compiler/conda/latest/lib/python3.12/shutil.py", line 750, in onexc
    return onerror(func, path, exc_info)
           ^^^^^^^^^^^^^^^^^^^^^^^^^^^^^
  File "/opt/ohpc/pub/compiler/conda/latest/lib/python3.12/shutil.py", line 700, in _rmtree_safe_fd
    onexc(os.unlink, fullname, err)
  File "/opt/ohpc/pub/compiler/conda/latest/lib/python3.12/shutil.py", line 750, in onexc
    return onerror(func, path, exc_info)
           ^^^^^^^^^^^^^^^^^^^^^^^^^^^^^
  File "/opt/ohpc/pub/compiler/conda/latest/lib/python3.12/shutil.py", line 698, in _rmtree_safe_fd
    os.unlink(entry.name, dir_fd=topfd)
  File "/opt/ohpc/pub/compiler/conda/latest/lib/python3.12/multiprocessing/util.py", line 303, in _run_finalizers
    finalizer()
OSError: [Errno 16] Device or resource busy: '/tmp/pymp-albfukwt'
  File "/opt/ohpc/pub/compiler/conda/latest/lib/python3.12/multiprocessing/util.py", line 227, in __call__
    res = self._callback(*self._args, **self._kwargs)
          ^^^^^^^^^^^^^^^^^^^^^^^^^^^^^^^^^^^^^^^^^^^
  File "/opt/ohpc/pub/compiler/conda/latest/lib/python3.12/multiprocessing/util.py", line 136, in _remove_temp_dir
    rmtree(tempdir, onerror=onerror)
  File "/opt/ohpc/pub/compiler/conda/latest/lib/python3.12/shutil.py", line 759, in rmtree
    _rmtree_safe_fd(stack, onexc)
  File "/opt/ohpc/pub/compiler/conda/latest/lib/python3.12/shutil.py", line 703, in _rmtree_safe_fd
    onexc(func, path, err)
  File "/opt/ohpc/pub/compiler/conda/latest/lib/python3.12/shutil.py", line 750, in onexc
    return onerror(func, path, exc_info)
           ^^^^^^^^^^^^^^^^^^^^^^^^^^^^^
  File "/opt/ohpc/pub/compiler/conda/latest/lib/python3.12/shutil.py", line 700, in _rmtree_safe_fd
    onexc(os.unlink, fullname, err)
  File "/opt/ohpc/pub/compiler/conda/latest/lib/python3.12/shutil.py", line 750, in onexc
    return onerror(func, path, exc_info)
           ^^^^^^^^^^^^^^^^^^^^^^^^^^^^^
  File "/opt/ohpc/pub/compiler/conda/latest/lib/python3.12/shutil.py", line 698, in _rmtree_safe_fd
    os.unlink(entry.name, dir_fd=topfd)
OSError: [Errno 16] Device or resource busy: '/tmp/pymp-aidnz_wu'
  File "/opt/ohpc/pub/compiler/conda/latest/lib/python3.12/multiprocessing/util.py", line 303, in _run_finalizers
    finalizer()
  File "/opt/ohpc/pub/compiler/conda/latest/lib/python3.12/multiprocessing/util.py", line 227, in __call__
    res = self._callback(*self._args, **self._kwargs)
          ^^^^^^^^^^^^^^^^^^^^^^^^^^^^^^^^^^^^^^^^^^^
  File "/opt/ohpc/pub/compiler/conda/latest/lib/python3.12/multiprocessing/util.py", line 136, in _remove_temp_dir
    rmtree(tempdir, onerror=onerror)
  File "/opt/ohpc/pub/compiler/conda/latest/lib/python3.12/shutil.py", line 759, in rmtree
    _rmtree_safe_fd(stack, onexc)
  File "/opt/ohpc/pub/compiler/conda/latest/lib/python3.12/shutil.py", line 703, in _rmtree_safe_fd
    onexc(func, path, err)
  File "/opt/ohpc/pub/compiler/conda/latest/lib/python3.12/shutil.py", line 750, in onexc
    return onerror(func, path, exc_info)
           ^^^^^^^^^^^^^^^^^^^^^^^^^^^^^
  File "/opt/ohpc/pub/compiler/conda/latest/lib/python3.12/shutil.py", line 700, in _rmtree_safe_fd
    onexc(os.unlink, fullname, err)
  File "/opt/ohpc/pub/compiler/conda/latest/lib/python3.12/shutil.py", line 750, in onexc
    return onerror(func, path, exc_info)
           ^^^^^^^^^^^^^^^^^^^^^^^^^^^^^
  File "/opt/ohpc/pub/compiler/conda/latest/lib/python3.12/shutil.py", line 698, in _rmtree_safe_fd
    os.unlink(entry.name, dir_fd=topfd)
OSError: [Errno 16] Device or resource busy: '/tmp/pymp-hjmurlwi'
[val 002] loss=-0.0761 z_std=0.0480 rankme=72.953 lidar=42.041 areq=1.368 pr=2.22 align=0.5901 unif=-1.587 converged=False collapsed=False
  e003 it0000/62 lr=0.0009 loss=-0.0611 z_std=0.0645
  e003 it0010/62 lr=0.0010 loss=-0.0692 z_std=0.0642
  e003 it0020/62 lr=0.0010 loss=-0.0824 z_std=0.0641
  e003 it0030/62 lr=0.0011 loss=-0.0874 z_std=0.0641
  e003 it0040/62 lr=0.0011 loss=-0.0924 z_std=0.0641
  e003 it0050/62 lr=0.0012 loss=-0.0961 z_std=0.0641
  e003 it0060/62 lr=0.0012 loss=-0.0981 z_std=0.0641
[epoch 003] loss=-0.0989 z_std=0.0641 (healthy~0.0625) time=173.6s
Traceback (most recent call last):
Traceback (most recent call last):
Traceback (most recent call last):
Traceback (most recent call last):
Traceback (most recent call last):
Traceback (most recent call last):
Traceback (most recent call last):
Traceback (most recent call last):
  File "/opt/ohpc/pub/compiler/conda/latest/lib/python3.12/multiprocessing/util.py", line 303, in _run_finalizers
    finalizer()
  File "/opt/ohpc/pub/compiler/conda/latest/lib/python3.12/multiprocessing/util.py", line 227, in __call__
    res = self._callback(*self._args, **self._kwargs)
          ^^^^^^^^^^^^^^^^^^^^^^^^^^^^^^^^^^^^^^^^^^^
  File "/opt/ohpc/pub/compiler/conda/latest/lib/python3.12/multiprocessing/util.py", line 303, in _run_finalizers
    finalizer()
  File "/opt/ohpc/pub/compiler/conda/latest/lib/python3.12/multiprocessing/util.py", line 303, in _run_finalizers
    finalizer()
  File "/opt/ohpc/pub/compiler/conda/latest/lib/python3.12/multiprocessing/util.py", line 136, in _remove_temp_dir
    rmtree(tempdir, onerror=onerror)
  File "/opt/ohpc/pub/compiler/conda/latest/lib/python3.12/shutil.py", line 759, in rmtree
    _rmtree_safe_fd(stack, onexc)
  File "/opt/ohpc/pub/compiler/conda/latest/lib/python3.12/multiprocessing/util.py", line 227, in __call__
    res = self._callback(*self._args, **self._kwargs)
          ^^^^^^^^^^^^^^^^^^^^^^^^^^^^^^^^^^^^^^^^^^^
  File "/opt/ohpc/pub/compiler/conda/latest/lib/python3.12/shutil.py", line 703, in _rmtree_safe_fd
    onexc(func, path, err)
  File "/opt/ohpc/pub/compiler/conda/latest/lib/python3.12/multiprocessing/util.py", line 227, in __call__
    res = self._callback(*self._args, **self._kwargs)
          ^^^^^^^^^^^^^^^^^^^^^^^^^^^^^^^^^^^^^^^^^^^
  File "/opt/ohpc/pub/compiler/conda/latest/lib/python3.12/shutil.py", line 750, in onexc
    return onerror(func, path, exc_info)
           ^^^^^^^^^^^^^^^^^^^^^^^^^^^^^
  File "/opt/ohpc/pub/compiler/conda/latest/lib/python3.12/multiprocessing/util.py", line 136, in _remove_temp_dir
    rmtree(tempdir, onerror=onerror)
  File "/opt/ohpc/pub/compiler/conda/latest/lib/python3.12/multiprocessing/util.py", line 136, in _remove_temp_dir
    rmtree(tempdir, onerror=onerror)
  File "/opt/ohpc/pub/compiler/conda/latest/lib/python3.12/shutil.py", line 700, in _rmtree_safe_fd
    onexc(os.unlink, fullname, err)
  File "/opt/ohpc/pub/compiler/conda/latest/lib/python3.12/shutil.py", line 759, in rmtree
    _rmtree_safe_fd(stack, onexc)
  File "/opt/ohpc/pub/compiler/conda/latest/lib/python3.12/shutil.py", line 759, in rmtree
    _rmtree_safe_fd(stack, onexc)
  File "/opt/ohpc/pub/compiler/conda/latest/lib/python3.12/shutil.py", line 750, in onexc
    return onerror(func, path, exc_info)
           ^^^^^^^^^^^^^^^^^^^^^^^^^^^^^
  File "/opt/ohpc/pub/compiler/conda/latest/lib/python3.12/shutil.py", line 703, in _rmtree_safe_fd
    onexc(func, path, err)
  File "/opt/ohpc/pub/compiler/conda/latest/lib/python3.12/shutil.py", line 703, in _rmtree_safe_fd
    onexc(func, path, err)
  File "/opt/ohpc/pub/compiler/conda/latest/lib/python3.12/shutil.py", line 698, in _rmtree_safe_fd
    os.unlink(entry.name, dir_fd=topfd)
  File "/opt/ohpc/pub/compiler/conda/latest/lib/python3.12/shutil.py", line 750, in onexc
    return onerror(func, path, exc_info)
           ^^^^^^^^^^^^^^^^^^^^^^^^^^^^^
  File "/opt/ohpc/pub/compiler/conda/latest/lib/python3.12/shutil.py", line 750, in onexc
    return onerror(func, path, exc_info)
           ^^^^^^^^^^^^^^^^^^^^^^^^^^^^^
  File "/opt/ohpc/pub/compiler/conda/latest/lib/python3.12/shutil.py", line 700, in _rmtree_safe_fd
    onexc(os.unlink, fullname, err)
  File "/opt/ohpc/pub/compiler/conda/latest/lib/python3.12/shutil.py", line 700, in _rmtree_safe_fd
    onexc(os.unlink, fullname, err)
  File "/opt/ohpc/pub/compiler/conda/latest/lib/python3.12/shutil.py", line 750, in onexc
    return onerror(func, path, exc_info)
           ^^^^^^^^^^^^^^^^^^^^^^^^^^^^^
  File "/opt/ohpc/pub/compiler/conda/latest/lib/python3.12/shutil.py", line 750, in onexc
    return onerror(func, path, exc_info)
           ^^^^^^^^^^^^^^^^^^^^^^^^^^^^^
  File "/opt/ohpc/pub/compiler/conda/latest/lib/python3.12/shutil.py", line 698, in _rmtree_safe_fd
    os.unlink(entry.name, dir_fd=topfd)
  File "/opt/ohpc/pub/compiler/conda/latest/lib/python3.12/shutil.py", line 698, in _rmtree_safe_fd
    os.unlink(entry.name, dir_fd=topfd)
OSError: [Errno 16] Device or resource busy: '/tmp/pymp-_o9trmps'
OSError: [Errno 16] Device or resource busy: '/tmp/pymp-6w1otz2c'
OSError: [Errno 16] Device or resource busy: '/tmp/pymp-9gojaifj'
  File "/opt/ohpc/pub/compiler/conda/latest/lib/python3.12/multiprocessing/util.py", line 303, in _run_finalizers
    finalizer()
  File "/opt/ohpc/pub/compiler/conda/latest/lib/python3.12/multiprocessing/util.py", line 227, in __call__
    res = self._callback(*self._args, **self._kwargs)
          ^^^^^^^^^^^^^^^^^^^^^^^^^^^^^^^^^^^^^^^^^^^
  File "/opt/ohpc/pub/compiler/conda/latest/lib/python3.12/multiprocessing/util.py", line 303, in _run_finalizers
    finalizer()
  File "/opt/ohpc/pub/compiler/conda/latest/lib/python3.12/multiprocessing/util.py", line 136, in _remove_temp_dir
    rmtree(tempdir, onerror=onerror)
  File "/opt/ohpc/pub/compiler/conda/latest/lib/python3.12/shutil.py", line 759, in rmtree
    _rmtree_safe_fd(stack, onexc)
  File "/opt/ohpc/pub/compiler/conda/latest/lib/python3.12/multiprocessing/util.py", line 227, in __call__
    res = self._callback(*self._args, **self._kwargs)
          ^^^^^^^^^^^^^^^^^^^^^^^^^^^^^^^^^^^^^^^^^^^
  File "/opt/ohpc/pub/compiler/conda/latest/lib/python3.12/shutil.py", line 703, in _rmtree_safe_fd
    onexc(func, path, err)
  File "/opt/ohpc/pub/compiler/conda/latest/lib/python3.12/multiprocessing/util.py", line 136, in _remove_temp_dir
    rmtree(tempdir, onerror=onerror)
  File "/opt/ohpc/pub/compiler/conda/latest/lib/python3.12/shutil.py", line 750, in onexc
    return onerror(func, path, exc_info)
           ^^^^^^^^^^^^^^^^^^^^^^^^^^^^^
  File "/opt/ohpc/pub/compiler/conda/latest/lib/python3.12/shutil.py", line 759, in rmtree
    _rmtree_safe_fd(stack, onexc)
  File "/opt/ohpc/pub/compiler/conda/latest/lib/python3.12/shutil.py", line 700, in _rmtree_safe_fd
    onexc(os.unlink, fullname, err)
  File "/opt/ohpc/pub/compiler/conda/latest/lib/python3.12/shutil.py", line 703, in _rmtree_safe_fd
    onexc(func, path, err)
  File "/opt/ohpc/pub/compiler/conda/latest/lib/python3.12/shutil.py", line 750, in onexc
    return onerror(func, path, exc_info)
           ^^^^^^^^^^^^^^^^^^^^^^^^^^^^^
  File "/opt/ohpc/pub/compiler/conda/latest/lib/python3.12/shutil.py", line 750, in onexc
    return onerror(func, path, exc_info)
           ^^^^^^^^^^^^^^^^^^^^^^^^^^^^^
  File "/opt/ohpc/pub/compiler/conda/latest/lib/python3.12/shutil.py", line 698, in _rmtree_safe_fd
    os.unlink(entry.name, dir_fd=topfd)
  File "/opt/ohpc/pub/compiler/conda/latest/lib/python3.12/shutil.py", line 700, in _rmtree_safe_fd
    onexc(os.unlink, fullname, err)
  File "/opt/ohpc/pub/compiler/conda/latest/lib/python3.12/shutil.py", line 750, in onexc
    return onerror(func, path, exc_info)
           ^^^^^^^^^^^^^^^^^^^^^^^^^^^^^
  File "/opt/ohpc/pub/compiler/conda/latest/lib/python3.12/shutil.py", line 698, in _rmtree_safe_fd
    os.unlink(entry.name, dir_fd=topfd)
OSError: [Errno 16] Device or resource busy: '/tmp/pymp-07no0goj'
  File "/opt/ohpc/pub/compiler/conda/latest/lib/python3.12/multiprocessing/util.py", line 303, in _run_finalizers
    finalizer()
OSError: [Errno 16] Device or resource busy: '/tmp/pymp-lfw5m49j'
  File "/opt/ohpc/pub/compiler/conda/latest/lib/python3.12/multiprocessing/util.py", line 227, in __call__
    res = self._callback(*self._args, **self._kwargs)
          ^^^^^^^^^^^^^^^^^^^^^^^^^^^^^^^^^^^^^^^^^^^
  File "/opt/ohpc/pub/compiler/conda/latest/lib/python3.12/multiprocessing/util.py", line 136, in _remove_temp_dir
    rmtree(tempdir, onerror=onerror)
  File "/opt/ohpc/pub/compiler/conda/latest/lib/python3.12/shutil.py", line 759, in rmtree
    _rmtree_safe_fd(stack, onexc)
  File "/opt/ohpc/pub/compiler/conda/latest/lib/python3.12/shutil.py", line 703, in _rmtree_safe_fd
    onexc(func, path, err)
  File "/opt/ohpc/pub/compiler/conda/latest/lib/python3.12/shutil.py", line 750, in onexc
    return onerror(func, path, exc_info)
           ^^^^^^^^^^^^^^^^^^^^^^^^^^^^^
  File "/opt/ohpc/pub/compiler/conda/latest/lib/python3.12/shutil.py", line 700, in _rmtree_safe_fd
    onexc(os.unlink, fullname, err)
  File "/opt/ohpc/pub/compiler/conda/latest/lib/python3.12/shutil.py", line 750, in onexc
    return onerror(func, path, exc_info)
           ^^^^^^^^^^^^^^^^^^^^^^^^^^^^^
  File "/opt/ohpc/pub/compiler/conda/latest/lib/python3.12/shutil.py", line 698, in _rmtree_safe_fd
    os.unlink(entry.name, dir_fd=topfd)
OSError: [Errno 16] Device or resource busy: '/tmp/pymp-069tquu9'
  File "/opt/ohpc/pub/compiler/conda/latest/lib/python3.12/multiprocessing/util.py", line 303, in _run_finalizers
    finalizer()
  File "/opt/ohpc/pub/compiler/conda/latest/lib/python3.12/multiprocessing/util.py", line 227, in __call__
    res = self._callback(*self._args, **self._kwargs)
          ^^^^^^^^^^^^^^^^^^^^^^^^^^^^^^^^^^^^^^^^^^^
  File "/opt/ohpc/pub/compiler/conda/latest/lib/python3.12/multiprocessing/util.py", line 136, in _remove_temp_dir
    rmtree(tempdir, onerror=onerror)
  File "/opt/ohpc/pub/compiler/conda/latest/lib/python3.12/shutil.py", line 759, in rmtree
    _rmtree_safe_fd(stack, onexc)
  File "/opt/ohpc/pub/compiler/conda/latest/lib/python3.12/shutil.py", line 703, in _rmtree_safe_fd
    onexc(func, path, err)
  File "/opt/ohpc/pub/compiler/conda/latest/lib/python3.12/shutil.py", line 750, in onexc
    return onerror(func, path, exc_info)
           ^^^^^^^^^^^^^^^^^^^^^^^^^^^^^
  File "/opt/ohpc/pub/compiler/conda/latest/lib/python3.12/shutil.py", line 700, in _rmtree_safe_fd
    onexc(os.unlink, fullname, err)
  File "/opt/ohpc/pub/compiler/conda/latest/lib/python3.12/shutil.py", line 750, in onexc
    return onerror(func, path, exc_info)
           ^^^^^^^^^^^^^^^^^^^^^^^^^^^^^
  File "/opt/ohpc/pub/compiler/conda/latest/lib/python3.12/shutil.py", line 698, in _rmtree_safe_fd
    os.unlink(entry.name, dir_fd=topfd)
OSError: [Errno 16] Device or resource busy: '/tmp/pymp-_jzicbd8'
Traceback (most recent call last):
Traceback (most recent call last):
  File "/opt/ohpc/pub/compiler/conda/latest/lib/python3.12/multiprocessing/util.py", line 303, in _run_finalizers
    finalizer()
  File "/opt/ohpc/pub/compiler/conda/latest/lib/python3.12/multiprocessing/util.py", line 227, in __call__
    res = self._callback(*self._args, **self._kwargs)
          ^^^^^^^^^^^^^^^^^^^^^^^^^^^^^^^^^^^^^^^^^^^
  File "/opt/ohpc/pub/compiler/conda/latest/lib/python3.12/multiprocessing/util.py", line 136, in _remove_temp_dir
    rmtree(tempdir, onerror=onerror)
  File "/opt/ohpc/pub/compiler/conda/latest/lib/python3.12/shutil.py", line 759, in rmtree
    _rmtree_safe_fd(stack, onexc)
  File "/opt/ohpc/pub/compiler/conda/latest/lib/python3.12/shutil.py", line 703, in _rmtree_safe_fd
    onexc(func, path, err)
  File "/opt/ohpc/pub/compiler/conda/latest/lib/python3.12/shutil.py", line 750, in onexc
    return onerror(func, path, exc_info)
           ^^^^^^^^^^^^^^^^^^^^^^^^^^^^^
  File "/opt/ohpc/pub/compiler/conda/latest/lib/python3.12/shutil.py", line 700, in _rmtree_safe_fd
    onexc(os.unlink, fullname, err)
  File "/opt/ohpc/pub/compiler/conda/latest/lib/python3.12/shutil.py", line 750, in onexc
    return onerror(func, path, exc_info)
           ^^^^^^^^^^^^^^^^^^^^^^^^^^^^^
  File "/opt/ohpc/pub/compiler/conda/latest/lib/python3.12/shutil.py", line 698, in _rmtree_safe_fd
    os.unlink(entry.name, dir_fd=topfd)
OSError: [Errno 16] Device or resource busy: '/tmp/pymp-orh_c8ux'
  File "/opt/ohpc/pub/compiler/conda/latest/lib/python3.12/multiprocessing/util.py", line 303, in _run_finalizers
    finalizer()
  File "/opt/ohpc/pub/compiler/conda/latest/lib/python3.12/multiprocessing/util.py", line 227, in __call__
    res = self._callback(*self._args, **self._kwargs)
          ^^^^^^^^^^^^^^^^^^^^^^^^^^^^^^^^^^^^^^^^^^^
  File "/opt/ohpc/pub/compiler/conda/latest/lib/python3.12/multiprocessing/util.py", line 136, in _remove_temp_dir
    rmtree(tempdir, onerror=onerror)
  File "/opt/ohpc/pub/compiler/conda/latest/lib/python3.12/shutil.py", line 759, in rmtree
    _rmtree_safe_fd(stack, onexc)
  File "/opt/ohpc/pub/compiler/conda/latest/lib/python3.12/shutil.py", line 703, in _rmtree_safe_fd
    onexc(func, path, err)
  File "/opt/ohpc/pub/compiler/conda/latest/lib/python3.12/shutil.py", line 750, in onexc
    return onerror(func, path, exc_info)
           ^^^^^^^^^^^^^^^^^^^^^^^^^^^^^
  File "/opt/ohpc/pub/compiler/conda/latest/lib/python3.12/shutil.py", line 700, in _rmtree_safe_fd
    onexc(os.unlink, fullname, err)
  File "/opt/ohpc/pub/compiler/conda/latest/lib/python3.12/shutil.py", line 750, in onexc
    return onerror(func, path, exc_info)
           ^^^^^^^^^^^^^^^^^^^^^^^^^^^^^
  File "/opt/ohpc/pub/compiler/conda/latest/lib/python3.12/shutil.py", line 698, in _rmtree_safe_fd
    os.unlink(entry.name, dir_fd=topfd)
OSError: [Errno 16] Device or resource busy: '/tmp/pymp-rh57g6yk'
  File "/opt/ohpc/pub/compiler/conda/latest/lib/python3.12/multiprocessing/util.py", line 303, in _run_finalizers
    finalizer()
  File "/opt/ohpc/pub/compiler/conda/latest/lib/python3.12/multiprocessing/util.py", line 227, in __call__
    res = self._callback(*self._args, **self._kwargs)
          ^^^^^^^^^^^^^^^^^^^^^^^^^^^^^^^^^^^^^^^^^^^
  File "/opt/ohpc/pub/compiler/conda/latest/lib/python3.12/multiprocessing/util.py", line 136, in _remove_temp_dir
    rmtree(tempdir, onerror=onerror)
  File "/opt/ohpc/pub/compiler/conda/latest/lib/python3.12/shutil.py", line 759, in rmtree
    _rmtree_safe_fd(stack, onexc)
  File "/opt/ohpc/pub/compiler/conda/latest/lib/python3.12/shutil.py", line 703, in _rmtree_safe_fd
    onexc(func, path, err)
  File "/opt/ohpc/pub/compiler/conda/latest/lib/python3.12/shutil.py", line 750, in onexc
    return onerror(func, path, exc_info)
           ^^^^^^^^^^^^^^^^^^^^^^^^^^^^^
  File "/opt/ohpc/pub/compiler/conda/latest/lib/python3.12/shutil.py", line 700, in _rmtree_safe_fd
    onexc(os.unlink, fullname, err)
  File "/opt/ohpc/pub/compiler/conda/latest/lib/python3.12/shutil.py", line 750, in onexc
    return onerror(func, path, exc_info)
           ^^^^^^^^^^^^^^^^^^^^^^^^^^^^^
  File "/opt/ohpc/pub/compiler/conda/latest/lib/python3.12/shutil.py", line 698, in _rmtree_safe_fd
    os.unlink(entry.name, dir_fd=topfd)
OSError: [Errno 16] Device or resource busy: '/tmp/pymp-uqg0jw7e'
Traceback (most recent call last):
Traceback (most recent call last):
Traceback (most recent call last):
Traceback (most recent call last):
Traceback (most recent call last):
Traceback (most recent call last):
Traceback (most recent call last):
  File "/opt/ohpc/pub/compiler/conda/latest/lib/python3.12/multiprocessing/util.py", line 303, in _run_finalizers
    finalizer()
Traceback (most recent call last):
  File "/opt/ohpc/pub/compiler/conda/latest/lib/python3.12/multiprocessing/util.py", line 227, in __call__
    res = self._callback(*self._args, **self._kwargs)
          ^^^^^^^^^^^^^^^^^^^^^^^^^^^^^^^^^^^^^^^^^^^
  File "/opt/ohpc/pub/compiler/conda/latest/lib/python3.12/multiprocessing/util.py", line 136, in _remove_temp_dir
    rmtree(tempdir, onerror=onerror)
  File "/opt/ohpc/pub/compiler/conda/latest/lib/python3.12/shutil.py", line 759, in rmtree
    _rmtree_safe_fd(stack, onexc)
  File "/opt/ohpc/pub/compiler/conda/latest/lib/python3.12/shutil.py", line 703, in _rmtree_safe_fd
    onexc(func, path, err)
  File "/opt/ohpc/pub/compiler/conda/latest/lib/python3.12/shutil.py", line 750, in onexc
    return onerror(func, path, exc_info)
           ^^^^^^^^^^^^^^^^^^^^^^^^^^^^^
  File "/opt/ohpc/pub/compiler/conda/latest/lib/python3.12/shutil.py", line 700, in _rmtree_safe_fd
    onexc(os.unlink, fullname, err)
  File "/opt/ohpc/pub/compiler/conda/latest/lib/python3.12/shutil.py", line 750, in onexc
    return onerror(func, path, exc_info)
           ^^^^^^^^^^^^^^^^^^^^^^^^^^^^^
  File "/opt/ohpc/pub/compiler/conda/latest/lib/python3.12/shutil.py", line 698, in _rmtree_safe_fd
    os.unlink(entry.name, dir_fd=topfd)
Traceback (most recent call last):
OSError: [Errno 16] Device or resource busy: '/tmp/pymp-xtb2ipom'
  File "/opt/ohpc/pub/compiler/conda/latest/lib/python3.12/multiprocessing/util.py", line 303, in _run_finalizers
    finalizer()
  File "/opt/ohpc/pub/compiler/conda/latest/lib/python3.12/multiprocessing/util.py", line 227, in __call__
    res = self._callback(*self._args, **self._kwargs)
          ^^^^^^^^^^^^^^^^^^^^^^^^^^^^^^^^^^^^^^^^^^^
  File "/opt/ohpc/pub/compiler/conda/latest/lib/python3.12/multiprocessing/util.py", line 136, in _remove_temp_dir
    rmtree(tempdir, onerror=onerror)
  File "/opt/ohpc/pub/compiler/conda/latest/lib/python3.12/shutil.py", line 759, in rmtree
    _rmtree_safe_fd(stack, onexc)
  File "/opt/ohpc/pub/compiler/conda/latest/lib/python3.12/shutil.py", line 703, in _rmtree_safe_fd
    onexc(func, path, err)
  File "/opt/ohpc/pub/compiler/conda/latest/lib/python3.12/shutil.py", line 750, in onexc
    return onerror(func, path, exc_info)
           ^^^^^^^^^^^^^^^^^^^^^^^^^^^^^
  File "/opt/ohpc/pub/compiler/conda/latest/lib/python3.12/shutil.py", line 700, in _rmtree_safe_fd
    onexc(os.unlink, fullname, err)
  File "/opt/ohpc/pub/compiler/conda/latest/lib/python3.12/shutil.py", line 750, in onexc
    return onerror(func, path, exc_info)
           ^^^^^^^^^^^^^^^^^^^^^^^^^^^^^
  File "/opt/ohpc/pub/compiler/conda/latest/lib/python3.12/shutil.py", line 698, in _rmtree_safe_fd
    os.unlink(entry.name, dir_fd=topfd)
OSError: [Errno 16] Device or resource busy: '/tmp/pymp-g399odal'
  File "/opt/ohpc/pub/compiler/conda/latest/lib/python3.12/multiprocessing/util.py", line 303, in _run_finalizers
    finalizer()
  File "/opt/ohpc/pub/compiler/conda/latest/lib/python3.12/multiprocessing/util.py", line 227, in __call__
    res = self._callback(*self._args, **self._kwargs)
          ^^^^^^^^^^^^^^^^^^^^^^^^^^^^^^^^^^^^^^^^^^^
  File "/opt/ohpc/pub/compiler/conda/latest/lib/python3.12/multiprocessing/util.py", line 136, in _remove_temp_dir
    rmtree(tempdir, onerror=onerror)
  File "/opt/ohpc/pub/compiler/conda/latest/lib/python3.12/shutil.py", line 759, in rmtree
    _rmtree_safe_fd(stack, onexc)
  File "/opt/ohpc/pub/compiler/conda/latest/lib/python3.12/shutil.py", line 703, in _rmtree_safe_fd
    onexc(func, path, err)
  File "/opt/ohpc/pub/compiler/conda/latest/lib/python3.12/shutil.py", line 750, in onexc
    return onerror(func, path, exc_info)
           ^^^^^^^^^^^^^^^^^^^^^^^^^^^^^
  File "/opt/ohpc/pub/compiler/conda/latest/lib/python3.12/shutil.py", line 700, in _rmtree_safe_fd
    onexc(os.unlink, fullname, err)
  File "/opt/ohpc/pub/compiler/conda/latest/lib/python3.12/shutil.py", line 750, in onexc
    return onerror(func, path, exc_info)
           ^^^^^^^^^^^^^^^^^^^^^^^^^^^^^
  File "/opt/ohpc/pub/compiler/conda/latest/lib/python3.12/shutil.py", line 698, in _rmtree_safe_fd
    os.unlink(entry.name, dir_fd=topfd)
  File "/opt/ohpc/pub/compiler/conda/latest/lib/python3.12/multiprocessing/util.py", line 303, in _run_finalizers
    finalizer()
OSError: [Errno 16] Device or resource busy: '/tmp/pymp-9m7_u6rz'
  File "/opt/ohpc/pub/compiler/conda/latest/lib/python3.12/multiprocessing/util.py", line 227, in __call__
    res = self._callback(*self._args, **self._kwargs)
          ^^^^^^^^^^^^^^^^^^^^^^^^^^^^^^^^^^^^^^^^^^^
  File "/opt/ohpc/pub/compiler/conda/latest/lib/python3.12/multiprocessing/util.py", line 136, in _remove_temp_dir
    rmtree(tempdir, onerror=onerror)
  File "/opt/ohpc/pub/compiler/conda/latest/lib/python3.12/shutil.py", line 759, in rmtree
    _rmtree_safe_fd(stack, onexc)
  File "/opt/ohpc/pub/compiler/conda/latest/lib/python3.12/shutil.py", line 703, in _rmtree_safe_fd
    onexc(func, path, err)
  File "/opt/ohpc/pub/compiler/conda/latest/lib/python3.12/shutil.py", line 750, in onexc
    return onerror(func, path, exc_info)
           ^^^^^^^^^^^^^^^^^^^^^^^^^^^^^
  File "/opt/ohpc/pub/compiler/conda/latest/lib/python3.12/shutil.py", line 700, in _rmtree_safe_fd
    onexc(os.unlink, fullname, err)
  File "/opt/ohpc/pub/compiler/conda/latest/lib/python3.12/shutil.py", line 750, in onexc
    return onerror(func, path, exc_info)
           ^^^^^^^^^^^^^^^^^^^^^^^^^^^^^
  File "/opt/ohpc/pub/compiler/conda/latest/lib/python3.12/shutil.py", line 698, in _rmtree_safe_fd
    os.unlink(entry.name, dir_fd=topfd)
  File "/opt/ohpc/pub/compiler/conda/latest/lib/python3.12/multiprocessing/util.py", line 303, in _run_finalizers
    finalizer()
OSError: [Errno 16] Device or resource busy: '/tmp/pymp-021hul48'
  File "/opt/ohpc/pub/compiler/conda/latest/lib/python3.12/multiprocessing/util.py", line 227, in __call__
    res = self._callback(*self._args, **self._kwargs)
          ^^^^^^^^^^^^^^^^^^^^^^^^^^^^^^^^^^^^^^^^^^^
  File "/opt/ohpc/pub/compiler/conda/latest/lib/python3.12/multiprocessing/util.py", line 303, in _run_finalizers
    finalizer()
  File "/opt/ohpc/pub/compiler/conda/latest/lib/python3.12/multiprocessing/util.py", line 136, in _remove_temp_dir
    rmtree(tempdir, onerror=onerror)
  File "/opt/ohpc/pub/compiler/conda/latest/lib/python3.12/shutil.py", line 759, in rmtree
    _rmtree_safe_fd(stack, onexc)
  File "/opt/ohpc/pub/compiler/conda/latest/lib/python3.12/multiprocessing/util.py", line 227, in __call__
    res = self._callback(*self._args, **self._kwargs)
          ^^^^^^^^^^^^^^^^^^^^^^^^^^^^^^^^^^^^^^^^^^^
  File "/opt/ohpc/pub/compiler/conda/latest/lib/python3.12/shutil.py", line 703, in _rmtree_safe_fd
    onexc(func, path, err)
  File "/opt/ohpc/pub/compiler/conda/latest/lib/python3.12/shutil.py", line 750, in onexc
    return onerror(func, path, exc_info)
           ^^^^^^^^^^^^^^^^^^^^^^^^^^^^^
  File "/opt/ohpc/pub/compiler/conda/latest/lib/python3.12/multiprocessing/util.py", line 136, in _remove_temp_dir
    rmtree(tempdir, onerror=onerror)
  File "/opt/ohpc/pub/compiler/conda/latest/lib/python3.12/shutil.py", line 700, in _rmtree_safe_fd
    onexc(os.unlink, fullname, err)
  File "/opt/ohpc/pub/compiler/conda/latest/lib/python3.12/shutil.py", line 759, in rmtree
    _rmtree_safe_fd(stack, onexc)
  File "/opt/ohpc/pub/compiler/conda/latest/lib/python3.12/shutil.py", line 750, in onexc
    return onerror(func, path, exc_info)
           ^^^^^^^^^^^^^^^^^^^^^^^^^^^^^
  File "/opt/ohpc/pub/compiler/conda/latest/lib/python3.12/shutil.py", line 703, in _rmtree_safe_fd
    onexc(func, path, err)
  File "/opt/ohpc/pub/compiler/conda/latest/lib/python3.12/shutil.py", line 698, in _rmtree_safe_fd
    os.unlink(entry.name, dir_fd=topfd)
  File "/opt/ohpc/pub/compiler/conda/latest/lib/python3.12/shutil.py", line 750, in onexc
    return onerror(func, path, exc_info)
           ^^^^^^^^^^^^^^^^^^^^^^^^^^^^^
  File "/opt/ohpc/pub/compiler/conda/latest/lib/python3.12/shutil.py", line 700, in _rmtree_safe_fd
    onexc(os.unlink, fullname, err)
  File "/opt/ohpc/pub/compiler/conda/latest/lib/python3.12/shutil.py", line 750, in onexc
    return onerror(func, path, exc_info)
           ^^^^^^^^^^^^^^^^^^^^^^^^^^^^^
  File "/opt/ohpc/pub/compiler/conda/latest/lib/python3.12/shutil.py", line 698, in _rmtree_safe_fd
    os.unlink(entry.name, dir_fd=topfd)
OSError: [Errno 16] Device or resource busy: '/tmp/pymp-fr3ys66z'
OSError: [Errno 16] Device or resource busy: '/tmp/pymp-1ijy4i9c'
  File "/opt/ohpc/pub/compiler/conda/latest/lib/python3.12/multiprocessing/util.py", line 303, in _run_finalizers
    finalizer()
  File "/opt/ohpc/pub/compiler/conda/latest/lib/python3.12/multiprocessing/util.py", line 227, in __call__
    res = self._callback(*self._args, **self._kwargs)
          ^^^^^^^^^^^^^^^^^^^^^^^^^^^^^^^^^^^^^^^^^^^
  File "/opt/ohpc/pub/compiler/conda/latest/lib/python3.12/multiprocessing/util.py", line 136, in _remove_temp_dir
    rmtree(tempdir, onerror=onerror)
  File "/opt/ohpc/pub/compiler/conda/latest/lib/python3.12/shutil.py", line 759, in rmtree
    _rmtree_safe_fd(stack, onexc)
Traceback (most recent call last):
  File "/opt/ohpc/pub/compiler/conda/latest/lib/python3.12/shutil.py", line 703, in _rmtree_safe_fd
    onexc(func, path, err)
  File "/opt/ohpc/pub/compiler/conda/latest/lib/python3.12/shutil.py", line 750, in onexc
    return onerror(func, path, exc_info)
           ^^^^^^^^^^^^^^^^^^^^^^^^^^^^^
  File "/opt/ohpc/pub/compiler/conda/latest/lib/python3.12/shutil.py", line 700, in _rmtree_safe_fd
    onexc(os.unlink, fullname, err)
  File "/opt/ohpc/pub/compiler/conda/latest/lib/python3.12/shutil.py", line 750, in onexc
    return onerror(func, path, exc_info)
           ^^^^^^^^^^^^^^^^^^^^^^^^^^^^^
  File "/opt/ohpc/pub/compiler/conda/latest/lib/python3.12/shutil.py", line 698, in _rmtree_safe_fd
    os.unlink(entry.name, dir_fd=topfd)
  File "/opt/ohpc/pub/compiler/conda/latest/lib/python3.12/multiprocessing/util.py", line 303, in _run_finalizers
    finalizer()
  File "/opt/ohpc/pub/compiler/conda/latest/lib/python3.12/multiprocessing/util.py", line 227, in __call__
    res = self._callback(*self._args, **self._kwargs)
          ^^^^^^^^^^^^^^^^^^^^^^^^^^^^^^^^^^^^^^^^^^^
OSError: [Errno 16] Device or resource busy: '/tmp/pymp-yb7s8fz5'
  File "/opt/ohpc/pub/compiler/conda/latest/lib/python3.12/multiprocessing/util.py", line 136, in _remove_temp_dir
    rmtree(tempdir, onerror=onerror)
  File "/opt/ohpc/pub/compiler/conda/latest/lib/python3.12/shutil.py", line 759, in rmtree
    _rmtree_safe_fd(stack, onexc)
  File "/opt/ohpc/pub/compiler/conda/latest/lib/python3.12/shutil.py", line 703, in _rmtree_safe_fd
    onexc(func, path, err)
  File "/opt/ohpc/pub/compiler/conda/latest/lib/python3.12/shutil.py", line 750, in onexc
    return onerror(func, path, exc_info)
           ^^^^^^^^^^^^^^^^^^^^^^^^^^^^^
  File "/opt/ohpc/pub/compiler/conda/latest/lib/python3.12/shutil.py", line 700, in _rmtree_safe_fd
    onexc(os.unlink, fullname, err)
  File "/opt/ohpc/pub/compiler/conda/latest/lib/python3.12/shutil.py", line 750, in onexc
    return onerror(func, path, exc_info)
           ^^^^^^^^^^^^^^^^^^^^^^^^^^^^^
  File "/opt/ohpc/pub/compiler/conda/latest/lib/python3.12/multiprocessing/util.py", line 303, in _run_finalizers
    finalizer()
  File "/opt/ohpc/pub/compiler/conda/latest/lib/python3.12/shutil.py", line 698, in _rmtree_safe_fd
    os.unlink(entry.name, dir_fd=topfd)
  File "/opt/ohpc/pub/compiler/conda/latest/lib/python3.12/multiprocessing/util.py", line 227, in __call__
    res = self._callback(*self._args, **self._kwargs)
          ^^^^^^^^^^^^^^^^^^^^^^^^^^^^^^^^^^^^^^^^^^^
  File "/opt/ohpc/pub/compiler/conda/latest/lib/python3.12/multiprocessing/util.py", line 136, in _remove_temp_dir
    rmtree(tempdir, onerror=onerror)
OSError: [Errno 16] Device or resource busy: '/tmp/pymp-ulx05itr'
  File "/opt/ohpc/pub/compiler/conda/latest/lib/python3.12/shutil.py", line 759, in rmtree
    _rmtree_safe_fd(stack, onexc)
  File "/opt/ohpc/pub/compiler/conda/latest/lib/python3.12/shutil.py", line 703, in _rmtree_safe_fd
    onexc(func, path, err)
  File "/opt/ohpc/pub/compiler/conda/latest/lib/python3.12/shutil.py", line 750, in onexc
    return onerror(func, path, exc_info)
           ^^^^^^^^^^^^^^^^^^^^^^^^^^^^^
  File "/opt/ohpc/pub/compiler/conda/latest/lib/python3.12/shutil.py", line 700, in _rmtree_safe_fd
    onexc(os.unlink, fullname, err)
  File "/opt/ohpc/pub/compiler/conda/latest/lib/python3.12/shutil.py", line 750, in onexc
    return onerror(func, path, exc_info)
           ^^^^^^^^^^^^^^^^^^^^^^^^^^^^^
  File "/opt/ohpc/pub/compiler/conda/latest/lib/python3.12/shutil.py", line 698, in _rmtree_safe_fd
    os.unlink(entry.name, dir_fd=topfd)
OSError: [Errno 16] Device or resource busy: '/tmp/pymp-8r4ujqv5'
  File "/opt/ohpc/pub/compiler/conda/latest/lib/python3.12/multiprocessing/util.py", line 303, in _run_finalizers
    finalizer()
  File "/opt/ohpc/pub/compiler/conda/latest/lib/python3.12/multiprocessing/util.py", line 227, in __call__
    res = self._callback(*self._args, **self._kwargs)
          ^^^^^^^^^^^^^^^^^^^^^^^^^^^^^^^^^^^^^^^^^^^
  File "/opt/ohpc/pub/compiler/conda/latest/lib/python3.12/multiprocessing/util.py", line 136, in _remove_temp_dir
    rmtree(tempdir, onerror=onerror)
  File "/opt/ohpc/pub/compiler/conda/latest/lib/python3.12/shutil.py", line 759, in rmtree
    _rmtree_safe_fd(stack, onexc)
  File "/opt/ohpc/pub/compiler/conda/latest/lib/python3.12/shutil.py", line 703, in _rmtree_safe_fd
    onexc(func, path, err)
  File "/opt/ohpc/pub/compiler/conda/latest/lib/python3.12/shutil.py", line 750, in onexc
    return onerror(func, path, exc_info)
           ^^^^^^^^^^^^^^^^^^^^^^^^^^^^^
  File "/opt/ohpc/pub/compiler/conda/latest/lib/python3.12/shutil.py", line 700, in _rmtree_safe_fd
    onexc(os.unlink, fullname, err)
  File "/opt/ohpc/pub/compiler/conda/latest/lib/python3.12/shutil.py", line 750, in onexc
    return onerror(func, path, exc_info)
           ^^^^^^^^^^^^^^^^^^^^^^^^^^^^^
  File "/opt/ohpc/pub/compiler/conda/latest/lib/python3.12/shutil.py", line 698, in _rmtree_safe_fd
    os.unlink(entry.name, dir_fd=topfd)
OSError: [Errno 16] Device or resource busy: '/tmp/pymp-9_jlw7rj'
Traceback (most recent call last):
Traceback (most recent call last):
Traceback (most recent call last):
Traceback (most recent call last):
Traceback (most recent call last):
Traceback (most recent call last):
Traceback (most recent call last):
Traceback (most recent call last):
Traceback (most recent call last):
Traceback (most recent call last):
  File "/opt/ohpc/pub/compiler/conda/latest/lib/python3.12/multiprocessing/util.py", line 303, in _run_finalizers
    finalizer()
  File "/opt/ohpc/pub/compiler/conda/latest/lib/python3.12/multiprocessing/util.py", line 227, in __call__
    res = self._callback(*self._args, **self._kwargs)
          ^^^^^^^^^^^^^^^^^^^^^^^^^^^^^^^^^^^^^^^^^^^
  File "/opt/ohpc/pub/compiler/conda/latest/lib/python3.12/multiprocessing/util.py", line 136, in _remove_temp_dir
    rmtree(tempdir, onerror=onerror)
  File "/opt/ohpc/pub/compiler/conda/latest/lib/python3.12/shutil.py", line 759, in rmtree
    _rmtree_safe_fd(stack, onexc)
  File "/opt/ohpc/pub/compiler/conda/latest/lib/python3.12/shutil.py", line 703, in _rmtree_safe_fd
    onexc(func, path, err)
  File "/opt/ohpc/pub/compiler/conda/latest/lib/python3.12/shutil.py", line 750, in onexc
    return onerror(func, path, exc_info)
           ^^^^^^^^^^^^^^^^^^^^^^^^^^^^^
  File "/opt/ohpc/pub/compiler/conda/latest/lib/python3.12/shutil.py", line 700, in _rmtree_safe_fd
    onexc(os.unlink, fullname, err)
  File "/opt/ohpc/pub/compiler/conda/latest/lib/python3.12/shutil.py", line 750, in onexc
    return onerror(func, path, exc_info)
           ^^^^^^^^^^^^^^^^^^^^^^^^^^^^^
  File "/opt/ohpc/pub/compiler/conda/latest/lib/python3.12/shutil.py", line 698, in _rmtree_safe_fd
    os.unlink(entry.name, dir_fd=topfd)
OSError: [Errno 16] Device or resource busy: '/tmp/pymp-f6ad5mzc'
  File "/opt/ohpc/pub/compiler/conda/latest/lib/python3.12/multiprocessing/util.py", line 303, in _run_finalizers
    finalizer()
  File "/opt/ohpc/pub/compiler/conda/latest/lib/python3.12/multiprocessing/util.py", line 303, in _run_finalizers
    finalizer()
  File "/opt/ohpc/pub/compiler/conda/latest/lib/python3.12/multiprocessing/util.py", line 227, in __call__
    res = self._callback(*self._args, **self._kwargs)
          ^^^^^^^^^^^^^^^^^^^^^^^^^^^^^^^^^^^^^^^^^^^
  File "/opt/ohpc/pub/compiler/conda/latest/lib/python3.12/multiprocessing/util.py", line 303, in _run_finalizers
    finalizer()
  File "/opt/ohpc/pub/compiler/conda/latest/lib/python3.12/multiprocessing/util.py", line 227, in __call__
    res = self._callback(*self._args, **self._kwargs)
          ^^^^^^^^^^^^^^^^^^^^^^^^^^^^^^^^^^^^^^^^^^^
  File "/opt/ohpc/pub/compiler/conda/latest/lib/python3.12/multiprocessing/util.py", line 303, in _run_finalizers
    finalizer()
  File "/opt/ohpc/pub/compiler/conda/latest/lib/python3.12/multiprocessing/util.py", line 136, in _remove_temp_dir
    rmtree(tempdir, onerror=onerror)
  File "/opt/ohpc/pub/compiler/conda/latest/lib/python3.12/multiprocessing/util.py", line 136, in _remove_temp_dir
    rmtree(tempdir, onerror=onerror)
  File "/opt/ohpc/pub/compiler/conda/latest/lib/python3.12/shutil.py", line 759, in rmtree
    _rmtree_safe_fd(stack, onexc)
  File "/opt/ohpc/pub/compiler/conda/latest/lib/python3.12/multiprocessing/util.py", line 227, in __call__
    res = self._callback(*self._args, **self._kwargs)
          ^^^^^^^^^^^^^^^^^^^^^^^^^^^^^^^^^^^^^^^^^^^
  File "/opt/ohpc/pub/compiler/conda/latest/lib/python3.12/shutil.py", line 759, in rmtree
    _rmtree_safe_fd(stack, onexc)
  File "/opt/ohpc/pub/compiler/conda/latest/lib/python3.12/multiprocessing/util.py", line 227, in __call__
    res = self._callback(*self._args, **self._kwargs)
          ^^^^^^^^^^^^^^^^^^^^^^^^^^^^^^^^^^^^^^^^^^^
  File "/opt/ohpc/pub/compiler/conda/latest/lib/python3.12/shutil.py", line 703, in _rmtree_safe_fd
    onexc(func, path, err)
  File "/opt/ohpc/pub/compiler/conda/latest/lib/python3.12/multiprocessing/util.py", line 136, in _remove_temp_dir
    rmtree(tempdir, onerror=onerror)
  File "/opt/ohpc/pub/compiler/conda/latest/lib/python3.12/shutil.py", line 703, in _rmtree_safe_fd
    onexc(func, path, err)
  File "/opt/ohpc/pub/compiler/conda/latest/lib/python3.12/multiprocessing/util.py", line 136, in _remove_temp_dir
    rmtree(tempdir, onerror=onerror)
  File "/opt/ohpc/pub/compiler/conda/latest/lib/python3.12/shutil.py", line 750, in onexc
    return onerror(func, path, exc_info)
           ^^^^^^^^^^^^^^^^^^^^^^^^^^^^^
  File "/opt/ohpc/pub/compiler/conda/latest/lib/python3.12/shutil.py", line 759, in rmtree
    _rmtree_safe_fd(stack, onexc)
  File "/opt/ohpc/pub/compiler/conda/latest/lib/python3.12/shutil.py", line 750, in onexc
    return onerror(func, path, exc_info)
           ^^^^^^^^^^^^^^^^^^^^^^^^^^^^^
  File "/opt/ohpc/pub/compiler/conda/latest/lib/python3.12/shutil.py", line 759, in rmtree
    _rmtree_safe_fd(stack, onexc)
  File "/opt/ohpc/pub/compiler/conda/latest/lib/python3.12/shutil.py", line 703, in _rmtree_safe_fd
    onexc(func, path, err)
  File "/opt/ohpc/pub/compiler/conda/latest/lib/python3.12/shutil.py", line 700, in _rmtree_safe_fd
    onexc(os.unlink, fullname, err)
  File "/opt/ohpc/pub/compiler/conda/latest/lib/python3.12/shutil.py", line 700, in _rmtree_safe_fd
    onexc(os.unlink, fullname, err)
  File "/opt/ohpc/pub/compiler/conda/latest/lib/python3.12/shutil.py", line 703, in _rmtree_safe_fd
    onexc(func, path, err)
  File "/opt/ohpc/pub/compiler/conda/latest/lib/python3.12/shutil.py", line 750, in onexc
    return onerror(func, path, exc_info)
           ^^^^^^^^^^^^^^^^^^^^^^^^^^^^^
  File "/opt/ohpc/pub/compiler/conda/latest/lib/python3.12/shutil.py", line 750, in onexc
    return onerror(func, path, exc_info)
           ^^^^^^^^^^^^^^^^^^^^^^^^^^^^^
  File "/opt/ohpc/pub/compiler/conda/latest/lib/python3.12/shutil.py", line 750, in onexc
    return onerror(func, path, exc_info)
           ^^^^^^^^^^^^^^^^^^^^^^^^^^^^^
  File "/opt/ohpc/pub/compiler/conda/latest/lib/python3.12/multiprocessing/util.py", line 303, in _run_finalizers
    finalizer()
  File "/opt/ohpc/pub/compiler/conda/latest/lib/python3.12/shutil.py", line 698, in _rmtree_safe_fd
    os.unlink(entry.name, dir_fd=topfd)
  File "/opt/ohpc/pub/compiler/conda/latest/lib/python3.12/shutil.py", line 750, in onexc
    return onerror(func, path, exc_info)
           ^^^^^^^^^^^^^^^^^^^^^^^^^^^^^
  File "/opt/ohpc/pub/compiler/conda/latest/lib/python3.12/shutil.py", line 698, in _rmtree_safe_fd
    os.unlink(entry.name, dir_fd=topfd)
  File "/opt/ohpc/pub/compiler/conda/latest/lib/python3.12/shutil.py", line 700, in _rmtree_safe_fd
    onexc(os.unlink, fullname, err)
  File "/opt/ohpc/pub/compiler/conda/latest/lib/python3.12/shutil.py", line 700, in _rmtree_safe_fd
    onexc(os.unlink, fullname, err)
  File "/opt/ohpc/pub/compiler/conda/latest/lib/python3.12/shutil.py", line 750, in onexc
    return onerror(func, path, exc_info)
           ^^^^^^^^^^^^^^^^^^^^^^^^^^^^^
  File "/opt/ohpc/pub/compiler/conda/latest/lib/python3.12/multiprocessing/util.py", line 227, in __call__
    res = self._callback(*self._args, **self._kwargs)
          ^^^^^^^^^^^^^^^^^^^^^^^^^^^^^^^^^^^^^^^^^^^
  File "/opt/ohpc/pub/compiler/conda/latest/lib/python3.12/shutil.py", line 750, in onexc
    return onerror(func, path, exc_info)
           ^^^^^^^^^^^^^^^^^^^^^^^^^^^^^
  File "/opt/ohpc/pub/compiler/conda/latest/lib/python3.12/shutil.py", line 698, in _rmtree_safe_fd
    os.unlink(entry.name, dir_fd=topfd)
  File "/opt/ohpc/pub/compiler/conda/latest/lib/python3.12/multiprocessing/util.py", line 136, in _remove_temp_dir
    rmtree(tempdir, onerror=onerror)
  File "/opt/ohpc/pub/compiler/conda/latest/lib/python3.12/shutil.py", line 698, in _rmtree_safe_fd
    os.unlink(entry.name, dir_fd=topfd)
  File "/opt/ohpc/pub/compiler/conda/latest/lib/python3.12/shutil.py", line 759, in rmtree
    _rmtree_safe_fd(stack, onexc)
OSError: [Errno 16] Device or resource busy: '/tmp/pymp-st9h8kok'
  File "/opt/ohpc/pub/compiler/conda/latest/lib/python3.12/shutil.py", line 703, in _rmtree_safe_fd
    onexc(func, path, err)
OSError: [Errno 16] Device or resource busy: '/tmp/pymp-ladtlz2i'
  File "/opt/ohpc/pub/compiler/conda/latest/lib/python3.12/shutil.py", line 750, in onexc
    return onerror(func, path, exc_info)
           ^^^^^^^^^^^^^^^^^^^^^^^^^^^^^
  File "/opt/ohpc/pub/compiler/conda/latest/lib/python3.12/multiprocessing/util.py", line 303, in _run_finalizers
    finalizer()
  File "/opt/ohpc/pub/compiler/conda/latest/lib/python3.12/shutil.py", line 700, in _rmtree_safe_fd
    onexc(os.unlink, fullname, err)
OSError: [Errno 16] Device or resource busy: '/tmp/pymp-jvmd6_he'
OSError: [Errno 16] Device or resource busy: '/tmp/pymp-udsxahsv'
  File "/opt/ohpc/pub/compiler/conda/latest/lib/python3.12/multiprocessing/util.py", line 227, in __call__
    res = self._callback(*self._args, **self._kwargs)
          ^^^^^^^^^^^^^^^^^^^^^^^^^^^^^^^^^^^^^^^^^^^
  File "/opt/ohpc/pub/compiler/conda/latest/lib/python3.12/shutil.py", line 750, in onexc
    return onerror(func, path, exc_info)
           ^^^^^^^^^^^^^^^^^^^^^^^^^^^^^
  File "/opt/ohpc/pub/compiler/conda/latest/lib/python3.12/shutil.py", line 698, in _rmtree_safe_fd
    os.unlink(entry.name, dir_fd=topfd)
  File "/opt/ohpc/pub/compiler/conda/latest/lib/python3.12/multiprocessing/util.py", line 136, in _remove_temp_dir
    rmtree(tempdir, onerror=onerror)
  File "/opt/ohpc/pub/compiler/conda/latest/lib/python3.12/shutil.py", line 759, in rmtree
    _rmtree_safe_fd(stack, onexc)
  File "/opt/ohpc/pub/compiler/conda/latest/lib/python3.12/shutil.py", line 703, in _rmtree_safe_fd
    onexc(func, path, err)
  File "/opt/ohpc/pub/compiler/conda/latest/lib/python3.12/shutil.py", line 750, in onexc
    return onerror(func, path, exc_info)
           ^^^^^^^^^^^^^^^^^^^^^^^^^^^^^
  File "/opt/ohpc/pub/compiler/conda/latest/lib/python3.12/shutil.py", line 700, in _rmtree_safe_fd
    onexc(os.unlink, fullname, err)
OSError: [Errno 16] Device or resource busy: '/tmp/pymp-4eucvay7'
  File "/opt/ohpc/pub/compiler/conda/latest/lib/python3.12/shutil.py", line 750, in onexc
    return onerror(func, path, exc_info)
           ^^^^^^^^^^^^^^^^^^^^^^^^^^^^^
  File "/opt/ohpc/pub/compiler/conda/latest/lib/python3.12/shutil.py", line 698, in _rmtree_safe_fd
    os.unlink(entry.name, dir_fd=topfd)
OSError: [Errno 16] Device or resource busy: '/tmp/pymp-hasfh_h4'
  File "/opt/ohpc/pub/compiler/conda/latest/lib/python3.12/multiprocessing/util.py", line 303, in _run_finalizers
    finalizer()
  File "/opt/ohpc/pub/compiler/conda/latest/lib/python3.12/multiprocessing/util.py", line 227, in __call__
    res = self._callback(*self._args, **self._kwargs)
          ^^^^^^^^^^^^^^^^^^^^^^^^^^^^^^^^^^^^^^^^^^^
  File "/opt/ohpc/pub/compiler/conda/latest/lib/python3.12/multiprocessing/util.py", line 136, in _remove_temp_dir
    rmtree(tempdir, onerror=onerror)
  File "/opt/ohpc/pub/compiler/conda/latest/lib/python3.12/shutil.py", line 759, in rmtree
    _rmtree_safe_fd(stack, onexc)
  File "/opt/ohpc/pub/compiler/conda/latest/lib/python3.12/shutil.py", line 703, in _rmtree_safe_fd
    onexc(func, path, err)
  File "/opt/ohpc/pub/compiler/conda/latest/lib/python3.12/shutil.py", line 750, in onexc
    return onerror(func, path, exc_info)
           ^^^^^^^^^^^^^^^^^^^^^^^^^^^^^
  File "/opt/ohpc/pub/compiler/conda/latest/lib/python3.12/shutil.py", line 700, in _rmtree_safe_fd
    onexc(os.unlink, fullname, err)
  File "/opt/ohpc/pub/compiler/conda/latest/lib/python3.12/shutil.py", line 750, in onexc
    return onerror(func, path, exc_info)
           ^^^^^^^^^^^^^^^^^^^^^^^^^^^^^
  File "/opt/ohpc/pub/compiler/conda/latest/lib/python3.12/shutil.py", line 698, in _rmtree_safe_fd
    os.unlink(entry.name, dir_fd=topfd)
OSError: [Errno 16] Device or resource busy: '/tmp/pymp-z10us7fp'
  File "/opt/ohpc/pub/compiler/conda/latest/lib/python3.12/multiprocessing/util.py", line 303, in _run_finalizers
    finalizer()
  File "/opt/ohpc/pub/compiler/conda/latest/lib/python3.12/multiprocessing/util.py", line 303, in _run_finalizers
    finalizer()
  File "/opt/ohpc/pub/compiler/conda/latest/lib/python3.12/multiprocessing/util.py", line 227, in __call__
    res = self._callback(*self._args, **self._kwargs)
          ^^^^^^^^^^^^^^^^^^^^^^^^^^^^^^^^^^^^^^^^^^^
  File "/opt/ohpc/pub/compiler/conda/latest/lib/python3.12/multiprocessing/util.py", line 227, in __call__
    res = self._callback(*self._args, **self._kwargs)
          ^^^^^^^^^^^^^^^^^^^^^^^^^^^^^^^^^^^^^^^^^^^
  File "/opt/ohpc/pub/compiler/conda/latest/lib/python3.12/multiprocessing/util.py", line 136, in _remove_temp_dir
    rmtree(tempdir, onerror=onerror)
  File "/opt/ohpc/pub/compiler/conda/latest/lib/python3.12/multiprocessing/util.py", line 136, in _remove_temp_dir
    rmtree(tempdir, onerror=onerror)
  File "/opt/ohpc/pub/compiler/conda/latest/lib/python3.12/shutil.py", line 759, in rmtree
    _rmtree_safe_fd(stack, onexc)
  File "/opt/ohpc/pub/compiler/conda/latest/lib/python3.12/shutil.py", line 759, in rmtree
    _rmtree_safe_fd(stack, onexc)
  File "/opt/ohpc/pub/compiler/conda/latest/lib/python3.12/shutil.py", line 703, in _rmtree_safe_fd
    onexc(func, path, err)
  File "/opt/ohpc/pub/compiler/conda/latest/lib/python3.12/shutil.py", line 703, in _rmtree_safe_fd
    onexc(func, path, err)
  File "/opt/ohpc/pub/compiler/conda/latest/lib/python3.12/shutil.py", line 750, in onexc
    return onerror(func, path, exc_info)
           ^^^^^^^^^^^^^^^^^^^^^^^^^^^^^
  File "/opt/ohpc/pub/compiler/conda/latest/lib/python3.12/shutil.py", line 750, in onexc
    return onerror(func, path, exc_info)
           ^^^^^^^^^^^^^^^^^^^^^^^^^^^^^
  File "/opt/ohpc/pub/compiler/conda/latest/lib/python3.12/shutil.py", line 700, in _rmtree_safe_fd
    onexc(os.unlink, fullname, err)
  File "/opt/ohpc/pub/compiler/conda/latest/lib/python3.12/shutil.py", line 700, in _rmtree_safe_fd
    onexc(os.unlink, fullname, err)
  File "/opt/ohpc/pub/compiler/conda/latest/lib/python3.12/shutil.py", line 750, in onexc
    return onerror(func, path, exc_info)
           ^^^^^^^^^^^^^^^^^^^^^^^^^^^^^
  File "/opt/ohpc/pub/compiler/conda/latest/lib/python3.12/shutil.py", line 750, in onexc
    return onerror(func, path, exc_info)
           ^^^^^^^^^^^^^^^^^^^^^^^^^^^^^
  File "/opt/ohpc/pub/compiler/conda/latest/lib/python3.12/shutil.py", line 698, in _rmtree_safe_fd
    os.unlink(entry.name, dir_fd=topfd)
  File "/opt/ohpc/pub/compiler/conda/latest/lib/python3.12/shutil.py", line 698, in _rmtree_safe_fd
    os.unlink(entry.name, dir_fd=topfd)
OSError: [Errno 16] Device or resource busy: '/tmp/pymp-55jpk_qx'
OSError: [Errno 16] Device or resource busy: '/tmp/pymp-bbqdb1fj'
[val 003] loss=-0.1260 z_std=0.0477 rankme=68.016 lidar=43.903 areq=1.435 pr=2.10 align=0.5127 unif=-1.515 converged=False collapsed=False
  e004 it0000/62 lr=0.0013 loss=-0.0918 z_std=0.0639
  e004 it0010/62 lr=0.0013 loss=-0.1155 z_std=0.0641
  e004 it0020/62 lr=0.0014 loss=-0.1293 z_std=0.0640
  e004 it0030/62 lr=0.0014 loss=-0.1291 z_std=0.0640
  e004 it0040/62 lr=0.0015 loss=-0.1339 z_std=0.0640
  e004 it0050/62 lr=0.0015 loss=-0.1400 z_std=0.0640
  e004 it0060/62 lr=0.0016 loss=-0.1483 z_std=0.0640
[epoch 004] loss=-0.1499 z_std=0.0640 (healthy~0.0625) time=179.8s
Traceback (most recent call last):
  File "/opt/ohpc/pub/compiler/conda/latest/lib/python3.12/multiprocessing/util.py", line 303, in _run_finalizers
    finalizer()
  File "/opt/ohpc/pub/compiler/conda/latest/lib/python3.12/multiprocessing/util.py", line 227, in __call__
    res = self._callback(*self._args, **self._kwargs)
          ^^^^^^^^^^^^^^^^^^^^^^^^^^^^^^^^^^^^^^^^^^^
  File "/opt/ohpc/pub/compiler/conda/latest/lib/python3.12/multiprocessing/util.py", line 136, in _remove_temp_dir
    rmtree(tempdir, onerror=onerror)
  File "/opt/ohpc/pub/compiler/conda/latest/lib/python3.12/shutil.py", line 759, in rmtree
    _rmtree_safe_fd(stack, onexc)
  File "/opt/ohpc/pub/compiler/conda/latest/lib/python3.12/shutil.py", line 703, in _rmtree_safe_fd
    onexc(func, path, err)
  File "/opt/ohpc/pub/compiler/conda/latest/lib/python3.12/shutil.py", line 750, in onexc
    return onerror(func, path, exc_info)
           ^^^^^^^^^^^^^^^^^^^^^^^^^^^^^
  File "/opt/ohpc/pub/compiler/conda/latest/lib/python3.12/shutil.py", line 700, in _rmtree_safe_fd
    onexc(os.unlink, fullname, err)
  File "/opt/ohpc/pub/compiler/conda/latest/lib/python3.12/shutil.py", line 750, in onexc
    return onerror(func, path, exc_info)
           ^^^^^^^^^^^^^^^^^^^^^^^^^^^^^
  File "/opt/ohpc/pub/compiler/conda/latest/lib/python3.12/shutil.py", line 698, in _rmtree_safe_fd
    os.unlink(entry.name, dir_fd=topfd)
OSError: [Errno 16] Device or resource busy: '/tmp/pymp-zl7lu8zz'
Traceback (most recent call last):
Traceback (most recent call last):
  File "/opt/ohpc/pub/compiler/conda/latest/lib/python3.12/multiprocessing/util.py", line 303, in _run_finalizers
    finalizer()
  File "/opt/ohpc/pub/compiler/conda/latest/lib/python3.12/multiprocessing/util.py", line 303, in _run_finalizers
    finalizer()
  File "/opt/ohpc/pub/compiler/conda/latest/lib/python3.12/multiprocessing/util.py", line 227, in __call__
    res = self._callback(*self._args, **self._kwargs)
          ^^^^^^^^^^^^^^^^^^^^^^^^^^^^^^^^^^^^^^^^^^^
  File "/opt/ohpc/pub/compiler/conda/latest/lib/python3.12/multiprocessing/util.py", line 227, in __call__
    res = self._callback(*self._args, **self._kwargs)
          ^^^^^^^^^^^^^^^^^^^^^^^^^^^^^^^^^^^^^^^^^^^
  File "/opt/ohpc/pub/compiler/conda/latest/lib/python3.12/multiprocessing/util.py", line 136, in _remove_temp_dir
    rmtree(tempdir, onerror=onerror)
  File "/opt/ohpc/pub/compiler/conda/latest/lib/python3.12/multiprocessing/util.py", line 136, in _remove_temp_dir
    rmtree(tempdir, onerror=onerror)
  File "/opt/ohpc/pub/compiler/conda/latest/lib/python3.12/shutil.py", line 759, in rmtree
    _rmtree_safe_fd(stack, onexc)
  File "/opt/ohpc/pub/compiler/conda/latest/lib/python3.12/shutil.py", line 759, in rmtree
    _rmtree_safe_fd(stack, onexc)
  File "/opt/ohpc/pub/compiler/conda/latest/lib/python3.12/shutil.py", line 703, in _rmtree_safe_fd
    onexc(func, path, err)
  File "/opt/ohpc/pub/compiler/conda/latest/lib/python3.12/shutil.py", line 703, in _rmtree_safe_fd
    onexc(func, path, err)
  File "/opt/ohpc/pub/compiler/conda/latest/lib/python3.12/shutil.py", line 750, in onexc
    return onerror(func, path, exc_info)
           ^^^^^^^^^^^^^^^^^^^^^^^^^^^^^
  File "/opt/ohpc/pub/compiler/conda/latest/lib/python3.12/shutil.py", line 750, in onexc
    return onerror(func, path, exc_info)
           ^^^^^^^^^^^^^^^^^^^^^^^^^^^^^
  File "/opt/ohpc/pub/compiler/conda/latest/lib/python3.12/shutil.py", line 700, in _rmtree_safe_fd
    onexc(os.unlink, fullname, err)
  File "/opt/ohpc/pub/compiler/conda/latest/lib/python3.12/shutil.py", line 700, in _rmtree_safe_fd
    onexc(os.unlink, fullname, err)
  File "/opt/ohpc/pub/compiler/conda/latest/lib/python3.12/shutil.py", line 750, in onexc
    return onerror(func, path, exc_info)
           ^^^^^^^^^^^^^^^^^^^^^^^^^^^^^
  File "/opt/ohpc/pub/compiler/conda/latest/lib/python3.12/shutil.py", line 750, in onexc
    return onerror(func, path, exc_info)
           ^^^^^^^^^^^^^^^^^^^^^^^^^^^^^
  File "/opt/ohpc/pub/compiler/conda/latest/lib/python3.12/shutil.py", line 698, in _rmtree_safe_fd
    os.unlink(entry.name, dir_fd=topfd)
  File "/opt/ohpc/pub/compiler/conda/latest/lib/python3.12/shutil.py", line 698, in _rmtree_safe_fd
    os.unlink(entry.name, dir_fd=topfd)
Traceback (most recent call last):
OSError: [Errno 16] Device or resource busy: '/tmp/pymp-vu895hee'
OSError: [Errno 16] Device or resource busy: '/tmp/pymp-_gn39s_4'
Traceback (most recent call last):
Traceback (most recent call last):
Traceback (most recent call last):
Traceback (most recent call last):
  File "/opt/ohpc/pub/compiler/conda/latest/lib/python3.12/multiprocessing/util.py", line 303, in _run_finalizers
    finalizer()
  File "/opt/ohpc/pub/compiler/conda/latest/lib/python3.12/multiprocessing/util.py", line 303, in _run_finalizers
    finalizer()
  File "/opt/ohpc/pub/compiler/conda/latest/lib/python3.12/multiprocessing/util.py", line 227, in __call__
    res = self._callback(*self._args, **self._kwargs)
          ^^^^^^^^^^^^^^^^^^^^^^^^^^^^^^^^^^^^^^^^^^^
  File "/opt/ohpc/pub/compiler/conda/latest/lib/python3.12/multiprocessing/util.py", line 227, in __call__
    res = self._callback(*self._args, **self._kwargs)
          ^^^^^^^^^^^^^^^^^^^^^^^^^^^^^^^^^^^^^^^^^^^
  File "/opt/ohpc/pub/compiler/conda/latest/lib/python3.12/multiprocessing/util.py", line 303, in _run_finalizers
    finalizer()
  File "/opt/ohpc/pub/compiler/conda/latest/lib/python3.12/multiprocessing/util.py", line 136, in _remove_temp_dir
    rmtree(tempdir, onerror=onerror)
  File "/opt/ohpc/pub/compiler/conda/latest/lib/python3.12/multiprocessing/util.py", line 136, in _remove_temp_dir
    rmtree(tempdir, onerror=onerror)
  File "/opt/ohpc/pub/compiler/conda/latest/lib/python3.12/shutil.py", line 759, in rmtree
    _rmtree_safe_fd(stack, onexc)
  File "/opt/ohpc/pub/compiler/conda/latest/lib/python3.12/shutil.py", line 759, in rmtree
    _rmtree_safe_fd(stack, onexc)
  File "/opt/ohpc/pub/compiler/conda/latest/lib/python3.12/multiprocessing/util.py", line 227, in __call__
    res = self._callback(*self._args, **self._kwargs)
          ^^^^^^^^^^^^^^^^^^^^^^^^^^^^^^^^^^^^^^^^^^^
  File "/opt/ohpc/pub/compiler/conda/latest/lib/python3.12/shutil.py", line 703, in _rmtree_safe_fd
    onexc(func, path, err)
  File "/opt/ohpc/pub/compiler/conda/latest/lib/python3.12/shutil.py", line 703, in _rmtree_safe_fd
    onexc(func, path, err)
  File "/opt/ohpc/pub/compiler/conda/latest/lib/python3.12/multiprocessing/util.py", line 136, in _remove_temp_dir
    rmtree(tempdir, onerror=onerror)
  File "/opt/ohpc/pub/compiler/conda/latest/lib/python3.12/shutil.py", line 750, in onexc
    return onerror(func, path, exc_info)
           ^^^^^^^^^^^^^^^^^^^^^^^^^^^^^
  File "/opt/ohpc/pub/compiler/conda/latest/lib/python3.12/shutil.py", line 750, in onexc
    return onerror(func, path, exc_info)
           ^^^^^^^^^^^^^^^^^^^^^^^^^^^^^
  File "/opt/ohpc/pub/compiler/conda/latest/lib/python3.12/shutil.py", line 759, in rmtree
    _rmtree_safe_fd(stack, onexc)
  File "/opt/ohpc/pub/compiler/conda/latest/lib/python3.12/shutil.py", line 700, in _rmtree_safe_fd
    onexc(os.unlink, fullname, err)
  File "/opt/ohpc/pub/compiler/conda/latest/lib/python3.12/shutil.py", line 700, in _rmtree_safe_fd
    onexc(os.unlink, fullname, err)
  File "/opt/ohpc/pub/compiler/conda/latest/lib/python3.12/shutil.py", line 703, in _rmtree_safe_fd
    onexc(func, path, err)
  File "/opt/ohpc/pub/compiler/conda/latest/lib/python3.12/shutil.py", line 750, in onexc
    return onerror(func, path, exc_info)
           ^^^^^^^^^^^^^^^^^^^^^^^^^^^^^
  File "/opt/ohpc/pub/compiler/conda/latest/lib/python3.12/shutil.py", line 750, in onexc
    return onerror(func, path, exc_info)
           ^^^^^^^^^^^^^^^^^^^^^^^^^^^^^
  File "/opt/ohpc/pub/compiler/conda/latest/lib/python3.12/shutil.py", line 750, in onexc
    return onerror(func, path, exc_info)
           ^^^^^^^^^^^^^^^^^^^^^^^^^^^^^
  File "/opt/ohpc/pub/compiler/conda/latest/lib/python3.12/shutil.py", line 698, in _rmtree_safe_fd
    os.unlink(entry.name, dir_fd=topfd)
  File "/opt/ohpc/pub/compiler/conda/latest/lib/python3.12/shutil.py", line 698, in _rmtree_safe_fd
    os.unlink(entry.name, dir_fd=topfd)
  File "/opt/ohpc/pub/compiler/conda/latest/lib/python3.12/shutil.py", line 700, in _rmtree_safe_fd
    onexc(os.unlink, fullname, err)
  File "/opt/ohpc/pub/compiler/conda/latest/lib/python3.12/shutil.py", line 750, in onexc
    return onerror(func, path, exc_info)
           ^^^^^^^^^^^^^^^^^^^^^^^^^^^^^
  File "/opt/ohpc/pub/compiler/conda/latest/lib/python3.12/shutil.py", line 698, in _rmtree_safe_fd
    os.unlink(entry.name, dir_fd=topfd)
OSError: [Errno 16] Device or resource busy: '/tmp/pymp-u6qv4jmv'
OSError: [Errno 16] Device or resource busy: '/tmp/pymp-negvx2g2'
OSError: [Errno 16] Device or resource busy: '/tmp/pymp-fstf4b4r'
  File "/opt/ohpc/pub/compiler/conda/latest/lib/python3.12/multiprocessing/util.py", line 303, in _run_finalizers
    finalizer()
  File "/opt/ohpc/pub/compiler/conda/latest/lib/python3.12/multiprocessing/util.py", line 303, in _run_finalizers
    finalizer()
  File "/opt/ohpc/pub/compiler/conda/latest/lib/python3.12/multiprocessing/util.py", line 227, in __call__
    res = self._callback(*self._args, **self._kwargs)
          ^^^^^^^^^^^^^^^^^^^^^^^^^^^^^^^^^^^^^^^^^^^
  File "/opt/ohpc/pub/compiler/conda/latest/lib/python3.12/multiprocessing/util.py", line 227, in __call__
    res = self._callback(*self._args, **self._kwargs)
          ^^^^^^^^^^^^^^^^^^^^^^^^^^^^^^^^^^^^^^^^^^^
  File "/opt/ohpc/pub/compiler/conda/latest/lib/python3.12/multiprocessing/util.py", line 136, in _remove_temp_dir
    rmtree(tempdir, onerror=onerror)
  File "/opt/ohpc/pub/compiler/conda/latest/lib/python3.12/multiprocessing/util.py", line 136, in _remove_temp_dir
    rmtree(tempdir, onerror=onerror)
  File "/opt/ohpc/pub/compiler/conda/latest/lib/python3.12/shutil.py", line 759, in rmtree
    _rmtree_safe_fd(stack, onexc)
  File "/opt/ohpc/pub/compiler/conda/latest/lib/python3.12/shutil.py", line 759, in rmtree
    _rmtree_safe_fd(stack, onexc)
  File "/opt/ohpc/pub/compiler/conda/latest/lib/python3.12/shutil.py", line 703, in _rmtree_safe_fd
    onexc(func, path, err)
  File "/opt/ohpc/pub/compiler/conda/latest/lib/python3.12/shutil.py", line 703, in _rmtree_safe_fd
    onexc(func, path, err)
  File "/opt/ohpc/pub/compiler/conda/latest/lib/python3.12/shutil.py", line 750, in onexc
    return onerror(func, path, exc_info)
           ^^^^^^^^^^^^^^^^^^^^^^^^^^^^^
  File "/opt/ohpc/pub/compiler/conda/latest/lib/python3.12/shutil.py", line 750, in onexc
    return onerror(func, path, exc_info)
           ^^^^^^^^^^^^^^^^^^^^^^^^^^^^^
  File "/opt/ohpc/pub/compiler/conda/latest/lib/python3.12/shutil.py", line 700, in _rmtree_safe_fd
    onexc(os.unlink, fullname, err)
  File "/opt/ohpc/pub/compiler/conda/latest/lib/python3.12/shutil.py", line 700, in _rmtree_safe_fd
    onexc(os.unlink, fullname, err)
  File "/opt/ohpc/pub/compiler/conda/latest/lib/python3.12/shutil.py", line 750, in onexc
    return onerror(func, path, exc_info)
           ^^^^^^^^^^^^^^^^^^^^^^^^^^^^^
  File "/opt/ohpc/pub/compiler/conda/latest/lib/python3.12/shutil.py", line 750, in onexc
    return onerror(func, path, exc_info)
           ^^^^^^^^^^^^^^^^^^^^^^^^^^^^^
  File "/opt/ohpc/pub/compiler/conda/latest/lib/python3.12/shutil.py", line 698, in _rmtree_safe_fd
    os.unlink(entry.name, dir_fd=topfd)
  File "/opt/ohpc/pub/compiler/conda/latest/lib/python3.12/shutil.py", line 698, in _rmtree_safe_fd
    os.unlink(entry.name, dir_fd=topfd)
OSError: [Errno 16] Device or resource busy: '/tmp/pymp-flu43xs3'
OSError: [Errno 16] Device or resource busy: '/tmp/pymp-0getxin4'
Traceback (most recent call last):
Traceback (most recent call last):
  File "/opt/ohpc/pub/compiler/conda/latest/lib/python3.12/multiprocessing/util.py", line 303, in _run_finalizers
    finalizer()
  File "/opt/ohpc/pub/compiler/conda/latest/lib/python3.12/multiprocessing/util.py", line 227, in __call__
    res = self._callback(*self._args, **self._kwargs)
          ^^^^^^^^^^^^^^^^^^^^^^^^^^^^^^^^^^^^^^^^^^^
  File "/opt/ohpc/pub/compiler/conda/latest/lib/python3.12/multiprocessing/util.py", line 136, in _remove_temp_dir
    rmtree(tempdir, onerror=onerror)
  File "/opt/ohpc/pub/compiler/conda/latest/lib/python3.12/shutil.py", line 759, in rmtree
    _rmtree_safe_fd(stack, onexc)
  File "/opt/ohpc/pub/compiler/conda/latest/lib/python3.12/shutil.py", line 703, in _rmtree_safe_fd
    onexc(func, path, err)
  File "/opt/ohpc/pub/compiler/conda/latest/lib/python3.12/shutil.py", line 750, in onexc
    return onerror(func, path, exc_info)
           ^^^^^^^^^^^^^^^^^^^^^^^^^^^^^
  File "/opt/ohpc/pub/compiler/conda/latest/lib/python3.12/shutil.py", line 700, in _rmtree_safe_fd
    onexc(os.unlink, fullname, err)
  File "/opt/ohpc/pub/compiler/conda/latest/lib/python3.12/shutil.py", line 750, in onexc
    return onerror(func, path, exc_info)
           ^^^^^^^^^^^^^^^^^^^^^^^^^^^^^
  File "/opt/ohpc/pub/compiler/conda/latest/lib/python3.12/shutil.py", line 698, in _rmtree_safe_fd
    os.unlink(entry.name, dir_fd=topfd)
OSError: [Errno 16] Device or resource busy: '/tmp/pymp-297w3gee'
  File "/opt/ohpc/pub/compiler/conda/latest/lib/python3.12/multiprocessing/util.py", line 303, in _run_finalizers
    finalizer()
  File "/opt/ohpc/pub/compiler/conda/latest/lib/python3.12/multiprocessing/util.py", line 227, in __call__
    res = self._callback(*self._args, **self._kwargs)
          ^^^^^^^^^^^^^^^^^^^^^^^^^^^^^^^^^^^^^^^^^^^
  File "/opt/ohpc/pub/compiler/conda/latest/lib/python3.12/multiprocessing/util.py", line 136, in _remove_temp_dir
    rmtree(tempdir, onerror=onerror)
  File "/opt/ohpc/pub/compiler/conda/latest/lib/python3.12/shutil.py", line 759, in rmtree
    _rmtree_safe_fd(stack, onexc)
  File "/opt/ohpc/pub/compiler/conda/latest/lib/python3.12/shutil.py", line 703, in _rmtree_safe_fd
    onexc(func, path, err)
  File "/opt/ohpc/pub/compiler/conda/latest/lib/python3.12/shutil.py", line 750, in onexc
    return onerror(func, path, exc_info)
           ^^^^^^^^^^^^^^^^^^^^^^^^^^^^^
  File "/opt/ohpc/pub/compiler/conda/latest/lib/python3.12/shutil.py", line 700, in _rmtree_safe_fd
    onexc(os.unlink, fullname, err)
  File "/opt/ohpc/pub/compiler/conda/latest/lib/python3.12/shutil.py", line 750, in onexc
    return onerror(func, path, exc_info)
           ^^^^^^^^^^^^^^^^^^^^^^^^^^^^^
  File "/opt/ohpc/pub/compiler/conda/latest/lib/python3.12/shutil.py", line 698, in _rmtree_safe_fd
    os.unlink(entry.name, dir_fd=topfd)
OSError: [Errno 16] Device or resource busy: '/tmp/pymp-zai1236u'
Traceback (most recent call last):
Traceback (most recent call last):
Traceback (most recent call last):
Traceback (most recent call last):
Traceback (most recent call last):
  File "/opt/ohpc/pub/compiler/conda/latest/lib/python3.12/multiprocessing/util.py", line 303, in _run_finalizers
    finalizer()
  File "/opt/ohpc/pub/compiler/conda/latest/lib/python3.12/multiprocessing/util.py", line 303, in _run_finalizers
    finalizer()
  File "/opt/ohpc/pub/compiler/conda/latest/lib/python3.12/multiprocessing/util.py", line 227, in __call__
    res = self._callback(*self._args, **self._kwargs)
          ^^^^^^^^^^^^^^^^^^^^^^^^^^^^^^^^^^^^^^^^^^^
  File "/opt/ohpc/pub/compiler/conda/latest/lib/python3.12/multiprocessing/util.py", line 227, in __call__
    res = self._callback(*self._args, **self._kwargs)
          ^^^^^^^^^^^^^^^^^^^^^^^^^^^^^^^^^^^^^^^^^^^
  File "/opt/ohpc/pub/compiler/conda/latest/lib/python3.12/multiprocessing/util.py", line 136, in _remove_temp_dir
    rmtree(tempdir, onerror=onerror)
  File "/opt/ohpc/pub/compiler/conda/latest/lib/python3.12/multiprocessing/util.py", line 136, in _remove_temp_dir
    rmtree(tempdir, onerror=onerror)
  File "/opt/ohpc/pub/compiler/conda/latest/lib/python3.12/shutil.py", line 759, in rmtree
    _rmtree_safe_fd(stack, onexc)
  File "/opt/ohpc/pub/compiler/conda/latest/lib/python3.12/shutil.py", line 759, in rmtree
    _rmtree_safe_fd(stack, onexc)
  File "/opt/ohpc/pub/compiler/conda/latest/lib/python3.12/shutil.py", line 703, in _rmtree_safe_fd
    onexc(func, path, err)
  File "/opt/ohpc/pub/compiler/conda/latest/lib/python3.12/shutil.py", line 703, in _rmtree_safe_fd
    onexc(func, path, err)
  File "/opt/ohpc/pub/compiler/conda/latest/lib/python3.12/shutil.py", line 750, in onexc
    return onerror(func, path, exc_info)
           ^^^^^^^^^^^^^^^^^^^^^^^^^^^^^
  File "/opt/ohpc/pub/compiler/conda/latest/lib/python3.12/shutil.py", line 750, in onexc
    return onerror(func, path, exc_info)
           ^^^^^^^^^^^^^^^^^^^^^^^^^^^^^
  File "/opt/ohpc/pub/compiler/conda/latest/lib/python3.12/shutil.py", line 700, in _rmtree_safe_fd
    onexc(os.unlink, fullname, err)
  File "/opt/ohpc/pub/compiler/conda/latest/lib/python3.12/shutil.py", line 700, in _rmtree_safe_fd
    onexc(os.unlink, fullname, err)
  File "/opt/ohpc/pub/compiler/conda/latest/lib/python3.12/shutil.py", line 750, in onexc
    return onerror(func, path, exc_info)
           ^^^^^^^^^^^^^^^^^^^^^^^^^^^^^
  File "/opt/ohpc/pub/compiler/conda/latest/lib/python3.12/shutil.py", line 750, in onexc
    return onerror(func, path, exc_info)
           ^^^^^^^^^^^^^^^^^^^^^^^^^^^^^
  File "/opt/ohpc/pub/compiler/conda/latest/lib/python3.12/shutil.py", line 698, in _rmtree_safe_fd
    os.unlink(entry.name, dir_fd=topfd)
  File "/opt/ohpc/pub/compiler/conda/latest/lib/python3.12/shutil.py", line 698, in _rmtree_safe_fd
    os.unlink(entry.name, dir_fd=topfd)
OSError: [Errno 16] Device or resource busy: '/tmp/pymp-xk5jg07d'
OSError: [Errno 16] Device or resource busy: '/tmp/pymp-o95bal1m'
Traceback (most recent call last):
Traceback (most recent call last):
  File "/opt/ohpc/pub/compiler/conda/latest/lib/python3.12/multiprocessing/util.py", line 303, in _run_finalizers
    finalizer()
  File "/opt/ohpc/pub/compiler/conda/latest/lib/python3.12/multiprocessing/util.py", line 227, in __call__
    res = self._callback(*self._args, **self._kwargs)
          ^^^^^^^^^^^^^^^^^^^^^^^^^^^^^^^^^^^^^^^^^^^
  File "/opt/ohpc/pub/compiler/conda/latest/lib/python3.12/multiprocessing/util.py", line 136, in _remove_temp_dir
    rmtree(tempdir, onerror=onerror)
  File "/opt/ohpc/pub/compiler/conda/latest/lib/python3.12/shutil.py", line 759, in rmtree
    _rmtree_safe_fd(stack, onexc)
  File "/opt/ohpc/pub/compiler/conda/latest/lib/python3.12/shutil.py", line 703, in _rmtree_safe_fd
    onexc(func, path, err)
  File "/opt/ohpc/pub/compiler/conda/latest/lib/python3.12/shutil.py", line 750, in onexc
    return onerror(func, path, exc_info)
           ^^^^^^^^^^^^^^^^^^^^^^^^^^^^^
  File "/opt/ohpc/pub/compiler/conda/latest/lib/python3.12/shutil.py", line 700, in _rmtree_safe_fd
    onexc(os.unlink, fullname, err)
  File "/opt/ohpc/pub/compiler/conda/latest/lib/python3.12/shutil.py", line 750, in onexc
    return onerror(func, path, exc_info)
           ^^^^^^^^^^^^^^^^^^^^^^^^^^^^^
  File "/opt/ohpc/pub/compiler/conda/latest/lib/python3.12/shutil.py", line 698, in _rmtree_safe_fd
    os.unlink(entry.name, dir_fd=topfd)
OSError: [Errno 16] Device or resource busy: '/tmp/pymp-6o8snpi5'
Traceback (most recent call last):
  File "/opt/ohpc/pub/compiler/conda/latest/lib/python3.12/multiprocessing/util.py", line 303, in _run_finalizers
    finalizer()
  File "/opt/ohpc/pub/compiler/conda/latest/lib/python3.12/multiprocessing/util.py", line 303, in _run_finalizers
    finalizer()
  File "/opt/ohpc/pub/compiler/conda/latest/lib/python3.12/multiprocessing/util.py", line 227, in __call__
    res = self._callback(*self._args, **self._kwargs)
          ^^^^^^^^^^^^^^^^^^^^^^^^^^^^^^^^^^^^^^^^^^^
  File "/opt/ohpc/pub/compiler/conda/latest/lib/python3.12/multiprocessing/util.py", line 136, in _remove_temp_dir
    rmtree(tempdir, onerror=onerror)
  File "/opt/ohpc/pub/compiler/conda/latest/lib/python3.12/multiprocessing/util.py", line 227, in __call__
    res = self._callback(*self._args, **self._kwargs)
          ^^^^^^^^^^^^^^^^^^^^^^^^^^^^^^^^^^^^^^^^^^^
  File "/opt/ohpc/pub/compiler/conda/latest/lib/python3.12/shutil.py", line 759, in rmtree
    _rmtree_safe_fd(stack, onexc)
  File "/opt/ohpc/pub/compiler/conda/latest/lib/python3.12/multiprocessing/util.py", line 136, in _remove_temp_dir
    rmtree(tempdir, onerror=onerror)
  File "/opt/ohpc/pub/compiler/conda/latest/lib/python3.12/shutil.py", line 703, in _rmtree_safe_fd
    onexc(func, path, err)
  File "/opt/ohpc/pub/compiler/conda/latest/lib/python3.12/shutil.py", line 759, in rmtree
    _rmtree_safe_fd(stack, onexc)
  File "/opt/ohpc/pub/compiler/conda/latest/lib/python3.12/shutil.py", line 750, in onexc
    return onerror(func, path, exc_info)
           ^^^^^^^^^^^^^^^^^^^^^^^^^^^^^
  File "/opt/ohpc/pub/compiler/conda/latest/lib/python3.12/shutil.py", line 703, in _rmtree_safe_fd
    onexc(func, path, err)
  File "/opt/ohpc/pub/compiler/conda/latest/lib/python3.12/shutil.py", line 700, in _rmtree_safe_fd
    onexc(os.unlink, fullname, err)
  File "/opt/ohpc/pub/compiler/conda/latest/lib/python3.12/shutil.py", line 750, in onexc
    return onerror(func, path, exc_info)
           ^^^^^^^^^^^^^^^^^^^^^^^^^^^^^
  File "/opt/ohpc/pub/compiler/conda/latest/lib/python3.12/shutil.py", line 750, in onexc
    return onerror(func, path, exc_info)
           ^^^^^^^^^^^^^^^^^^^^^^^^^^^^^
  File "/opt/ohpc/pub/compiler/conda/latest/lib/python3.12/shutil.py", line 700, in _rmtree_safe_fd
    onexc(os.unlink, fullname, err)
  File "/opt/ohpc/pub/compiler/conda/latest/lib/python3.12/shutil.py", line 698, in _rmtree_safe_fd
    os.unlink(entry.name, dir_fd=topfd)
  File "/opt/ohpc/pub/compiler/conda/latest/lib/python3.12/shutil.py", line 750, in onexc
    return onerror(func, path, exc_info)
           ^^^^^^^^^^^^^^^^^^^^^^^^^^^^^
  File "/opt/ohpc/pub/compiler/conda/latest/lib/python3.12/shutil.py", line 698, in _rmtree_safe_fd
    os.unlink(entry.name, dir_fd=topfd)
OSError: [Errno 16] Device or resource busy: '/tmp/pymp-crkg8ubc'
OSError: [Errno 16] Device or resource busy: '/tmp/pymp-9kbug4x7'
  File "/opt/ohpc/pub/compiler/conda/latest/lib/python3.12/multiprocessing/util.py", line 303, in _run_finalizers
    finalizer()
  File "/opt/ohpc/pub/compiler/conda/latest/lib/python3.12/multiprocessing/util.py", line 227, in __call__
    res = self._callback(*self._args, **self._kwargs)
          ^^^^^^^^^^^^^^^^^^^^^^^^^^^^^^^^^^^^^^^^^^^
  File "/opt/ohpc/pub/compiler/conda/latest/lib/python3.12/multiprocessing/util.py", line 136, in _remove_temp_dir
    rmtree(tempdir, onerror=onerror)
  File "/opt/ohpc/pub/compiler/conda/latest/lib/python3.12/multiprocessing/util.py", line 303, in _run_finalizers
    finalizer()
  File "/opt/ohpc/pub/compiler/conda/latest/lib/python3.12/shutil.py", line 759, in rmtree
    _rmtree_safe_fd(stack, onexc)
  File "/opt/ohpc/pub/compiler/conda/latest/lib/python3.12/shutil.py", line 703, in _rmtree_safe_fd
    onexc(func, path, err)
  File "/opt/ohpc/pub/compiler/conda/latest/lib/python3.12/shutil.py", line 750, in onexc
    return onerror(func, path, exc_info)
           ^^^^^^^^^^^^^^^^^^^^^^^^^^^^^
  File "/opt/ohpc/pub/compiler/conda/latest/lib/python3.12/multiprocessing/util.py", line 227, in __call__
    res = self._callback(*self._args, **self._kwargs)
          ^^^^^^^^^^^^^^^^^^^^^^^^^^^^^^^^^^^^^^^^^^^
  File "/opt/ohpc/pub/compiler/conda/latest/lib/python3.12/shutil.py", line 700, in _rmtree_safe_fd
    onexc(os.unlink, fullname, err)
  File "/opt/ohpc/pub/compiler/conda/latest/lib/python3.12/multiprocessing/util.py", line 136, in _remove_temp_dir
    rmtree(tempdir, onerror=onerror)
  File "/opt/ohpc/pub/compiler/conda/latest/lib/python3.12/shutil.py", line 750, in onexc
    return onerror(func, path, exc_info)
           ^^^^^^^^^^^^^^^^^^^^^^^^^^^^^
  File "/opt/ohpc/pub/compiler/conda/latest/lib/python3.12/shutil.py", line 698, in _rmtree_safe_fd
    os.unlink(entry.name, dir_fd=topfd)
  File "/opt/ohpc/pub/compiler/conda/latest/lib/python3.12/shutil.py", line 759, in rmtree
    _rmtree_safe_fd(stack, onexc)
  File "/opt/ohpc/pub/compiler/conda/latest/lib/python3.12/shutil.py", line 703, in _rmtree_safe_fd
    onexc(func, path, err)
  File "/opt/ohpc/pub/compiler/conda/latest/lib/python3.12/shutil.py", line 750, in onexc
    return onerror(func, path, exc_info)
           ^^^^^^^^^^^^^^^^^^^^^^^^^^^^^
  File "/opt/ohpc/pub/compiler/conda/latest/lib/python3.12/shutil.py", line 700, in _rmtree_safe_fd
    onexc(os.unlink, fullname, err)
  File "/opt/ohpc/pub/compiler/conda/latest/lib/python3.12/shutil.py", line 750, in onexc
    return onerror(func, path, exc_info)
           ^^^^^^^^^^^^^^^^^^^^^^^^^^^^^
OSError: [Errno 16] Device or resource busy: '/tmp/pymp-l8a0mg9u'
  File "/opt/ohpc/pub/compiler/conda/latest/lib/python3.12/shutil.py", line 698, in _rmtree_safe_fd
    os.unlink(entry.name, dir_fd=topfd)
OSError: [Errno 16] Device or resource busy: '/tmp/pymp-qsnl6f_d'
  File "/opt/ohpc/pub/compiler/conda/latest/lib/python3.12/multiprocessing/util.py", line 303, in _run_finalizers
    finalizer()
  File "/opt/ohpc/pub/compiler/conda/latest/lib/python3.12/multiprocessing/util.py", line 227, in __call__
    res = self._callback(*self._args, **self._kwargs)
          ^^^^^^^^^^^^^^^^^^^^^^^^^^^^^^^^^^^^^^^^^^^
  File "/opt/ohpc/pub/compiler/conda/latest/lib/python3.12/multiprocessing/util.py", line 136, in _remove_temp_dir
    rmtree(tempdir, onerror=onerror)
  File "/opt/ohpc/pub/compiler/conda/latest/lib/python3.12/shutil.py", line 759, in rmtree
    _rmtree_safe_fd(stack, onexc)
  File "/opt/ohpc/pub/compiler/conda/latest/lib/python3.12/shutil.py", line 703, in _rmtree_safe_fd
    onexc(func, path, err)
  File "/opt/ohpc/pub/compiler/conda/latest/lib/python3.12/shutil.py", line 750, in onexc
    return onerror(func, path, exc_info)
           ^^^^^^^^^^^^^^^^^^^^^^^^^^^^^
  File "/opt/ohpc/pub/compiler/conda/latest/lib/python3.12/shutil.py", line 700, in _rmtree_safe_fd
    onexc(os.unlink, fullname, err)
  File "/opt/ohpc/pub/compiler/conda/latest/lib/python3.12/shutil.py", line 750, in onexc
    return onerror(func, path, exc_info)
           ^^^^^^^^^^^^^^^^^^^^^^^^^^^^^
  File "/opt/ohpc/pub/compiler/conda/latest/lib/python3.12/shutil.py", line 698, in _rmtree_safe_fd
    os.unlink(entry.name, dir_fd=topfd)
Traceback (most recent call last):
OSError: [Errno 16] Device or resource busy: '/tmp/pymp-2nqygcy1'
Traceback (most recent call last):
  File "/opt/ohpc/pub/compiler/conda/latest/lib/python3.12/multiprocessing/util.py", line 303, in _run_finalizers
    finalizer()
  File "/opt/ohpc/pub/compiler/conda/latest/lib/python3.12/multiprocessing/util.py", line 227, in __call__
    res = self._callback(*self._args, **self._kwargs)
          ^^^^^^^^^^^^^^^^^^^^^^^^^^^^^^^^^^^^^^^^^^^
  File "/opt/ohpc/pub/compiler/conda/latest/lib/python3.12/multiprocessing/util.py", line 136, in _remove_temp_dir
    rmtree(tempdir, onerror=onerror)
  File "/opt/ohpc/pub/compiler/conda/latest/lib/python3.12/shutil.py", line 759, in rmtree
    _rmtree_safe_fd(stack, onexc)
  File "/opt/ohpc/pub/compiler/conda/latest/lib/python3.12/shutil.py", line 703, in _rmtree_safe_fd
    onexc(func, path, err)
  File "/opt/ohpc/pub/compiler/conda/latest/lib/python3.12/shutil.py", line 750, in onexc
    return onerror(func, path, exc_info)
           ^^^^^^^^^^^^^^^^^^^^^^^^^^^^^
  File "/opt/ohpc/pub/compiler/conda/latest/lib/python3.12/shutil.py", line 700, in _rmtree_safe_fd
    onexc(os.unlink, fullname, err)
  File "/opt/ohpc/pub/compiler/conda/latest/lib/python3.12/shutil.py", line 750, in onexc
    return onerror(func, path, exc_info)
           ^^^^^^^^^^^^^^^^^^^^^^^^^^^^^
  File "/opt/ohpc/pub/compiler/conda/latest/lib/python3.12/shutil.py", line 698, in _rmtree_safe_fd
    os.unlink(entry.name, dir_fd=topfd)
OSError: [Errno 16] Device or resource busy: '/tmp/pymp-th_uk31p'
  File "/opt/ohpc/pub/compiler/conda/latest/lib/python3.12/multiprocessing/util.py", line 303, in _run_finalizers
    finalizer()
  File "/opt/ohpc/pub/compiler/conda/latest/lib/python3.12/multiprocessing/util.py", line 227, in __call__
    res = self._callback(*self._args, **self._kwargs)
          ^^^^^^^^^^^^^^^^^^^^^^^^^^^^^^^^^^^^^^^^^^^
  File "/opt/ohpc/pub/compiler/conda/latest/lib/python3.12/multiprocessing/util.py", line 136, in _remove_temp_dir
    rmtree(tempdir, onerror=onerror)
  File "/opt/ohpc/pub/compiler/conda/latest/lib/python3.12/shutil.py", line 759, in rmtree
    _rmtree_safe_fd(stack, onexc)
  File "/opt/ohpc/pub/compiler/conda/latest/lib/python3.12/shutil.py", line 703, in _rmtree_safe_fd
    onexc(func, path, err)
  File "/opt/ohpc/pub/compiler/conda/latest/lib/python3.12/shutil.py", line 750, in onexc
    return onerror(func, path, exc_info)
           ^^^^^^^^^^^^^^^^^^^^^^^^^^^^^
  File "/opt/ohpc/pub/compiler/conda/latest/lib/python3.12/shutil.py", line 700, in _rmtree_safe_fd
    onexc(os.unlink, fullname, err)
  File "/opt/ohpc/pub/compiler/conda/latest/lib/python3.12/shutil.py", line 750, in onexc
    return onerror(func, path, exc_info)
           ^^^^^^^^^^^^^^^^^^^^^^^^^^^^^
  File "/opt/ohpc/pub/compiler/conda/latest/lib/python3.12/shutil.py", line 698, in _rmtree_safe_fd
    os.unlink(entry.name, dir_fd=topfd)
OSError: [Errno 16] Device or resource busy: '/tmp/pymp-sbzv3twt'
Traceback (most recent call last):
  File "/opt/ohpc/pub/compiler/conda/latest/lib/python3.12/multiprocessing/util.py", line 303, in _run_finalizers
    finalizer()
  File "/opt/ohpc/pub/compiler/conda/latest/lib/python3.12/multiprocessing/util.py", line 227, in __call__
    res = self._callback(*self._args, **self._kwargs)
          ^^^^^^^^^^^^^^^^^^^^^^^^^^^^^^^^^^^^^^^^^^^
  File "/opt/ohpc/pub/compiler/conda/latest/lib/python3.12/multiprocessing/util.py", line 136, in _remove_temp_dir
    rmtree(tempdir, onerror=onerror)
  File "/opt/ohpc/pub/compiler/conda/latest/lib/python3.12/shutil.py", line 759, in rmtree
    _rmtree_safe_fd(stack, onexc)
  File "/opt/ohpc/pub/compiler/conda/latest/lib/python3.12/shutil.py", line 703, in _rmtree_safe_fd
    onexc(func, path, err)
  File "/opt/ohpc/pub/compiler/conda/latest/lib/python3.12/shutil.py", line 750, in onexc
    return onerror(func, path, exc_info)
           ^^^^^^^^^^^^^^^^^^^^^^^^^^^^^
  File "/opt/ohpc/pub/compiler/conda/latest/lib/python3.12/shutil.py", line 700, in _rmtree_safe_fd
    onexc(os.unlink, fullname, err)
  File "/opt/ohpc/pub/compiler/conda/latest/lib/python3.12/shutil.py", line 750, in onexc
    return onerror(func, path, exc_info)
           ^^^^^^^^^^^^^^^^^^^^^^^^^^^^^
  File "/opt/ohpc/pub/compiler/conda/latest/lib/python3.12/shutil.py", line 698, in _rmtree_safe_fd
    os.unlink(entry.name, dir_fd=topfd)
OSError: [Errno 16] Device or resource busy: '/tmp/pymp-ytnyf5yr'
Traceback (most recent call last):
Traceback (most recent call last):
  File "/opt/ohpc/pub/compiler/conda/latest/lib/python3.12/multiprocessing/util.py", line 303, in _run_finalizers
    finalizer()
  File "/opt/ohpc/pub/compiler/conda/latest/lib/python3.12/multiprocessing/util.py", line 227, in __call__
    res = self._callback(*self._args, **self._kwargs)
          ^^^^^^^^^^^^^^^^^^^^^^^^^^^^^^^^^^^^^^^^^^^
  File "/opt/ohpc/pub/compiler/conda/latest/lib/python3.12/multiprocessing/util.py", line 136, in _remove_temp_dir
    rmtree(tempdir, onerror=onerror)
  File "/opt/ohpc/pub/compiler/conda/latest/lib/python3.12/shutil.py", line 759, in rmtree
    _rmtree_safe_fd(stack, onexc)
  File "/opt/ohpc/pub/compiler/conda/latest/lib/python3.12/shutil.py", line 703, in _rmtree_safe_fd
    onexc(func, path, err)
  File "/opt/ohpc/pub/compiler/conda/latest/lib/python3.12/shutil.py", line 750, in onexc
    return onerror(func, path, exc_info)
           ^^^^^^^^^^^^^^^^^^^^^^^^^^^^^
  File "/opt/ohpc/pub/compiler/conda/latest/lib/python3.12/shutil.py", line 700, in _rmtree_safe_fd
    onexc(os.unlink, fullname, err)
  File "/opt/ohpc/pub/compiler/conda/latest/lib/python3.12/shutil.py", line 750, in onexc
    return onerror(func, path, exc_info)
           ^^^^^^^^^^^^^^^^^^^^^^^^^^^^^
  File "/opt/ohpc/pub/compiler/conda/latest/lib/python3.12/shutil.py", line 698, in _rmtree_safe_fd
    os.unlink(entry.name, dir_fd=topfd)
OSError: [Errno 16] Device or resource busy: '/tmp/pymp-jp0nm4jb'
  File "/opt/ohpc/pub/compiler/conda/latest/lib/python3.12/multiprocessing/util.py", line 303, in _run_finalizers
    finalizer()
  File "/opt/ohpc/pub/compiler/conda/latest/lib/python3.12/multiprocessing/util.py", line 227, in __call__
    res = self._callback(*self._args, **self._kwargs)
          ^^^^^^^^^^^^^^^^^^^^^^^^^^^^^^^^^^^^^^^^^^^
  File "/opt/ohpc/pub/compiler/conda/latest/lib/python3.12/multiprocessing/util.py", line 136, in _remove_temp_dir
    rmtree(tempdir, onerror=onerror)
  File "/opt/ohpc/pub/compiler/conda/latest/lib/python3.12/shutil.py", line 759, in rmtree
    _rmtree_safe_fd(stack, onexc)
  File "/opt/ohpc/pub/compiler/conda/latest/lib/python3.12/shutil.py", line 703, in _rmtree_safe_fd
    onexc(func, path, err)
  File "/opt/ohpc/pub/compiler/conda/latest/lib/python3.12/shutil.py", line 750, in onexc
    return onerror(func, path, exc_info)
           ^^^^^^^^^^^^^^^^^^^^^^^^^^^^^
  File "/opt/ohpc/pub/compiler/conda/latest/lib/python3.12/shutil.py", line 700, in _rmtree_safe_fd
    onexc(os.unlink, fullname, err)
  File "/opt/ohpc/pub/compiler/conda/latest/lib/python3.12/shutil.py", line 750, in onexc
    return onerror(func, path, exc_info)
           ^^^^^^^^^^^^^^^^^^^^^^^^^^^^^
  File "/opt/ohpc/pub/compiler/conda/latest/lib/python3.12/shutil.py", line 698, in _rmtree_safe_fd
    os.unlink(entry.name, dir_fd=topfd)
OSError: [Errno 16] Device or resource busy: '/tmp/pymp-1oagnz56'
Traceback (most recent call last):
Traceback (most recent call last):
  File "/opt/ohpc/pub/compiler/conda/latest/lib/python3.12/multiprocessing/util.py", line 303, in _run_finalizers
    finalizer()
  File "/opt/ohpc/pub/compiler/conda/latest/lib/python3.12/multiprocessing/util.py", line 227, in __call__
    res = self._callback(*self._args, **self._kwargs)
          ^^^^^^^^^^^^^^^^^^^^^^^^^^^^^^^^^^^^^^^^^^^
  File "/opt/ohpc/pub/compiler/conda/latest/lib/python3.12/multiprocessing/util.py", line 136, in _remove_temp_dir
    rmtree(tempdir, onerror=onerror)
  File "/opt/ohpc/pub/compiler/conda/latest/lib/python3.12/shutil.py", line 759, in rmtree
    _rmtree_safe_fd(stack, onexc)
  File "/opt/ohpc/pub/compiler/conda/latest/lib/python3.12/shutil.py", line 703, in _rmtree_safe_fd
    onexc(func, path, err)
  File "/opt/ohpc/pub/compiler/conda/latest/lib/python3.12/shutil.py", line 750, in onexc
    return onerror(func, path, exc_info)
           ^^^^^^^^^^^^^^^^^^^^^^^^^^^^^
  File "/opt/ohpc/pub/compiler/conda/latest/lib/python3.12/shutil.py", line 700, in _rmtree_safe_fd
    onexc(os.unlink, fullname, err)
  File "/opt/ohpc/pub/compiler/conda/latest/lib/python3.12/shutil.py", line 750, in onexc
    return onerror(func, path, exc_info)
           ^^^^^^^^^^^^^^^^^^^^^^^^^^^^^
  File "/opt/ohpc/pub/compiler/conda/latest/lib/python3.12/shutil.py", line 698, in _rmtree_safe_fd
    os.unlink(entry.name, dir_fd=topfd)
OSError: [Errno 16] Device or resource busy: '/tmp/pymp-fj5f1bcg'
  File "/opt/ohpc/pub/compiler/conda/latest/lib/python3.12/multiprocessing/util.py", line 303, in _run_finalizers
    finalizer()
  File "/opt/ohpc/pub/compiler/conda/latest/lib/python3.12/multiprocessing/util.py", line 227, in __call__
    res = self._callback(*self._args, **self._kwargs)
          ^^^^^^^^^^^^^^^^^^^^^^^^^^^^^^^^^^^^^^^^^^^
  File "/opt/ohpc/pub/compiler/conda/latest/lib/python3.12/multiprocessing/util.py", line 136, in _remove_temp_dir
    rmtree(tempdir, onerror=onerror)
  File "/opt/ohpc/pub/compiler/conda/latest/lib/python3.12/shutil.py", line 759, in rmtree
    _rmtree_safe_fd(stack, onexc)
  File "/opt/ohpc/pub/compiler/conda/latest/lib/python3.12/shutil.py", line 703, in _rmtree_safe_fd
    onexc(func, path, err)
  File "/opt/ohpc/pub/compiler/conda/latest/lib/python3.12/shutil.py", line 750, in onexc
    return onerror(func, path, exc_info)
           ^^^^^^^^^^^^^^^^^^^^^^^^^^^^^
  File "/opt/ohpc/pub/compiler/conda/latest/lib/python3.12/shutil.py", line 700, in _rmtree_safe_fd
    onexc(os.unlink, fullname, err)
  File "/opt/ohpc/pub/compiler/conda/latest/lib/python3.12/shutil.py", line 750, in onexc
    return onerror(func, path, exc_info)
           ^^^^^^^^^^^^^^^^^^^^^^^^^^^^^
  File "/opt/ohpc/pub/compiler/conda/latest/lib/python3.12/shutil.py", line 698, in _rmtree_safe_fd
    os.unlink(entry.name, dir_fd=topfd)
OSError: [Errno 16] Device or resource busy: '/tmp/pymp-xrckbk8v'
Traceback (most recent call last):
  File "/opt/ohpc/pub/compiler/conda/latest/lib/python3.12/multiprocessing/util.py", line 303, in _run_finalizers
    finalizer()
  File "/opt/ohpc/pub/compiler/conda/latest/lib/python3.12/multiprocessing/util.py", line 227, in __call__
    res = self._callback(*self._args, **self._kwargs)
          ^^^^^^^^^^^^^^^^^^^^^^^^^^^^^^^^^^^^^^^^^^^
  File "/opt/ohpc/pub/compiler/conda/latest/lib/python3.12/multiprocessing/util.py", line 136, in _remove_temp_dir
    rmtree(tempdir, onerror=onerror)
  File "/opt/ohpc/pub/compiler/conda/latest/lib/python3.12/shutil.py", line 759, in rmtree
    _rmtree_safe_fd(stack, onexc)
  File "/opt/ohpc/pub/compiler/conda/latest/lib/python3.12/shutil.py", line 703, in _rmtree_safe_fd
    onexc(func, path, err)
  File "/opt/ohpc/pub/compiler/conda/latest/lib/python3.12/shutil.py", line 750, in onexc
    return onerror(func, path, exc_info)
           ^^^^^^^^^^^^^^^^^^^^^^^^^^^^^
  File "/opt/ohpc/pub/compiler/conda/latest/lib/python3.12/shutil.py", line 700, in _rmtree_safe_fd
    onexc(os.unlink, fullname, err)
  File "/opt/ohpc/pub/compiler/conda/latest/lib/python3.12/shutil.py", line 750, in onexc
    return onerror(func, path, exc_info)
           ^^^^^^^^^^^^^^^^^^^^^^^^^^^^^
  File "/opt/ohpc/pub/compiler/conda/latest/lib/python3.12/shutil.py", line 698, in _rmtree_safe_fd
    os.unlink(entry.name, dir_fd=topfd)
OSError: [Errno 16] Device or resource busy: '/tmp/pymp-b8zh7ypa'
Traceback (most recent call last):
  File "/opt/ohpc/pub/compiler/conda/latest/lib/python3.12/multiprocessing/util.py", line 303, in _run_finalizers
    finalizer()
  File "/opt/ohpc/pub/compiler/conda/latest/lib/python3.12/multiprocessing/util.py", line 227, in __call__
    res = self._callback(*self._args, **self._kwargs)
          ^^^^^^^^^^^^^^^^^^^^^^^^^^^^^^^^^^^^^^^^^^^
  File "/opt/ohpc/pub/compiler/conda/latest/lib/python3.12/multiprocessing/util.py", line 136, in _remove_temp_dir
    rmtree(tempdir, onerror=onerror)
  File "/opt/ohpc/pub/compiler/conda/latest/lib/python3.12/shutil.py", line 759, in rmtree
    _rmtree_safe_fd(stack, onexc)
  File "/opt/ohpc/pub/compiler/conda/latest/lib/python3.12/shutil.py", line 703, in _rmtree_safe_fd
    onexc(func, path, err)
  File "/opt/ohpc/pub/compiler/conda/latest/lib/python3.12/shutil.py", line 750, in onexc
    return onerror(func, path, exc_info)
           ^^^^^^^^^^^^^^^^^^^^^^^^^^^^^
  File "/opt/ohpc/pub/compiler/conda/latest/lib/python3.12/shutil.py", line 700, in _rmtree_safe_fd
    onexc(os.unlink, fullname, err)
  File "/opt/ohpc/pub/compiler/conda/latest/lib/python3.12/shutil.py", line 750, in onexc
    return onerror(func, path, exc_info)
           ^^^^^^^^^^^^^^^^^^^^^^^^^^^^^
  File "/opt/ohpc/pub/compiler/conda/latest/lib/python3.12/shutil.py", line 698, in _rmtree_safe_fd
    os.unlink(entry.name, dir_fd=topfd)
OSError: [Errno 16] Device or resource busy: '/tmp/pymp-q6jr7b5l'
Traceback (most recent call last):
  File "/opt/ohpc/pub/compiler/conda/latest/lib/python3.12/multiprocessing/util.py", line 303, in _run_finalizers
    finalizer()
  File "/opt/ohpc/pub/compiler/conda/latest/lib/python3.12/multiprocessing/util.py", line 227, in __call__
    res = self._callback(*self._args, **self._kwargs)
          ^^^^^^^^^^^^^^^^^^^^^^^^^^^^^^^^^^^^^^^^^^^
  File "/opt/ohpc/pub/compiler/conda/latest/lib/python3.12/multiprocessing/util.py", line 136, in _remove_temp_dir
    rmtree(tempdir, onerror=onerror)
  File "/opt/ohpc/pub/compiler/conda/latest/lib/python3.12/shutil.py", line 759, in rmtree
    _rmtree_safe_fd(stack, onexc)
  File "/opt/ohpc/pub/compiler/conda/latest/lib/python3.12/shutil.py", line 703, in _rmtree_safe_fd
    onexc(func, path, err)
  File "/opt/ohpc/pub/compiler/conda/latest/lib/python3.12/shutil.py", line 750, in onexc
    return onerror(func, path, exc_info)
           ^^^^^^^^^^^^^^^^^^^^^^^^^^^^^
  File "/opt/ohpc/pub/compiler/conda/latest/lib/python3.12/shutil.py", line 700, in _rmtree_safe_fd
    onexc(os.unlink, fullname, err)
  File "/opt/ohpc/pub/compiler/conda/latest/lib/python3.12/shutil.py", line 750, in onexc
    return onerror(func, path, exc_info)
           ^^^^^^^^^^^^^^^^^^^^^^^^^^^^^
  File "/opt/ohpc/pub/compiler/conda/latest/lib/python3.12/shutil.py", line 698, in _rmtree_safe_fd
    os.unlink(entry.name, dir_fd=topfd)
OSError: [Errno 16] Device or resource busy: '/tmp/pymp-ve99b40u'
Traceback (most recent call last):
  File "/opt/ohpc/pub/compiler/conda/latest/lib/python3.12/multiprocessing/util.py", line 303, in _run_finalizers
    finalizer()
  File "/opt/ohpc/pub/compiler/conda/latest/lib/python3.12/multiprocessing/util.py", line 227, in __call__
    res = self._callback(*self._args, **self._kwargs)
          ^^^^^^^^^^^^^^^^^^^^^^^^^^^^^^^^^^^^^^^^^^^
  File "/opt/ohpc/pub/compiler/conda/latest/lib/python3.12/multiprocessing/util.py", line 136, in _remove_temp_dir
    rmtree(tempdir, onerror=onerror)
  File "/opt/ohpc/pub/compiler/conda/latest/lib/python3.12/shutil.py", line 759, in rmtree
    _rmtree_safe_fd(stack, onexc)
  File "/opt/ohpc/pub/compiler/conda/latest/lib/python3.12/shutil.py", line 703, in _rmtree_safe_fd
    onexc(func, path, err)
  File "/opt/ohpc/pub/compiler/conda/latest/lib/python3.12/shutil.py", line 750, in onexc
    return onerror(func, path, exc_info)
           ^^^^^^^^^^^^^^^^^^^^^^^^^^^^^
  File "/opt/ohpc/pub/compiler/conda/latest/lib/python3.12/shutil.py", line 700, in _rmtree_safe_fd
    onexc(os.unlink, fullname, err)
  File "/opt/ohpc/pub/compiler/conda/latest/lib/python3.12/shutil.py", line 750, in onexc
    return onerror(func, path, exc_info)
           ^^^^^^^^^^^^^^^^^^^^^^^^^^^^^
  File "/opt/ohpc/pub/compiler/conda/latest/lib/python3.12/shutil.py", line 698, in _rmtree_safe_fd
    os.unlink(entry.name, dir_fd=topfd)
OSError: [Errno 16] Device or resource busy: '/tmp/pymp-mcfotyd5'
Traceback (most recent call last):
  File "/opt/ohpc/pub/compiler/conda/latest/lib/python3.12/multiprocessing/util.py", line 303, in _run_finalizers
    finalizer()
  File "/opt/ohpc/pub/compiler/conda/latest/lib/python3.12/multiprocessing/util.py", line 227, in __call__
    res = self._callback(*self._args, **self._kwargs)
          ^^^^^^^^^^^^^^^^^^^^^^^^^^^^^^^^^^^^^^^^^^^
  File "/opt/ohpc/pub/compiler/conda/latest/lib/python3.12/multiprocessing/util.py", line 136, in _remove_temp_dir
    rmtree(tempdir, onerror=onerror)
  File "/opt/ohpc/pub/compiler/conda/latest/lib/python3.12/shutil.py", line 759, in rmtree
    _rmtree_safe_fd(stack, onexc)
  File "/opt/ohpc/pub/compiler/conda/latest/lib/python3.12/shutil.py", line 703, in _rmtree_safe_fd
    onexc(func, path, err)
  File "/opt/ohpc/pub/compiler/conda/latest/lib/python3.12/shutil.py", line 750, in onexc
    return onerror(func, path, exc_info)
           ^^^^^^^^^^^^^^^^^^^^^^^^^^^^^
  File "/opt/ohpc/pub/compiler/conda/latest/lib/python3.12/shutil.py", line 700, in _rmtree_safe_fd
    onexc(os.unlink, fullname, err)
  File "/opt/ohpc/pub/compiler/conda/latest/lib/python3.12/shutil.py", line 750, in onexc
    return onerror(func, path, exc_info)
           ^^^^^^^^^^^^^^^^^^^^^^^^^^^^^
  File "/opt/ohpc/pub/compiler/conda/latest/lib/python3.12/shutil.py", line 698, in _rmtree_safe_fd
    os.unlink(entry.name, dir_fd=topfd)
OSError: [Errno 16] Device or resource busy: '/tmp/pymp-ltqe5rpw'
[val 004] loss=-0.1822 z_std=0.0475 rankme=61.094 lidar=39.823 areq=1.498 pr=1.96 align=0.4308 unif=-1.409 converged=False collapsed=False
  e005 it0000/62 lr=0.0016 loss=-0.1851 z_std=0.0637
  e005 it0010/62 lr=0.0016 loss=-0.1855 z_std=0.0638
  e005 it0020/62 lr=0.0017 loss=-0.2013 z_std=0.0638
  e005 it0030/62 lr=0.0017 loss=-0.2053 z_std=0.0639
  e005 it0040/62 lr=0.0018 loss=-0.2110 z_std=0.0639
  e005 it0050/62 lr=0.0018 loss=-0.2216 z_std=0.0639
  e005 it0060/62 lr=0.0019 loss=-0.2290 z_std=0.0638
[epoch 005] loss=-0.2297 z_std=0.0639 (healthy~0.0625) time=182.0s
Traceback (most recent call last):
Traceback (most recent call last):
Traceback (most recent call last):
Traceback (most recent call last):
Traceback (most recent call last):
  File "/opt/ohpc/pub/compiler/conda/latest/lib/python3.12/multiprocessing/util.py", line 303, in _run_finalizers
    finalizer()
  File "/opt/ohpc/pub/compiler/conda/latest/lib/python3.12/multiprocessing/util.py", line 227, in __call__
    res = self._callback(*self._args, **self._kwargs)
          ^^^^^^^^^^^^^^^^^^^^^^^^^^^^^^^^^^^^^^^^^^^
  File "/opt/ohpc/pub/compiler/conda/latest/lib/python3.12/multiprocessing/util.py", line 303, in _run_finalizers
    finalizer()
  File "/opt/ohpc/pub/compiler/conda/latest/lib/python3.12/multiprocessing/util.py", line 136, in _remove_temp_dir
    rmtree(tempdir, onerror=onerror)
  File "/opt/ohpc/pub/compiler/conda/latest/lib/python3.12/shutil.py", line 759, in rmtree
    _rmtree_safe_fd(stack, onexc)
  File "/opt/ohpc/pub/compiler/conda/latest/lib/python3.12/multiprocessing/util.py", line 227, in __call__
    res = self._callback(*self._args, **self._kwargs)
          ^^^^^^^^^^^^^^^^^^^^^^^^^^^^^^^^^^^^^^^^^^^
  File "/opt/ohpc/pub/compiler/conda/latest/lib/python3.12/shutil.py", line 703, in _rmtree_safe_fd
    onexc(func, path, err)
  File "/opt/ohpc/pub/compiler/conda/latest/lib/python3.12/multiprocessing/util.py", line 136, in _remove_temp_dir
    rmtree(tempdir, onerror=onerror)
  File "/opt/ohpc/pub/compiler/conda/latest/lib/python3.12/shutil.py", line 750, in onexc
    return onerror(func, path, exc_info)
           ^^^^^^^^^^^^^^^^^^^^^^^^^^^^^
  File "/opt/ohpc/pub/compiler/conda/latest/lib/python3.12/shutil.py", line 759, in rmtree
    _rmtree_safe_fd(stack, onexc)
  File "/opt/ohpc/pub/compiler/conda/latest/lib/python3.12/shutil.py", line 700, in _rmtree_safe_fd
    onexc(os.unlink, fullname, err)
  File "/opt/ohpc/pub/compiler/conda/latest/lib/python3.12/shutil.py", line 703, in _rmtree_safe_fd
    onexc(func, path, err)
  File "/opt/ohpc/pub/compiler/conda/latest/lib/python3.12/shutil.py", line 750, in onexc
    return onerror(func, path, exc_info)
           ^^^^^^^^^^^^^^^^^^^^^^^^^^^^^
  File "/opt/ohpc/pub/compiler/conda/latest/lib/python3.12/shutil.py", line 750, in onexc
    return onerror(func, path, exc_info)
           ^^^^^^^^^^^^^^^^^^^^^^^^^^^^^
  File "/opt/ohpc/pub/compiler/conda/latest/lib/python3.12/shutil.py", line 698, in _rmtree_safe_fd
    os.unlink(entry.name, dir_fd=topfd)
  File "/opt/ohpc/pub/compiler/conda/latest/lib/python3.12/shutil.py", line 700, in _rmtree_safe_fd
    onexc(os.unlink, fullname, err)
  File "/opt/ohpc/pub/compiler/conda/latest/lib/python3.12/shutil.py", line 750, in onexc
    return onerror(func, path, exc_info)
           ^^^^^^^^^^^^^^^^^^^^^^^^^^^^^
  File "/opt/ohpc/pub/compiler/conda/latest/lib/python3.12/shutil.py", line 698, in _rmtree_safe_fd
    os.unlink(entry.name, dir_fd=topfd)
OSError: [Errno 16] Device or resource busy: '/tmp/pymp-6r9vr7so'
OSError: [Errno 16] Device or resource busy: '/tmp/pymp-xe2mh741'
  File "/opt/ohpc/pub/compiler/conda/latest/lib/python3.12/multiprocessing/util.py", line 303, in _run_finalizers
    finalizer()
  File "/opt/ohpc/pub/compiler/conda/latest/lib/python3.12/multiprocessing/util.py", line 227, in __call__
    res = self._callback(*self._args, **self._kwargs)
          ^^^^^^^^^^^^^^^^^^^^^^^^^^^^^^^^^^^^^^^^^^^
  File "/opt/ohpc/pub/compiler/conda/latest/lib/python3.12/multiprocessing/util.py", line 136, in _remove_temp_dir
    rmtree(tempdir, onerror=onerror)
  File "/opt/ohpc/pub/compiler/conda/latest/lib/python3.12/shutil.py", line 759, in rmtree
    _rmtree_safe_fd(stack, onexc)
  File "/opt/ohpc/pub/compiler/conda/latest/lib/python3.12/shutil.py", line 703, in _rmtree_safe_fd
    onexc(func, path, err)
  File "/opt/ohpc/pub/compiler/conda/latest/lib/python3.12/multiprocessing/util.py", line 303, in _run_finalizers
    finalizer()
  File "/opt/ohpc/pub/compiler/conda/latest/lib/python3.12/shutil.py", line 750, in onexc
    return onerror(func, path, exc_info)
           ^^^^^^^^^^^^^^^^^^^^^^^^^^^^^
  File "/opt/ohpc/pub/compiler/conda/latest/lib/python3.12/shutil.py", line 700, in _rmtree_safe_fd
    onexc(os.unlink, fullname, err)
  File "/opt/ohpc/pub/compiler/conda/latest/lib/python3.12/multiprocessing/util.py", line 227, in __call__
    res = self._callback(*self._args, **self._kwargs)
          ^^^^^^^^^^^^^^^^^^^^^^^^^^^^^^^^^^^^^^^^^^^
  File "/opt/ohpc/pub/compiler/conda/latest/lib/python3.12/shutil.py", line 750, in onexc
    return onerror(func, path, exc_info)
           ^^^^^^^^^^^^^^^^^^^^^^^^^^^^^
  File "/opt/ohpc/pub/compiler/conda/latest/lib/python3.12/shutil.py", line 698, in _rmtree_safe_fd
    os.unlink(entry.name, dir_fd=topfd)
  File "/opt/ohpc/pub/compiler/conda/latest/lib/python3.12/multiprocessing/util.py", line 136, in _remove_temp_dir
    rmtree(tempdir, onerror=onerror)
Traceback (most recent call last):
  File "/opt/ohpc/pub/compiler/conda/latest/lib/python3.12/shutil.py", line 759, in rmtree
    _rmtree_safe_fd(stack, onexc)
  File "/opt/ohpc/pub/compiler/conda/latest/lib/python3.12/shutil.py", line 703, in _rmtree_safe_fd
    onexc(func, path, err)
  File "/opt/ohpc/pub/compiler/conda/latest/lib/python3.12/shutil.py", line 750, in onexc
    return onerror(func, path, exc_info)
           ^^^^^^^^^^^^^^^^^^^^^^^^^^^^^
  File "/opt/ohpc/pub/compiler/conda/latest/lib/python3.12/shutil.py", line 700, in _rmtree_safe_fd
    onexc(os.unlink, fullname, err)
OSError: [Errno 16] Device or resource busy: '/tmp/pymp-a0_fz693'
  File "/opt/ohpc/pub/compiler/conda/latest/lib/python3.12/shutil.py", line 750, in onexc
    return onerror(func, path, exc_info)
           ^^^^^^^^^^^^^^^^^^^^^^^^^^^^^
  File "/opt/ohpc/pub/compiler/conda/latest/lib/python3.12/shutil.py", line 698, in _rmtree_safe_fd
    os.unlink(entry.name, dir_fd=topfd)
OSError: [Errno 16] Device or resource busy: '/tmp/pymp-42suldgb'
  File "/opt/ohpc/pub/compiler/conda/latest/lib/python3.12/multiprocessing/util.py", line 303, in _run_finalizers
    finalizer()
Traceback (most recent call last):
Traceback (most recent call last):
  File "/opt/ohpc/pub/compiler/conda/latest/lib/python3.12/multiprocessing/util.py", line 227, in __call__
    res = self._callback(*self._args, **self._kwargs)
          ^^^^^^^^^^^^^^^^^^^^^^^^^^^^^^^^^^^^^^^^^^^
  File "/opt/ohpc/pub/compiler/conda/latest/lib/python3.12/multiprocessing/util.py", line 136, in _remove_temp_dir
    rmtree(tempdir, onerror=onerror)
  File "/opt/ohpc/pub/compiler/conda/latest/lib/python3.12/shutil.py", line 759, in rmtree
    _rmtree_safe_fd(stack, onexc)
  File "/opt/ohpc/pub/compiler/conda/latest/lib/python3.12/shutil.py", line 703, in _rmtree_safe_fd
    onexc(func, path, err)
  File "/opt/ohpc/pub/compiler/conda/latest/lib/python3.12/shutil.py", line 750, in onexc
    return onerror(func, path, exc_info)
           ^^^^^^^^^^^^^^^^^^^^^^^^^^^^^
  File "/opt/ohpc/pub/compiler/conda/latest/lib/python3.12/shutil.py", line 700, in _rmtree_safe_fd
    onexc(os.unlink, fullname, err)
  File "/opt/ohpc/pub/compiler/conda/latest/lib/python3.12/shutil.py", line 750, in onexc
    return onerror(func, path, exc_info)
           ^^^^^^^^^^^^^^^^^^^^^^^^^^^^^
  File "/opt/ohpc/pub/compiler/conda/latest/lib/python3.12/shutil.py", line 698, in _rmtree_safe_fd
    os.unlink(entry.name, dir_fd=topfd)
OSError: [Errno 16] Device or resource busy: '/tmp/pymp-jsgbkfqj'
Traceback (most recent call last):
Traceback (most recent call last):
  File "/opt/ohpc/pub/compiler/conda/latest/lib/python3.12/multiprocessing/util.py", line 303, in _run_finalizers
    finalizer()
  File "/opt/ohpc/pub/compiler/conda/latest/lib/python3.12/multiprocessing/util.py", line 227, in __call__
    res = self._callback(*self._args, **self._kwargs)
          ^^^^^^^^^^^^^^^^^^^^^^^^^^^^^^^^^^^^^^^^^^^
  File "/opt/ohpc/pub/compiler/conda/latest/lib/python3.12/multiprocessing/util.py", line 136, in _remove_temp_dir
    rmtree(tempdir, onerror=onerror)
  File "/opt/ohpc/pub/compiler/conda/latest/lib/python3.12/shutil.py", line 759, in rmtree
    _rmtree_safe_fd(stack, onexc)
  File "/opt/ohpc/pub/compiler/conda/latest/lib/python3.12/shutil.py", line 703, in _rmtree_safe_fd
    onexc(func, path, err)
  File "/opt/ohpc/pub/compiler/conda/latest/lib/python3.12/shutil.py", line 750, in onexc
    return onerror(func, path, exc_info)
           ^^^^^^^^^^^^^^^^^^^^^^^^^^^^^
  File "/opt/ohpc/pub/compiler/conda/latest/lib/python3.12/shutil.py", line 700, in _rmtree_safe_fd
    onexc(os.unlink, fullname, err)
  File "/opt/ohpc/pub/compiler/conda/latest/lib/python3.12/shutil.py", line 750, in onexc
    return onerror(func, path, exc_info)
           ^^^^^^^^^^^^^^^^^^^^^^^^^^^^^
  File "/opt/ohpc/pub/compiler/conda/latest/lib/python3.12/shutil.py", line 698, in _rmtree_safe_fd
    os.unlink(entry.name, dir_fd=topfd)
OSError: [Errno 16] Device or resource busy: '/tmp/pymp-ibmrcj_u'
  File "/opt/ohpc/pub/compiler/conda/latest/lib/python3.12/multiprocessing/util.py", line 303, in _run_finalizers
    finalizer()
  File "/opt/ohpc/pub/compiler/conda/latest/lib/python3.12/multiprocessing/util.py", line 227, in __call__
    res = self._callback(*self._args, **self._kwargs)
          ^^^^^^^^^^^^^^^^^^^^^^^^^^^^^^^^^^^^^^^^^^^
  File "/opt/ohpc/pub/compiler/conda/latest/lib/python3.12/multiprocessing/util.py", line 136, in _remove_temp_dir
    rmtree(tempdir, onerror=onerror)
  File "/opt/ohpc/pub/compiler/conda/latest/lib/python3.12/shutil.py", line 759, in rmtree
    _rmtree_safe_fd(stack, onexc)
  File "/opt/ohpc/pub/compiler/conda/latest/lib/python3.12/shutil.py", line 703, in _rmtree_safe_fd
    onexc(func, path, err)
  File "/opt/ohpc/pub/compiler/conda/latest/lib/python3.12/shutil.py", line 750, in onexc
    return onerror(func, path, exc_info)
           ^^^^^^^^^^^^^^^^^^^^^^^^^^^^^
  File "/opt/ohpc/pub/compiler/conda/latest/lib/python3.12/multiprocessing/util.py", line 303, in _run_finalizers
    finalizer()
  File "/opt/ohpc/pub/compiler/conda/latest/lib/python3.12/shutil.py", line 700, in _rmtree_safe_fd
    onexc(os.unlink, fullname, err)
  File "/opt/ohpc/pub/compiler/conda/latest/lib/python3.12/shutil.py", line 750, in onexc
    return onerror(func, path, exc_info)
           ^^^^^^^^^^^^^^^^^^^^^^^^^^^^^
  File "/opt/ohpc/pub/compiler/conda/latest/lib/python3.12/shutil.py", line 698, in _rmtree_safe_fd
    os.unlink(entry.name, dir_fd=topfd)
  File "/opt/ohpc/pub/compiler/conda/latest/lib/python3.12/multiprocessing/util.py", line 227, in __call__
    res = self._callback(*self._args, **self._kwargs)
          ^^^^^^^^^^^^^^^^^^^^^^^^^^^^^^^^^^^^^^^^^^^
  File "/opt/ohpc/pub/compiler/conda/latest/lib/python3.12/multiprocessing/util.py", line 136, in _remove_temp_dir
    rmtree(tempdir, onerror=onerror)
  File "/opt/ohpc/pub/compiler/conda/latest/lib/python3.12/shutil.py", line 759, in rmtree
    _rmtree_safe_fd(stack, onexc)
OSError: [Errno 16] Device or resource busy: '/tmp/pymp-4wa8ecqa'
  File "/opt/ohpc/pub/compiler/conda/latest/lib/python3.12/shutil.py", line 703, in _rmtree_safe_fd
    onexc(func, path, err)
  File "/opt/ohpc/pub/compiler/conda/latest/lib/python3.12/shutil.py", line 750, in onexc
    return onerror(func, path, exc_info)
           ^^^^^^^^^^^^^^^^^^^^^^^^^^^^^
  File "/opt/ohpc/pub/compiler/conda/latest/lib/python3.12/shutil.py", line 700, in _rmtree_safe_fd
    onexc(os.unlink, fullname, err)
  File "/opt/ohpc/pub/compiler/conda/latest/lib/python3.12/shutil.py", line 750, in onexc
    return onerror(func, path, exc_info)
           ^^^^^^^^^^^^^^^^^^^^^^^^^^^^^
  File "/opt/ohpc/pub/compiler/conda/latest/lib/python3.12/shutil.py", line 698, in _rmtree_safe_fd
    os.unlink(entry.name, dir_fd=topfd)
OSError: [Errno 16] Device or resource busy: '/tmp/pymp-xbux_7eb'
  File "/opt/ohpc/pub/compiler/conda/latest/lib/python3.12/multiprocessing/util.py", line 303, in _run_finalizers
    finalizer()
  File "/opt/ohpc/pub/compiler/conda/latest/lib/python3.12/multiprocessing/util.py", line 227, in __call__
    res = self._callback(*self._args, **self._kwargs)
          ^^^^^^^^^^^^^^^^^^^^^^^^^^^^^^^^^^^^^^^^^^^
  File "/opt/ohpc/pub/compiler/conda/latest/lib/python3.12/multiprocessing/util.py", line 136, in _remove_temp_dir
    rmtree(tempdir, onerror=onerror)
  File "/opt/ohpc/pub/compiler/conda/latest/lib/python3.12/shutil.py", line 759, in rmtree
    _rmtree_safe_fd(stack, onexc)
  File "/opt/ohpc/pub/compiler/conda/latest/lib/python3.12/shutil.py", line 703, in _rmtree_safe_fd
    onexc(func, path, err)
  File "/opt/ohpc/pub/compiler/conda/latest/lib/python3.12/shutil.py", line 750, in onexc
    return onerror(func, path, exc_info)
           ^^^^^^^^^^^^^^^^^^^^^^^^^^^^^
  File "/opt/ohpc/pub/compiler/conda/latest/lib/python3.12/shutil.py", line 700, in _rmtree_safe_fd
    onexc(os.unlink, fullname, err)
  File "/opt/ohpc/pub/compiler/conda/latest/lib/python3.12/shutil.py", line 750, in onexc
    return onerror(func, path, exc_info)
           ^^^^^^^^^^^^^^^^^^^^^^^^^^^^^
  File "/opt/ohpc/pub/compiler/conda/latest/lib/python3.12/shutil.py", line 698, in _rmtree_safe_fd
    os.unlink(entry.name, dir_fd=topfd)
OSError: [Errno 16] Device or resource busy: '/tmp/pymp-6w0kimor'
  File "/opt/ohpc/pub/compiler/conda/latest/lib/python3.12/multiprocessing/util.py", line 303, in _run_finalizers
    finalizer()
  File "/opt/ohpc/pub/compiler/conda/latest/lib/python3.12/multiprocessing/util.py", line 227, in __call__
    res = self._callback(*self._args, **self._kwargs)
          ^^^^^^^^^^^^^^^^^^^^^^^^^^^^^^^^^^^^^^^^^^^
  File "/opt/ohpc/pub/compiler/conda/latest/lib/python3.12/multiprocessing/util.py", line 136, in _remove_temp_dir
    rmtree(tempdir, onerror=onerror)
  File "/opt/ohpc/pub/compiler/conda/latest/lib/python3.12/shutil.py", line 759, in rmtree
    _rmtree_safe_fd(stack, onexc)
  File "/opt/ohpc/pub/compiler/conda/latest/lib/python3.12/shutil.py", line 703, in _rmtree_safe_fd
    onexc(func, path, err)
  File "/opt/ohpc/pub/compiler/conda/latest/lib/python3.12/shutil.py", line 750, in onexc
    return onerror(func, path, exc_info)
           ^^^^^^^^^^^^^^^^^^^^^^^^^^^^^
  File "/opt/ohpc/pub/compiler/conda/latest/lib/python3.12/shutil.py", line 700, in _rmtree_safe_fd
    onexc(os.unlink, fullname, err)
  File "/opt/ohpc/pub/compiler/conda/latest/lib/python3.12/shutil.py", line 750, in onexc
    return onerror(func, path, exc_info)
           ^^^^^^^^^^^^^^^^^^^^^^^^^^^^^
  File "/opt/ohpc/pub/compiler/conda/latest/lib/python3.12/shutil.py", line 698, in _rmtree_safe_fd
    os.unlink(entry.name, dir_fd=topfd)
OSError: [Errno 16] Device or resource busy: '/tmp/pymp-_srgtr1u'
Traceback (most recent call last):
Traceback (most recent call last):
Traceback (most recent call last):
Traceback (most recent call last):
  File "/opt/ohpc/pub/compiler/conda/latest/lib/python3.12/multiprocessing/util.py", line 303, in _run_finalizers
    finalizer()
  File "/opt/ohpc/pub/compiler/conda/latest/lib/python3.12/multiprocessing/util.py", line 303, in _run_finalizers
    finalizer()
  File "/opt/ohpc/pub/compiler/conda/latest/lib/python3.12/multiprocessing/util.py", line 227, in __call__
    res = self._callback(*self._args, **self._kwargs)
          ^^^^^^^^^^^^^^^^^^^^^^^^^^^^^^^^^^^^^^^^^^^
  File "/opt/ohpc/pub/compiler/conda/latest/lib/python3.12/multiprocessing/util.py", line 227, in __call__
    res = self._callback(*self._args, **self._kwargs)
          ^^^^^^^^^^^^^^^^^^^^^^^^^^^^^^^^^^^^^^^^^^^
  File "/opt/ohpc/pub/compiler/conda/latest/lib/python3.12/multiprocessing/util.py", line 136, in _remove_temp_dir
    rmtree(tempdir, onerror=onerror)
  File "/opt/ohpc/pub/compiler/conda/latest/lib/python3.12/multiprocessing/util.py", line 136, in _remove_temp_dir
    rmtree(tempdir, onerror=onerror)
  File "/opt/ohpc/pub/compiler/conda/latest/lib/python3.12/shutil.py", line 759, in rmtree
    _rmtree_safe_fd(stack, onexc)
  File "/opt/ohpc/pub/compiler/conda/latest/lib/python3.12/shutil.py", line 759, in rmtree
    _rmtree_safe_fd(stack, onexc)
  File "/opt/ohpc/pub/compiler/conda/latest/lib/python3.12/shutil.py", line 703, in _rmtree_safe_fd
    onexc(func, path, err)
  File "/opt/ohpc/pub/compiler/conda/latest/lib/python3.12/shutil.py", line 703, in _rmtree_safe_fd
    onexc(func, path, err)
  File "/opt/ohpc/pub/compiler/conda/latest/lib/python3.12/shutil.py", line 750, in onexc
    return onerror(func, path, exc_info)
           ^^^^^^^^^^^^^^^^^^^^^^^^^^^^^
  File "/opt/ohpc/pub/compiler/conda/latest/lib/python3.12/shutil.py", line 750, in onexc
    return onerror(func, path, exc_info)
           ^^^^^^^^^^^^^^^^^^^^^^^^^^^^^
  File "/opt/ohpc/pub/compiler/conda/latest/lib/python3.12/shutil.py", line 700, in _rmtree_safe_fd
    onexc(os.unlink, fullname, err)
  File "/opt/ohpc/pub/compiler/conda/latest/lib/python3.12/shutil.py", line 700, in _rmtree_safe_fd
    onexc(os.unlink, fullname, err)
  File "/opt/ohpc/pub/compiler/conda/latest/lib/python3.12/shutil.py", line 750, in onexc
    return onerror(func, path, exc_info)
           ^^^^^^^^^^^^^^^^^^^^^^^^^^^^^
  File "/opt/ohpc/pub/compiler/conda/latest/lib/python3.12/shutil.py", line 750, in onexc
    return onerror(func, path, exc_info)
           ^^^^^^^^^^^^^^^^^^^^^^^^^^^^^
Traceback (most recent call last):
  File "/opt/ohpc/pub/compiler/conda/latest/lib/python3.12/shutil.py", line 698, in _rmtree_safe_fd
    os.unlink(entry.name, dir_fd=topfd)
  File "/opt/ohpc/pub/compiler/conda/latest/lib/python3.12/shutil.py", line 698, in _rmtree_safe_fd
    os.unlink(entry.name, dir_fd=topfd)
OSError: [Errno 16] Device or resource busy: '/tmp/pymp-6led1g_1'
OSError: [Errno 16] Device or resource busy: '/tmp/pymp-s8g3sztj'
Traceback (most recent call last):
  File "/opt/ohpc/pub/compiler/conda/latest/lib/python3.12/multiprocessing/util.py", line 303, in _run_finalizers
    finalizer()
  File "/opt/ohpc/pub/compiler/conda/latest/lib/python3.12/multiprocessing/util.py", line 227, in __call__
    res = self._callback(*self._args, **self._kwargs)
          ^^^^^^^^^^^^^^^^^^^^^^^^^^^^^^^^^^^^^^^^^^^
  File "/opt/ohpc/pub/compiler/conda/latest/lib/python3.12/multiprocessing/util.py", line 136, in _remove_temp_dir
    rmtree(tempdir, onerror=onerror)
  File "/opt/ohpc/pub/compiler/conda/latest/lib/python3.12/shutil.py", line 759, in rmtree
    _rmtree_safe_fd(stack, onexc)
  File "/opt/ohpc/pub/compiler/conda/latest/lib/python3.12/shutil.py", line 703, in _rmtree_safe_fd
    onexc(func, path, err)
  File "/opt/ohpc/pub/compiler/conda/latest/lib/python3.12/shutil.py", line 750, in onexc
    return onerror(func, path, exc_info)
           ^^^^^^^^^^^^^^^^^^^^^^^^^^^^^
  File "/opt/ohpc/pub/compiler/conda/latest/lib/python3.12/shutil.py", line 700, in _rmtree_safe_fd
    onexc(os.unlink, fullname, err)
  File "/opt/ohpc/pub/compiler/conda/latest/lib/python3.12/shutil.py", line 750, in onexc
    return onerror(func, path, exc_info)
           ^^^^^^^^^^^^^^^^^^^^^^^^^^^^^
  File "/opt/ohpc/pub/compiler/conda/latest/lib/python3.12/shutil.py", line 698, in _rmtree_safe_fd
    os.unlink(entry.name, dir_fd=topfd)
OSError: [Errno 16] Device or resource busy: '/tmp/pymp-jgobmih1'
  File "/opt/ohpc/pub/compiler/conda/latest/lib/python3.12/multiprocessing/util.py", line 303, in _run_finalizers
    finalizer()
  File "/opt/ohpc/pub/compiler/conda/latest/lib/python3.12/multiprocessing/util.py", line 227, in __call__
    res = self._callback(*self._args, **self._kwargs)
          ^^^^^^^^^^^^^^^^^^^^^^^^^^^^^^^^^^^^^^^^^^^
  File "/opt/ohpc/pub/compiler/conda/latest/lib/python3.12/multiprocessing/util.py", line 136, in _remove_temp_dir
    rmtree(tempdir, onerror=onerror)
  File "/opt/ohpc/pub/compiler/conda/latest/lib/python3.12/shutil.py", line 759, in rmtree
    _rmtree_safe_fd(stack, onexc)
  File "/opt/ohpc/pub/compiler/conda/latest/lib/python3.12/shutil.py", line 703, in _rmtree_safe_fd
    onexc(func, path, err)
  File "/opt/ohpc/pub/compiler/conda/latest/lib/python3.12/shutil.py", line 750, in onexc
    return onerror(func, path, exc_info)
           ^^^^^^^^^^^^^^^^^^^^^^^^^^^^^
  File "/opt/ohpc/pub/compiler/conda/latest/lib/python3.12/shutil.py", line 700, in _rmtree_safe_fd
    onexc(os.unlink, fullname, err)
  File "/opt/ohpc/pub/compiler/conda/latest/lib/python3.12/shutil.py", line 750, in onexc
    return onerror(func, path, exc_info)
           ^^^^^^^^^^^^^^^^^^^^^^^^^^^^^
  File "/opt/ohpc/pub/compiler/conda/latest/lib/python3.12/shutil.py", line 698, in _rmtree_safe_fd
    os.unlink(entry.name, dir_fd=topfd)
OSError: [Errno 16] Device or resource busy: '/tmp/pymp-w2aey2ic'
Traceback (most recent call last):
  File "/opt/ohpc/pub/compiler/conda/latest/lib/python3.12/multiprocessing/util.py", line 303, in _run_finalizers
    finalizer()
  File "/opt/ohpc/pub/compiler/conda/latest/lib/python3.12/multiprocessing/util.py", line 303, in _run_finalizers
    finalizer()
Traceback (most recent call last):
  File "/opt/ohpc/pub/compiler/conda/latest/lib/python3.12/multiprocessing/util.py", line 227, in __call__
    res = self._callback(*self._args, **self._kwargs)
          ^^^^^^^^^^^^^^^^^^^^^^^^^^^^^^^^^^^^^^^^^^^
  File "/opt/ohpc/pub/compiler/conda/latest/lib/python3.12/multiprocessing/util.py", line 136, in _remove_temp_dir
    rmtree(tempdir, onerror=onerror)
  File "/opt/ohpc/pub/compiler/conda/latest/lib/python3.12/multiprocessing/util.py", line 227, in __call__
    res = self._callback(*self._args, **self._kwargs)
          ^^^^^^^^^^^^^^^^^^^^^^^^^^^^^^^^^^^^^^^^^^^
  File "/opt/ohpc/pub/compiler/conda/latest/lib/python3.12/shutil.py", line 759, in rmtree
    _rmtree_safe_fd(stack, onexc)
  File "/opt/ohpc/pub/compiler/conda/latest/lib/python3.12/multiprocessing/util.py", line 136, in _remove_temp_dir
    rmtree(tempdir, onerror=onerror)
  File "/opt/ohpc/pub/compiler/conda/latest/lib/python3.12/shutil.py", line 703, in _rmtree_safe_fd
    onexc(func, path, err)
  File "/opt/ohpc/pub/compiler/conda/latest/lib/python3.12/shutil.py", line 759, in rmtree
    _rmtree_safe_fd(stack, onexc)
  File "/opt/ohpc/pub/compiler/conda/latest/lib/python3.12/shutil.py", line 750, in onexc
    return onerror(func, path, exc_info)
           ^^^^^^^^^^^^^^^^^^^^^^^^^^^^^
  File "/opt/ohpc/pub/compiler/conda/latest/lib/python3.12/shutil.py", line 703, in _rmtree_safe_fd
    onexc(func, path, err)
  File "/opt/ohpc/pub/compiler/conda/latest/lib/python3.12/shutil.py", line 750, in onexc
    return onerror(func, path, exc_info)
           ^^^^^^^^^^^^^^^^^^^^^^^^^^^^^
  File "/opt/ohpc/pub/compiler/conda/latest/lib/python3.12/shutil.py", line 700, in _rmtree_safe_fd
    onexc(os.unlink, fullname, err)
  File "/opt/ohpc/pub/compiler/conda/latest/lib/python3.12/shutil.py", line 700, in _rmtree_safe_fd
    onexc(os.unlink, fullname, err)
  File "/opt/ohpc/pub/compiler/conda/latest/lib/python3.12/shutil.py", line 750, in onexc
    return onerror(func, path, exc_info)
           ^^^^^^^^^^^^^^^^^^^^^^^^^^^^^
  File "/opt/ohpc/pub/compiler/conda/latest/lib/python3.12/shutil.py", line 750, in onexc
    return onerror(func, path, exc_info)
           ^^^^^^^^^^^^^^^^^^^^^^^^^^^^^
  File "/opt/ohpc/pub/compiler/conda/latest/lib/python3.12/shutil.py", line 698, in _rmtree_safe_fd
    os.unlink(entry.name, dir_fd=topfd)
  File "/opt/ohpc/pub/compiler/conda/latest/lib/python3.12/shutil.py", line 698, in _rmtree_safe_fd
    os.unlink(entry.name, dir_fd=topfd)
OSError: [Errno 16] Device or resource busy: '/tmp/pymp-azc55psk'
Traceback (most recent call last):
OSError: [Errno 16] Device or resource busy: '/tmp/pymp-yhjeb7ne'
  File "/opt/ohpc/pub/compiler/conda/latest/lib/python3.12/multiprocessing/util.py", line 303, in _run_finalizers
    finalizer()
  File "/opt/ohpc/pub/compiler/conda/latest/lib/python3.12/multiprocessing/util.py", line 227, in __call__
    res = self._callback(*self._args, **self._kwargs)
          ^^^^^^^^^^^^^^^^^^^^^^^^^^^^^^^^^^^^^^^^^^^
  File "/opt/ohpc/pub/compiler/conda/latest/lib/python3.12/multiprocessing/util.py", line 136, in _remove_temp_dir
    rmtree(tempdir, onerror=onerror)
  File "/opt/ohpc/pub/compiler/conda/latest/lib/python3.12/shutil.py", line 759, in rmtree
    _rmtree_safe_fd(stack, onexc)
  File "/opt/ohpc/pub/compiler/conda/latest/lib/python3.12/shutil.py", line 703, in _rmtree_safe_fd
    onexc(func, path, err)
  File "/opt/ohpc/pub/compiler/conda/latest/lib/python3.12/shutil.py", line 750, in onexc
    return onerror(func, path, exc_info)
           ^^^^^^^^^^^^^^^^^^^^^^^^^^^^^
  File "/opt/ohpc/pub/compiler/conda/latest/lib/python3.12/shutil.py", line 700, in _rmtree_safe_fd
    onexc(os.unlink, fullname, err)
  File "/opt/ohpc/pub/compiler/conda/latest/lib/python3.12/shutil.py", line 750, in onexc
    return onerror(func, path, exc_info)
           ^^^^^^^^^^^^^^^^^^^^^^^^^^^^^
  File "/opt/ohpc/pub/compiler/conda/latest/lib/python3.12/shutil.py", line 698, in _rmtree_safe_fd
    os.unlink(entry.name, dir_fd=topfd)
OSError: [Errno 16] Device or resource busy: '/tmp/pymp-ts0mqb8d'
  File "/opt/ohpc/pub/compiler/conda/latest/lib/python3.12/multiprocessing/util.py", line 303, in _run_finalizers
    finalizer()
  File "/opt/ohpc/pub/compiler/conda/latest/lib/python3.12/multiprocessing/util.py", line 227, in __call__
    res = self._callback(*self._args, **self._kwargs)
          ^^^^^^^^^^^^^^^^^^^^^^^^^^^^^^^^^^^^^^^^^^^
  File "/opt/ohpc/pub/compiler/conda/latest/lib/python3.12/multiprocessing/util.py", line 136, in _remove_temp_dir
    rmtree(tempdir, onerror=onerror)
  File "/opt/ohpc/pub/compiler/conda/latest/lib/python3.12/shutil.py", line 759, in rmtree
    _rmtree_safe_fd(stack, onexc)
  File "/opt/ohpc/pub/compiler/conda/latest/lib/python3.12/shutil.py", line 703, in _rmtree_safe_fd
    onexc(func, path, err)
  File "/opt/ohpc/pub/compiler/conda/latest/lib/python3.12/shutil.py", line 750, in onexc
    return onerror(func, path, exc_info)
           ^^^^^^^^^^^^^^^^^^^^^^^^^^^^^
  File "/opt/ohpc/pub/compiler/conda/latest/lib/python3.12/shutil.py", line 700, in _rmtree_safe_fd
    onexc(os.unlink, fullname, err)
  File "/opt/ohpc/pub/compiler/conda/latest/lib/python3.12/shutil.py", line 750, in onexc
    return onerror(func, path, exc_info)
           ^^^^^^^^^^^^^^^^^^^^^^^^^^^^^
  File "/opt/ohpc/pub/compiler/conda/latest/lib/python3.12/shutil.py", line 698, in _rmtree_safe_fd
    os.unlink(entry.name, dir_fd=topfd)
OSError: [Errno 16] Device or resource busy: '/tmp/pymp-7ddknt0m'
Traceback (most recent call last):
  File "/opt/ohpc/pub/compiler/conda/latest/lib/python3.12/multiprocessing/util.py", line 303, in _run_finalizers
    finalizer()
  File "/opt/ohpc/pub/compiler/conda/latest/lib/python3.12/multiprocessing/util.py", line 227, in __call__
    res = self._callback(*self._args, **self._kwargs)
          ^^^^^^^^^^^^^^^^^^^^^^^^^^^^^^^^^^^^^^^^^^^
  File "/opt/ohpc/pub/compiler/conda/latest/lib/python3.12/multiprocessing/util.py", line 136, in _remove_temp_dir
    rmtree(tempdir, onerror=onerror)
  File "/opt/ohpc/pub/compiler/conda/latest/lib/python3.12/shutil.py", line 759, in rmtree
    _rmtree_safe_fd(stack, onexc)
  File "/opt/ohpc/pub/compiler/conda/latest/lib/python3.12/shutil.py", line 703, in _rmtree_safe_fd
    onexc(func, path, err)
  File "/opt/ohpc/pub/compiler/conda/latest/lib/python3.12/shutil.py", line 750, in onexc
    return onerror(func, path, exc_info)
           ^^^^^^^^^^^^^^^^^^^^^^^^^^^^^
  File "/opt/ohpc/pub/compiler/conda/latest/lib/python3.12/shutil.py", line 700, in _rmtree_safe_fd
    onexc(os.unlink, fullname, err)
  File "/opt/ohpc/pub/compiler/conda/latest/lib/python3.12/shutil.py", line 750, in onexc
    return onerror(func, path, exc_info)
           ^^^^^^^^^^^^^^^^^^^^^^^^^^^^^
  File "/opt/ohpc/pub/compiler/conda/latest/lib/python3.12/shutil.py", line 698, in _rmtree_safe_fd
    os.unlink(entry.name, dir_fd=topfd)
OSError: [Errno 16] Device or resource busy: '/tmp/pymp-dkl2uoom'
  File "/opt/ohpc/pub/compiler/conda/latest/lib/python3.12/multiprocessing/util.py", line 303, in _run_finalizers
    finalizer()
  File "/opt/ohpc/pub/compiler/conda/latest/lib/python3.12/multiprocessing/util.py", line 227, in __call__
    res = self._callback(*self._args, **self._kwargs)
          ^^^^^^^^^^^^^^^^^^^^^^^^^^^^^^^^^^^^^^^^^^^
  File "/opt/ohpc/pub/compiler/conda/latest/lib/python3.12/multiprocessing/util.py", line 136, in _remove_temp_dir
    rmtree(tempdir, onerror=onerror)
  File "/opt/ohpc/pub/compiler/conda/latest/lib/python3.12/shutil.py", line 759, in rmtree
    _rmtree_safe_fd(stack, onexc)
  File "/opt/ohpc/pub/compiler/conda/latest/lib/python3.12/shutil.py", line 703, in _rmtree_safe_fd
    onexc(func, path, err)
  File "/opt/ohpc/pub/compiler/conda/latest/lib/python3.12/shutil.py", line 750, in onexc
    return onerror(func, path, exc_info)
           ^^^^^^^^^^^^^^^^^^^^^^^^^^^^^
  File "/opt/ohpc/pub/compiler/conda/latest/lib/python3.12/shutil.py", line 700, in _rmtree_safe_fd
    onexc(os.unlink, fullname, err)
  File "/opt/ohpc/pub/compiler/conda/latest/lib/python3.12/shutil.py", line 750, in onexc
    return onerror(func, path, exc_info)
           ^^^^^^^^^^^^^^^^^^^^^^^^^^^^^
  File "/opt/ohpc/pub/compiler/conda/latest/lib/python3.12/shutil.py", line 698, in _rmtree_safe_fd
    os.unlink(entry.name, dir_fd=topfd)
OSError: [Errno 16] Device or resource busy: '/tmp/pymp-_2ixvs5g'
Traceback (most recent call last):
  File "/opt/ohpc/pub/compiler/conda/latest/lib/python3.12/multiprocessing/util.py", line 303, in _run_finalizers
    finalizer()
  File "/opt/ohpc/pub/compiler/conda/latest/lib/python3.12/multiprocessing/util.py", line 227, in __call__
    res = self._callback(*self._args, **self._kwargs)
          ^^^^^^^^^^^^^^^^^^^^^^^^^^^^^^^^^^^^^^^^^^^
  File "/opt/ohpc/pub/compiler/conda/latest/lib/python3.12/multiprocessing/util.py", line 136, in _remove_temp_dir
    rmtree(tempdir, onerror=onerror)
  File "/opt/ohpc/pub/compiler/conda/latest/lib/python3.12/shutil.py", line 759, in rmtree
    _rmtree_safe_fd(stack, onexc)
  File "/opt/ohpc/pub/compiler/conda/latest/lib/python3.12/shutil.py", line 703, in _rmtree_safe_fd
    onexc(func, path, err)
  File "/opt/ohpc/pub/compiler/conda/latest/lib/python3.12/shutil.py", line 750, in onexc
    return onerror(func, path, exc_info)
           ^^^^^^^^^^^^^^^^^^^^^^^^^^^^^
  File "/opt/ohpc/pub/compiler/conda/latest/lib/python3.12/shutil.py", line 700, in _rmtree_safe_fd
    onexc(os.unlink, fullname, err)
  File "/opt/ohpc/pub/compiler/conda/latest/lib/python3.12/shutil.py", line 750, in onexc
    return onerror(func, path, exc_info)
           ^^^^^^^^^^^^^^^^^^^^^^^^^^^^^
  File "/opt/ohpc/pub/compiler/conda/latest/lib/python3.12/shutil.py", line 698, in _rmtree_safe_fd
    os.unlink(entry.name, dir_fd=topfd)
OSError: [Errno 16] Device or resource busy: '/tmp/pymp-fmomsdrf'
Traceback (most recent call last):
Traceback (most recent call last):
  File "/opt/ohpc/pub/compiler/conda/latest/lib/python3.12/multiprocessing/util.py", line 303, in _run_finalizers
    finalizer()
  File "/opt/ohpc/pub/compiler/conda/latest/lib/python3.12/multiprocessing/util.py", line 227, in __call__
    res = self._callback(*self._args, **self._kwargs)
          ^^^^^^^^^^^^^^^^^^^^^^^^^^^^^^^^^^^^^^^^^^^
  File "/opt/ohpc/pub/compiler/conda/latest/lib/python3.12/multiprocessing/util.py", line 136, in _remove_temp_dir
    rmtree(tempdir, onerror=onerror)
  File "/opt/ohpc/pub/compiler/conda/latest/lib/python3.12/shutil.py", line 759, in rmtree
    _rmtree_safe_fd(stack, onexc)
  File "/opt/ohpc/pub/compiler/conda/latest/lib/python3.12/shutil.py", line 703, in _rmtree_safe_fd
    onexc(func, path, err)
  File "/opt/ohpc/pub/compiler/conda/latest/lib/python3.12/shutil.py", line 750, in onexc
    return onerror(func, path, exc_info)
           ^^^^^^^^^^^^^^^^^^^^^^^^^^^^^
  File "/opt/ohpc/pub/compiler/conda/latest/lib/python3.12/shutil.py", line 700, in _rmtree_safe_fd
    onexc(os.unlink, fullname, err)
  File "/opt/ohpc/pub/compiler/conda/latest/lib/python3.12/shutil.py", line 750, in onexc
    return onerror(func, path, exc_info)
           ^^^^^^^^^^^^^^^^^^^^^^^^^^^^^
  File "/opt/ohpc/pub/compiler/conda/latest/lib/python3.12/shutil.py", line 698, in _rmtree_safe_fd
    os.unlink(entry.name, dir_fd=topfd)
OSError: [Errno 16] Device or resource busy: '/tmp/pymp-iarp9v1j'
  File "/opt/ohpc/pub/compiler/conda/latest/lib/python3.12/multiprocessing/util.py", line 303, in _run_finalizers
    finalizer()
  File "/opt/ohpc/pub/compiler/conda/latest/lib/python3.12/multiprocessing/util.py", line 227, in __call__
    res = self._callback(*self._args, **self._kwargs)
          ^^^^^^^^^^^^^^^^^^^^^^^^^^^^^^^^^^^^^^^^^^^
  File "/opt/ohpc/pub/compiler/conda/latest/lib/python3.12/multiprocessing/util.py", line 136, in _remove_temp_dir
    rmtree(tempdir, onerror=onerror)
  File "/opt/ohpc/pub/compiler/conda/latest/lib/python3.12/shutil.py", line 759, in rmtree
    _rmtree_safe_fd(stack, onexc)
  File "/opt/ohpc/pub/compiler/conda/latest/lib/python3.12/shutil.py", line 703, in _rmtree_safe_fd
    onexc(func, path, err)
  File "/opt/ohpc/pub/compiler/conda/latest/lib/python3.12/shutil.py", line 750, in onexc
    return onerror(func, path, exc_info)
           ^^^^^^^^^^^^^^^^^^^^^^^^^^^^^
  File "/opt/ohpc/pub/compiler/conda/latest/lib/python3.12/shutil.py", line 700, in _rmtree_safe_fd
    onexc(os.unlink, fullname, err)
  File "/opt/ohpc/pub/compiler/conda/latest/lib/python3.12/shutil.py", line 750, in onexc
    return onerror(func, path, exc_info)
           ^^^^^^^^^^^^^^^^^^^^^^^^^^^^^
  File "/opt/ohpc/pub/compiler/conda/latest/lib/python3.12/shutil.py", line 698, in _rmtree_safe_fd
    os.unlink(entry.name, dir_fd=topfd)
OSError: [Errno 16] Device or resource busy: '/tmp/pymp-6v2p18_4'
Traceback (most recent call last):
Traceback (most recent call last):
  File "/opt/ohpc/pub/compiler/conda/latest/lib/python3.12/multiprocessing/util.py", line 303, in _run_finalizers
    finalizer()
Traceback (most recent call last):
  File "/opt/ohpc/pub/compiler/conda/latest/lib/python3.12/multiprocessing/util.py", line 227, in __call__
    res = self._callback(*self._args, **self._kwargs)
          ^^^^^^^^^^^^^^^^^^^^^^^^^^^^^^^^^^^^^^^^^^^
  File "/opt/ohpc/pub/compiler/conda/latest/lib/python3.12/multiprocessing/util.py", line 136, in _remove_temp_dir
    rmtree(tempdir, onerror=onerror)
  File "/opt/ohpc/pub/compiler/conda/latest/lib/python3.12/shutil.py", line 759, in rmtree
    _rmtree_safe_fd(stack, onexc)
  File "/opt/ohpc/pub/compiler/conda/latest/lib/python3.12/shutil.py", line 703, in _rmtree_safe_fd
    onexc(func, path, err)
  File "/opt/ohpc/pub/compiler/conda/latest/lib/python3.12/shutil.py", line 750, in onexc
    return onerror(func, path, exc_info)
           ^^^^^^^^^^^^^^^^^^^^^^^^^^^^^
  File "/opt/ohpc/pub/compiler/conda/latest/lib/python3.12/shutil.py", line 700, in _rmtree_safe_fd
    onexc(os.unlink, fullname, err)
  File "/opt/ohpc/pub/compiler/conda/latest/lib/python3.12/shutil.py", line 750, in onexc
    return onerror(func, path, exc_info)
           ^^^^^^^^^^^^^^^^^^^^^^^^^^^^^
  File "/opt/ohpc/pub/compiler/conda/latest/lib/python3.12/shutil.py", line 698, in _rmtree_safe_fd
    os.unlink(entry.name, dir_fd=topfd)
OSError: [Errno 16] Device or resource busy: '/tmp/pymp-r9d2jhlo'
Traceback (most recent call last):
  File "/opt/ohpc/pub/compiler/conda/latest/lib/python3.12/multiprocessing/util.py", line 303, in _run_finalizers
    finalizer()
  File "/opt/ohpc/pub/compiler/conda/latest/lib/python3.12/multiprocessing/util.py", line 227, in __call__
    res = self._callback(*self._args, **self._kwargs)
          ^^^^^^^^^^^^^^^^^^^^^^^^^^^^^^^^^^^^^^^^^^^
  File "/opt/ohpc/pub/compiler/conda/latest/lib/python3.12/multiprocessing/util.py", line 136, in _remove_temp_dir
    rmtree(tempdir, onerror=onerror)
  File "/opt/ohpc/pub/compiler/conda/latest/lib/python3.12/shutil.py", line 759, in rmtree
    _rmtree_safe_fd(stack, onexc)
  File "/opt/ohpc/pub/compiler/conda/latest/lib/python3.12/shutil.py", line 703, in _rmtree_safe_fd
    onexc(func, path, err)
  File "/opt/ohpc/pub/compiler/conda/latest/lib/python3.12/shutil.py", line 750, in onexc
    return onerror(func, path, exc_info)
           ^^^^^^^^^^^^^^^^^^^^^^^^^^^^^
  File "/opt/ohpc/pub/compiler/conda/latest/lib/python3.12/shutil.py", line 700, in _rmtree_safe_fd
    onexc(os.unlink, fullname, err)
  File "/opt/ohpc/pub/compiler/conda/latest/lib/python3.12/shutil.py", line 750, in onexc
    return onerror(func, path, exc_info)
           ^^^^^^^^^^^^^^^^^^^^^^^^^^^^^
  File "/opt/ohpc/pub/compiler/conda/latest/lib/python3.12/shutil.py", line 698, in _rmtree_safe_fd
    os.unlink(entry.name, dir_fd=topfd)
OSError: [Errno 16] Device or resource busy: '/tmp/pymp-fmkac0pa'
  File "/opt/ohpc/pub/compiler/conda/latest/lib/python3.12/multiprocessing/util.py", line 303, in _run_finalizers
    finalizer()
  File "/opt/ohpc/pub/compiler/conda/latest/lib/python3.12/multiprocessing/util.py", line 227, in __call__
    res = self._callback(*self._args, **self._kwargs)
          ^^^^^^^^^^^^^^^^^^^^^^^^^^^^^^^^^^^^^^^^^^^
  File "/opt/ohpc/pub/compiler/conda/latest/lib/python3.12/multiprocessing/util.py", line 136, in _remove_temp_dir
    rmtree(tempdir, onerror=onerror)
  File "/opt/ohpc/pub/compiler/conda/latest/lib/python3.12/shutil.py", line 759, in rmtree
    _rmtree_safe_fd(stack, onexc)
  File "/opt/ohpc/pub/compiler/conda/latest/lib/python3.12/shutil.py", line 703, in _rmtree_safe_fd
    onexc(func, path, err)
  File "/opt/ohpc/pub/compiler/conda/latest/lib/python3.12/shutil.py", line 750, in onexc
    return onerror(func, path, exc_info)
           ^^^^^^^^^^^^^^^^^^^^^^^^^^^^^
Traceback (most recent call last):
  File "/opt/ohpc/pub/compiler/conda/latest/lib/python3.12/shutil.py", line 700, in _rmtree_safe_fd
    onexc(os.unlink, fullname, err)
  File "/opt/ohpc/pub/compiler/conda/latest/lib/python3.12/shutil.py", line 750, in onexc
    return onerror(func, path, exc_info)
           ^^^^^^^^^^^^^^^^^^^^^^^^^^^^^
  File "/opt/ohpc/pub/compiler/conda/latest/lib/python3.12/shutil.py", line 698, in _rmtree_safe_fd
    os.unlink(entry.name, dir_fd=topfd)
OSError: [Errno 16] Device or resource busy: '/tmp/pymp-_ze23kcp'
  File "/opt/ohpc/pub/compiler/conda/latest/lib/python3.12/multiprocessing/util.py", line 303, in _run_finalizers
    finalizer()
  File "/opt/ohpc/pub/compiler/conda/latest/lib/python3.12/multiprocessing/util.py", line 227, in __call__
    res = self._callback(*self._args, **self._kwargs)
          ^^^^^^^^^^^^^^^^^^^^^^^^^^^^^^^^^^^^^^^^^^^
  File "/opt/ohpc/pub/compiler/conda/latest/lib/python3.12/multiprocessing/util.py", line 136, in _remove_temp_dir
    rmtree(tempdir, onerror=onerror)
  File "/opt/ohpc/pub/compiler/conda/latest/lib/python3.12/shutil.py", line 759, in rmtree
    _rmtree_safe_fd(stack, onexc)
  File "/opt/ohpc/pub/compiler/conda/latest/lib/python3.12/shutil.py", line 703, in _rmtree_safe_fd
    onexc(func, path, err)
  File "/opt/ohpc/pub/compiler/conda/latest/lib/python3.12/shutil.py", line 750, in onexc
    return onerror(func, path, exc_info)
           ^^^^^^^^^^^^^^^^^^^^^^^^^^^^^
  File "/opt/ohpc/pub/compiler/conda/latest/lib/python3.12/shutil.py", line 700, in _rmtree_safe_fd
    onexc(os.unlink, fullname, err)
  File "/opt/ohpc/pub/compiler/conda/latest/lib/python3.12/shutil.py", line 750, in onexc
    return onerror(func, path, exc_info)
           ^^^^^^^^^^^^^^^^^^^^^^^^^^^^^
  File "/opt/ohpc/pub/compiler/conda/latest/lib/python3.12/shutil.py", line 698, in _rmtree_safe_fd
    os.unlink(entry.name, dir_fd=topfd)
OSError: [Errno 16] Device or resource busy: '/tmp/pymp-xbkfo40m'
  File "/opt/ohpc/pub/compiler/conda/latest/lib/python3.12/multiprocessing/util.py", line 303, in _run_finalizers
    finalizer()
  File "/opt/ohpc/pub/compiler/conda/latest/lib/python3.12/multiprocessing/util.py", line 227, in __call__
    res = self._callback(*self._args, **self._kwargs)
          ^^^^^^^^^^^^^^^^^^^^^^^^^^^^^^^^^^^^^^^^^^^
  File "/opt/ohpc/pub/compiler/conda/latest/lib/python3.12/multiprocessing/util.py", line 136, in _remove_temp_dir
    rmtree(tempdir, onerror=onerror)
  File "/opt/ohpc/pub/compiler/conda/latest/lib/python3.12/shutil.py", line 759, in rmtree
    _rmtree_safe_fd(stack, onexc)
  File "/opt/ohpc/pub/compiler/conda/latest/lib/python3.12/shutil.py", line 703, in _rmtree_safe_fd
    onexc(func, path, err)
  File "/opt/ohpc/pub/compiler/conda/latest/lib/python3.12/shutil.py", line 750, in onexc
    return onerror(func, path, exc_info)
           ^^^^^^^^^^^^^^^^^^^^^^^^^^^^^
  File "/opt/ohpc/pub/compiler/conda/latest/lib/python3.12/shutil.py", line 700, in _rmtree_safe_fd
    onexc(os.unlink, fullname, err)
  File "/opt/ohpc/pub/compiler/conda/latest/lib/python3.12/shutil.py", line 750, in onexc
    return onerror(func, path, exc_info)
           ^^^^^^^^^^^^^^^^^^^^^^^^^^^^^
  File "/opt/ohpc/pub/compiler/conda/latest/lib/python3.12/shutil.py", line 698, in _rmtree_safe_fd
    os.unlink(entry.name, dir_fd=topfd)
OSError: [Errno 16] Device or resource busy: '/tmp/pymp-frxqr0no'
Traceback (most recent call last):
Traceback (most recent call last):
  File "/opt/ohpc/pub/compiler/conda/latest/lib/python3.12/multiprocessing/util.py", line 303, in _run_finalizers
    finalizer()
  File "/opt/ohpc/pub/compiler/conda/latest/lib/python3.12/multiprocessing/util.py", line 227, in __call__
    res = self._callback(*self._args, **self._kwargs)
          ^^^^^^^^^^^^^^^^^^^^^^^^^^^^^^^^^^^^^^^^^^^
  File "/opt/ohpc/pub/compiler/conda/latest/lib/python3.12/multiprocessing/util.py", line 136, in _remove_temp_dir
    rmtree(tempdir, onerror=onerror)
  File "/opt/ohpc/pub/compiler/conda/latest/lib/python3.12/shutil.py", line 759, in rmtree
    _rmtree_safe_fd(stack, onexc)
  File "/opt/ohpc/pub/compiler/conda/latest/lib/python3.12/shutil.py", line 703, in _rmtree_safe_fd
    onexc(func, path, err)
  File "/opt/ohpc/pub/compiler/conda/latest/lib/python3.12/shutil.py", line 750, in onexc
    return onerror(func, path, exc_info)
           ^^^^^^^^^^^^^^^^^^^^^^^^^^^^^
  File "/opt/ohpc/pub/compiler/conda/latest/lib/python3.12/shutil.py", line 700, in _rmtree_safe_fd
    onexc(os.unlink, fullname, err)
  File "/opt/ohpc/pub/compiler/conda/latest/lib/python3.12/shutil.py", line 750, in onexc
    return onerror(func, path, exc_info)
           ^^^^^^^^^^^^^^^^^^^^^^^^^^^^^
  File "/opt/ohpc/pub/compiler/conda/latest/lib/python3.12/shutil.py", line 698, in _rmtree_safe_fd
    os.unlink(entry.name, dir_fd=topfd)
OSError: [Errno 16] Device or resource busy: '/tmp/pymp-4l3vvluu'
  File "/opt/ohpc/pub/compiler/conda/latest/lib/python3.12/multiprocessing/util.py", line 303, in _run_finalizers
    finalizer()
  File "/opt/ohpc/pub/compiler/conda/latest/lib/python3.12/multiprocessing/util.py", line 227, in __call__
    res = self._callback(*self._args, **self._kwargs)
          ^^^^^^^^^^^^^^^^^^^^^^^^^^^^^^^^^^^^^^^^^^^
  File "/opt/ohpc/pub/compiler/conda/latest/lib/python3.12/multiprocessing/util.py", line 136, in _remove_temp_dir
    rmtree(tempdir, onerror=onerror)
  File "/opt/ohpc/pub/compiler/conda/latest/lib/python3.12/shutil.py", line 759, in rmtree
    _rmtree_safe_fd(stack, onexc)
  File "/opt/ohpc/pub/compiler/conda/latest/lib/python3.12/shutil.py", line 703, in _rmtree_safe_fd
    onexc(func, path, err)
  File "/opt/ohpc/pub/compiler/conda/latest/lib/python3.12/shutil.py", line 750, in onexc
    return onerror(func, path, exc_info)
           ^^^^^^^^^^^^^^^^^^^^^^^^^^^^^
  File "/opt/ohpc/pub/compiler/conda/latest/lib/python3.12/shutil.py", line 700, in _rmtree_safe_fd
    onexc(os.unlink, fullname, err)
  File "/opt/ohpc/pub/compiler/conda/latest/lib/python3.12/shutil.py", line 750, in onexc
    return onerror(func, path, exc_info)
           ^^^^^^^^^^^^^^^^^^^^^^^^^^^^^
  File "/opt/ohpc/pub/compiler/conda/latest/lib/python3.12/shutil.py", line 698, in _rmtree_safe_fd
    os.unlink(entry.name, dir_fd=topfd)
OSError: [Errno 16] Device or resource busy: '/tmp/pymp-ydb_ee34'
[val 005] loss=-0.2691 z_std=0.0470 rankme=52.560 lidar=35.734 areq=1.596 pr=1.86 align=0.3761 unif=-1.319 converged=False collapsed=False
  e006 it0000/62 lr=0.0019 loss=-0.2639 z_std=0.0634
  e006 it0010/62 lr=0.0019 loss=-0.2891 z_std=0.0638
  e006 it0020/62 lr=0.0020 loss=-0.2959 z_std=0.0637
  e006 it0030/62 lr=0.0020 loss=-0.3169 z_std=0.0637
  e006 it0040/62 lr=0.0021 loss=-0.3350 z_std=0.0637
  e006 it0050/62 lr=0.0021 loss=-0.3441 z_std=0.0637
  e006 it0060/62 lr=0.0022 loss=-0.3554 z_std=0.0636
[epoch 006] loss=-0.3574 z_std=0.0636 (healthy~0.0625) time=180.7s
Traceback (most recent call last):
Traceback (most recent call last):
Traceback (most recent call last):
Traceback (most recent call last):
Traceback (most recent call last):
Traceback (most recent call last):
Traceback (most recent call last):
Traceback (most recent call last):
  File "/opt/ohpc/pub/compiler/conda/latest/lib/python3.12/multiprocessing/util.py", line 303, in _run_finalizers
    finalizer()
  File "/opt/ohpc/pub/compiler/conda/latest/lib/python3.12/multiprocessing/util.py", line 227, in __call__
    res = self._callback(*self._args, **self._kwargs)
          ^^^^^^^^^^^^^^^^^^^^^^^^^^^^^^^^^^^^^^^^^^^
  File "/opt/ohpc/pub/compiler/conda/latest/lib/python3.12/multiprocessing/util.py", line 136, in _remove_temp_dir
    rmtree(tempdir, onerror=onerror)
  File "/opt/ohpc/pub/compiler/conda/latest/lib/python3.12/shutil.py", line 759, in rmtree
    _rmtree_safe_fd(stack, onexc)
  File "/opt/ohpc/pub/compiler/conda/latest/lib/python3.12/shutil.py", line 703, in _rmtree_safe_fd
    onexc(func, path, err)
  File "/opt/ohpc/pub/compiler/conda/latest/lib/python3.12/shutil.py", line 750, in onexc
    return onerror(func, path, exc_info)
           ^^^^^^^^^^^^^^^^^^^^^^^^^^^^^
  File "/opt/ohpc/pub/compiler/conda/latest/lib/python3.12/shutil.py", line 700, in _rmtree_safe_fd
    onexc(os.unlink, fullname, err)
  File "/opt/ohpc/pub/compiler/conda/latest/lib/python3.12/shutil.py", line 750, in onexc
    return onerror(func, path, exc_info)
           ^^^^^^^^^^^^^^^^^^^^^^^^^^^^^
Traceback (most recent call last):
  File "/opt/ohpc/pub/compiler/conda/latest/lib/python3.12/shutil.py", line 698, in _rmtree_safe_fd
    os.unlink(entry.name, dir_fd=topfd)
OSError: [Errno 16] Device or resource busy: '/tmp/pymp-ni7594we'
  File "/opt/ohpc/pub/compiler/conda/latest/lib/python3.12/multiprocessing/util.py", line 303, in _run_finalizers
    finalizer()
  File "/opt/ohpc/pub/compiler/conda/latest/lib/python3.12/multiprocessing/util.py", line 227, in __call__
    res = self._callback(*self._args, **self._kwargs)
          ^^^^^^^^^^^^^^^^^^^^^^^^^^^^^^^^^^^^^^^^^^^
  File "/opt/ohpc/pub/compiler/conda/latest/lib/python3.12/multiprocessing/util.py", line 303, in _run_finalizers
    finalizer()
  File "/opt/ohpc/pub/compiler/conda/latest/lib/python3.12/multiprocessing/util.py", line 136, in _remove_temp_dir
    rmtree(tempdir, onerror=onerror)
  File "/opt/ohpc/pub/compiler/conda/latest/lib/python3.12/shutil.py", line 759, in rmtree
    _rmtree_safe_fd(stack, onexc)
  File "/opt/ohpc/pub/compiler/conda/latest/lib/python3.12/multiprocessing/util.py", line 303, in _run_finalizers
    finalizer()
  File "/opt/ohpc/pub/compiler/conda/latest/lib/python3.12/shutil.py", line 703, in _rmtree_safe_fd
    onexc(func, path, err)
  File "/opt/ohpc/pub/compiler/conda/latest/lib/python3.12/multiprocessing/util.py", line 227, in __call__
    res = self._callback(*self._args, **self._kwargs)
          ^^^^^^^^^^^^^^^^^^^^^^^^^^^^^^^^^^^^^^^^^^^
  File "/opt/ohpc/pub/compiler/conda/latest/lib/python3.12/shutil.py", line 750, in onexc
    return onerror(func, path, exc_info)
           ^^^^^^^^^^^^^^^^^^^^^^^^^^^^^
  File "/opt/ohpc/pub/compiler/conda/latest/lib/python3.12/multiprocessing/util.py", line 136, in _remove_temp_dir
    rmtree(tempdir, onerror=onerror)
  File "/opt/ohpc/pub/compiler/conda/latest/lib/python3.12/shutil.py", line 700, in _rmtree_safe_fd
    onexc(os.unlink, fullname, err)
  File "/opt/ohpc/pub/compiler/conda/latest/lib/python3.12/multiprocessing/util.py", line 227, in __call__
    res = self._callback(*self._args, **self._kwargs)
          ^^^^^^^^^^^^^^^^^^^^^^^^^^^^^^^^^^^^^^^^^^^
  File "/opt/ohpc/pub/compiler/conda/latest/lib/python3.12/shutil.py", line 759, in rmtree
    _rmtree_safe_fd(stack, onexc)
  File "/opt/ohpc/pub/compiler/conda/latest/lib/python3.12/shutil.py", line 750, in onexc
    return onerror(func, path, exc_info)
           ^^^^^^^^^^^^^^^^^^^^^^^^^^^^^
  File "/opt/ohpc/pub/compiler/conda/latest/lib/python3.12/shutil.py", line 703, in _rmtree_safe_fd
    onexc(func, path, err)
  File "/opt/ohpc/pub/compiler/conda/latest/lib/python3.12/multiprocessing/util.py", line 136, in _remove_temp_dir
    rmtree(tempdir, onerror=onerror)
  File "/opt/ohpc/pub/compiler/conda/latest/lib/python3.12/shutil.py", line 698, in _rmtree_safe_fd
    os.unlink(entry.name, dir_fd=topfd)
  File "/opt/ohpc/pub/compiler/conda/latest/lib/python3.12/shutil.py", line 750, in onexc
    return onerror(func, path, exc_info)
           ^^^^^^^^^^^^^^^^^^^^^^^^^^^^^
  File "/opt/ohpc/pub/compiler/conda/latest/lib/python3.12/shutil.py", line 759, in rmtree
    _rmtree_safe_fd(stack, onexc)
  File "/opt/ohpc/pub/compiler/conda/latest/lib/python3.12/shutil.py", line 700, in _rmtree_safe_fd
    onexc(os.unlink, fullname, err)
  File "/opt/ohpc/pub/compiler/conda/latest/lib/python3.12/shutil.py", line 703, in _rmtree_safe_fd
    onexc(func, path, err)
  File "/opt/ohpc/pub/compiler/conda/latest/lib/python3.12/shutil.py", line 750, in onexc
    return onerror(func, path, exc_info)
           ^^^^^^^^^^^^^^^^^^^^^^^^^^^^^
  File "/opt/ohpc/pub/compiler/conda/latest/lib/python3.12/shutil.py", line 750, in onexc
    return onerror(func, path, exc_info)
           ^^^^^^^^^^^^^^^^^^^^^^^^^^^^^
  File "/opt/ohpc/pub/compiler/conda/latest/lib/python3.12/shutil.py", line 698, in _rmtree_safe_fd
    os.unlink(entry.name, dir_fd=topfd)
  File "/opt/ohpc/pub/compiler/conda/latest/lib/python3.12/shutil.py", line 700, in _rmtree_safe_fd
    onexc(os.unlink, fullname, err)
OSError: [Errno 16] Device or resource busy: '/tmp/pymp-a43857pu'
  File "/opt/ohpc/pub/compiler/conda/latest/lib/python3.12/shutil.py", line 750, in onexc
    return onerror(func, path, exc_info)
           ^^^^^^^^^^^^^^^^^^^^^^^^^^^^^
Traceback (most recent call last):
  File "/opt/ohpc/pub/compiler/conda/latest/lib/python3.12/shutil.py", line 698, in _rmtree_safe_fd
    os.unlink(entry.name, dir_fd=topfd)
OSError: [Errno 16] Device or resource busy: '/tmp/pymp-cmwu9q47'
OSError: [Errno 16] Device or resource busy: '/tmp/pymp-al2f5hy7'
  File "/opt/ohpc/pub/compiler/conda/latest/lib/python3.12/multiprocessing/util.py", line 303, in _run_finalizers
    finalizer()
  File "/opt/ohpc/pub/compiler/conda/latest/lib/python3.12/multiprocessing/util.py", line 227, in __call__
    res = self._callback(*self._args, **self._kwargs)
          ^^^^^^^^^^^^^^^^^^^^^^^^^^^^^^^^^^^^^^^^^^^
  File "/opt/ohpc/pub/compiler/conda/latest/lib/python3.12/multiprocessing/util.py", line 136, in _remove_temp_dir
    rmtree(tempdir, onerror=onerror)
  File "/opt/ohpc/pub/compiler/conda/latest/lib/python3.12/shutil.py", line 759, in rmtree
    _rmtree_safe_fd(stack, onexc)
  File "/opt/ohpc/pub/compiler/conda/latest/lib/python3.12/shutil.py", line 703, in _rmtree_safe_fd
    onexc(func, path, err)
  File "/opt/ohpc/pub/compiler/conda/latest/lib/python3.12/shutil.py", line 750, in onexc
    return onerror(func, path, exc_info)
           ^^^^^^^^^^^^^^^^^^^^^^^^^^^^^
  File "/opt/ohpc/pub/compiler/conda/latest/lib/python3.12/shutil.py", line 700, in _rmtree_safe_fd
    onexc(os.unlink, fullname, err)
  File "/opt/ohpc/pub/compiler/conda/latest/lib/python3.12/shutil.py", line 750, in onexc
    return onerror(func, path, exc_info)
           ^^^^^^^^^^^^^^^^^^^^^^^^^^^^^
  File "/opt/ohpc/pub/compiler/conda/latest/lib/python3.12/shutil.py", line 698, in _rmtree_safe_fd
    os.unlink(entry.name, dir_fd=topfd)
OSError: [Errno 16] Device or resource busy: '/tmp/pymp-24iuep01'
  File "/opt/ohpc/pub/compiler/conda/latest/lib/python3.12/multiprocessing/util.py", line 303, in _run_finalizers
    finalizer()
  File "/opt/ohpc/pub/compiler/conda/latest/lib/python3.12/multiprocessing/util.py", line 227, in __call__
    res = self._callback(*self._args, **self._kwargs)
          ^^^^^^^^^^^^^^^^^^^^^^^^^^^^^^^^^^^^^^^^^^^
  File "/opt/ohpc/pub/compiler/conda/latest/lib/python3.12/multiprocessing/util.py", line 136, in _remove_temp_dir
    rmtree(tempdir, onerror=onerror)
  File "/opt/ohpc/pub/compiler/conda/latest/lib/python3.12/shutil.py", line 759, in rmtree
    _rmtree_safe_fd(stack, onexc)
  File "/opt/ohpc/pub/compiler/conda/latest/lib/python3.12/shutil.py", line 703, in _rmtree_safe_fd
    onexc(func, path, err)
  File "/opt/ohpc/pub/compiler/conda/latest/lib/python3.12/shutil.py", line 750, in onexc
    return onerror(func, path, exc_info)
           ^^^^^^^^^^^^^^^^^^^^^^^^^^^^^
  File "/opt/ohpc/pub/compiler/conda/latest/lib/python3.12/shutil.py", line 700, in _rmtree_safe_fd
    onexc(os.unlink, fullname, err)
  File "/opt/ohpc/pub/compiler/conda/latest/lib/python3.12/shutil.py", line 750, in onexc
    return onerror(func, path, exc_info)
           ^^^^^^^^^^^^^^^^^^^^^^^^^^^^^
  File "/opt/ohpc/pub/compiler/conda/latest/lib/python3.12/shutil.py", line 698, in _rmtree_safe_fd
    os.unlink(entry.name, dir_fd=topfd)
OSError: [Errno 16] Device or resource busy: '/tmp/pymp-gpcaz7sz'
  File "/opt/ohpc/pub/compiler/conda/latest/lib/python3.12/multiprocessing/util.py", line 303, in _run_finalizers
    finalizer()
  File "/opt/ohpc/pub/compiler/conda/latest/lib/python3.12/multiprocessing/util.py", line 227, in __call__
    res = self._callback(*self._args, **self._kwargs)
          ^^^^^^^^^^^^^^^^^^^^^^^^^^^^^^^^^^^^^^^^^^^
  File "/opt/ohpc/pub/compiler/conda/latest/lib/python3.12/multiprocessing/util.py", line 136, in _remove_temp_dir
    rmtree(tempdir, onerror=onerror)
  File "/opt/ohpc/pub/compiler/conda/latest/lib/python3.12/shutil.py", line 759, in rmtree
    _rmtree_safe_fd(stack, onexc)
  File "/opt/ohpc/pub/compiler/conda/latest/lib/python3.12/shutil.py", line 703, in _rmtree_safe_fd
    onexc(func, path, err)
  File "/opt/ohpc/pub/compiler/conda/latest/lib/python3.12/shutil.py", line 750, in onexc
    return onerror(func, path, exc_info)
           ^^^^^^^^^^^^^^^^^^^^^^^^^^^^^
  File "/opt/ohpc/pub/compiler/conda/latest/lib/python3.12/shutil.py", line 700, in _rmtree_safe_fd
    onexc(os.unlink, fullname, err)
  File "/opt/ohpc/pub/compiler/conda/latest/lib/python3.12/shutil.py", line 750, in onexc
    return onerror(func, path, exc_info)
           ^^^^^^^^^^^^^^^^^^^^^^^^^^^^^
  File "/opt/ohpc/pub/compiler/conda/latest/lib/python3.12/shutil.py", line 698, in _rmtree_safe_fd
    os.unlink(entry.name, dir_fd=topfd)
OSError: [Errno 16] Device or resource busy: '/tmp/pymp-8c2v_9cz'
  File "/opt/ohpc/pub/compiler/conda/latest/lib/python3.12/multiprocessing/util.py", line 303, in _run_finalizers
    finalizer()
  File "/opt/ohpc/pub/compiler/conda/latest/lib/python3.12/multiprocessing/util.py", line 227, in __call__
    res = self._callback(*self._args, **self._kwargs)
          ^^^^^^^^^^^^^^^^^^^^^^^^^^^^^^^^^^^^^^^^^^^
  File "/opt/ohpc/pub/compiler/conda/latest/lib/python3.12/multiprocessing/util.py", line 136, in _remove_temp_dir
    rmtree(tempdir, onerror=onerror)
  File "/opt/ohpc/pub/compiler/conda/latest/lib/python3.12/shutil.py", line 759, in rmtree
    _rmtree_safe_fd(stack, onexc)
  File "/opt/ohpc/pub/compiler/conda/latest/lib/python3.12/shutil.py", line 703, in _rmtree_safe_fd
    onexc(func, path, err)
  File "/opt/ohpc/pub/compiler/conda/latest/lib/python3.12/shutil.py", line 750, in onexc
    return onerror(func, path, exc_info)
           ^^^^^^^^^^^^^^^^^^^^^^^^^^^^^
  File "/opt/ohpc/pub/compiler/conda/latest/lib/python3.12/shutil.py", line 700, in _rmtree_safe_fd
    onexc(os.unlink, fullname, err)
  File "/opt/ohpc/pub/compiler/conda/latest/lib/python3.12/shutil.py", line 750, in onexc
    return onerror(func, path, exc_info)
           ^^^^^^^^^^^^^^^^^^^^^^^^^^^^^
  File "/opt/ohpc/pub/compiler/conda/latest/lib/python3.12/shutil.py", line 698, in _rmtree_safe_fd
    os.unlink(entry.name, dir_fd=topfd)
  File "/opt/ohpc/pub/compiler/conda/latest/lib/python3.12/multiprocessing/util.py", line 303, in _run_finalizers
    finalizer()
OSError: [Errno 16] Device or resource busy: '/tmp/pymp-v1v1tiy5'
  File "/opt/ohpc/pub/compiler/conda/latest/lib/python3.12/multiprocessing/util.py", line 227, in __call__
    res = self._callback(*self._args, **self._kwargs)
          ^^^^^^^^^^^^^^^^^^^^^^^^^^^^^^^^^^^^^^^^^^^
  File "/opt/ohpc/pub/compiler/conda/latest/lib/python3.12/multiprocessing/util.py", line 136, in _remove_temp_dir
    rmtree(tempdir, onerror=onerror)
  File "/opt/ohpc/pub/compiler/conda/latest/lib/python3.12/shutil.py", line 759, in rmtree
    _rmtree_safe_fd(stack, onexc)
  File "/opt/ohpc/pub/compiler/conda/latest/lib/python3.12/shutil.py", line 703, in _rmtree_safe_fd
    onexc(func, path, err)
  File "/opt/ohpc/pub/compiler/conda/latest/lib/python3.12/shutil.py", line 750, in onexc
    return onerror(func, path, exc_info)
           ^^^^^^^^^^^^^^^^^^^^^^^^^^^^^
  File "/opt/ohpc/pub/compiler/conda/latest/lib/python3.12/shutil.py", line 700, in _rmtree_safe_fd
    onexc(os.unlink, fullname, err)
  File "/opt/ohpc/pub/compiler/conda/latest/lib/python3.12/shutil.py", line 750, in onexc
    return onerror(func, path, exc_info)
           ^^^^^^^^^^^^^^^^^^^^^^^^^^^^^
  File "/opt/ohpc/pub/compiler/conda/latest/lib/python3.12/shutil.py", line 698, in _rmtree_safe_fd
    os.unlink(entry.name, dir_fd=topfd)
OSError: [Errno 16] Device or resource busy: '/tmp/pymp-nwdu6y9v'
  File "/opt/ohpc/pub/compiler/conda/latest/lib/python3.12/multiprocessing/util.py", line 303, in _run_finalizers
    finalizer()
  File "/opt/ohpc/pub/compiler/conda/latest/lib/python3.12/multiprocessing/util.py", line 227, in __call__
    res = self._callback(*self._args, **self._kwargs)
          ^^^^^^^^^^^^^^^^^^^^^^^^^^^^^^^^^^^^^^^^^^^
  File "/opt/ohpc/pub/compiler/conda/latest/lib/python3.12/multiprocessing/util.py", line 136, in _remove_temp_dir
    rmtree(tempdir, onerror=onerror)
  File "/opt/ohpc/pub/compiler/conda/latest/lib/python3.12/shutil.py", line 759, in rmtree
    _rmtree_safe_fd(stack, onexc)
  File "/opt/ohpc/pub/compiler/conda/latest/lib/python3.12/shutil.py", line 703, in _rmtree_safe_fd
    onexc(func, path, err)
  File "/opt/ohpc/pub/compiler/conda/latest/lib/python3.12/shutil.py", line 750, in onexc
    return onerror(func, path, exc_info)
           ^^^^^^^^^^^^^^^^^^^^^^^^^^^^^
  File "/opt/ohpc/pub/compiler/conda/latest/lib/python3.12/shutil.py", line 700, in _rmtree_safe_fd
    onexc(os.unlink, fullname, err)
  File "/opt/ohpc/pub/compiler/conda/latest/lib/python3.12/shutil.py", line 750, in onexc
    return onerror(func, path, exc_info)
           ^^^^^^^^^^^^^^^^^^^^^^^^^^^^^
  File "/opt/ohpc/pub/compiler/conda/latest/lib/python3.12/shutil.py", line 698, in _rmtree_safe_fd
    os.unlink(entry.name, dir_fd=topfd)
OSError: [Errno 16] Device or resource busy: '/tmp/pymp-wjhb4cpz'
Traceback (most recent call last):
Traceback (most recent call last):
Traceback (most recent call last):
Traceback (most recent call last):
Traceback (most recent call last):
Traceback (most recent call last):
Traceback (most recent call last):
Traceback (most recent call last):
  File "/opt/ohpc/pub/compiler/conda/latest/lib/python3.12/multiprocessing/util.py", line 303, in _run_finalizers
    finalizer()
  File "/opt/ohpc/pub/compiler/conda/latest/lib/python3.12/multiprocessing/util.py", line 303, in _run_finalizers
    finalizer()
  File "/opt/ohpc/pub/compiler/conda/latest/lib/python3.12/multiprocessing/util.py", line 303, in _run_finalizers
    finalizer()
  File "/opt/ohpc/pub/compiler/conda/latest/lib/python3.12/multiprocessing/util.py", line 303, in _run_finalizers
    finalizer()
  File "/opt/ohpc/pub/compiler/conda/latest/lib/python3.12/multiprocessing/util.py", line 227, in __call__
    res = self._callback(*self._args, **self._kwargs)
          ^^^^^^^^^^^^^^^^^^^^^^^^^^^^^^^^^^^^^^^^^^^
  File "/opt/ohpc/pub/compiler/conda/latest/lib/python3.12/multiprocessing/util.py", line 227, in __call__
    res = self._callback(*self._args, **self._kwargs)
          ^^^^^^^^^^^^^^^^^^^^^^^^^^^^^^^^^^^^^^^^^^^
  File "/opt/ohpc/pub/compiler/conda/latest/lib/python3.12/multiprocessing/util.py", line 227, in __call__
    res = self._callback(*self._args, **self._kwargs)
          ^^^^^^^^^^^^^^^^^^^^^^^^^^^^^^^^^^^^^^^^^^^
  File "/opt/ohpc/pub/compiler/conda/latest/lib/python3.12/multiprocessing/util.py", line 227, in __call__
    res = self._callback(*self._args, **self._kwargs)
          ^^^^^^^^^^^^^^^^^^^^^^^^^^^^^^^^^^^^^^^^^^^
  File "/opt/ohpc/pub/compiler/conda/latest/lib/python3.12/multiprocessing/util.py", line 136, in _remove_temp_dir
    rmtree(tempdir, onerror=onerror)
  File "/opt/ohpc/pub/compiler/conda/latest/lib/python3.12/multiprocessing/util.py", line 136, in _remove_temp_dir
    rmtree(tempdir, onerror=onerror)
  File "/opt/ohpc/pub/compiler/conda/latest/lib/python3.12/multiprocessing/util.py", line 136, in _remove_temp_dir
    rmtree(tempdir, onerror=onerror)
  File "/opt/ohpc/pub/compiler/conda/latest/lib/python3.12/multiprocessing/util.py", line 136, in _remove_temp_dir
    rmtree(tempdir, onerror=onerror)
  File "/opt/ohpc/pub/compiler/conda/latest/lib/python3.12/shutil.py", line 759, in rmtree
    _rmtree_safe_fd(stack, onexc)
  File "/opt/ohpc/pub/compiler/conda/latest/lib/python3.12/shutil.py", line 759, in rmtree
    _rmtree_safe_fd(stack, onexc)
  File "/opt/ohpc/pub/compiler/conda/latest/lib/python3.12/shutil.py", line 759, in rmtree
    _rmtree_safe_fd(stack, onexc)
  File "/opt/ohpc/pub/compiler/conda/latest/lib/python3.12/shutil.py", line 759, in rmtree
    _rmtree_safe_fd(stack, onexc)
  File "/opt/ohpc/pub/compiler/conda/latest/lib/python3.12/shutil.py", line 703, in _rmtree_safe_fd
    onexc(func, path, err)
  File "/opt/ohpc/pub/compiler/conda/latest/lib/python3.12/shutil.py", line 703, in _rmtree_safe_fd
    onexc(func, path, err)
  File "/opt/ohpc/pub/compiler/conda/latest/lib/python3.12/shutil.py", line 703, in _rmtree_safe_fd
    onexc(func, path, err)
  File "/opt/ohpc/pub/compiler/conda/latest/lib/python3.12/shutil.py", line 703, in _rmtree_safe_fd
    onexc(func, path, err)
  File "/opt/ohpc/pub/compiler/conda/latest/lib/python3.12/shutil.py", line 750, in onexc
    return onerror(func, path, exc_info)
           ^^^^^^^^^^^^^^^^^^^^^^^^^^^^^
  File "/opt/ohpc/pub/compiler/conda/latest/lib/python3.12/shutil.py", line 750, in onexc
    return onerror(func, path, exc_info)
           ^^^^^^^^^^^^^^^^^^^^^^^^^^^^^
  File "/opt/ohpc/pub/compiler/conda/latest/lib/python3.12/shutil.py", line 750, in onexc
    return onerror(func, path, exc_info)
           ^^^^^^^^^^^^^^^^^^^^^^^^^^^^^
  File "/opt/ohpc/pub/compiler/conda/latest/lib/python3.12/shutil.py", line 750, in onexc
    return onerror(func, path, exc_info)
           ^^^^^^^^^^^^^^^^^^^^^^^^^^^^^
  File "/opt/ohpc/pub/compiler/conda/latest/lib/python3.12/shutil.py", line 700, in _rmtree_safe_fd
    onexc(os.unlink, fullname, err)
  File "/opt/ohpc/pub/compiler/conda/latest/lib/python3.12/shutil.py", line 700, in _rmtree_safe_fd
    onexc(os.unlink, fullname, err)
  File "/opt/ohpc/pub/compiler/conda/latest/lib/python3.12/shutil.py", line 700, in _rmtree_safe_fd
    onexc(os.unlink, fullname, err)
  File "/opt/ohpc/pub/compiler/conda/latest/lib/python3.12/shutil.py", line 750, in onexc
    return onerror(func, path, exc_info)
           ^^^^^^^^^^^^^^^^^^^^^^^^^^^^^
  File "/opt/ohpc/pub/compiler/conda/latest/lib/python3.12/shutil.py", line 700, in _rmtree_safe_fd
    onexc(os.unlink, fullname, err)
  File "/opt/ohpc/pub/compiler/conda/latest/lib/python3.12/shutil.py", line 750, in onexc
    return onerror(func, path, exc_info)
           ^^^^^^^^^^^^^^^^^^^^^^^^^^^^^
  File "/opt/ohpc/pub/compiler/conda/latest/lib/python3.12/shutil.py", line 750, in onexc
    return onerror(func, path, exc_info)
           ^^^^^^^^^^^^^^^^^^^^^^^^^^^^^
  File "/opt/ohpc/pub/compiler/conda/latest/lib/python3.12/shutil.py", line 698, in _rmtree_safe_fd
    os.unlink(entry.name, dir_fd=topfd)
  File "/opt/ohpc/pub/compiler/conda/latest/lib/python3.12/shutil.py", line 750, in onexc
    return onerror(func, path, exc_info)
           ^^^^^^^^^^^^^^^^^^^^^^^^^^^^^
  File "/opt/ohpc/pub/compiler/conda/latest/lib/python3.12/shutil.py", line 698, in _rmtree_safe_fd
    os.unlink(entry.name, dir_fd=topfd)
  File "/opt/ohpc/pub/compiler/conda/latest/lib/python3.12/shutil.py", line 698, in _rmtree_safe_fd
    os.unlink(entry.name, dir_fd=topfd)
  File "/opt/ohpc/pub/compiler/conda/latest/lib/python3.12/shutil.py", line 698, in _rmtree_safe_fd
    os.unlink(entry.name, dir_fd=topfd)
OSError: [Errno 16] Device or resource busy: '/tmp/pymp-dsixuohz'
  File "/opt/ohpc/pub/compiler/conda/latest/lib/python3.12/multiprocessing/util.py", line 303, in _run_finalizers
    finalizer()
OSError: [Errno 16] Device or resource busy: '/tmp/pymp-r9tcppt1'
OSError: [Errno 16] Device or resource busy: '/tmp/pymp-puua54lz'
OSError: [Errno 16] Device or resource busy: '/tmp/pymp-_5psupr_'
  File "/opt/ohpc/pub/compiler/conda/latest/lib/python3.12/multiprocessing/util.py", line 227, in __call__
    res = self._callback(*self._args, **self._kwargs)
          ^^^^^^^^^^^^^^^^^^^^^^^^^^^^^^^^^^^^^^^^^^^
  File "/opt/ohpc/pub/compiler/conda/latest/lib/python3.12/multiprocessing/util.py", line 136, in _remove_temp_dir
    rmtree(tempdir, onerror=onerror)
  File "/opt/ohpc/pub/compiler/conda/latest/lib/python3.12/multiprocessing/util.py", line 303, in _run_finalizers
    finalizer()
  File "/opt/ohpc/pub/compiler/conda/latest/lib/python3.12/shutil.py", line 759, in rmtree
    _rmtree_safe_fd(stack, onexc)
  File "/opt/ohpc/pub/compiler/conda/latest/lib/python3.12/shutil.py", line 703, in _rmtree_safe_fd
    onexc(func, path, err)
  File "/opt/ohpc/pub/compiler/conda/latest/lib/python3.12/shutil.py", line 750, in onexc
    return onerror(func, path, exc_info)
           ^^^^^^^^^^^^^^^^^^^^^^^^^^^^^
  File "/opt/ohpc/pub/compiler/conda/latest/lib/python3.12/multiprocessing/util.py", line 227, in __call__
    res = self._callback(*self._args, **self._kwargs)
          ^^^^^^^^^^^^^^^^^^^^^^^^^^^^^^^^^^^^^^^^^^^
  File "/opt/ohpc/pub/compiler/conda/latest/lib/python3.12/shutil.py", line 700, in _rmtree_safe_fd
    onexc(os.unlink, fullname, err)
  File "/opt/ohpc/pub/compiler/conda/latest/lib/python3.12/multiprocessing/util.py", line 136, in _remove_temp_dir
    rmtree(tempdir, onerror=onerror)
  File "/opt/ohpc/pub/compiler/conda/latest/lib/python3.12/shutil.py", line 750, in onexc
    return onerror(func, path, exc_info)
           ^^^^^^^^^^^^^^^^^^^^^^^^^^^^^
  File "/opt/ohpc/pub/compiler/conda/latest/lib/python3.12/shutil.py", line 759, in rmtree
    _rmtree_safe_fd(stack, onexc)
  File "/opt/ohpc/pub/compiler/conda/latest/lib/python3.12/shutil.py", line 698, in _rmtree_safe_fd
    os.unlink(entry.name, dir_fd=topfd)
  File "/opt/ohpc/pub/compiler/conda/latest/lib/python3.12/shutil.py", line 703, in _rmtree_safe_fd
    onexc(func, path, err)
  File "/opt/ohpc/pub/compiler/conda/latest/lib/python3.12/shutil.py", line 750, in onexc
    return onerror(func, path, exc_info)
           ^^^^^^^^^^^^^^^^^^^^^^^^^^^^^
  File "/opt/ohpc/pub/compiler/conda/latest/lib/python3.12/shutil.py", line 700, in _rmtree_safe_fd
    onexc(os.unlink, fullname, err)
  File "/opt/ohpc/pub/compiler/conda/latest/lib/python3.12/shutil.py", line 750, in onexc
    return onerror(func, path, exc_info)
           ^^^^^^^^^^^^^^^^^^^^^^^^^^^^^
  File "/opt/ohpc/pub/compiler/conda/latest/lib/python3.12/shutil.py", line 698, in _rmtree_safe_fd
    os.unlink(entry.name, dir_fd=topfd)
OSError: [Errno 16] Device or resource busy: '/tmp/pymp-vn2qrghc'
Traceback (most recent call last):
OSError: [Errno 16] Device or resource busy: '/tmp/pymp-k1lqan34'
  File "/opt/ohpc/pub/compiler/conda/latest/lib/python3.12/multiprocessing/util.py", line 303, in _run_finalizers
    finalizer()
  File "/opt/ohpc/pub/compiler/conda/latest/lib/python3.12/multiprocessing/util.py", line 227, in __call__
    res = self._callback(*self._args, **self._kwargs)
          ^^^^^^^^^^^^^^^^^^^^^^^^^^^^^^^^^^^^^^^^^^^
  File "/opt/ohpc/pub/compiler/conda/latest/lib/python3.12/multiprocessing/util.py", line 136, in _remove_temp_dir
    rmtree(tempdir, onerror=onerror)
  File "/opt/ohpc/pub/compiler/conda/latest/lib/python3.12/shutil.py", line 759, in rmtree
    _rmtree_safe_fd(stack, onexc)
  File "/opt/ohpc/pub/compiler/conda/latest/lib/python3.12/shutil.py", line 703, in _rmtree_safe_fd
    onexc(func, path, err)
  File "/opt/ohpc/pub/compiler/conda/latest/lib/python3.12/shutil.py", line 750, in onexc
    return onerror(func, path, exc_info)
           ^^^^^^^^^^^^^^^^^^^^^^^^^^^^^
  File "/opt/ohpc/pub/compiler/conda/latest/lib/python3.12/shutil.py", line 700, in _rmtree_safe_fd
    onexc(os.unlink, fullname, err)
  File "/opt/ohpc/pub/compiler/conda/latest/lib/python3.12/shutil.py", line 750, in onexc
    return onerror(func, path, exc_info)
           ^^^^^^^^^^^^^^^^^^^^^^^^^^^^^
  File "/opt/ohpc/pub/compiler/conda/latest/lib/python3.12/shutil.py", line 698, in _rmtree_safe_fd
    os.unlink(entry.name, dir_fd=topfd)
OSError: [Errno 16] Device or resource busy: '/tmp/pymp-tyoj45nf'
  File "/opt/ohpc/pub/compiler/conda/latest/lib/python3.12/multiprocessing/util.py", line 303, in _run_finalizers
    finalizer()
  File "/opt/ohpc/pub/compiler/conda/latest/lib/python3.12/multiprocessing/util.py", line 227, in __call__
    res = self._callback(*self._args, **self._kwargs)
          ^^^^^^^^^^^^^^^^^^^^^^^^^^^^^^^^^^^^^^^^^^^
  File "/opt/ohpc/pub/compiler/conda/latest/lib/python3.12/multiprocessing/util.py", line 136, in _remove_temp_dir
    rmtree(tempdir, onerror=onerror)
  File "/opt/ohpc/pub/compiler/conda/latest/lib/python3.12/shutil.py", line 759, in rmtree
    _rmtree_safe_fd(stack, onexc)
  File "/opt/ohpc/pub/compiler/conda/latest/lib/python3.12/shutil.py", line 703, in _rmtree_safe_fd
    onexc(func, path, err)
  File "/opt/ohpc/pub/compiler/conda/latest/lib/python3.12/shutil.py", line 750, in onexc
    return onerror(func, path, exc_info)
           ^^^^^^^^^^^^^^^^^^^^^^^^^^^^^
  File "/opt/ohpc/pub/compiler/conda/latest/lib/python3.12/shutil.py", line 700, in _rmtree_safe_fd
    onexc(os.unlink, fullname, err)
  File "/opt/ohpc/pub/compiler/conda/latest/lib/python3.12/shutil.py", line 750, in onexc
    return onerror(func, path, exc_info)
           ^^^^^^^^^^^^^^^^^^^^^^^^^^^^^
  File "/opt/ohpc/pub/compiler/conda/latest/lib/python3.12/shutil.py", line 698, in _rmtree_safe_fd
    os.unlink(entry.name, dir_fd=topfd)
OSError: [Errno 16] Device or resource busy: '/tmp/pymp-tsk45zh8'
  File "/opt/ohpc/pub/compiler/conda/latest/lib/python3.12/multiprocessing/util.py", line 303, in _run_finalizers
    finalizer()
  File "/opt/ohpc/pub/compiler/conda/latest/lib/python3.12/multiprocessing/util.py", line 227, in __call__
    res = self._callback(*self._args, **self._kwargs)
          ^^^^^^^^^^^^^^^^^^^^^^^^^^^^^^^^^^^^^^^^^^^
  File "/opt/ohpc/pub/compiler/conda/latest/lib/python3.12/multiprocessing/util.py", line 136, in _remove_temp_dir
    rmtree(tempdir, onerror=onerror)
  File "/opt/ohpc/pub/compiler/conda/latest/lib/python3.12/shutil.py", line 759, in rmtree
    _rmtree_safe_fd(stack, onexc)
  File "/opt/ohpc/pub/compiler/conda/latest/lib/python3.12/shutil.py", line 703, in _rmtree_safe_fd
    onexc(func, path, err)
  File "/opt/ohpc/pub/compiler/conda/latest/lib/python3.12/shutil.py", line 750, in onexc
    return onerror(func, path, exc_info)
           ^^^^^^^^^^^^^^^^^^^^^^^^^^^^^
  File "/opt/ohpc/pub/compiler/conda/latest/lib/python3.12/shutil.py", line 700, in _rmtree_safe_fd
    onexc(os.unlink, fullname, err)
  File "/opt/ohpc/pub/compiler/conda/latest/lib/python3.12/shutil.py", line 750, in onexc
    return onerror(func, path, exc_info)
           ^^^^^^^^^^^^^^^^^^^^^^^^^^^^^
  File "/opt/ohpc/pub/compiler/conda/latest/lib/python3.12/shutil.py", line 698, in _rmtree_safe_fd
    os.unlink(entry.name, dir_fd=topfd)
Traceback (most recent call last):
OSError: [Errno 16] Device or resource busy: '/tmp/pymp-0il0im3a'
  File "/opt/ohpc/pub/compiler/conda/latest/lib/python3.12/multiprocessing/util.py", line 303, in _run_finalizers
    finalizer()
  File "/opt/ohpc/pub/compiler/conda/latest/lib/python3.12/multiprocessing/util.py", line 227, in __call__
    res = self._callback(*self._args, **self._kwargs)
          ^^^^^^^^^^^^^^^^^^^^^^^^^^^^^^^^^^^^^^^^^^^
  File "/opt/ohpc/pub/compiler/conda/latest/lib/python3.12/multiprocessing/util.py", line 136, in _remove_temp_dir
    rmtree(tempdir, onerror=onerror)
  File "/opt/ohpc/pub/compiler/conda/latest/lib/python3.12/shutil.py", line 759, in rmtree
    _rmtree_safe_fd(stack, onexc)
  File "/opt/ohpc/pub/compiler/conda/latest/lib/python3.12/shutil.py", line 703, in _rmtree_safe_fd
    onexc(func, path, err)
  File "/opt/ohpc/pub/compiler/conda/latest/lib/python3.12/shutil.py", line 750, in onexc
    return onerror(func, path, exc_info)
           ^^^^^^^^^^^^^^^^^^^^^^^^^^^^^
  File "/opt/ohpc/pub/compiler/conda/latest/lib/python3.12/shutil.py", line 700, in _rmtree_safe_fd
    onexc(os.unlink, fullname, err)
  File "/opt/ohpc/pub/compiler/conda/latest/lib/python3.12/shutil.py", line 750, in onexc
    return onerror(func, path, exc_info)
           ^^^^^^^^^^^^^^^^^^^^^^^^^^^^^
  File "/opt/ohpc/pub/compiler/conda/latest/lib/python3.12/shutil.py", line 698, in _rmtree_safe_fd
    os.unlink(entry.name, dir_fd=topfd)
OSError: [Errno 16] Device or resource busy: '/tmp/pymp-p2m_dpuh'
Traceback (most recent call last):
  File "/opt/ohpc/pub/compiler/conda/latest/lib/python3.12/multiprocessing/util.py", line 303, in _run_finalizers
    finalizer()
  File "/opt/ohpc/pub/compiler/conda/latest/lib/python3.12/multiprocessing/util.py", line 227, in __call__
    res = self._callback(*self._args, **self._kwargs)
          ^^^^^^^^^^^^^^^^^^^^^^^^^^^^^^^^^^^^^^^^^^^
  File "/opt/ohpc/pub/compiler/conda/latest/lib/python3.12/multiprocessing/util.py", line 136, in _remove_temp_dir
    rmtree(tempdir, onerror=onerror)
  File "/opt/ohpc/pub/compiler/conda/latest/lib/python3.12/shutil.py", line 759, in rmtree
    _rmtree_safe_fd(stack, onexc)
  File "/opt/ohpc/pub/compiler/conda/latest/lib/python3.12/shutil.py", line 703, in _rmtree_safe_fd
    onexc(func, path, err)
  File "/opt/ohpc/pub/compiler/conda/latest/lib/python3.12/shutil.py", line 750, in onexc
    return onerror(func, path, exc_info)
           ^^^^^^^^^^^^^^^^^^^^^^^^^^^^^
  File "/opt/ohpc/pub/compiler/conda/latest/lib/python3.12/shutil.py", line 700, in _rmtree_safe_fd
    onexc(os.unlink, fullname, err)
  File "/opt/ohpc/pub/compiler/conda/latest/lib/python3.12/shutil.py", line 750, in onexc
    return onerror(func, path, exc_info)
           ^^^^^^^^^^^^^^^^^^^^^^^^^^^^^
  File "/opt/ohpc/pub/compiler/conda/latest/lib/python3.12/shutil.py", line 698, in _rmtree_safe_fd
    os.unlink(entry.name, dir_fd=topfd)
OSError: [Errno 16] Device or resource busy: '/tmp/pymp-h0jzawau'
Traceback (most recent call last):
  File "/opt/ohpc/pub/compiler/conda/latest/lib/python3.12/multiprocessing/util.py", line 303, in _run_finalizers
    finalizer()
  File "/opt/ohpc/pub/compiler/conda/latest/lib/python3.12/multiprocessing/util.py", line 227, in __call__
    res = self._callback(*self._args, **self._kwargs)
          ^^^^^^^^^^^^^^^^^^^^^^^^^^^^^^^^^^^^^^^^^^^
  File "/opt/ohpc/pub/compiler/conda/latest/lib/python3.12/multiprocessing/util.py", line 136, in _remove_temp_dir
    rmtree(tempdir, onerror=onerror)
  File "/opt/ohpc/pub/compiler/conda/latest/lib/python3.12/shutil.py", line 759, in rmtree
    _rmtree_safe_fd(stack, onexc)
  File "/opt/ohpc/pub/compiler/conda/latest/lib/python3.12/shutil.py", line 703, in _rmtree_safe_fd
    onexc(func, path, err)
  File "/opt/ohpc/pub/compiler/conda/latest/lib/python3.12/shutil.py", line 750, in onexc
    return onerror(func, path, exc_info)
           ^^^^^^^^^^^^^^^^^^^^^^^^^^^^^
  File "/opt/ohpc/pub/compiler/conda/latest/lib/python3.12/shutil.py", line 700, in _rmtree_safe_fd
    onexc(os.unlink, fullname, err)
  File "/opt/ohpc/pub/compiler/conda/latest/lib/python3.12/shutil.py", line 750, in onexc
    return onerror(func, path, exc_info)
           ^^^^^^^^^^^^^^^^^^^^^^^^^^^^^
  File "/opt/ohpc/pub/compiler/conda/latest/lib/python3.12/shutil.py", line 698, in _rmtree_safe_fd
    os.unlink(entry.name, dir_fd=topfd)
OSError: [Errno 16] Device or resource busy: '/tmp/pymp-s3kau_r7'
Traceback (most recent call last):
  File "/opt/ohpc/pub/compiler/conda/latest/lib/python3.12/multiprocessing/util.py", line 303, in _run_finalizers
    finalizer()
  File "/opt/ohpc/pub/compiler/conda/latest/lib/python3.12/multiprocessing/util.py", line 227, in __call__
    res = self._callback(*self._args, **self._kwargs)
          ^^^^^^^^^^^^^^^^^^^^^^^^^^^^^^^^^^^^^^^^^^^
  File "/opt/ohpc/pub/compiler/conda/latest/lib/python3.12/multiprocessing/util.py", line 136, in _remove_temp_dir
    rmtree(tempdir, onerror=onerror)
  File "/opt/ohpc/pub/compiler/conda/latest/lib/python3.12/shutil.py", line 759, in rmtree
    _rmtree_safe_fd(stack, onexc)
  File "/opt/ohpc/pub/compiler/conda/latest/lib/python3.12/shutil.py", line 703, in _rmtree_safe_fd
    onexc(func, path, err)
  File "/opt/ohpc/pub/compiler/conda/latest/lib/python3.12/shutil.py", line 750, in onexc
    return onerror(func, path, exc_info)
           ^^^^^^^^^^^^^^^^^^^^^^^^^^^^^
  File "/opt/ohpc/pub/compiler/conda/latest/lib/python3.12/shutil.py", line 700, in _rmtree_safe_fd
    onexc(os.unlink, fullname, err)
  File "/opt/ohpc/pub/compiler/conda/latest/lib/python3.12/shutil.py", line 750, in onexc
    return onerror(func, path, exc_info)
           ^^^^^^^^^^^^^^^^^^^^^^^^^^^^^
  File "/opt/ohpc/pub/compiler/conda/latest/lib/python3.12/shutil.py", line 698, in _rmtree_safe_fd
    os.unlink(entry.name, dir_fd=topfd)
OSError: [Errno 16] Device or resource busy: '/tmp/pymp-pz35r766'
Traceback (most recent call last):
Traceback (most recent call last):
Traceback (most recent call last):
Traceback (most recent call last):
  File "/opt/ohpc/pub/compiler/conda/latest/lib/python3.12/multiprocessing/util.py", line 303, in _run_finalizers
    finalizer()
  File "/opt/ohpc/pub/compiler/conda/latest/lib/python3.12/multiprocessing/util.py", line 227, in __call__
    res = self._callback(*self._args, **self._kwargs)
          ^^^^^^^^^^^^^^^^^^^^^^^^^^^^^^^^^^^^^^^^^^^
  File "/opt/ohpc/pub/compiler/conda/latest/lib/python3.12/multiprocessing/util.py", line 136, in _remove_temp_dir
    rmtree(tempdir, onerror=onerror)
  File "/opt/ohpc/pub/compiler/conda/latest/lib/python3.12/shutil.py", line 759, in rmtree
    _rmtree_safe_fd(stack, onexc)
  File "/opt/ohpc/pub/compiler/conda/latest/lib/python3.12/shutil.py", line 703, in _rmtree_safe_fd
    onexc(func, path, err)
  File "/opt/ohpc/pub/compiler/conda/latest/lib/python3.12/shutil.py", line 750, in onexc
    return onerror(func, path, exc_info)
           ^^^^^^^^^^^^^^^^^^^^^^^^^^^^^
  File "/opt/ohpc/pub/compiler/conda/latest/lib/python3.12/shutil.py", line 700, in _rmtree_safe_fd
    onexc(os.unlink, fullname, err)
  File "/opt/ohpc/pub/compiler/conda/latest/lib/python3.12/shutil.py", line 750, in onexc
    return onerror(func, path, exc_info)
           ^^^^^^^^^^^^^^^^^^^^^^^^^^^^^
  File "/opt/ohpc/pub/compiler/conda/latest/lib/python3.12/shutil.py", line 698, in _rmtree_safe_fd
    os.unlink(entry.name, dir_fd=topfd)
OSError: [Errno 16] Device or resource busy: '/tmp/pymp-mgk2zk25'
  File "/opt/ohpc/pub/compiler/conda/latest/lib/python3.12/multiprocessing/util.py", line 303, in _run_finalizers
    finalizer()
  File "/opt/ohpc/pub/compiler/conda/latest/lib/python3.12/multiprocessing/util.py", line 227, in __call__
    res = self._callback(*self._args, **self._kwargs)
          ^^^^^^^^^^^^^^^^^^^^^^^^^^^^^^^^^^^^^^^^^^^
  File "/opt/ohpc/pub/compiler/conda/latest/lib/python3.12/multiprocessing/util.py", line 136, in _remove_temp_dir
    rmtree(tempdir, onerror=onerror)
  File "/opt/ohpc/pub/compiler/conda/latest/lib/python3.12/shutil.py", line 759, in rmtree
    _rmtree_safe_fd(stack, onexc)
  File "/opt/ohpc/pub/compiler/conda/latest/lib/python3.12/shutil.py", line 703, in _rmtree_safe_fd
    onexc(func, path, err)
  File "/opt/ohpc/pub/compiler/conda/latest/lib/python3.12/shutil.py", line 750, in onexc
    return onerror(func, path, exc_info)
           ^^^^^^^^^^^^^^^^^^^^^^^^^^^^^
  File "/opt/ohpc/pub/compiler/conda/latest/lib/python3.12/shutil.py", line 700, in _rmtree_safe_fd
    onexc(os.unlink, fullname, err)
  File "/opt/ohpc/pub/compiler/conda/latest/lib/python3.12/shutil.py", line 750, in onexc
    return onerror(func, path, exc_info)
           ^^^^^^^^^^^^^^^^^^^^^^^^^^^^^
  File "/opt/ohpc/pub/compiler/conda/latest/lib/python3.12/shutil.py", line 698, in _rmtree_safe_fd
    os.unlink(entry.name, dir_fd=topfd)
OSError: [Errno 16] Device or resource busy: '/tmp/pymp-mdk6quzt'
  File "/opt/ohpc/pub/compiler/conda/latest/lib/python3.12/multiprocessing/util.py", line 303, in _run_finalizers
    finalizer()
  File "/opt/ohpc/pub/compiler/conda/latest/lib/python3.12/multiprocessing/util.py", line 227, in __call__
    res = self._callback(*self._args, **self._kwargs)
          ^^^^^^^^^^^^^^^^^^^^^^^^^^^^^^^^^^^^^^^^^^^
  File "/opt/ohpc/pub/compiler/conda/latest/lib/python3.12/multiprocessing/util.py", line 136, in _remove_temp_dir
    rmtree(tempdir, onerror=onerror)
  File "/opt/ohpc/pub/compiler/conda/latest/lib/python3.12/shutil.py", line 759, in rmtree
    _rmtree_safe_fd(stack, onexc)
  File "/opt/ohpc/pub/compiler/conda/latest/lib/python3.12/shutil.py", line 703, in _rmtree_safe_fd
    onexc(func, path, err)
  File "/opt/ohpc/pub/compiler/conda/latest/lib/python3.12/multiprocessing/util.py", line 303, in _run_finalizers
    finalizer()
  File "/opt/ohpc/pub/compiler/conda/latest/lib/python3.12/shutil.py", line 750, in onexc
    return onerror(func, path, exc_info)
           ^^^^^^^^^^^^^^^^^^^^^^^^^^^^^
  File "/opt/ohpc/pub/compiler/conda/latest/lib/python3.12/shutil.py", line 700, in _rmtree_safe_fd
    onexc(os.unlink, fullname, err)
  File "/opt/ohpc/pub/compiler/conda/latest/lib/python3.12/multiprocessing/util.py", line 227, in __call__
    res = self._callback(*self._args, **self._kwargs)
          ^^^^^^^^^^^^^^^^^^^^^^^^^^^^^^^^^^^^^^^^^^^
  File "/opt/ohpc/pub/compiler/conda/latest/lib/python3.12/shutil.py", line 750, in onexc
    return onerror(func, path, exc_info)
           ^^^^^^^^^^^^^^^^^^^^^^^^^^^^^
  File "/opt/ohpc/pub/compiler/conda/latest/lib/python3.12/multiprocessing/util.py", line 136, in _remove_temp_dir
    rmtree(tempdir, onerror=onerror)
  File "/opt/ohpc/pub/compiler/conda/latest/lib/python3.12/shutil.py", line 698, in _rmtree_safe_fd
    os.unlink(entry.name, dir_fd=topfd)
  File "/opt/ohpc/pub/compiler/conda/latest/lib/python3.12/shutil.py", line 759, in rmtree
    _rmtree_safe_fd(stack, onexc)
  File "/opt/ohpc/pub/compiler/conda/latest/lib/python3.12/shutil.py", line 703, in _rmtree_safe_fd
    onexc(func, path, err)
  File "/opt/ohpc/pub/compiler/conda/latest/lib/python3.12/shutil.py", line 750, in onexc
    return onerror(func, path, exc_info)
           ^^^^^^^^^^^^^^^^^^^^^^^^^^^^^
  File "/opt/ohpc/pub/compiler/conda/latest/lib/python3.12/shutil.py", line 700, in _rmtree_safe_fd
    onexc(os.unlink, fullname, err)
  File "/opt/ohpc/pub/compiler/conda/latest/lib/python3.12/shutil.py", line 750, in onexc
    return onerror(func, path, exc_info)
           ^^^^^^^^^^^^^^^^^^^^^^^^^^^^^
OSError: [Errno 16] Device or resource busy: '/tmp/pymp-32n75_ru'
  File "/opt/ohpc/pub/compiler/conda/latest/lib/python3.12/shutil.py", line 698, in _rmtree_safe_fd
    os.unlink(entry.name, dir_fd=topfd)
OSError: [Errno 16] Device or resource busy: '/tmp/pymp-kkiqmwi6'
Traceback (most recent call last):
  File "/opt/ohpc/pub/compiler/conda/latest/lib/python3.12/multiprocessing/util.py", line 303, in _run_finalizers
    finalizer()
  File "/opt/ohpc/pub/compiler/conda/latest/lib/python3.12/multiprocessing/util.py", line 227, in __call__
    res = self._callback(*self._args, **self._kwargs)
          ^^^^^^^^^^^^^^^^^^^^^^^^^^^^^^^^^^^^^^^^^^^
  File "/opt/ohpc/pub/compiler/conda/latest/lib/python3.12/multiprocessing/util.py", line 136, in _remove_temp_dir
    rmtree(tempdir, onerror=onerror)
  File "/opt/ohpc/pub/compiler/conda/latest/lib/python3.12/shutil.py", line 759, in rmtree
    _rmtree_safe_fd(stack, onexc)
  File "/opt/ohpc/pub/compiler/conda/latest/lib/python3.12/shutil.py", line 703, in _rmtree_safe_fd
    onexc(func, path, err)
  File "/opt/ohpc/pub/compiler/conda/latest/lib/python3.12/shutil.py", line 750, in onexc
    return onerror(func, path, exc_info)
           ^^^^^^^^^^^^^^^^^^^^^^^^^^^^^
  File "/opt/ohpc/pub/compiler/conda/latest/lib/python3.12/shutil.py", line 700, in _rmtree_safe_fd
    onexc(os.unlink, fullname, err)
  File "/opt/ohpc/pub/compiler/conda/latest/lib/python3.12/shutil.py", line 750, in onexc
    return onerror(func, path, exc_info)
           ^^^^^^^^^^^^^^^^^^^^^^^^^^^^^
  File "/opt/ohpc/pub/compiler/conda/latest/lib/python3.12/shutil.py", line 698, in _rmtree_safe_fd
    os.unlink(entry.name, dir_fd=topfd)
Traceback (most recent call last):
OSError: [Errno 16] Device or resource busy: '/tmp/pymp-3tmthg4o'
  File "/opt/ohpc/pub/compiler/conda/latest/lib/python3.12/multiprocessing/util.py", line 303, in _run_finalizers
    finalizer()
  File "/opt/ohpc/pub/compiler/conda/latest/lib/python3.12/multiprocessing/util.py", line 227, in __call__
    res = self._callback(*self._args, **self._kwargs)
          ^^^^^^^^^^^^^^^^^^^^^^^^^^^^^^^^^^^^^^^^^^^
  File "/opt/ohpc/pub/compiler/conda/latest/lib/python3.12/multiprocessing/util.py", line 136, in _remove_temp_dir
    rmtree(tempdir, onerror=onerror)
  File "/opt/ohpc/pub/compiler/conda/latest/lib/python3.12/shutil.py", line 759, in rmtree
    _rmtree_safe_fd(stack, onexc)
  File "/opt/ohpc/pub/compiler/conda/latest/lib/python3.12/shutil.py", line 703, in _rmtree_safe_fd
    onexc(func, path, err)
  File "/opt/ohpc/pub/compiler/conda/latest/lib/python3.12/shutil.py", line 750, in onexc
    return onerror(func, path, exc_info)
           ^^^^^^^^^^^^^^^^^^^^^^^^^^^^^
  File "/opt/ohpc/pub/compiler/conda/latest/lib/python3.12/shutil.py", line 700, in _rmtree_safe_fd
    onexc(os.unlink, fullname, err)
  File "/opt/ohpc/pub/compiler/conda/latest/lib/python3.12/shutil.py", line 750, in onexc
    return onerror(func, path, exc_info)
           ^^^^^^^^^^^^^^^^^^^^^^^^^^^^^
  File "/opt/ohpc/pub/compiler/conda/latest/lib/python3.12/shutil.py", line 698, in _rmtree_safe_fd
    os.unlink(entry.name, dir_fd=topfd)
OSError: [Errno 16] Device or resource busy: '/tmp/pymp-tlszsbzp'
Traceback (most recent call last):
  File "/opt/ohpc/pub/compiler/conda/latest/lib/python3.12/multiprocessing/util.py", line 303, in _run_finalizers
    finalizer()
  File "/opt/ohpc/pub/compiler/conda/latest/lib/python3.12/multiprocessing/util.py", line 227, in __call__
    res = self._callback(*self._args, **self._kwargs)
          ^^^^^^^^^^^^^^^^^^^^^^^^^^^^^^^^^^^^^^^^^^^
  File "/opt/ohpc/pub/compiler/conda/latest/lib/python3.12/multiprocessing/util.py", line 136, in _remove_temp_dir
    rmtree(tempdir, onerror=onerror)
  File "/opt/ohpc/pub/compiler/conda/latest/lib/python3.12/shutil.py", line 759, in rmtree
    _rmtree_safe_fd(stack, onexc)
  File "/opt/ohpc/pub/compiler/conda/latest/lib/python3.12/shutil.py", line 703, in _rmtree_safe_fd
    onexc(func, path, err)
  File "/opt/ohpc/pub/compiler/conda/latest/lib/python3.12/shutil.py", line 750, in onexc
    return onerror(func, path, exc_info)
           ^^^^^^^^^^^^^^^^^^^^^^^^^^^^^
  File "/opt/ohpc/pub/compiler/conda/latest/lib/python3.12/shutil.py", line 700, in _rmtree_safe_fd
    onexc(os.unlink, fullname, err)
  File "/opt/ohpc/pub/compiler/conda/latest/lib/python3.12/shutil.py", line 750, in onexc
    return onerror(func, path, exc_info)
           ^^^^^^^^^^^^^^^^^^^^^^^^^^^^^
  File "/opt/ohpc/pub/compiler/conda/latest/lib/python3.12/shutil.py", line 698, in _rmtree_safe_fd
    os.unlink(entry.name, dir_fd=topfd)
OSError: [Errno 16] Device or resource busy: '/tmp/pymp-ovizp4y2'
[val 006] loss=-0.4501 z_std=0.0465 rankme=38.727 lidar=17.608 areq=1.709 pr=1.73 align=0.2494 unif=-1.134 converged=False collapsed=False
  e007 it0000/62 lr=0.0022 loss=-0.3897 z_std=0.0635
  e007 it0010/62 lr=0.0022 loss=-0.4524 z_std=0.0633
  e007 it0020/62 lr=0.0023 loss=-0.4643 z_std=0.0634
  e007 it0030/62 lr=0.0023 loss=-0.4827 z_std=0.0634
  e007 it0040/62 lr=0.0024 loss=-0.5024 z_std=0.0632
  e007 it0050/62 lr=0.0024 loss=-0.5224 z_std=0.0632
  e007 it0060/62 lr=0.0025 loss=-0.5409 z_std=0.0631
[epoch 007] loss=-0.5423 z_std=0.0631 (healthy~0.0625) time=185.3s
Traceback (most recent call last):
Traceback (most recent call last):
Traceback (most recent call last):
Traceback (most recent call last):
Traceback (most recent call last):
Traceback (most recent call last):
Traceback (most recent call last):
  File "/opt/ohpc/pub/compiler/conda/latest/lib/python3.12/multiprocessing/util.py", line 303, in _run_finalizers
    finalizer()
Traceback (most recent call last):
  File "/opt/ohpc/pub/compiler/conda/latest/lib/python3.12/multiprocessing/util.py", line 303, in _run_finalizers
    finalizer()
  File "/opt/ohpc/pub/compiler/conda/latest/lib/python3.12/multiprocessing/util.py", line 227, in __call__
    res = self._callback(*self._args, **self._kwargs)
          ^^^^^^^^^^^^^^^^^^^^^^^^^^^^^^^^^^^^^^^^^^^
  File "/opt/ohpc/pub/compiler/conda/latest/lib/python3.12/multiprocessing/util.py", line 227, in __call__
    res = self._callback(*self._args, **self._kwargs)
          ^^^^^^^^^^^^^^^^^^^^^^^^^^^^^^^^^^^^^^^^^^^
  File "/opt/ohpc/pub/compiler/conda/latest/lib/python3.12/multiprocessing/util.py", line 136, in _remove_temp_dir
    rmtree(tempdir, onerror=onerror)
  File "/opt/ohpc/pub/compiler/conda/latest/lib/python3.12/multiprocessing/util.py", line 136, in _remove_temp_dir
    rmtree(tempdir, onerror=onerror)
  File "/opt/ohpc/pub/compiler/conda/latest/lib/python3.12/shutil.py", line 759, in rmtree
    _rmtree_safe_fd(stack, onexc)
  File "/opt/ohpc/pub/compiler/conda/latest/lib/python3.12/shutil.py", line 759, in rmtree
    _rmtree_safe_fd(stack, onexc)
  File "/opt/ohpc/pub/compiler/conda/latest/lib/python3.12/shutil.py", line 703, in _rmtree_safe_fd
    onexc(func, path, err)
  File "/opt/ohpc/pub/compiler/conda/latest/lib/python3.12/shutil.py", line 703, in _rmtree_safe_fd
    onexc(func, path, err)
  File "/opt/ohpc/pub/compiler/conda/latest/lib/python3.12/shutil.py", line 750, in onexc
    return onerror(func, path, exc_info)
           ^^^^^^^^^^^^^^^^^^^^^^^^^^^^^
  File "/opt/ohpc/pub/compiler/conda/latest/lib/python3.12/shutil.py", line 750, in onexc
    return onerror(func, path, exc_info)
           ^^^^^^^^^^^^^^^^^^^^^^^^^^^^^
  File "/opt/ohpc/pub/compiler/conda/latest/lib/python3.12/shutil.py", line 700, in _rmtree_safe_fd
    onexc(os.unlink, fullname, err)
  File "/opt/ohpc/pub/compiler/conda/latest/lib/python3.12/shutil.py", line 700, in _rmtree_safe_fd
    onexc(os.unlink, fullname, err)
  File "/opt/ohpc/pub/compiler/conda/latest/lib/python3.12/shutil.py", line 750, in onexc
    return onerror(func, path, exc_info)
           ^^^^^^^^^^^^^^^^^^^^^^^^^^^^^
  File "/opt/ohpc/pub/compiler/conda/latest/lib/python3.12/shutil.py", line 750, in onexc
    return onerror(func, path, exc_info)
           ^^^^^^^^^^^^^^^^^^^^^^^^^^^^^
  File "/opt/ohpc/pub/compiler/conda/latest/lib/python3.12/shutil.py", line 698, in _rmtree_safe_fd
    os.unlink(entry.name, dir_fd=topfd)
  File "/opt/ohpc/pub/compiler/conda/latest/lib/python3.12/shutil.py", line 698, in _rmtree_safe_fd
    os.unlink(entry.name, dir_fd=topfd)
OSError: [Errno 16] Device or resource busy: '/tmp/pymp-yey5n30c'
OSError: [Errno 16] Device or resource busy: '/tmp/pymp-l15a2syw'
  File "/opt/ohpc/pub/compiler/conda/latest/lib/python3.12/multiprocessing/util.py", line 303, in _run_finalizers
    finalizer()
Traceback (most recent call last):
  File "/opt/ohpc/pub/compiler/conda/latest/lib/python3.12/multiprocessing/util.py", line 227, in __call__
    res = self._callback(*self._args, **self._kwargs)
          ^^^^^^^^^^^^^^^^^^^^^^^^^^^^^^^^^^^^^^^^^^^
  File "/opt/ohpc/pub/compiler/conda/latest/lib/python3.12/multiprocessing/util.py", line 136, in _remove_temp_dir
    rmtree(tempdir, onerror=onerror)
  File "/opt/ohpc/pub/compiler/conda/latest/lib/python3.12/shutil.py", line 759, in rmtree
    _rmtree_safe_fd(stack, onexc)
  File "/opt/ohpc/pub/compiler/conda/latest/lib/python3.12/shutil.py", line 703, in _rmtree_safe_fd
    onexc(func, path, err)
  File "/opt/ohpc/pub/compiler/conda/latest/lib/python3.12/shutil.py", line 750, in onexc
    return onerror(func, path, exc_info)
           ^^^^^^^^^^^^^^^^^^^^^^^^^^^^^
  File "/opt/ohpc/pub/compiler/conda/latest/lib/python3.12/shutil.py", line 700, in _rmtree_safe_fd
    onexc(os.unlink, fullname, err)
  File "/opt/ohpc/pub/compiler/conda/latest/lib/python3.12/shutil.py", line 750, in onexc
    return onerror(func, path, exc_info)
           ^^^^^^^^^^^^^^^^^^^^^^^^^^^^^
  File "/opt/ohpc/pub/compiler/conda/latest/lib/python3.12/shutil.py", line 698, in _rmtree_safe_fd
    os.unlink(entry.name, dir_fd=topfd)
OSError: [Errno 16] Device or resource busy: '/tmp/pymp-__4tk0hi'
Traceback (most recent call last):
  File "/opt/ohpc/pub/compiler/conda/latest/lib/python3.12/multiprocessing/util.py", line 303, in _run_finalizers
    finalizer()
  File "/opt/ohpc/pub/compiler/conda/latest/lib/python3.12/multiprocessing/util.py", line 227, in __call__
    res = self._callback(*self._args, **self._kwargs)
          ^^^^^^^^^^^^^^^^^^^^^^^^^^^^^^^^^^^^^^^^^^^
  File "/opt/ohpc/pub/compiler/conda/latest/lib/python3.12/multiprocessing/util.py", line 136, in _remove_temp_dir
    rmtree(tempdir, onerror=onerror)
  File "/opt/ohpc/pub/compiler/conda/latest/lib/python3.12/shutil.py", line 759, in rmtree
    _rmtree_safe_fd(stack, onexc)
  File "/opt/ohpc/pub/compiler/conda/latest/lib/python3.12/shutil.py", line 703, in _rmtree_safe_fd
    onexc(func, path, err)
  File "/opt/ohpc/pub/compiler/conda/latest/lib/python3.12/shutil.py", line 750, in onexc
    return onerror(func, path, exc_info)
           ^^^^^^^^^^^^^^^^^^^^^^^^^^^^^
  File "/opt/ohpc/pub/compiler/conda/latest/lib/python3.12/shutil.py", line 700, in _rmtree_safe_fd
    onexc(os.unlink, fullname, err)
  File "/opt/ohpc/pub/compiler/conda/latest/lib/python3.12/shutil.py", line 750, in onexc
    return onerror(func, path, exc_info)
           ^^^^^^^^^^^^^^^^^^^^^^^^^^^^^
  File "/opt/ohpc/pub/compiler/conda/latest/lib/python3.12/shutil.py", line 698, in _rmtree_safe_fd
    os.unlink(entry.name, dir_fd=topfd)
OSError: [Errno 16] Device or resource busy: '/tmp/pymp-fapuv82x'
  File "/opt/ohpc/pub/compiler/conda/latest/lib/python3.12/multiprocessing/util.py", line 303, in _run_finalizers
    finalizer()
  File "/opt/ohpc/pub/compiler/conda/latest/lib/python3.12/multiprocessing/util.py", line 227, in __call__
    res = self._callback(*self._args, **self._kwargs)
          ^^^^^^^^^^^^^^^^^^^^^^^^^^^^^^^^^^^^^^^^^^^
  File "/opt/ohpc/pub/compiler/conda/latest/lib/python3.12/multiprocessing/util.py", line 136, in _remove_temp_dir
    rmtree(tempdir, onerror=onerror)
  File "/opt/ohpc/pub/compiler/conda/latest/lib/python3.12/shutil.py", line 759, in rmtree
    _rmtree_safe_fd(stack, onexc)
  File "/opt/ohpc/pub/compiler/conda/latest/lib/python3.12/shutil.py", line 703, in _rmtree_safe_fd
    onexc(func, path, err)
  File "/opt/ohpc/pub/compiler/conda/latest/lib/python3.12/shutil.py", line 750, in onexc
    return onerror(func, path, exc_info)
           ^^^^^^^^^^^^^^^^^^^^^^^^^^^^^
  File "/opt/ohpc/pub/compiler/conda/latest/lib/python3.12/shutil.py", line 700, in _rmtree_safe_fd
    onexc(os.unlink, fullname, err)
  File "/opt/ohpc/pub/compiler/conda/latest/lib/python3.12/shutil.py", line 750, in onexc
    return onerror(func, path, exc_info)
           ^^^^^^^^^^^^^^^^^^^^^^^^^^^^^
  File "/opt/ohpc/pub/compiler/conda/latest/lib/python3.12/shutil.py", line 698, in _rmtree_safe_fd
    os.unlink(entry.name, dir_fd=topfd)
OSError: [Errno 16] Device or resource busy: '/tmp/pymp-w_tcpiao'
  File "/opt/ohpc/pub/compiler/conda/latest/lib/python3.12/multiprocessing/util.py", line 303, in _run_finalizers
    finalizer()
  File "/opt/ohpc/pub/compiler/conda/latest/lib/python3.12/multiprocessing/util.py", line 227, in __call__
    res = self._callback(*self._args, **self._kwargs)
          ^^^^^^^^^^^^^^^^^^^^^^^^^^^^^^^^^^^^^^^^^^^
  File "/opt/ohpc/pub/compiler/conda/latest/lib/python3.12/multiprocessing/util.py", line 136, in _remove_temp_dir
    rmtree(tempdir, onerror=onerror)
  File "/opt/ohpc/pub/compiler/conda/latest/lib/python3.12/shutil.py", line 759, in rmtree
    _rmtree_safe_fd(stack, onexc)
  File "/opt/ohpc/pub/compiler/conda/latest/lib/python3.12/shutil.py", line 703, in _rmtree_safe_fd
    onexc(func, path, err)
  File "/opt/ohpc/pub/compiler/conda/latest/lib/python3.12/multiprocessing/util.py", line 303, in _run_finalizers
    finalizer()
  File "/opt/ohpc/pub/compiler/conda/latest/lib/python3.12/shutil.py", line 750, in onexc
    return onerror(func, path, exc_info)
           ^^^^^^^^^^^^^^^^^^^^^^^^^^^^^
  File "/opt/ohpc/pub/compiler/conda/latest/lib/python3.12/shutil.py", line 700, in _rmtree_safe_fd
    onexc(os.unlink, fullname, err)
  File "/opt/ohpc/pub/compiler/conda/latest/lib/python3.12/multiprocessing/util.py", line 303, in _run_finalizers
    finalizer()
  File "/opt/ohpc/pub/compiler/conda/latest/lib/python3.12/multiprocessing/util.py", line 227, in __call__
    res = self._callback(*self._args, **self._kwargs)
          ^^^^^^^^^^^^^^^^^^^^^^^^^^^^^^^^^^^^^^^^^^^
  File "/opt/ohpc/pub/compiler/conda/latest/lib/python3.12/shutil.py", line 750, in onexc
    return onerror(func, path, exc_info)
           ^^^^^^^^^^^^^^^^^^^^^^^^^^^^^
  File "/opt/ohpc/pub/compiler/conda/latest/lib/python3.12/shutil.py", line 698, in _rmtree_safe_fd
    os.unlink(entry.name, dir_fd=topfd)
  File "/opt/ohpc/pub/compiler/conda/latest/lib/python3.12/multiprocessing/util.py", line 136, in _remove_temp_dir
    rmtree(tempdir, onerror=onerror)
  File "/opt/ohpc/pub/compiler/conda/latest/lib/python3.12/multiprocessing/util.py", line 227, in __call__
    res = self._callback(*self._args, **self._kwargs)
          ^^^^^^^^^^^^^^^^^^^^^^^^^^^^^^^^^^^^^^^^^^^
  File "/opt/ohpc/pub/compiler/conda/latest/lib/python3.12/shutil.py", line 759, in rmtree
    _rmtree_safe_fd(stack, onexc)
  File "/opt/ohpc/pub/compiler/conda/latest/lib/python3.12/shutil.py", line 703, in _rmtree_safe_fd
    onexc(func, path, err)
  File "/opt/ohpc/pub/compiler/conda/latest/lib/python3.12/multiprocessing/util.py", line 136, in _remove_temp_dir
    rmtree(tempdir, onerror=onerror)
  File "/opt/ohpc/pub/compiler/conda/latest/lib/python3.12/shutil.py", line 759, in rmtree
    _rmtree_safe_fd(stack, onexc)
  File "/opt/ohpc/pub/compiler/conda/latest/lib/python3.12/shutil.py", line 750, in onexc
    return onerror(func, path, exc_info)
           ^^^^^^^^^^^^^^^^^^^^^^^^^^^^^
  File "/opt/ohpc/pub/compiler/conda/latest/lib/python3.12/shutil.py", line 703, in _rmtree_safe_fd
    onexc(func, path, err)
OSError: [Errno 16] Device or resource busy: '/tmp/pymp-2xdu944a'
  File "/opt/ohpc/pub/compiler/conda/latest/lib/python3.12/shutil.py", line 700, in _rmtree_safe_fd
    onexc(os.unlink, fullname, err)
  File "/opt/ohpc/pub/compiler/conda/latest/lib/python3.12/shutil.py", line 750, in onexc
    return onerror(func, path, exc_info)
           ^^^^^^^^^^^^^^^^^^^^^^^^^^^^^
  File "/opt/ohpc/pub/compiler/conda/latest/lib/python3.12/shutil.py", line 750, in onexc
    return onerror(func, path, exc_info)
           ^^^^^^^^^^^^^^^^^^^^^^^^^^^^^
  File "/opt/ohpc/pub/compiler/conda/latest/lib/python3.12/shutil.py", line 700, in _rmtree_safe_fd
    onexc(os.unlink, fullname, err)
  File "/opt/ohpc/pub/compiler/conda/latest/lib/python3.12/shutil.py", line 698, in _rmtree_safe_fd
    os.unlink(entry.name, dir_fd=topfd)
  File "/opt/ohpc/pub/compiler/conda/latest/lib/python3.12/shutil.py", line 750, in onexc
    return onerror(func, path, exc_info)
           ^^^^^^^^^^^^^^^^^^^^^^^^^^^^^
  File "/opt/ohpc/pub/compiler/conda/latest/lib/python3.12/shutil.py", line 698, in _rmtree_safe_fd
    os.unlink(entry.name, dir_fd=topfd)
OSError: [Errno 16] Device or resource busy: '/tmp/pymp-0vsg5jpt'
OSError: [Errno 16] Device or resource busy: '/tmp/pymp-a3f3qgm8'
  File "/opt/ohpc/pub/compiler/conda/latest/lib/python3.12/multiprocessing/util.py", line 303, in _run_finalizers
    finalizer()
  File "/opt/ohpc/pub/compiler/conda/latest/lib/python3.12/multiprocessing/util.py", line 227, in __call__
    res = self._callback(*self._args, **self._kwargs)
          ^^^^^^^^^^^^^^^^^^^^^^^^^^^^^^^^^^^^^^^^^^^
  File "/opt/ohpc/pub/compiler/conda/latest/lib/python3.12/multiprocessing/util.py", line 136, in _remove_temp_dir
    rmtree(tempdir, onerror=onerror)
  File "/opt/ohpc/pub/compiler/conda/latest/lib/python3.12/shutil.py", line 759, in rmtree
    _rmtree_safe_fd(stack, onexc)
  File "/opt/ohpc/pub/compiler/conda/latest/lib/python3.12/shutil.py", line 703, in _rmtree_safe_fd
    onexc(func, path, err)
  File "/opt/ohpc/pub/compiler/conda/latest/lib/python3.12/shutil.py", line 750, in onexc
    return onerror(func, path, exc_info)
           ^^^^^^^^^^^^^^^^^^^^^^^^^^^^^
  File "/opt/ohpc/pub/compiler/conda/latest/lib/python3.12/shutil.py", line 700, in _rmtree_safe_fd
    onexc(os.unlink, fullname, err)
  File "/opt/ohpc/pub/compiler/conda/latest/lib/python3.12/shutil.py", line 750, in onexc
    return onerror(func, path, exc_info)
           ^^^^^^^^^^^^^^^^^^^^^^^^^^^^^
  File "/opt/ohpc/pub/compiler/conda/latest/lib/python3.12/shutil.py", line 698, in _rmtree_safe_fd
    os.unlink(entry.name, dir_fd=topfd)
OSError: [Errno 16] Device or resource busy: '/tmp/pymp-l0pxwxt5'
  File "/opt/ohpc/pub/compiler/conda/latest/lib/python3.12/multiprocessing/util.py", line 303, in _run_finalizers
    finalizer()
  File "/opt/ohpc/pub/compiler/conda/latest/lib/python3.12/multiprocessing/util.py", line 227, in __call__
    res = self._callback(*self._args, **self._kwargs)
          ^^^^^^^^^^^^^^^^^^^^^^^^^^^^^^^^^^^^^^^^^^^
  File "/opt/ohpc/pub/compiler/conda/latest/lib/python3.12/multiprocessing/util.py", line 136, in _remove_temp_dir
    rmtree(tempdir, onerror=onerror)
  File "/opt/ohpc/pub/compiler/conda/latest/lib/python3.12/shutil.py", line 759, in rmtree
    _rmtree_safe_fd(stack, onexc)
  File "/opt/ohpc/pub/compiler/conda/latest/lib/python3.12/shutil.py", line 703, in _rmtree_safe_fd
    onexc(func, path, err)
  File "/opt/ohpc/pub/compiler/conda/latest/lib/python3.12/shutil.py", line 750, in onexc
    return onerror(func, path, exc_info)
           ^^^^^^^^^^^^^^^^^^^^^^^^^^^^^
  File "/opt/ohpc/pub/compiler/conda/latest/lib/python3.12/shutil.py", line 700, in _rmtree_safe_fd
    onexc(os.unlink, fullname, err)
  File "/opt/ohpc/pub/compiler/conda/latest/lib/python3.12/shutil.py", line 750, in onexc
    return onerror(func, path, exc_info)
           ^^^^^^^^^^^^^^^^^^^^^^^^^^^^^
  File "/opt/ohpc/pub/compiler/conda/latest/lib/python3.12/shutil.py", line 698, in _rmtree_safe_fd
    os.unlink(entry.name, dir_fd=topfd)
OSError: [Errno 16] Device or resource busy: '/tmp/pymp-r0uu0xhx'
Traceback (most recent call last):
Traceback (most recent call last):
Traceback (most recent call last):
Traceback (most recent call last):
Traceback (most recent call last):
Traceback (most recent call last):
Traceback (most recent call last):
  File "/opt/ohpc/pub/compiler/conda/latest/lib/python3.12/multiprocessing/util.py", line 303, in _run_finalizers
    finalizer()
  File "/opt/ohpc/pub/compiler/conda/latest/lib/python3.12/multiprocessing/util.py", line 227, in __call__
    res = self._callback(*self._args, **self._kwargs)
          ^^^^^^^^^^^^^^^^^^^^^^^^^^^^^^^^^^^^^^^^^^^
  File "/opt/ohpc/pub/compiler/conda/latest/lib/python3.12/multiprocessing/util.py", line 303, in _run_finalizers
    finalizer()
  File "/opt/ohpc/pub/compiler/conda/latest/lib/python3.12/multiprocessing/util.py", line 136, in _remove_temp_dir
    rmtree(tempdir, onerror=onerror)
  File "/opt/ohpc/pub/compiler/conda/latest/lib/python3.12/shutil.py", line 759, in rmtree
    _rmtree_safe_fd(stack, onexc)
  File "/opt/ohpc/pub/compiler/conda/latest/lib/python3.12/multiprocessing/util.py", line 227, in __call__
    res = self._callback(*self._args, **self._kwargs)
          ^^^^^^^^^^^^^^^^^^^^^^^^^^^^^^^^^^^^^^^^^^^
  File "/opt/ohpc/pub/compiler/conda/latest/lib/python3.12/shutil.py", line 703, in _rmtree_safe_fd
    onexc(func, path, err)
  File "/opt/ohpc/pub/compiler/conda/latest/lib/python3.12/multiprocessing/util.py", line 303, in _run_finalizers
    finalizer()
  File "/opt/ohpc/pub/compiler/conda/latest/lib/python3.12/multiprocessing/util.py", line 136, in _remove_temp_dir
    rmtree(tempdir, onerror=onerror)
  File "/opt/ohpc/pub/compiler/conda/latest/lib/python3.12/shutil.py", line 750, in onexc
    return onerror(func, path, exc_info)
           ^^^^^^^^^^^^^^^^^^^^^^^^^^^^^
  File "/opt/ohpc/pub/compiler/conda/latest/lib/python3.12/shutil.py", line 759, in rmtree
    _rmtree_safe_fd(stack, onexc)
  File "/opt/ohpc/pub/compiler/conda/latest/lib/python3.12/shutil.py", line 700, in _rmtree_safe_fd
    onexc(os.unlink, fullname, err)
  File "/opt/ohpc/pub/compiler/conda/latest/lib/python3.12/multiprocessing/util.py", line 227, in __call__
    res = self._callback(*self._args, **self._kwargs)
          ^^^^^^^^^^^^^^^^^^^^^^^^^^^^^^^^^^^^^^^^^^^
  File "/opt/ohpc/pub/compiler/conda/latest/lib/python3.12/shutil.py", line 703, in _rmtree_safe_fd
    onexc(func, path, err)
  File "/opt/ohpc/pub/compiler/conda/latest/lib/python3.12/shutil.py", line 750, in onexc
    return onerror(func, path, exc_info)
           ^^^^^^^^^^^^^^^^^^^^^^^^^^^^^
  File "/opt/ohpc/pub/compiler/conda/latest/lib/python3.12/multiprocessing/util.py", line 136, in _remove_temp_dir
    rmtree(tempdir, onerror=onerror)
Traceback (most recent call last):
  File "/opt/ohpc/pub/compiler/conda/latest/lib/python3.12/shutil.py", line 750, in onexc
    return onerror(func, path, exc_info)
           ^^^^^^^^^^^^^^^^^^^^^^^^^^^^^
  File "/opt/ohpc/pub/compiler/conda/latest/lib/python3.12/shutil.py", line 698, in _rmtree_safe_fd
    os.unlink(entry.name, dir_fd=topfd)
  File "/opt/ohpc/pub/compiler/conda/latest/lib/python3.12/shutil.py", line 759, in rmtree
    _rmtree_safe_fd(stack, onexc)
  File "/opt/ohpc/pub/compiler/conda/latest/lib/python3.12/shutil.py", line 700, in _rmtree_safe_fd
    onexc(os.unlink, fullname, err)
  File "/opt/ohpc/pub/compiler/conda/latest/lib/python3.12/shutil.py", line 703, in _rmtree_safe_fd
    onexc(func, path, err)
  File "/opt/ohpc/pub/compiler/conda/latest/lib/python3.12/shutil.py", line 750, in onexc
    return onerror(func, path, exc_info)
           ^^^^^^^^^^^^^^^^^^^^^^^^^^^^^
  File "/opt/ohpc/pub/compiler/conda/latest/lib/python3.12/shutil.py", line 750, in onexc
    return onerror(func, path, exc_info)
           ^^^^^^^^^^^^^^^^^^^^^^^^^^^^^
  File "/opt/ohpc/pub/compiler/conda/latest/lib/python3.12/shutil.py", line 698, in _rmtree_safe_fd
    os.unlink(entry.name, dir_fd=topfd)
  File "/opt/ohpc/pub/compiler/conda/latest/lib/python3.12/shutil.py", line 700, in _rmtree_safe_fd
    onexc(os.unlink, fullname, err)
  File "/opt/ohpc/pub/compiler/conda/latest/lib/python3.12/shutil.py", line 750, in onexc
    return onerror(func, path, exc_info)
           ^^^^^^^^^^^^^^^^^^^^^^^^^^^^^
OSError: [Errno 16] Device or resource busy: '/tmp/pymp-q55wfxam'
  File "/opt/ohpc/pub/compiler/conda/latest/lib/python3.12/multiprocessing/util.py", line 303, in _run_finalizers
    finalizer()
  File "/opt/ohpc/pub/compiler/conda/latest/lib/python3.12/shutil.py", line 698, in _rmtree_safe_fd
    os.unlink(entry.name, dir_fd=topfd)
  File "/opt/ohpc/pub/compiler/conda/latest/lib/python3.12/multiprocessing/util.py", line 227, in __call__
    res = self._callback(*self._args, **self._kwargs)
          ^^^^^^^^^^^^^^^^^^^^^^^^^^^^^^^^^^^^^^^^^^^
OSError: [Errno 16] Device or resource busy: '/tmp/pymp-i606wfnk'
  File "/opt/ohpc/pub/compiler/conda/latest/lib/python3.12/multiprocessing/util.py", line 136, in _remove_temp_dir
    rmtree(tempdir, onerror=onerror)
  File "/opt/ohpc/pub/compiler/conda/latest/lib/python3.12/shutil.py", line 759, in rmtree
    _rmtree_safe_fd(stack, onexc)
OSError: [Errno 16] Device or resource busy: '/tmp/pymp-_niu3_3d'
  File "/opt/ohpc/pub/compiler/conda/latest/lib/python3.12/shutil.py", line 703, in _rmtree_safe_fd
    onexc(func, path, err)
  File "/opt/ohpc/pub/compiler/conda/latest/lib/python3.12/shutil.py", line 750, in onexc
    return onerror(func, path, exc_info)
           ^^^^^^^^^^^^^^^^^^^^^^^^^^^^^
  File "/opt/ohpc/pub/compiler/conda/latest/lib/python3.12/shutil.py", line 700, in _rmtree_safe_fd
    onexc(os.unlink, fullname, err)
  File "/opt/ohpc/pub/compiler/conda/latest/lib/python3.12/shutil.py", line 750, in onexc
    return onerror(func, path, exc_info)
           ^^^^^^^^^^^^^^^^^^^^^^^^^^^^^
  File "/opt/ohpc/pub/compiler/conda/latest/lib/python3.12/shutil.py", line 698, in _rmtree_safe_fd
    os.unlink(entry.name, dir_fd=topfd)
OSError: [Errno 16] Device or resource busy: '/tmp/pymp-wxcdvu4z'
  File "/opt/ohpc/pub/compiler/conda/latest/lib/python3.12/multiprocessing/util.py", line 303, in _run_finalizers
    finalizer()
  File "/opt/ohpc/pub/compiler/conda/latest/lib/python3.12/multiprocessing/util.py", line 303, in _run_finalizers
    finalizer()
  File "/opt/ohpc/pub/compiler/conda/latest/lib/python3.12/multiprocessing/util.py", line 227, in __call__
    res = self._callback(*self._args, **self._kwargs)
          ^^^^^^^^^^^^^^^^^^^^^^^^^^^^^^^^^^^^^^^^^^^
  File "/opt/ohpc/pub/compiler/conda/latest/lib/python3.12/multiprocessing/util.py", line 136, in _remove_temp_dir
    rmtree(tempdir, onerror=onerror)
  File "/opt/ohpc/pub/compiler/conda/latest/lib/python3.12/multiprocessing/util.py", line 227, in __call__
    res = self._callback(*self._args, **self._kwargs)
          ^^^^^^^^^^^^^^^^^^^^^^^^^^^^^^^^^^^^^^^^^^^
  File "/opt/ohpc/pub/compiler/conda/latest/lib/python3.12/shutil.py", line 759, in rmtree
    _rmtree_safe_fd(stack, onexc)
  File "/opt/ohpc/pub/compiler/conda/latest/lib/python3.12/multiprocessing/util.py", line 136, in _remove_temp_dir
    rmtree(tempdir, onerror=onerror)
  File "/opt/ohpc/pub/compiler/conda/latest/lib/python3.12/shutil.py", line 703, in _rmtree_safe_fd
    onexc(func, path, err)
  File "/opt/ohpc/pub/compiler/conda/latest/lib/python3.12/shutil.py", line 759, in rmtree
    _rmtree_safe_fd(stack, onexc)
  File "/opt/ohpc/pub/compiler/conda/latest/lib/python3.12/shutil.py", line 750, in onexc
    return onerror(func, path, exc_info)
           ^^^^^^^^^^^^^^^^^^^^^^^^^^^^^
  File "/opt/ohpc/pub/compiler/conda/latest/lib/python3.12/shutil.py", line 703, in _rmtree_safe_fd
    onexc(func, path, err)
  File "/opt/ohpc/pub/compiler/conda/latest/lib/python3.12/shutil.py", line 700, in _rmtree_safe_fd
    onexc(os.unlink, fullname, err)
  File "/opt/ohpc/pub/compiler/conda/latest/lib/python3.12/shutil.py", line 750, in onexc
    return onerror(func, path, exc_info)
           ^^^^^^^^^^^^^^^^^^^^^^^^^^^^^
  File "/opt/ohpc/pub/compiler/conda/latest/lib/python3.12/shutil.py", line 750, in onexc
    return onerror(func, path, exc_info)
           ^^^^^^^^^^^^^^^^^^^^^^^^^^^^^
  File "/opt/ohpc/pub/compiler/conda/latest/lib/python3.12/shutil.py", line 700, in _rmtree_safe_fd
    onexc(os.unlink, fullname, err)
  File "/opt/ohpc/pub/compiler/conda/latest/lib/python3.12/shutil.py", line 698, in _rmtree_safe_fd
    os.unlink(entry.name, dir_fd=topfd)
  File "/opt/ohpc/pub/compiler/conda/latest/lib/python3.12/shutil.py", line 750, in onexc
    return onerror(func, path, exc_info)
           ^^^^^^^^^^^^^^^^^^^^^^^^^^^^^
  File "/opt/ohpc/pub/compiler/conda/latest/lib/python3.12/shutil.py", line 698, in _rmtree_safe_fd
    os.unlink(entry.name, dir_fd=topfd)
OSError: [Errno 16] Device or resource busy: '/tmp/pymp-d6c6ohz3'
OSError: [Errno 16] Device or resource busy: '/tmp/pymp-xzoy9ry2'
  File "/opt/ohpc/pub/compiler/conda/latest/lib/python3.12/multiprocessing/util.py", line 303, in _run_finalizers
    finalizer()
  File "/opt/ohpc/pub/compiler/conda/latest/lib/python3.12/multiprocessing/util.py", line 227, in __call__
    res = self._callback(*self._args, **self._kwargs)
          ^^^^^^^^^^^^^^^^^^^^^^^^^^^^^^^^^^^^^^^^^^^
  File "/opt/ohpc/pub/compiler/conda/latest/lib/python3.12/multiprocessing/util.py", line 136, in _remove_temp_dir
    rmtree(tempdir, onerror=onerror)
  File "/opt/ohpc/pub/compiler/conda/latest/lib/python3.12/shutil.py", line 759, in rmtree
    _rmtree_safe_fd(stack, onexc)
  File "/opt/ohpc/pub/compiler/conda/latest/lib/python3.12/shutil.py", line 703, in _rmtree_safe_fd
    onexc(func, path, err)
  File "/opt/ohpc/pub/compiler/conda/latest/lib/python3.12/shutil.py", line 750, in onexc
    return onerror(func, path, exc_info)
           ^^^^^^^^^^^^^^^^^^^^^^^^^^^^^
  File "/opt/ohpc/pub/compiler/conda/latest/lib/python3.12/shutil.py", line 700, in _rmtree_safe_fd
    onexc(os.unlink, fullname, err)
  File "/opt/ohpc/pub/compiler/conda/latest/lib/python3.12/shutil.py", line 750, in onexc
    return onerror(func, path, exc_info)
           ^^^^^^^^^^^^^^^^^^^^^^^^^^^^^
Traceback (most recent call last):
  File "/opt/ohpc/pub/compiler/conda/latest/lib/python3.12/shutil.py", line 698, in _rmtree_safe_fd
    os.unlink(entry.name, dir_fd=topfd)
OSError: [Errno 16] Device or resource busy: '/tmp/pymp-6_efsc7w'
  File "/opt/ohpc/pub/compiler/conda/latest/lib/python3.12/multiprocessing/util.py", line 303, in _run_finalizers
    finalizer()
  File "/opt/ohpc/pub/compiler/conda/latest/lib/python3.12/multiprocessing/util.py", line 227, in __call__
    res = self._callback(*self._args, **self._kwargs)
          ^^^^^^^^^^^^^^^^^^^^^^^^^^^^^^^^^^^^^^^^^^^
  File "/opt/ohpc/pub/compiler/conda/latest/lib/python3.12/multiprocessing/util.py", line 136, in _remove_temp_dir
    rmtree(tempdir, onerror=onerror)
  File "/opt/ohpc/pub/compiler/conda/latest/lib/python3.12/shutil.py", line 759, in rmtree
    _rmtree_safe_fd(stack, onexc)
  File "/opt/ohpc/pub/compiler/conda/latest/lib/python3.12/shutil.py", line 703, in _rmtree_safe_fd
    onexc(func, path, err)
  File "/opt/ohpc/pub/compiler/conda/latest/lib/python3.12/shutil.py", line 750, in onexc
    return onerror(func, path, exc_info)
           ^^^^^^^^^^^^^^^^^^^^^^^^^^^^^
  File "/opt/ohpc/pub/compiler/conda/latest/lib/python3.12/shutil.py", line 700, in _rmtree_safe_fd
    onexc(os.unlink, fullname, err)
  File "/opt/ohpc/pub/compiler/conda/latest/lib/python3.12/shutil.py", line 750, in onexc
    return onerror(func, path, exc_info)
           ^^^^^^^^^^^^^^^^^^^^^^^^^^^^^
  File "/opt/ohpc/pub/compiler/conda/latest/lib/python3.12/shutil.py", line 698, in _rmtree_safe_fd
    os.unlink(entry.name, dir_fd=topfd)
OSError: [Errno 16] Device or resource busy: '/tmp/pymp-h2co9xpr'
Traceback (most recent call last):
  File "/opt/ohpc/pub/compiler/conda/latest/lib/python3.12/multiprocessing/util.py", line 303, in _run_finalizers
    finalizer()
  File "/opt/ohpc/pub/compiler/conda/latest/lib/python3.12/multiprocessing/util.py", line 227, in __call__
    res = self._callback(*self._args, **self._kwargs)
          ^^^^^^^^^^^^^^^^^^^^^^^^^^^^^^^^^^^^^^^^^^^
  File "/opt/ohpc/pub/compiler/conda/latest/lib/python3.12/multiprocessing/util.py", line 136, in _remove_temp_dir
    rmtree(tempdir, onerror=onerror)
  File "/opt/ohpc/pub/compiler/conda/latest/lib/python3.12/shutil.py", line 759, in rmtree
    _rmtree_safe_fd(stack, onexc)
  File "/opt/ohpc/pub/compiler/conda/latest/lib/python3.12/shutil.py", line 703, in _rmtree_safe_fd
    onexc(func, path, err)
  File "/opt/ohpc/pub/compiler/conda/latest/lib/python3.12/shutil.py", line 750, in onexc
    return onerror(func, path, exc_info)
           ^^^^^^^^^^^^^^^^^^^^^^^^^^^^^
  File "/opt/ohpc/pub/compiler/conda/latest/lib/python3.12/shutil.py", line 700, in _rmtree_safe_fd
    onexc(os.unlink, fullname, err)
  File "/opt/ohpc/pub/compiler/conda/latest/lib/python3.12/shutil.py", line 750, in onexc
    return onerror(func, path, exc_info)
           ^^^^^^^^^^^^^^^^^^^^^^^^^^^^^
  File "/opt/ohpc/pub/compiler/conda/latest/lib/python3.12/shutil.py", line 698, in _rmtree_safe_fd
    os.unlink(entry.name, dir_fd=topfd)
OSError: [Errno 16] Device or resource busy: '/tmp/pymp-4vh0qxjw'
  File "/opt/ohpc/pub/compiler/conda/latest/lib/python3.12/multiprocessing/util.py", line 303, in _run_finalizers
    finalizer()
  File "/opt/ohpc/pub/compiler/conda/latest/lib/python3.12/multiprocessing/util.py", line 227, in __call__
    res = self._callback(*self._args, **self._kwargs)
          ^^^^^^^^^^^^^^^^^^^^^^^^^^^^^^^^^^^^^^^^^^^
  File "/opt/ohpc/pub/compiler/conda/latest/lib/python3.12/multiprocessing/util.py", line 136, in _remove_temp_dir
    rmtree(tempdir, onerror=onerror)
  File "/opt/ohpc/pub/compiler/conda/latest/lib/python3.12/shutil.py", line 759, in rmtree
    _rmtree_safe_fd(stack, onexc)
  File "/opt/ohpc/pub/compiler/conda/latest/lib/python3.12/shutil.py", line 703, in _rmtree_safe_fd
    onexc(func, path, err)
  File "/opt/ohpc/pub/compiler/conda/latest/lib/python3.12/shutil.py", line 750, in onexc
    return onerror(func, path, exc_info)
           ^^^^^^^^^^^^^^^^^^^^^^^^^^^^^
  File "/opt/ohpc/pub/compiler/conda/latest/lib/python3.12/shutil.py", line 700, in _rmtree_safe_fd
    onexc(os.unlink, fullname, err)
  File "/opt/ohpc/pub/compiler/conda/latest/lib/python3.12/shutil.py", line 750, in onexc
    return onerror(func, path, exc_info)
           ^^^^^^^^^^^^^^^^^^^^^^^^^^^^^
  File "/opt/ohpc/pub/compiler/conda/latest/lib/python3.12/shutil.py", line 698, in _rmtree_safe_fd
    os.unlink(entry.name, dir_fd=topfd)
OSError: [Errno 16] Device or resource busy: '/tmp/pymp-uj56zg_v'
Traceback (most recent call last):
  File "/opt/ohpc/pub/compiler/conda/latest/lib/python3.12/multiprocessing/util.py", line 303, in _run_finalizers
    finalizer()
  File "/opt/ohpc/pub/compiler/conda/latest/lib/python3.12/multiprocessing/util.py", line 227, in __call__
    res = self._callback(*self._args, **self._kwargs)
          ^^^^^^^^^^^^^^^^^^^^^^^^^^^^^^^^^^^^^^^^^^^
  File "/opt/ohpc/pub/compiler/conda/latest/lib/python3.12/multiprocessing/util.py", line 136, in _remove_temp_dir
    rmtree(tempdir, onerror=onerror)
  File "/opt/ohpc/pub/compiler/conda/latest/lib/python3.12/shutil.py", line 759, in rmtree
    _rmtree_safe_fd(stack, onexc)
  File "/opt/ohpc/pub/compiler/conda/latest/lib/python3.12/shutil.py", line 703, in _rmtree_safe_fd
    onexc(func, path, err)
  File "/opt/ohpc/pub/compiler/conda/latest/lib/python3.12/shutil.py", line 750, in onexc
    return onerror(func, path, exc_info)
           ^^^^^^^^^^^^^^^^^^^^^^^^^^^^^
  File "/opt/ohpc/pub/compiler/conda/latest/lib/python3.12/shutil.py", line 700, in _rmtree_safe_fd
    onexc(os.unlink, fullname, err)
  File "/opt/ohpc/pub/compiler/conda/latest/lib/python3.12/shutil.py", line 750, in onexc
    return onerror(func, path, exc_info)
           ^^^^^^^^^^^^^^^^^^^^^^^^^^^^^
  File "/opt/ohpc/pub/compiler/conda/latest/lib/python3.12/shutil.py", line 698, in _rmtree_safe_fd
    os.unlink(entry.name, dir_fd=topfd)
OSError: [Errno 16] Device or resource busy: '/tmp/pymp-jl18zfnu'
Traceback (most recent call last):
  File "/opt/ohpc/pub/compiler/conda/latest/lib/python3.12/multiprocessing/util.py", line 303, in _run_finalizers
    finalizer()
  File "/opt/ohpc/pub/compiler/conda/latest/lib/python3.12/multiprocessing/util.py", line 227, in __call__
    res = self._callback(*self._args, **self._kwargs)
          ^^^^^^^^^^^^^^^^^^^^^^^^^^^^^^^^^^^^^^^^^^^
  File "/opt/ohpc/pub/compiler/conda/latest/lib/python3.12/multiprocessing/util.py", line 136, in _remove_temp_dir
    rmtree(tempdir, onerror=onerror)
  File "/opt/ohpc/pub/compiler/conda/latest/lib/python3.12/shutil.py", line 759, in rmtree
    _rmtree_safe_fd(stack, onexc)
  File "/opt/ohpc/pub/compiler/conda/latest/lib/python3.12/shutil.py", line 703, in _rmtree_safe_fd
    onexc(func, path, err)
  File "/opt/ohpc/pub/compiler/conda/latest/lib/python3.12/shutil.py", line 750, in onexc
    return onerror(func, path, exc_info)
           ^^^^^^^^^^^^^^^^^^^^^^^^^^^^^
  File "/opt/ohpc/pub/compiler/conda/latest/lib/python3.12/shutil.py", line 700, in _rmtree_safe_fd
    onexc(os.unlink, fullname, err)
  File "/opt/ohpc/pub/compiler/conda/latest/lib/python3.12/shutil.py", line 750, in onexc
    return onerror(func, path, exc_info)
           ^^^^^^^^^^^^^^^^^^^^^^^^^^^^^
  File "/opt/ohpc/pub/compiler/conda/latest/lib/python3.12/shutil.py", line 698, in _rmtree_safe_fd
    os.unlink(entry.name, dir_fd=topfd)
OSError: [Errno 16] Device or resource busy: '/tmp/pymp-flrty_p_'
Traceback (most recent call last):
Traceback (most recent call last):
Traceback (most recent call last):
Traceback (most recent call last):
  File "/opt/ohpc/pub/compiler/conda/latest/lib/python3.12/multiprocessing/util.py", line 303, in _run_finalizers
    finalizer()
  File "/opt/ohpc/pub/compiler/conda/latest/lib/python3.12/multiprocessing/util.py", line 227, in __call__
    res = self._callback(*self._args, **self._kwargs)
          ^^^^^^^^^^^^^^^^^^^^^^^^^^^^^^^^^^^^^^^^^^^
  File "/opt/ohpc/pub/compiler/conda/latest/lib/python3.12/multiprocessing/util.py", line 136, in _remove_temp_dir
    rmtree(tempdir, onerror=onerror)
  File "/opt/ohpc/pub/compiler/conda/latest/lib/python3.12/shutil.py", line 759, in rmtree
    _rmtree_safe_fd(stack, onexc)
  File "/opt/ohpc/pub/compiler/conda/latest/lib/python3.12/shutil.py", line 703, in _rmtree_safe_fd
    onexc(func, path, err)
  File "/opt/ohpc/pub/compiler/conda/latest/lib/python3.12/shutil.py", line 750, in onexc
    return onerror(func, path, exc_info)
           ^^^^^^^^^^^^^^^^^^^^^^^^^^^^^
  File "/opt/ohpc/pub/compiler/conda/latest/lib/python3.12/shutil.py", line 700, in _rmtree_safe_fd
    onexc(os.unlink, fullname, err)
  File "/opt/ohpc/pub/compiler/conda/latest/lib/python3.12/shutil.py", line 750, in onexc
    return onerror(func, path, exc_info)
           ^^^^^^^^^^^^^^^^^^^^^^^^^^^^^
  File "/opt/ohpc/pub/compiler/conda/latest/lib/python3.12/shutil.py", line 698, in _rmtree_safe_fd
    os.unlink(entry.name, dir_fd=topfd)
OSError: [Errno 16] Device or resource busy: '/tmp/pymp-r9xw0jpe'
  File "/opt/ohpc/pub/compiler/conda/latest/lib/python3.12/multiprocessing/util.py", line 303, in _run_finalizers
    finalizer()
  File "/opt/ohpc/pub/compiler/conda/latest/lib/python3.12/multiprocessing/util.py", line 303, in _run_finalizers
    finalizer()
  File "/opt/ohpc/pub/compiler/conda/latest/lib/python3.12/multiprocessing/util.py", line 227, in __call__
    res = self._callback(*self._args, **self._kwargs)
          ^^^^^^^^^^^^^^^^^^^^^^^^^^^^^^^^^^^^^^^^^^^
  File "/opt/ohpc/pub/compiler/conda/latest/lib/python3.12/multiprocessing/util.py", line 227, in __call__
    res = self._callback(*self._args, **self._kwargs)
          ^^^^^^^^^^^^^^^^^^^^^^^^^^^^^^^^^^^^^^^^^^^
  File "/opt/ohpc/pub/compiler/conda/latest/lib/python3.12/multiprocessing/util.py", line 136, in _remove_temp_dir
    rmtree(tempdir, onerror=onerror)
  File "/opt/ohpc/pub/compiler/conda/latest/lib/python3.12/multiprocessing/util.py", line 136, in _remove_temp_dir
    rmtree(tempdir, onerror=onerror)
  File "/opt/ohpc/pub/compiler/conda/latest/lib/python3.12/shutil.py", line 759, in rmtree
    _rmtree_safe_fd(stack, onexc)
  File "/opt/ohpc/pub/compiler/conda/latest/lib/python3.12/shutil.py", line 759, in rmtree
    _rmtree_safe_fd(stack, onexc)
  File "/opt/ohpc/pub/compiler/conda/latest/lib/python3.12/shutil.py", line 703, in _rmtree_safe_fd
    onexc(func, path, err)
  File "/opt/ohpc/pub/compiler/conda/latest/lib/python3.12/shutil.py", line 703, in _rmtree_safe_fd
    onexc(func, path, err)
  File "/opt/ohpc/pub/compiler/conda/latest/lib/python3.12/shutil.py", line 750, in onexc
    return onerror(func, path, exc_info)
           ^^^^^^^^^^^^^^^^^^^^^^^^^^^^^
  File "/opt/ohpc/pub/compiler/conda/latest/lib/python3.12/shutil.py", line 750, in onexc
    return onerror(func, path, exc_info)
           ^^^^^^^^^^^^^^^^^^^^^^^^^^^^^
  File "/opt/ohpc/pub/compiler/conda/latest/lib/python3.12/shutil.py", line 700, in _rmtree_safe_fd
    onexc(os.unlink, fullname, err)
  File "/opt/ohpc/pub/compiler/conda/latest/lib/python3.12/shutil.py", line 700, in _rmtree_safe_fd
    onexc(os.unlink, fullname, err)
  File "/opt/ohpc/pub/compiler/conda/latest/lib/python3.12/shutil.py", line 750, in onexc
    return onerror(func, path, exc_info)
           ^^^^^^^^^^^^^^^^^^^^^^^^^^^^^
  File "/opt/ohpc/pub/compiler/conda/latest/lib/python3.12/shutil.py", line 750, in onexc
    return onerror(func, path, exc_info)
           ^^^^^^^^^^^^^^^^^^^^^^^^^^^^^
  File "/opt/ohpc/pub/compiler/conda/latest/lib/python3.12/shutil.py", line 698, in _rmtree_safe_fd
    os.unlink(entry.name, dir_fd=topfd)
  File "/opt/ohpc/pub/compiler/conda/latest/lib/python3.12/shutil.py", line 698, in _rmtree_safe_fd
    os.unlink(entry.name, dir_fd=topfd)
OSError: [Errno 16] Device or resource busy: '/tmp/pymp-zuoyufeb'
OSError: [Errno 16] Device or resource busy: '/tmp/pymp-rjm7o69y'
  File "/opt/ohpc/pub/compiler/conda/latest/lib/python3.12/multiprocessing/util.py", line 303, in _run_finalizers
    finalizer()
  File "/opt/ohpc/pub/compiler/conda/latest/lib/python3.12/multiprocessing/util.py", line 227, in __call__
    res = self._callback(*self._args, **self._kwargs)
          ^^^^^^^^^^^^^^^^^^^^^^^^^^^^^^^^^^^^^^^^^^^
  File "/opt/ohpc/pub/compiler/conda/latest/lib/python3.12/multiprocessing/util.py", line 136, in _remove_temp_dir
    rmtree(tempdir, onerror=onerror)
  File "/opt/ohpc/pub/compiler/conda/latest/lib/python3.12/shutil.py", line 759, in rmtree
    _rmtree_safe_fd(stack, onexc)
  File "/opt/ohpc/pub/compiler/conda/latest/lib/python3.12/shutil.py", line 703, in _rmtree_safe_fd
    onexc(func, path, err)
  File "/opt/ohpc/pub/compiler/conda/latest/lib/python3.12/shutil.py", line 750, in onexc
    return onerror(func, path, exc_info)
           ^^^^^^^^^^^^^^^^^^^^^^^^^^^^^
  File "/opt/ohpc/pub/compiler/conda/latest/lib/python3.12/shutil.py", line 700, in _rmtree_safe_fd
    onexc(os.unlink, fullname, err)
  File "/opt/ohpc/pub/compiler/conda/latest/lib/python3.12/shutil.py", line 750, in onexc
    return onerror(func, path, exc_info)
           ^^^^^^^^^^^^^^^^^^^^^^^^^^^^^
  File "/opt/ohpc/pub/compiler/conda/latest/lib/python3.12/shutil.py", line 698, in _rmtree_safe_fd
    os.unlink(entry.name, dir_fd=topfd)
OSError: [Errno 16] Device or resource busy: '/tmp/pymp-2jkbu1bo'
Traceback (most recent call last):
Traceback (most recent call last):
  File "/opt/ohpc/pub/compiler/conda/latest/lib/python3.12/multiprocessing/util.py", line 303, in _run_finalizers
    finalizer()
  File "/opt/ohpc/pub/compiler/conda/latest/lib/python3.12/multiprocessing/util.py", line 227, in __call__
    res = self._callback(*self._args, **self._kwargs)
          ^^^^^^^^^^^^^^^^^^^^^^^^^^^^^^^^^^^^^^^^^^^
  File "/opt/ohpc/pub/compiler/conda/latest/lib/python3.12/multiprocessing/util.py", line 136, in _remove_temp_dir
    rmtree(tempdir, onerror=onerror)
  File "/opt/ohpc/pub/compiler/conda/latest/lib/python3.12/shutil.py", line 759, in rmtree
    _rmtree_safe_fd(stack, onexc)
  File "/opt/ohpc/pub/compiler/conda/latest/lib/python3.12/shutil.py", line 703, in _rmtree_safe_fd
    onexc(func, path, err)
  File "/opt/ohpc/pub/compiler/conda/latest/lib/python3.12/shutil.py", line 750, in onexc
    return onerror(func, path, exc_info)
           ^^^^^^^^^^^^^^^^^^^^^^^^^^^^^
  File "/opt/ohpc/pub/compiler/conda/latest/lib/python3.12/shutil.py", line 700, in _rmtree_safe_fd
    onexc(os.unlink, fullname, err)
  File "/opt/ohpc/pub/compiler/conda/latest/lib/python3.12/shutil.py", line 750, in onexc
    return onerror(func, path, exc_info)
           ^^^^^^^^^^^^^^^^^^^^^^^^^^^^^
  File "/opt/ohpc/pub/compiler/conda/latest/lib/python3.12/shutil.py", line 698, in _rmtree_safe_fd
    os.unlink(entry.name, dir_fd=topfd)
OSError: [Errno 16] Device or resource busy: '/tmp/pymp-9jpngiab'
Traceback (most recent call last):
  File "/opt/ohpc/pub/compiler/conda/latest/lib/python3.12/multiprocessing/util.py", line 303, in _run_finalizers
    finalizer()
  File "/opt/ohpc/pub/compiler/conda/latest/lib/python3.12/multiprocessing/util.py", line 227, in __call__
    res = self._callback(*self._args, **self._kwargs)
          ^^^^^^^^^^^^^^^^^^^^^^^^^^^^^^^^^^^^^^^^^^^
  File "/opt/ohpc/pub/compiler/conda/latest/lib/python3.12/multiprocessing/util.py", line 136, in _remove_temp_dir
    rmtree(tempdir, onerror=onerror)
  File "/opt/ohpc/pub/compiler/conda/latest/lib/python3.12/shutil.py", line 759, in rmtree
    _rmtree_safe_fd(stack, onexc)
  File "/opt/ohpc/pub/compiler/conda/latest/lib/python3.12/shutil.py", line 703, in _rmtree_safe_fd
    onexc(func, path, err)
  File "/opt/ohpc/pub/compiler/conda/latest/lib/python3.12/shutil.py", line 750, in onexc
    return onerror(func, path, exc_info)
           ^^^^^^^^^^^^^^^^^^^^^^^^^^^^^
  File "/opt/ohpc/pub/compiler/conda/latest/lib/python3.12/shutil.py", line 700, in _rmtree_safe_fd
    onexc(os.unlink, fullname, err)
  File "/opt/ohpc/pub/compiler/conda/latest/lib/python3.12/shutil.py", line 750, in onexc
    return onerror(func, path, exc_info)
           ^^^^^^^^^^^^^^^^^^^^^^^^^^^^^
  File "/opt/ohpc/pub/compiler/conda/latest/lib/python3.12/shutil.py", line 698, in _rmtree_safe_fd
    os.unlink(entry.name, dir_fd=topfd)
OSError: [Errno 16] Device or resource busy: '/tmp/pymp-vy48m_cw'
Traceback (most recent call last):
  File "/opt/ohpc/pub/compiler/conda/latest/lib/python3.12/multiprocessing/util.py", line 303, in _run_finalizers
    finalizer()
  File "/opt/ohpc/pub/compiler/conda/latest/lib/python3.12/multiprocessing/util.py", line 227, in __call__
    res = self._callback(*self._args, **self._kwargs)
          ^^^^^^^^^^^^^^^^^^^^^^^^^^^^^^^^^^^^^^^^^^^
  File "/opt/ohpc/pub/compiler/conda/latest/lib/python3.12/multiprocessing/util.py", line 136, in _remove_temp_dir
    rmtree(tempdir, onerror=onerror)
  File "/opt/ohpc/pub/compiler/conda/latest/lib/python3.12/shutil.py", line 759, in rmtree
    _rmtree_safe_fd(stack, onexc)
  File "/opt/ohpc/pub/compiler/conda/latest/lib/python3.12/shutil.py", line 703, in _rmtree_safe_fd
    onexc(func, path, err)
  File "/opt/ohpc/pub/compiler/conda/latest/lib/python3.12/shutil.py", line 750, in onexc
    return onerror(func, path, exc_info)
           ^^^^^^^^^^^^^^^^^^^^^^^^^^^^^
  File "/opt/ohpc/pub/compiler/conda/latest/lib/python3.12/shutil.py", line 700, in _rmtree_safe_fd
    onexc(os.unlink, fullname, err)
  File "/opt/ohpc/pub/compiler/conda/latest/lib/python3.12/shutil.py", line 750, in onexc
    return onerror(func, path, exc_info)
           ^^^^^^^^^^^^^^^^^^^^^^^^^^^^^
  File "/opt/ohpc/pub/compiler/conda/latest/lib/python3.12/shutil.py", line 698, in _rmtree_safe_fd
    os.unlink(entry.name, dir_fd=topfd)
OSError: [Errno 16] Device or resource busy: '/tmp/pymp-_ycbuxxo'
  File "/opt/ohpc/pub/compiler/conda/latest/lib/python3.12/multiprocessing/util.py", line 303, in _run_finalizers
    finalizer()
  File "/opt/ohpc/pub/compiler/conda/latest/lib/python3.12/multiprocessing/util.py", line 227, in __call__
    res = self._callback(*self._args, **self._kwargs)
          ^^^^^^^^^^^^^^^^^^^^^^^^^^^^^^^^^^^^^^^^^^^
  File "/opt/ohpc/pub/compiler/conda/latest/lib/python3.12/multiprocessing/util.py", line 136, in _remove_temp_dir
    rmtree(tempdir, onerror=onerror)
  File "/opt/ohpc/pub/compiler/conda/latest/lib/python3.12/shutil.py", line 759, in rmtree
    _rmtree_safe_fd(stack, onexc)
  File "/opt/ohpc/pub/compiler/conda/latest/lib/python3.12/shutil.py", line 703, in _rmtree_safe_fd
    onexc(func, path, err)
  File "/opt/ohpc/pub/compiler/conda/latest/lib/python3.12/shutil.py", line 750, in onexc
    return onerror(func, path, exc_info)
           ^^^^^^^^^^^^^^^^^^^^^^^^^^^^^
  File "/opt/ohpc/pub/compiler/conda/latest/lib/python3.12/shutil.py", line 700, in _rmtree_safe_fd
    onexc(os.unlink, fullname, err)
  File "/opt/ohpc/pub/compiler/conda/latest/lib/python3.12/shutil.py", line 750, in onexc
    return onerror(func, path, exc_info)
           ^^^^^^^^^^^^^^^^^^^^^^^^^^^^^
  File "/opt/ohpc/pub/compiler/conda/latest/lib/python3.12/shutil.py", line 698, in _rmtree_safe_fd
    os.unlink(entry.name, dir_fd=topfd)
OSError: [Errno 16] Device or resource busy: '/tmp/pymp-l9fcpktw'
[val 007] loss=-0.6345 z_std=0.0459 rankme=29.007 lidar=10.465 areq=1.799 pr=1.62 align=0.2004 unif=-1.011 converged=False collapsed=False
  e008 it0000/62 lr=0.0025 loss=-0.6404 z_std=0.0638
  e008 it0010/62 lr=0.0026 loss=-0.6688 z_std=0.0632
  e008 it0020/62 lr=0.0026 loss=-0.6881 z_std=0.0631
  e008 it0030/62 lr=0.0027 loss=-0.7028 z_std=0.0631
  e008 it0040/62 lr=0.0027 loss=-0.7165 z_std=0.0631
  e008 it0050/62 lr=0.0028 loss=-0.7299 z_std=0.0629
  e008 it0060/62 lr=0.0028 loss=-0.7444 z_std=0.0629
[epoch 008] loss=-0.7458 z_std=0.0628 (healthy~0.0625) time=185.3s
Traceback (most recent call last):
Traceback (most recent call last):
Traceback (most recent call last):
  File "/opt/ohpc/pub/compiler/conda/latest/lib/python3.12/multiprocessing/util.py", line 303, in _run_finalizers
    finalizer()
  File "/opt/ohpc/pub/compiler/conda/latest/lib/python3.12/multiprocessing/util.py", line 227, in __call__
    res = self._callback(*self._args, **self._kwargs)
          ^^^^^^^^^^^^^^^^^^^^^^^^^^^^^^^^^^^^^^^^^^^
  File "/opt/ohpc/pub/compiler/conda/latest/lib/python3.12/multiprocessing/util.py", line 136, in _remove_temp_dir
    rmtree(tempdir, onerror=onerror)
  File "/opt/ohpc/pub/compiler/conda/latest/lib/python3.12/shutil.py", line 759, in rmtree
    _rmtree_safe_fd(stack, onexc)
  File "/opt/ohpc/pub/compiler/conda/latest/lib/python3.12/shutil.py", line 703, in _rmtree_safe_fd
    onexc(func, path, err)
  File "/opt/ohpc/pub/compiler/conda/latest/lib/python3.12/shutil.py", line 750, in onexc
    return onerror(func, path, exc_info)
           ^^^^^^^^^^^^^^^^^^^^^^^^^^^^^
  File "/opt/ohpc/pub/compiler/conda/latest/lib/python3.12/shutil.py", line 700, in _rmtree_safe_fd
    onexc(os.unlink, fullname, err)
  File "/opt/ohpc/pub/compiler/conda/latest/lib/python3.12/shutil.py", line 750, in onexc
    return onerror(func, path, exc_info)
           ^^^^^^^^^^^^^^^^^^^^^^^^^^^^^
  File "/opt/ohpc/pub/compiler/conda/latest/lib/python3.12/multiprocessing/util.py", line 303, in _run_finalizers
    finalizer()
  File "/opt/ohpc/pub/compiler/conda/latest/lib/python3.12/shutil.py", line 698, in _rmtree_safe_fd
    os.unlink(entry.name, dir_fd=topfd)
  File "/opt/ohpc/pub/compiler/conda/latest/lib/python3.12/multiprocessing/util.py", line 227, in __call__
    res = self._callback(*self._args, **self._kwargs)
          ^^^^^^^^^^^^^^^^^^^^^^^^^^^^^^^^^^^^^^^^^^^
  File "/opt/ohpc/pub/compiler/conda/latest/lib/python3.12/multiprocessing/util.py", line 136, in _remove_temp_dir
    rmtree(tempdir, onerror=onerror)
  File "/opt/ohpc/pub/compiler/conda/latest/lib/python3.12/shutil.py", line 759, in rmtree
    _rmtree_safe_fd(stack, onexc)
  File "/opt/ohpc/pub/compiler/conda/latest/lib/python3.12/shutil.py", line 703, in _rmtree_safe_fd
    onexc(func, path, err)
OSError: [Errno 16] Device or resource busy: '/tmp/pymp-3bxx9idx'
  File "/opt/ohpc/pub/compiler/conda/latest/lib/python3.12/shutil.py", line 750, in onexc
    return onerror(func, path, exc_info)
           ^^^^^^^^^^^^^^^^^^^^^^^^^^^^^
  File "/opt/ohpc/pub/compiler/conda/latest/lib/python3.12/shutil.py", line 700, in _rmtree_safe_fd
    onexc(os.unlink, fullname, err)
  File "/opt/ohpc/pub/compiler/conda/latest/lib/python3.12/shutil.py", line 750, in onexc
    return onerror(func, path, exc_info)
           ^^^^^^^^^^^^^^^^^^^^^^^^^^^^^
  File "/opt/ohpc/pub/compiler/conda/latest/lib/python3.12/shutil.py", line 698, in _rmtree_safe_fd
    os.unlink(entry.name, dir_fd=topfd)
OSError: [Errno 16] Device or resource busy: '/tmp/pymp-8thrkbpm'
Traceback (most recent call last):
  File "/opt/ohpc/pub/compiler/conda/latest/lib/python3.12/multiprocessing/util.py", line 303, in _run_finalizers
    finalizer()
  File "/opt/ohpc/pub/compiler/conda/latest/lib/python3.12/multiprocessing/util.py", line 227, in __call__
    res = self._callback(*self._args, **self._kwargs)
          ^^^^^^^^^^^^^^^^^^^^^^^^^^^^^^^^^^^^^^^^^^^
  File "/opt/ohpc/pub/compiler/conda/latest/lib/python3.12/multiprocessing/util.py", line 136, in _remove_temp_dir
    rmtree(tempdir, onerror=onerror)
  File "/opt/ohpc/pub/compiler/conda/latest/lib/python3.12/shutil.py", line 759, in rmtree
    _rmtree_safe_fd(stack, onexc)
  File "/opt/ohpc/pub/compiler/conda/latest/lib/python3.12/shutil.py", line 703, in _rmtree_safe_fd
    onexc(func, path, err)
  File "/opt/ohpc/pub/compiler/conda/latest/lib/python3.12/shutil.py", line 750, in onexc
    return onerror(func, path, exc_info)
           ^^^^^^^^^^^^^^^^^^^^^^^^^^^^^
  File "/opt/ohpc/pub/compiler/conda/latest/lib/python3.12/shutil.py", line 700, in _rmtree_safe_fd
    onexc(os.unlink, fullname, err)
  File "/opt/ohpc/pub/compiler/conda/latest/lib/python3.12/shutil.py", line 750, in onexc
    return onerror(func, path, exc_info)
           ^^^^^^^^^^^^^^^^^^^^^^^^^^^^^
  File "/opt/ohpc/pub/compiler/conda/latest/lib/python3.12/shutil.py", line 698, in _rmtree_safe_fd
    os.unlink(entry.name, dir_fd=topfd)
OSError: [Errno 16] Device or resource busy: '/tmp/pymp-0f6bts87'
Traceback (most recent call last):
Traceback (most recent call last):
Traceback (most recent call last):
Traceback (most recent call last):
  File "/opt/ohpc/pub/compiler/conda/latest/lib/python3.12/multiprocessing/util.py", line 303, in _run_finalizers
    finalizer()
  File "/opt/ohpc/pub/compiler/conda/latest/lib/python3.12/multiprocessing/util.py", line 227, in __call__
    res = self._callback(*self._args, **self._kwargs)
          ^^^^^^^^^^^^^^^^^^^^^^^^^^^^^^^^^^^^^^^^^^^
  File "/opt/ohpc/pub/compiler/conda/latest/lib/python3.12/multiprocessing/util.py", line 136, in _remove_temp_dir
    rmtree(tempdir, onerror=onerror)
  File "/opt/ohpc/pub/compiler/conda/latest/lib/python3.12/shutil.py", line 759, in rmtree
    _rmtree_safe_fd(stack, onexc)
  File "/opt/ohpc/pub/compiler/conda/latest/lib/python3.12/shutil.py", line 703, in _rmtree_safe_fd
    onexc(func, path, err)
  File "/opt/ohpc/pub/compiler/conda/latest/lib/python3.12/shutil.py", line 750, in onexc
    return onerror(func, path, exc_info)
           ^^^^^^^^^^^^^^^^^^^^^^^^^^^^^
  File "/opt/ohpc/pub/compiler/conda/latest/lib/python3.12/shutil.py", line 700, in _rmtree_safe_fd
    onexc(os.unlink, fullname, err)
  File "/opt/ohpc/pub/compiler/conda/latest/lib/python3.12/shutil.py", line 750, in onexc
    return onerror(func, path, exc_info)
           ^^^^^^^^^^^^^^^^^^^^^^^^^^^^^
  File "/opt/ohpc/pub/compiler/conda/latest/lib/python3.12/shutil.py", line 698, in _rmtree_safe_fd
    os.unlink(entry.name, dir_fd=topfd)
OSError: [Errno 16] Device or resource busy: '/tmp/pymp-haemfgbj'
  File "/opt/ohpc/pub/compiler/conda/latest/lib/python3.12/multiprocessing/util.py", line 303, in _run_finalizers
    finalizer()
  File "/opt/ohpc/pub/compiler/conda/latest/lib/python3.12/multiprocessing/util.py", line 303, in _run_finalizers
    finalizer()
Traceback (most recent call last):
  File "/opt/ohpc/pub/compiler/conda/latest/lib/python3.12/multiprocessing/util.py", line 227, in __call__
    res = self._callback(*self._args, **self._kwargs)
          ^^^^^^^^^^^^^^^^^^^^^^^^^^^^^^^^^^^^^^^^^^^
  File "/opt/ohpc/pub/compiler/conda/latest/lib/python3.12/multiprocessing/util.py", line 227, in __call__
    res = self._callback(*self._args, **self._kwargs)
          ^^^^^^^^^^^^^^^^^^^^^^^^^^^^^^^^^^^^^^^^^^^
  File "/opt/ohpc/pub/compiler/conda/latest/lib/python3.12/multiprocessing/util.py", line 136, in _remove_temp_dir
    rmtree(tempdir, onerror=onerror)
  File "/opt/ohpc/pub/compiler/conda/latest/lib/python3.12/multiprocessing/util.py", line 136, in _remove_temp_dir
    rmtree(tempdir, onerror=onerror)
  File "/opt/ohpc/pub/compiler/conda/latest/lib/python3.12/shutil.py", line 759, in rmtree
    _rmtree_safe_fd(stack, onexc)
  File "/opt/ohpc/pub/compiler/conda/latest/lib/python3.12/shutil.py", line 759, in rmtree
    _rmtree_safe_fd(stack, onexc)
  File "/opt/ohpc/pub/compiler/conda/latest/lib/python3.12/shutil.py", line 703, in _rmtree_safe_fd
    onexc(func, path, err)
  File "/opt/ohpc/pub/compiler/conda/latest/lib/python3.12/shutil.py", line 703, in _rmtree_safe_fd
    onexc(func, path, err)
  File "/opt/ohpc/pub/compiler/conda/latest/lib/python3.12/shutil.py", line 750, in onexc
    return onerror(func, path, exc_info)
           ^^^^^^^^^^^^^^^^^^^^^^^^^^^^^
  File "/opt/ohpc/pub/compiler/conda/latest/lib/python3.12/shutil.py", line 750, in onexc
    return onerror(func, path, exc_info)
           ^^^^^^^^^^^^^^^^^^^^^^^^^^^^^
  File "/opt/ohpc/pub/compiler/conda/latest/lib/python3.12/shutil.py", line 700, in _rmtree_safe_fd
    onexc(os.unlink, fullname, err)
  File "/opt/ohpc/pub/compiler/conda/latest/lib/python3.12/shutil.py", line 700, in _rmtree_safe_fd
    onexc(os.unlink, fullname, err)
  File "/opt/ohpc/pub/compiler/conda/latest/lib/python3.12/shutil.py", line 750, in onexc
    return onerror(func, path, exc_info)
           ^^^^^^^^^^^^^^^^^^^^^^^^^^^^^
  File "/opt/ohpc/pub/compiler/conda/latest/lib/python3.12/shutil.py", line 750, in onexc
    return onerror(func, path, exc_info)
           ^^^^^^^^^^^^^^^^^^^^^^^^^^^^^
  File "/opt/ohpc/pub/compiler/conda/latest/lib/python3.12/shutil.py", line 698, in _rmtree_safe_fd
    os.unlink(entry.name, dir_fd=topfd)
  File "/opt/ohpc/pub/compiler/conda/latest/lib/python3.12/shutil.py", line 698, in _rmtree_safe_fd
    os.unlink(entry.name, dir_fd=topfd)
OSError: [Errno 16] Device or resource busy: '/tmp/pymp-fhjeu5eu'
  File "/opt/ohpc/pub/compiler/conda/latest/lib/python3.12/multiprocessing/util.py", line 303, in _run_finalizers
    finalizer()
OSError: [Errno 16] Device or resource busy: '/tmp/pymp-4opbawae'
  File "/opt/ohpc/pub/compiler/conda/latest/lib/python3.12/multiprocessing/util.py", line 227, in __call__
    res = self._callback(*self._args, **self._kwargs)
          ^^^^^^^^^^^^^^^^^^^^^^^^^^^^^^^^^^^^^^^^^^^
  File "/opt/ohpc/pub/compiler/conda/latest/lib/python3.12/multiprocessing/util.py", line 136, in _remove_temp_dir
    rmtree(tempdir, onerror=onerror)
  File "/opt/ohpc/pub/compiler/conda/latest/lib/python3.12/shutil.py", line 759, in rmtree
    _rmtree_safe_fd(stack, onexc)
  File "/opt/ohpc/pub/compiler/conda/latest/lib/python3.12/shutil.py", line 703, in _rmtree_safe_fd
    onexc(func, path, err)
  File "/opt/ohpc/pub/compiler/conda/latest/lib/python3.12/shutil.py", line 750, in onexc
    return onerror(func, path, exc_info)
           ^^^^^^^^^^^^^^^^^^^^^^^^^^^^^
  File "/opt/ohpc/pub/compiler/conda/latest/lib/python3.12/shutil.py", line 700, in _rmtree_safe_fd
    onexc(os.unlink, fullname, err)
  File "/opt/ohpc/pub/compiler/conda/latest/lib/python3.12/multiprocessing/util.py", line 303, in _run_finalizers
    finalizer()
  File "/opt/ohpc/pub/compiler/conda/latest/lib/python3.12/shutil.py", line 750, in onexc
    return onerror(func, path, exc_info)
           ^^^^^^^^^^^^^^^^^^^^^^^^^^^^^
  File "/opt/ohpc/pub/compiler/conda/latest/lib/python3.12/shutil.py", line 698, in _rmtree_safe_fd
    os.unlink(entry.name, dir_fd=topfd)
  File "/opt/ohpc/pub/compiler/conda/latest/lib/python3.12/multiprocessing/util.py", line 227, in __call__
    res = self._callback(*self._args, **self._kwargs)
          ^^^^^^^^^^^^^^^^^^^^^^^^^^^^^^^^^^^^^^^^^^^
  File "/opt/ohpc/pub/compiler/conda/latest/lib/python3.12/multiprocessing/util.py", line 136, in _remove_temp_dir
    rmtree(tempdir, onerror=onerror)
  File "/opt/ohpc/pub/compiler/conda/latest/lib/python3.12/shutil.py", line 759, in rmtree
    _rmtree_safe_fd(stack, onexc)
OSError: [Errno 16] Device or resource busy: '/tmp/pymp-1nzeq33x'
  File "/opt/ohpc/pub/compiler/conda/latest/lib/python3.12/shutil.py", line 703, in _rmtree_safe_fd
    onexc(func, path, err)
  File "/opt/ohpc/pub/compiler/conda/latest/lib/python3.12/shutil.py", line 750, in onexc
    return onerror(func, path, exc_info)
           ^^^^^^^^^^^^^^^^^^^^^^^^^^^^^
  File "/opt/ohpc/pub/compiler/conda/latest/lib/python3.12/shutil.py", line 700, in _rmtree_safe_fd
    onexc(os.unlink, fullname, err)
  File "/opt/ohpc/pub/compiler/conda/latest/lib/python3.12/shutil.py", line 750, in onexc
    return onerror(func, path, exc_info)
           ^^^^^^^^^^^^^^^^^^^^^^^^^^^^^
  File "/opt/ohpc/pub/compiler/conda/latest/lib/python3.12/shutil.py", line 698, in _rmtree_safe_fd
    os.unlink(entry.name, dir_fd=topfd)
OSError: [Errno 16] Device or resource busy: '/tmp/pymp-bh0214ik'
  File "/opt/ohpc/pub/compiler/conda/latest/lib/python3.12/multiprocessing/util.py", line 303, in _run_finalizers
    finalizer()
  File "/opt/ohpc/pub/compiler/conda/latest/lib/python3.12/multiprocessing/util.py", line 227, in __call__
    res = self._callback(*self._args, **self._kwargs)
          ^^^^^^^^^^^^^^^^^^^^^^^^^^^^^^^^^^^^^^^^^^^
  File "/opt/ohpc/pub/compiler/conda/latest/lib/python3.12/multiprocessing/util.py", line 136, in _remove_temp_dir
    rmtree(tempdir, onerror=onerror)
  File "/opt/ohpc/pub/compiler/conda/latest/lib/python3.12/shutil.py", line 759, in rmtree
    _rmtree_safe_fd(stack, onexc)
  File "/opt/ohpc/pub/compiler/conda/latest/lib/python3.12/shutil.py", line 703, in _rmtree_safe_fd
    onexc(func, path, err)
  File "/opt/ohpc/pub/compiler/conda/latest/lib/python3.12/shutil.py", line 750, in onexc
    return onerror(func, path, exc_info)
           ^^^^^^^^^^^^^^^^^^^^^^^^^^^^^
  File "/opt/ohpc/pub/compiler/conda/latest/lib/python3.12/shutil.py", line 700, in _rmtree_safe_fd
    onexc(os.unlink, fullname, err)
  File "/opt/ohpc/pub/compiler/conda/latest/lib/python3.12/shutil.py", line 750, in onexc
    return onerror(func, path, exc_info)
           ^^^^^^^^^^^^^^^^^^^^^^^^^^^^^
  File "/opt/ohpc/pub/compiler/conda/latest/lib/python3.12/shutil.py", line 698, in _rmtree_safe_fd
    os.unlink(entry.name, dir_fd=topfd)
OSError: [Errno 16] Device or resource busy: '/tmp/pymp-7inurh3v'
Traceback (most recent call last):
  File "/opt/ohpc/pub/compiler/conda/latest/lib/python3.12/multiprocessing/util.py", line 303, in _run_finalizers
    finalizer()
  File "/opt/ohpc/pub/compiler/conda/latest/lib/python3.12/multiprocessing/util.py", line 227, in __call__
    res = self._callback(*self._args, **self._kwargs)
          ^^^^^^^^^^^^^^^^^^^^^^^^^^^^^^^^^^^^^^^^^^^
  File "/opt/ohpc/pub/compiler/conda/latest/lib/python3.12/multiprocessing/util.py", line 136, in _remove_temp_dir
    rmtree(tempdir, onerror=onerror)
  File "/opt/ohpc/pub/compiler/conda/latest/lib/python3.12/shutil.py", line 759, in rmtree
    _rmtree_safe_fd(stack, onexc)
  File "/opt/ohpc/pub/compiler/conda/latest/lib/python3.12/shutil.py", line 703, in _rmtree_safe_fd
    onexc(func, path, err)
  File "/opt/ohpc/pub/compiler/conda/latest/lib/python3.12/shutil.py", line 750, in onexc
    return onerror(func, path, exc_info)
           ^^^^^^^^^^^^^^^^^^^^^^^^^^^^^
  File "/opt/ohpc/pub/compiler/conda/latest/lib/python3.12/shutil.py", line 700, in _rmtree_safe_fd
    onexc(os.unlink, fullname, err)
  File "/opt/ohpc/pub/compiler/conda/latest/lib/python3.12/shutil.py", line 750, in onexc
    return onerror(func, path, exc_info)
           ^^^^^^^^^^^^^^^^^^^^^^^^^^^^^
  File "/opt/ohpc/pub/compiler/conda/latest/lib/python3.12/shutil.py", line 698, in _rmtree_safe_fd
    os.unlink(entry.name, dir_fd=topfd)
OSError: [Errno 16] Device or resource busy: '/tmp/pymp-59dk4ryl'
Traceback (most recent call last):
Traceback (most recent call last):
Traceback (most recent call last):
Traceback (most recent call last):
  File "/opt/ohpc/pub/compiler/conda/latest/lib/python3.12/multiprocessing/util.py", line 303, in _run_finalizers
    finalizer()
  File "/opt/ohpc/pub/compiler/conda/latest/lib/python3.12/multiprocessing/util.py", line 227, in __call__
    res = self._callback(*self._args, **self._kwargs)
          ^^^^^^^^^^^^^^^^^^^^^^^^^^^^^^^^^^^^^^^^^^^
  File "/opt/ohpc/pub/compiler/conda/latest/lib/python3.12/multiprocessing/util.py", line 136, in _remove_temp_dir
    rmtree(tempdir, onerror=onerror)
  File "/opt/ohpc/pub/compiler/conda/latest/lib/python3.12/shutil.py", line 759, in rmtree
    _rmtree_safe_fd(stack, onexc)
  File "/opt/ohpc/pub/compiler/conda/latest/lib/python3.12/shutil.py", line 703, in _rmtree_safe_fd
    onexc(func, path, err)
  File "/opt/ohpc/pub/compiler/conda/latest/lib/python3.12/shutil.py", line 750, in onexc
    return onerror(func, path, exc_info)
           ^^^^^^^^^^^^^^^^^^^^^^^^^^^^^
  File "/opt/ohpc/pub/compiler/conda/latest/lib/python3.12/shutil.py", line 700, in _rmtree_safe_fd
    onexc(os.unlink, fullname, err)
  File "/opt/ohpc/pub/compiler/conda/latest/lib/python3.12/shutil.py", line 750, in onexc
    return onerror(func, path, exc_info)
           ^^^^^^^^^^^^^^^^^^^^^^^^^^^^^
  File "/opt/ohpc/pub/compiler/conda/latest/lib/python3.12/shutil.py", line 698, in _rmtree_safe_fd
    os.unlink(entry.name, dir_fd=topfd)
OSError: [Errno 16] Device or resource busy: '/tmp/pymp-tyodst5q'
  File "/opt/ohpc/pub/compiler/conda/latest/lib/python3.12/multiprocessing/util.py", line 303, in _run_finalizers
    finalizer()
  File "/opt/ohpc/pub/compiler/conda/latest/lib/python3.12/multiprocessing/util.py", line 227, in __call__
    res = self._callback(*self._args, **self._kwargs)
          ^^^^^^^^^^^^^^^^^^^^^^^^^^^^^^^^^^^^^^^^^^^
  File "/opt/ohpc/pub/compiler/conda/latest/lib/python3.12/multiprocessing/util.py", line 136, in _remove_temp_dir
    rmtree(tempdir, onerror=onerror)
  File "/opt/ohpc/pub/compiler/conda/latest/lib/python3.12/shutil.py", line 759, in rmtree
    _rmtree_safe_fd(stack, onexc)
  File "/opt/ohpc/pub/compiler/conda/latest/lib/python3.12/shutil.py", line 703, in _rmtree_safe_fd
    onexc(func, path, err)
  File "/opt/ohpc/pub/compiler/conda/latest/lib/python3.12/shutil.py", line 750, in onexc
    return onerror(func, path, exc_info)
           ^^^^^^^^^^^^^^^^^^^^^^^^^^^^^
  File "/opt/ohpc/pub/compiler/conda/latest/lib/python3.12/shutil.py", line 700, in _rmtree_safe_fd
    onexc(os.unlink, fullname, err)
  File "/opt/ohpc/pub/compiler/conda/latest/lib/python3.12/shutil.py", line 750, in onexc
    return onerror(func, path, exc_info)
           ^^^^^^^^^^^^^^^^^^^^^^^^^^^^^
  File "/opt/ohpc/pub/compiler/conda/latest/lib/python3.12/shutil.py", line 698, in _rmtree_safe_fd
    os.unlink(entry.name, dir_fd=topfd)
OSError: [Errno 16] Device or resource busy: '/tmp/pymp-jhld_ysl'
  File "/opt/ohpc/pub/compiler/conda/latest/lib/python3.12/multiprocessing/util.py", line 303, in _run_finalizers
    finalizer()
  File "/opt/ohpc/pub/compiler/conda/latest/lib/python3.12/multiprocessing/util.py", line 227, in __call__
    res = self._callback(*self._args, **self._kwargs)
          ^^^^^^^^^^^^^^^^^^^^^^^^^^^^^^^^^^^^^^^^^^^
  File "/opt/ohpc/pub/compiler/conda/latest/lib/python3.12/multiprocessing/util.py", line 136, in _remove_temp_dir
    rmtree(tempdir, onerror=onerror)
  File "/opt/ohpc/pub/compiler/conda/latest/lib/python3.12/shutil.py", line 759, in rmtree
    _rmtree_safe_fd(stack, onexc)
  File "/opt/ohpc/pub/compiler/conda/latest/lib/python3.12/shutil.py", line 703, in _rmtree_safe_fd
    onexc(func, path, err)
  File "/opt/ohpc/pub/compiler/conda/latest/lib/python3.12/shutil.py", line 750, in onexc
    return onerror(func, path, exc_info)
           ^^^^^^^^^^^^^^^^^^^^^^^^^^^^^
  File "/opt/ohpc/pub/compiler/conda/latest/lib/python3.12/shutil.py", line 700, in _rmtree_safe_fd
    onexc(os.unlink, fullname, err)
  File "/opt/ohpc/pub/compiler/conda/latest/lib/python3.12/shutil.py", line 750, in onexc
    return onerror(func, path, exc_info)
           ^^^^^^^^^^^^^^^^^^^^^^^^^^^^^
  File "/opt/ohpc/pub/compiler/conda/latest/lib/python3.12/shutil.py", line 698, in _rmtree_safe_fd
    os.unlink(entry.name, dir_fd=topfd)
OSError: [Errno 16] Device or resource busy: '/tmp/pymp-97_sv49f'
Traceback (most recent call last):
Traceback (most recent call last):
  File "/opt/ohpc/pub/compiler/conda/latest/lib/python3.12/multiprocessing/util.py", line 303, in _run_finalizers
    finalizer()
Traceback (most recent call last):
Traceback (most recent call last):
Traceback (most recent call last):
  File "/opt/ohpc/pub/compiler/conda/latest/lib/python3.12/multiprocessing/util.py", line 303, in _run_finalizers
    finalizer()
  File "/opt/ohpc/pub/compiler/conda/latest/lib/python3.12/multiprocessing/util.py", line 227, in __call__
    res = self._callback(*self._args, **self._kwargs)
          ^^^^^^^^^^^^^^^^^^^^^^^^^^^^^^^^^^^^^^^^^^^
  File "/opt/ohpc/pub/compiler/conda/latest/lib/python3.12/multiprocessing/util.py", line 136, in _remove_temp_dir
    rmtree(tempdir, onerror=onerror)
  File "/opt/ohpc/pub/compiler/conda/latest/lib/python3.12/shutil.py", line 759, in rmtree
    _rmtree_safe_fd(stack, onexc)
  File "/opt/ohpc/pub/compiler/conda/latest/lib/python3.12/shutil.py", line 703, in _rmtree_safe_fd
    onexc(func, path, err)
  File "/opt/ohpc/pub/compiler/conda/latest/lib/python3.12/shutil.py", line 750, in onexc
    return onerror(func, path, exc_info)
           ^^^^^^^^^^^^^^^^^^^^^^^^^^^^^
  File "/opt/ohpc/pub/compiler/conda/latest/lib/python3.12/shutil.py", line 700, in _rmtree_safe_fd
    onexc(os.unlink, fullname, err)
  File "/opt/ohpc/pub/compiler/conda/latest/lib/python3.12/shutil.py", line 750, in onexc
    return onerror(func, path, exc_info)
           ^^^^^^^^^^^^^^^^^^^^^^^^^^^^^
  File "/opt/ohpc/pub/compiler/conda/latest/lib/python3.12/shutil.py", line 698, in _rmtree_safe_fd
    os.unlink(entry.name, dir_fd=topfd)
OSError: [Errno 16] Device or resource busy: '/tmp/pymp-bapsly3e'
  File "/opt/ohpc/pub/compiler/conda/latest/lib/python3.12/multiprocessing/util.py", line 303, in _run_finalizers
    finalizer()
  File "/opt/ohpc/pub/compiler/conda/latest/lib/python3.12/multiprocessing/util.py", line 227, in __call__
    res = self._callback(*self._args, **self._kwargs)
          ^^^^^^^^^^^^^^^^^^^^^^^^^^^^^^^^^^^^^^^^^^^
  File "/opt/ohpc/pub/compiler/conda/latest/lib/python3.12/multiprocessing/util.py", line 136, in _remove_temp_dir
    rmtree(tempdir, onerror=onerror)
  File "/opt/ohpc/pub/compiler/conda/latest/lib/python3.12/shutil.py", line 759, in rmtree
    _rmtree_safe_fd(stack, onexc)
  File "/opt/ohpc/pub/compiler/conda/latest/lib/python3.12/shutil.py", line 703, in _rmtree_safe_fd
    onexc(func, path, err)
  File "/opt/ohpc/pub/compiler/conda/latest/lib/python3.12/shutil.py", line 750, in onexc
    return onerror(func, path, exc_info)
           ^^^^^^^^^^^^^^^^^^^^^^^^^^^^^
  File "/opt/ohpc/pub/compiler/conda/latest/lib/python3.12/shutil.py", line 700, in _rmtree_safe_fd
    onexc(os.unlink, fullname, err)
  File "/opt/ohpc/pub/compiler/conda/latest/lib/python3.12/shutil.py", line 750, in onexc
    return onerror(func, path, exc_info)
           ^^^^^^^^^^^^^^^^^^^^^^^^^^^^^
  File "/opt/ohpc/pub/compiler/conda/latest/lib/python3.12/shutil.py", line 698, in _rmtree_safe_fd
    os.unlink(entry.name, dir_fd=topfd)
Traceback (most recent call last):
OSError: [Errno 16] Device or resource busy: '/tmp/pymp-05jc41hh'
  File "/opt/ohpc/pub/compiler/conda/latest/lib/python3.12/multiprocessing/util.py", line 303, in _run_finalizers
    finalizer()
  File "/opt/ohpc/pub/compiler/conda/latest/lib/python3.12/multiprocessing/util.py", line 303, in _run_finalizers
    finalizer()
  File "/opt/ohpc/pub/compiler/conda/latest/lib/python3.12/multiprocessing/util.py", line 227, in __call__
    res = self._callback(*self._args, **self._kwargs)
          ^^^^^^^^^^^^^^^^^^^^^^^^^^^^^^^^^^^^^^^^^^^
  File "/opt/ohpc/pub/compiler/conda/latest/lib/python3.12/multiprocessing/util.py", line 136, in _remove_temp_dir
    rmtree(tempdir, onerror=onerror)
  File "/opt/ohpc/pub/compiler/conda/latest/lib/python3.12/shutil.py", line 759, in rmtree
    _rmtree_safe_fd(stack, onexc)
  File "/opt/ohpc/pub/compiler/conda/latest/lib/python3.12/multiprocessing/util.py", line 227, in __call__
    res = self._callback(*self._args, **self._kwargs)
          ^^^^^^^^^^^^^^^^^^^^^^^^^^^^^^^^^^^^^^^^^^^
  File "/opt/ohpc/pub/compiler/conda/latest/lib/python3.12/shutil.py", line 703, in _rmtree_safe_fd
    onexc(func, path, err)
  File "/opt/ohpc/pub/compiler/conda/latest/lib/python3.12/multiprocessing/util.py", line 136, in _remove_temp_dir
    rmtree(tempdir, onerror=onerror)
  File "/opt/ohpc/pub/compiler/conda/latest/lib/python3.12/shutil.py", line 750, in onexc
    return onerror(func, path, exc_info)
           ^^^^^^^^^^^^^^^^^^^^^^^^^^^^^
  File "/opt/ohpc/pub/compiler/conda/latest/lib/python3.12/shutil.py", line 759, in rmtree
    _rmtree_safe_fd(stack, onexc)
  File "/opt/ohpc/pub/compiler/conda/latest/lib/python3.12/shutil.py", line 700, in _rmtree_safe_fd
    onexc(os.unlink, fullname, err)
  File "/opt/ohpc/pub/compiler/conda/latest/lib/python3.12/shutil.py", line 703, in _rmtree_safe_fd
    onexc(func, path, err)
  File "/opt/ohpc/pub/compiler/conda/latest/lib/python3.12/shutil.py", line 750, in onexc
    return onerror(func, path, exc_info)
           ^^^^^^^^^^^^^^^^^^^^^^^^^^^^^
  File "/opt/ohpc/pub/compiler/conda/latest/lib/python3.12/shutil.py", line 698, in _rmtree_safe_fd
    os.unlink(entry.name, dir_fd=topfd)
  File "/opt/ohpc/pub/compiler/conda/latest/lib/python3.12/shutil.py", line 750, in onexc
    return onerror(func, path, exc_info)
           ^^^^^^^^^^^^^^^^^^^^^^^^^^^^^
  File "/opt/ohpc/pub/compiler/conda/latest/lib/python3.12/shutil.py", line 700, in _rmtree_safe_fd
    onexc(os.unlink, fullname, err)
  File "/opt/ohpc/pub/compiler/conda/latest/lib/python3.12/shutil.py", line 750, in onexc
    return onerror(func, path, exc_info)
           ^^^^^^^^^^^^^^^^^^^^^^^^^^^^^
  File "/opt/ohpc/pub/compiler/conda/latest/lib/python3.12/shutil.py", line 698, in _rmtree_safe_fd
    os.unlink(entry.name, dir_fd=topfd)
OSError: [Errno 16] Device or resource busy: '/tmp/pymp-rg7hgdbg'
OSError: [Errno 16] Device or resource busy: '/tmp/pymp-3berpilh'
  File "/opt/ohpc/pub/compiler/conda/latest/lib/python3.12/multiprocessing/util.py", line 303, in _run_finalizers
    finalizer()
  File "/opt/ohpc/pub/compiler/conda/latest/lib/python3.12/multiprocessing/util.py", line 227, in __call__
    res = self._callback(*self._args, **self._kwargs)
          ^^^^^^^^^^^^^^^^^^^^^^^^^^^^^^^^^^^^^^^^^^^
  File "/opt/ohpc/pub/compiler/conda/latest/lib/python3.12/multiprocessing/util.py", line 136, in _remove_temp_dir
    rmtree(tempdir, onerror=onerror)
  File "/opt/ohpc/pub/compiler/conda/latest/lib/python3.12/shutil.py", line 759, in rmtree
    _rmtree_safe_fd(stack, onexc)
  File "/opt/ohpc/pub/compiler/conda/latest/lib/python3.12/shutil.py", line 703, in _rmtree_safe_fd
    onexc(func, path, err)
  File "/opt/ohpc/pub/compiler/conda/latest/lib/python3.12/shutil.py", line 750, in onexc
    return onerror(func, path, exc_info)
           ^^^^^^^^^^^^^^^^^^^^^^^^^^^^^
  File "/opt/ohpc/pub/compiler/conda/latest/lib/python3.12/shutil.py", line 700, in _rmtree_safe_fd
    onexc(os.unlink, fullname, err)
  File "/opt/ohpc/pub/compiler/conda/latest/lib/python3.12/shutil.py", line 750, in onexc
    return onerror(func, path, exc_info)
           ^^^^^^^^^^^^^^^^^^^^^^^^^^^^^
  File "/opt/ohpc/pub/compiler/conda/latest/lib/python3.12/shutil.py", line 698, in _rmtree_safe_fd
    os.unlink(entry.name, dir_fd=topfd)
OSError: [Errno 16] Device or resource busy: '/tmp/pymp-l4xgnghr'
  File "/opt/ohpc/pub/compiler/conda/latest/lib/python3.12/multiprocessing/util.py", line 227, in __call__
    res = self._callback(*self._args, **self._kwargs)
          ^^^^^^^^^^^^^^^^^^^^^^^^^^^^^^^^^^^^^^^^^^^
  File "/opt/ohpc/pub/compiler/conda/latest/lib/python3.12/multiprocessing/util.py", line 136, in _remove_temp_dir
    rmtree(tempdir, onerror=onerror)
  File "/opt/ohpc/pub/compiler/conda/latest/lib/python3.12/shutil.py", line 759, in rmtree
    _rmtree_safe_fd(stack, onexc)
  File "/opt/ohpc/pub/compiler/conda/latest/lib/python3.12/shutil.py", line 703, in _rmtree_safe_fd
    onexc(func, path, err)
  File "/opt/ohpc/pub/compiler/conda/latest/lib/python3.12/shutil.py", line 750, in onexc
    return onerror(func, path, exc_info)
           ^^^^^^^^^^^^^^^^^^^^^^^^^^^^^
  File "/opt/ohpc/pub/compiler/conda/latest/lib/python3.12/shutil.py", line 700, in _rmtree_safe_fd
    onexc(os.unlink, fullname, err)
  File "/opt/ohpc/pub/compiler/conda/latest/lib/python3.12/shutil.py", line 750, in onexc
    return onerror(func, path, exc_info)
           ^^^^^^^^^^^^^^^^^^^^^^^^^^^^^
  File "/opt/ohpc/pub/compiler/conda/latest/lib/python3.12/shutil.py", line 698, in _rmtree_safe_fd
    os.unlink(entry.name, dir_fd=topfd)
OSError: [Errno 16] Device or resource busy: '/tmp/pymp-_0ehdt42'
  File "/opt/ohpc/pub/compiler/conda/latest/lib/python3.12/multiprocessing/util.py", line 303, in _run_finalizers
    finalizer()
  File "/opt/ohpc/pub/compiler/conda/latest/lib/python3.12/multiprocessing/util.py", line 227, in __call__
    res = self._callback(*self._args, **self._kwargs)
          ^^^^^^^^^^^^^^^^^^^^^^^^^^^^^^^^^^^^^^^^^^^
  File "/opt/ohpc/pub/compiler/conda/latest/lib/python3.12/multiprocessing/util.py", line 136, in _remove_temp_dir
    rmtree(tempdir, onerror=onerror)
  File "/opt/ohpc/pub/compiler/conda/latest/lib/python3.12/shutil.py", line 759, in rmtree
    _rmtree_safe_fd(stack, onexc)
  File "/opt/ohpc/pub/compiler/conda/latest/lib/python3.12/shutil.py", line 703, in _rmtree_safe_fd
    onexc(func, path, err)
  File "/opt/ohpc/pub/compiler/conda/latest/lib/python3.12/shutil.py", line 750, in onexc
    return onerror(func, path, exc_info)
           ^^^^^^^^^^^^^^^^^^^^^^^^^^^^^
  File "/opt/ohpc/pub/compiler/conda/latest/lib/python3.12/shutil.py", line 700, in _rmtree_safe_fd
    onexc(os.unlink, fullname, err)
  File "/opt/ohpc/pub/compiler/conda/latest/lib/python3.12/shutil.py", line 750, in onexc
    return onerror(func, path, exc_info)
           ^^^^^^^^^^^^^^^^^^^^^^^^^^^^^
  File "/opt/ohpc/pub/compiler/conda/latest/lib/python3.12/shutil.py", line 698, in _rmtree_safe_fd
    os.unlink(entry.name, dir_fd=topfd)
OSError: [Errno 16] Device or resource busy: '/tmp/pymp-0hc6w4ch'
Traceback (most recent call last):
Traceback (most recent call last):
Traceback (most recent call last):
  File "/opt/ohpc/pub/compiler/conda/latest/lib/python3.12/multiprocessing/util.py", line 303, in _run_finalizers
    finalizer()
  File "/opt/ohpc/pub/compiler/conda/latest/lib/python3.12/multiprocessing/util.py", line 227, in __call__
    res = self._callback(*self._args, **self._kwargs)
          ^^^^^^^^^^^^^^^^^^^^^^^^^^^^^^^^^^^^^^^^^^^
  File "/opt/ohpc/pub/compiler/conda/latest/lib/python3.12/multiprocessing/util.py", line 136, in _remove_temp_dir
    rmtree(tempdir, onerror=onerror)
  File "/opt/ohpc/pub/compiler/conda/latest/lib/python3.12/shutil.py", line 759, in rmtree
    _rmtree_safe_fd(stack, onexc)
  File "/opt/ohpc/pub/compiler/conda/latest/lib/python3.12/shutil.py", line 703, in _rmtree_safe_fd
    onexc(func, path, err)
  File "/opt/ohpc/pub/compiler/conda/latest/lib/python3.12/shutil.py", line 750, in onexc
    return onerror(func, path, exc_info)
           ^^^^^^^^^^^^^^^^^^^^^^^^^^^^^
  File "/opt/ohpc/pub/compiler/conda/latest/lib/python3.12/shutil.py", line 700, in _rmtree_safe_fd
    onexc(os.unlink, fullname, err)
  File "/opt/ohpc/pub/compiler/conda/latest/lib/python3.12/shutil.py", line 750, in onexc
    return onerror(func, path, exc_info)
           ^^^^^^^^^^^^^^^^^^^^^^^^^^^^^
  File "/opt/ohpc/pub/compiler/conda/latest/lib/python3.12/shutil.py", line 698, in _rmtree_safe_fd
    os.unlink(entry.name, dir_fd=topfd)
OSError: [Errno 16] Device or resource busy: '/tmp/pymp-irgys90v'
  File "/opt/ohpc/pub/compiler/conda/latest/lib/python3.12/multiprocessing/util.py", line 303, in _run_finalizers
    finalizer()
  File "/opt/ohpc/pub/compiler/conda/latest/lib/python3.12/multiprocessing/util.py", line 227, in __call__
    res = self._callback(*self._args, **self._kwargs)
          ^^^^^^^^^^^^^^^^^^^^^^^^^^^^^^^^^^^^^^^^^^^
  File "/opt/ohpc/pub/compiler/conda/latest/lib/python3.12/multiprocessing/util.py", line 136, in _remove_temp_dir
    rmtree(tempdir, onerror=onerror)
  File "/opt/ohpc/pub/compiler/conda/latest/lib/python3.12/shutil.py", line 759, in rmtree
    _rmtree_safe_fd(stack, onexc)
  File "/opt/ohpc/pub/compiler/conda/latest/lib/python3.12/shutil.py", line 703, in _rmtree_safe_fd
    onexc(func, path, err)
  File "/opt/ohpc/pub/compiler/conda/latest/lib/python3.12/shutil.py", line 750, in onexc
    return onerror(func, path, exc_info)
           ^^^^^^^^^^^^^^^^^^^^^^^^^^^^^
  File "/opt/ohpc/pub/compiler/conda/latest/lib/python3.12/shutil.py", line 700, in _rmtree_safe_fd
    onexc(os.unlink, fullname, err)
  File "/opt/ohpc/pub/compiler/conda/latest/lib/python3.12/shutil.py", line 750, in onexc
    return onerror(func, path, exc_info)
           ^^^^^^^^^^^^^^^^^^^^^^^^^^^^^
  File "/opt/ohpc/pub/compiler/conda/latest/lib/python3.12/shutil.py", line 698, in _rmtree_safe_fd
    os.unlink(entry.name, dir_fd=topfd)
OSError: [Errno 16] Device or resource busy: '/tmp/pymp-s06r5z26'
  File "/opt/ohpc/pub/compiler/conda/latest/lib/python3.12/multiprocessing/util.py", line 303, in _run_finalizers
    finalizer()
  File "/opt/ohpc/pub/compiler/conda/latest/lib/python3.12/multiprocessing/util.py", line 227, in __call__
    res = self._callback(*self._args, **self._kwargs)
          ^^^^^^^^^^^^^^^^^^^^^^^^^^^^^^^^^^^^^^^^^^^
  File "/opt/ohpc/pub/compiler/conda/latest/lib/python3.12/multiprocessing/util.py", line 136, in _remove_temp_dir
    rmtree(tempdir, onerror=onerror)
  File "/opt/ohpc/pub/compiler/conda/latest/lib/python3.12/shutil.py", line 759, in rmtree
    _rmtree_safe_fd(stack, onexc)
  File "/opt/ohpc/pub/compiler/conda/latest/lib/python3.12/shutil.py", line 703, in _rmtree_safe_fd
    onexc(func, path, err)
  File "/opt/ohpc/pub/compiler/conda/latest/lib/python3.12/shutil.py", line 750, in onexc
    return onerror(func, path, exc_info)
           ^^^^^^^^^^^^^^^^^^^^^^^^^^^^^
  File "/opt/ohpc/pub/compiler/conda/latest/lib/python3.12/shutil.py", line 700, in _rmtree_safe_fd
    onexc(os.unlink, fullname, err)
  File "/opt/ohpc/pub/compiler/conda/latest/lib/python3.12/shutil.py", line 750, in onexc
    return onerror(func, path, exc_info)
           ^^^^^^^^^^^^^^^^^^^^^^^^^^^^^
  File "/opt/ohpc/pub/compiler/conda/latest/lib/python3.12/shutil.py", line 698, in _rmtree_safe_fd
    os.unlink(entry.name, dir_fd=topfd)
OSError: [Errno 16] Device or resource busy: '/tmp/pymp-jj0jaqfb'
Traceback (most recent call last):
Traceback (most recent call last):
Traceback (most recent call last):
  File "/opt/ohpc/pub/compiler/conda/latest/lib/python3.12/multiprocessing/util.py", line 303, in _run_finalizers
    finalizer()
  File "/opt/ohpc/pub/compiler/conda/latest/lib/python3.12/multiprocessing/util.py", line 227, in __call__
    res = self._callback(*self._args, **self._kwargs)
          ^^^^^^^^^^^^^^^^^^^^^^^^^^^^^^^^^^^^^^^^^^^
  File "/opt/ohpc/pub/compiler/conda/latest/lib/python3.12/multiprocessing/util.py", line 136, in _remove_temp_dir
    rmtree(tempdir, onerror=onerror)
  File "/opt/ohpc/pub/compiler/conda/latest/lib/python3.12/shutil.py", line 759, in rmtree
    _rmtree_safe_fd(stack, onexc)
  File "/opt/ohpc/pub/compiler/conda/latest/lib/python3.12/shutil.py", line 703, in _rmtree_safe_fd
    onexc(func, path, err)
  File "/opt/ohpc/pub/compiler/conda/latest/lib/python3.12/shutil.py", line 750, in onexc
    return onerror(func, path, exc_info)
           ^^^^^^^^^^^^^^^^^^^^^^^^^^^^^
  File "/opt/ohpc/pub/compiler/conda/latest/lib/python3.12/shutil.py", line 700, in _rmtree_safe_fd
    onexc(os.unlink, fullname, err)
  File "/opt/ohpc/pub/compiler/conda/latest/lib/python3.12/shutil.py", line 750, in onexc
    return onerror(func, path, exc_info)
           ^^^^^^^^^^^^^^^^^^^^^^^^^^^^^
  File "/opt/ohpc/pub/compiler/conda/latest/lib/python3.12/shutil.py", line 698, in _rmtree_safe_fd
    os.unlink(entry.name, dir_fd=topfd)
OSError: [Errno 16] Device or resource busy: '/tmp/pymp-ngyrzx8o'
  File "/opt/ohpc/pub/compiler/conda/latest/lib/python3.12/multiprocessing/util.py", line 303, in _run_finalizers
    finalizer()
  File "/opt/ohpc/pub/compiler/conda/latest/lib/python3.12/multiprocessing/util.py", line 227, in __call__
    res = self._callback(*self._args, **self._kwargs)
          ^^^^^^^^^^^^^^^^^^^^^^^^^^^^^^^^^^^^^^^^^^^
  File "/opt/ohpc/pub/compiler/conda/latest/lib/python3.12/multiprocessing/util.py", line 136, in _remove_temp_dir
    rmtree(tempdir, onerror=onerror)
  File "/opt/ohpc/pub/compiler/conda/latest/lib/python3.12/shutil.py", line 759, in rmtree
    _rmtree_safe_fd(stack, onexc)
  File "/opt/ohpc/pub/compiler/conda/latest/lib/python3.12/shutil.py", line 703, in _rmtree_safe_fd
    onexc(func, path, err)
  File "/opt/ohpc/pub/compiler/conda/latest/lib/python3.12/shutil.py", line 750, in onexc
    return onerror(func, path, exc_info)
           ^^^^^^^^^^^^^^^^^^^^^^^^^^^^^
  File "/opt/ohpc/pub/compiler/conda/latest/lib/python3.12/multiprocessing/util.py", line 303, in _run_finalizers
    finalizer()
  File "/opt/ohpc/pub/compiler/conda/latest/lib/python3.12/shutil.py", line 700, in _rmtree_safe_fd
    onexc(os.unlink, fullname, err)
  File "/opt/ohpc/pub/compiler/conda/latest/lib/python3.12/shutil.py", line 750, in onexc
    return onerror(func, path, exc_info)
           ^^^^^^^^^^^^^^^^^^^^^^^^^^^^^
  File "/opt/ohpc/pub/compiler/conda/latest/lib/python3.12/shutil.py", line 698, in _rmtree_safe_fd
    os.unlink(entry.name, dir_fd=topfd)
  File "/opt/ohpc/pub/compiler/conda/latest/lib/python3.12/multiprocessing/util.py", line 227, in __call__
    res = self._callback(*self._args, **self._kwargs)
          ^^^^^^^^^^^^^^^^^^^^^^^^^^^^^^^^^^^^^^^^^^^
  File "/opt/ohpc/pub/compiler/conda/latest/lib/python3.12/multiprocessing/util.py", line 136, in _remove_temp_dir
    rmtree(tempdir, onerror=onerror)
  File "/opt/ohpc/pub/compiler/conda/latest/lib/python3.12/shutil.py", line 759, in rmtree
    _rmtree_safe_fd(stack, onexc)
  File "/opt/ohpc/pub/compiler/conda/latest/lib/python3.12/shutil.py", line 703, in _rmtree_safe_fd
    onexc(func, path, err)
  File "/opt/ohpc/pub/compiler/conda/latest/lib/python3.12/shutil.py", line 750, in onexc
    return onerror(func, path, exc_info)
           ^^^^^^^^^^^^^^^^^^^^^^^^^^^^^
OSError: [Errno 16] Device or resource busy: '/tmp/pymp-280bsj4w'
  File "/opt/ohpc/pub/compiler/conda/latest/lib/python3.12/shutil.py", line 700, in _rmtree_safe_fd
    onexc(os.unlink, fullname, err)
  File "/opt/ohpc/pub/compiler/conda/latest/lib/python3.12/shutil.py", line 750, in onexc
    return onerror(func, path, exc_info)
           ^^^^^^^^^^^^^^^^^^^^^^^^^^^^^
  File "/opt/ohpc/pub/compiler/conda/latest/lib/python3.12/shutil.py", line 698, in _rmtree_safe_fd
    os.unlink(entry.name, dir_fd=topfd)
OSError: [Errno 16] Device or resource busy: '/tmp/pymp-psemb21v'
Traceback (most recent call last):
  File "/opt/ohpc/pub/compiler/conda/latest/lib/python3.12/multiprocessing/util.py", line 303, in _run_finalizers
    finalizer()
  File "/opt/ohpc/pub/compiler/conda/latest/lib/python3.12/multiprocessing/util.py", line 227, in __call__
    res = self._callback(*self._args, **self._kwargs)
          ^^^^^^^^^^^^^^^^^^^^^^^^^^^^^^^^^^^^^^^^^^^
  File "/opt/ohpc/pub/compiler/conda/latest/lib/python3.12/multiprocessing/util.py", line 136, in _remove_temp_dir
    rmtree(tempdir, onerror=onerror)
  File "/opt/ohpc/pub/compiler/conda/latest/lib/python3.12/shutil.py", line 759, in rmtree
    _rmtree_safe_fd(stack, onexc)
  File "/opt/ohpc/pub/compiler/conda/latest/lib/python3.12/shutil.py", line 703, in _rmtree_safe_fd
    onexc(func, path, err)
  File "/opt/ohpc/pub/compiler/conda/latest/lib/python3.12/shutil.py", line 750, in onexc
    return onerror(func, path, exc_info)
           ^^^^^^^^^^^^^^^^^^^^^^^^^^^^^
  File "/opt/ohpc/pub/compiler/conda/latest/lib/python3.12/shutil.py", line 700, in _rmtree_safe_fd
    onexc(os.unlink, fullname, err)
  File "/opt/ohpc/pub/compiler/conda/latest/lib/python3.12/shutil.py", line 750, in onexc
    return onerror(func, path, exc_info)
           ^^^^^^^^^^^^^^^^^^^^^^^^^^^^^
  File "/opt/ohpc/pub/compiler/conda/latest/lib/python3.12/shutil.py", line 698, in _rmtree_safe_fd
    os.unlink(entry.name, dir_fd=topfd)
OSError: [Errno 16] Device or resource busy: '/tmp/pymp-l2kzb0da'
Traceback (most recent call last):
Traceback (most recent call last):
  File "/opt/ohpc/pub/compiler/conda/latest/lib/python3.12/multiprocessing/util.py", line 303, in _run_finalizers
    finalizer()
  File "/opt/ohpc/pub/compiler/conda/latest/lib/python3.12/multiprocessing/util.py", line 227, in __call__
    res = self._callback(*self._args, **self._kwargs)
          ^^^^^^^^^^^^^^^^^^^^^^^^^^^^^^^^^^^^^^^^^^^
  File "/opt/ohpc/pub/compiler/conda/latest/lib/python3.12/multiprocessing/util.py", line 136, in _remove_temp_dir
    rmtree(tempdir, onerror=onerror)
  File "/opt/ohpc/pub/compiler/conda/latest/lib/python3.12/shutil.py", line 759, in rmtree
    _rmtree_safe_fd(stack, onexc)
  File "/opt/ohpc/pub/compiler/conda/latest/lib/python3.12/shutil.py", line 703, in _rmtree_safe_fd
    onexc(func, path, err)
  File "/opt/ohpc/pub/compiler/conda/latest/lib/python3.12/shutil.py", line 750, in onexc
    return onerror(func, path, exc_info)
           ^^^^^^^^^^^^^^^^^^^^^^^^^^^^^
  File "/opt/ohpc/pub/compiler/conda/latest/lib/python3.12/shutil.py", line 700, in _rmtree_safe_fd
    onexc(os.unlink, fullname, err)
  File "/opt/ohpc/pub/compiler/conda/latest/lib/python3.12/shutil.py", line 750, in onexc
    return onerror(func, path, exc_info)
           ^^^^^^^^^^^^^^^^^^^^^^^^^^^^^
  File "/opt/ohpc/pub/compiler/conda/latest/lib/python3.12/shutil.py", line 698, in _rmtree_safe_fd
    os.unlink(entry.name, dir_fd=topfd)
OSError: [Errno 16] Device or resource busy: '/tmp/pymp-yr8bpvb8'
  File "/opt/ohpc/pub/compiler/conda/latest/lib/python3.12/multiprocessing/util.py", line 303, in _run_finalizers
    finalizer()
  File "/opt/ohpc/pub/compiler/conda/latest/lib/python3.12/multiprocessing/util.py", line 227, in __call__
    res = self._callback(*self._args, **self._kwargs)
          ^^^^^^^^^^^^^^^^^^^^^^^^^^^^^^^^^^^^^^^^^^^
  File "/opt/ohpc/pub/compiler/conda/latest/lib/python3.12/multiprocessing/util.py", line 136, in _remove_temp_dir
    rmtree(tempdir, onerror=onerror)
  File "/opt/ohpc/pub/compiler/conda/latest/lib/python3.12/shutil.py", line 759, in rmtree
    _rmtree_safe_fd(stack, onexc)
  File "/opt/ohpc/pub/compiler/conda/latest/lib/python3.12/shutil.py", line 703, in _rmtree_safe_fd
    onexc(func, path, err)
  File "/opt/ohpc/pub/compiler/conda/latest/lib/python3.12/shutil.py", line 750, in onexc
    return onerror(func, path, exc_info)
           ^^^^^^^^^^^^^^^^^^^^^^^^^^^^^
  File "/opt/ohpc/pub/compiler/conda/latest/lib/python3.12/shutil.py", line 700, in _rmtree_safe_fd
    onexc(os.unlink, fullname, err)
  File "/opt/ohpc/pub/compiler/conda/latest/lib/python3.12/shutil.py", line 750, in onexc
    return onerror(func, path, exc_info)
           ^^^^^^^^^^^^^^^^^^^^^^^^^^^^^
  File "/opt/ohpc/pub/compiler/conda/latest/lib/python3.12/shutil.py", line 698, in _rmtree_safe_fd
    os.unlink(entry.name, dir_fd=topfd)
OSError: [Errno 16] Device or resource busy: '/tmp/pymp-qr7o0bdo'
Traceback (most recent call last):
  File "/opt/ohpc/pub/compiler/conda/latest/lib/python3.12/multiprocessing/util.py", line 303, in _run_finalizers
    finalizer()
  File "/opt/ohpc/pub/compiler/conda/latest/lib/python3.12/multiprocessing/util.py", line 227, in __call__
    res = self._callback(*self._args, **self._kwargs)
          ^^^^^^^^^^^^^^^^^^^^^^^^^^^^^^^^^^^^^^^^^^^
  File "/opt/ohpc/pub/compiler/conda/latest/lib/python3.12/multiprocessing/util.py", line 136, in _remove_temp_dir
    rmtree(tempdir, onerror=onerror)
  File "/opt/ohpc/pub/compiler/conda/latest/lib/python3.12/shutil.py", line 759, in rmtree
    _rmtree_safe_fd(stack, onexc)
  File "/opt/ohpc/pub/compiler/conda/latest/lib/python3.12/shutil.py", line 703, in _rmtree_safe_fd
    onexc(func, path, err)
  File "/opt/ohpc/pub/compiler/conda/latest/lib/python3.12/shutil.py", line 750, in onexc
    return onerror(func, path, exc_info)
           ^^^^^^^^^^^^^^^^^^^^^^^^^^^^^
  File "/opt/ohpc/pub/compiler/conda/latest/lib/python3.12/shutil.py", line 700, in _rmtree_safe_fd
    onexc(os.unlink, fullname, err)
  File "/opt/ohpc/pub/compiler/conda/latest/lib/python3.12/shutil.py", line 750, in onexc
    return onerror(func, path, exc_info)
           ^^^^^^^^^^^^^^^^^^^^^^^^^^^^^
  File "/opt/ohpc/pub/compiler/conda/latest/lib/python3.12/shutil.py", line 698, in _rmtree_safe_fd
    os.unlink(entry.name, dir_fd=topfd)
OSError: [Errno 16] Device or resource busy: '/tmp/pymp-nhfyg551'
[val 008] loss=-0.8223 z_std=0.0452 rankme=19.496 lidar=6.654 areq=1.925 pr=1.47 align=0.1500 unif=-0.925 converged=True collapsed=False
  -> new best RankMe=19.4957 (smoothed 19.4957 over 1 evals, cleared +1.1426) @ epoch 8 (saved bestRankMe.pth)
  -> new best LiDAR=6.6535 (smoothed 6.6535 over 1 evals, cleared +0.5800) @ epoch 8 (saved bestLiDAR.pth)
  e009 it0000/62 lr=0.0028 loss=-0.8013 z_std=0.0628
  e009 it0010/62 lr=0.0029 loss=-0.8351 z_std=0.0624
  e009 it0020/62 lr=0.0029 loss=-0.8477 z_std=0.0625
  e009 it0030/62 lr=0.0030 loss=-0.8483 z_std=0.0627
  e009 it0040/62 lr=0.0030 loss=-0.8527 z_std=0.0626
  e009 it0050/62 lr=0.0031 loss=-0.8593 z_std=0.0626
  e009 it0060/62 lr=0.0031 loss=-0.8642 z_std=0.0625
[epoch 009] loss=-0.8642 z_std=0.0625 (healthy~0.0625) time=191.7s
Traceback (most recent call last):
Traceback (most recent call last):
  File "/opt/ohpc/pub/compiler/conda/latest/lib/python3.12/multiprocessing/util.py", line 303, in _run_finalizers
    finalizer()
  File "/opt/ohpc/pub/compiler/conda/latest/lib/python3.12/multiprocessing/util.py", line 227, in __call__
    res = self._callback(*self._args, **self._kwargs)
          ^^^^^^^^^^^^^^^^^^^^^^^^^^^^^^^^^^^^^^^^^^^
  File "/opt/ohpc/pub/compiler/conda/latest/lib/python3.12/multiprocessing/util.py", line 136, in _remove_temp_dir
    rmtree(tempdir, onerror=onerror)
  File "/opt/ohpc/pub/compiler/conda/latest/lib/python3.12/shutil.py", line 759, in rmtree
    _rmtree_safe_fd(stack, onexc)
  File "/opt/ohpc/pub/compiler/conda/latest/lib/python3.12/shutil.py", line 703, in _rmtree_safe_fd
    onexc(func, path, err)
  File "/opt/ohpc/pub/compiler/conda/latest/lib/python3.12/shutil.py", line 750, in onexc
    return onerror(func, path, exc_info)
           ^^^^^^^^^^^^^^^^^^^^^^^^^^^^^
  File "/opt/ohpc/pub/compiler/conda/latest/lib/python3.12/shutil.py", line 700, in _rmtree_safe_fd
    onexc(os.unlink, fullname, err)
  File "/opt/ohpc/pub/compiler/conda/latest/lib/python3.12/shutil.py", line 750, in onexc
    return onerror(func, path, exc_info)
           ^^^^^^^^^^^^^^^^^^^^^^^^^^^^^
  File "/opt/ohpc/pub/compiler/conda/latest/lib/python3.12/shutil.py", line 698, in _rmtree_safe_fd
    os.unlink(entry.name, dir_fd=topfd)
OSError: [Errno 16] Device or resource busy: '/tmp/pymp-jyuw5_58'
  File "/opt/ohpc/pub/compiler/conda/latest/lib/python3.12/multiprocessing/util.py", line 303, in _run_finalizers
    finalizer()
  File "/opt/ohpc/pub/compiler/conda/latest/lib/python3.12/multiprocessing/util.py", line 227, in __call__
    res = self._callback(*self._args, **self._kwargs)
          ^^^^^^^^^^^^^^^^^^^^^^^^^^^^^^^^^^^^^^^^^^^
  File "/opt/ohpc/pub/compiler/conda/latest/lib/python3.12/multiprocessing/util.py", line 136, in _remove_temp_dir
    rmtree(tempdir, onerror=onerror)
  File "/opt/ohpc/pub/compiler/conda/latest/lib/python3.12/shutil.py", line 759, in rmtree
    _rmtree_safe_fd(stack, onexc)
  File "/opt/ohpc/pub/compiler/conda/latest/lib/python3.12/shutil.py", line 703, in _rmtree_safe_fd
    onexc(func, path, err)
  File "/opt/ohpc/pub/compiler/conda/latest/lib/python3.12/shutil.py", line 750, in onexc
    return onerror(func, path, exc_info)
           ^^^^^^^^^^^^^^^^^^^^^^^^^^^^^
  File "/opt/ohpc/pub/compiler/conda/latest/lib/python3.12/shutil.py", line 700, in _rmtree_safe_fd
    onexc(os.unlink, fullname, err)
  File "/opt/ohpc/pub/compiler/conda/latest/lib/python3.12/shutil.py", line 750, in onexc
    return onerror(func, path, exc_info)
           ^^^^^^^^^^^^^^^^^^^^^^^^^^^^^
  File "/opt/ohpc/pub/compiler/conda/latest/lib/python3.12/shutil.py", line 698, in _rmtree_safe_fd
    os.unlink(entry.name, dir_fd=topfd)
OSError: [Errno 16] Device or resource busy: '/tmp/pymp-65k14_ot'
Traceback (most recent call last):
  File "/opt/ohpc/pub/compiler/conda/latest/lib/python3.12/multiprocessing/util.py", line 303, in _run_finalizers
    finalizer()
  File "/opt/ohpc/pub/compiler/conda/latest/lib/python3.12/multiprocessing/util.py", line 227, in __call__
    res = self._callback(*self._args, **self._kwargs)
          ^^^^^^^^^^^^^^^^^^^^^^^^^^^^^^^^^^^^^^^^^^^
  File "/opt/ohpc/pub/compiler/conda/latest/lib/python3.12/multiprocessing/util.py", line 136, in _remove_temp_dir
    rmtree(tempdir, onerror=onerror)
  File "/opt/ohpc/pub/compiler/conda/latest/lib/python3.12/shutil.py", line 759, in rmtree
    _rmtree_safe_fd(stack, onexc)
  File "/opt/ohpc/pub/compiler/conda/latest/lib/python3.12/shutil.py", line 703, in _rmtree_safe_fd
    onexc(func, path, err)
  File "/opt/ohpc/pub/compiler/conda/latest/lib/python3.12/shutil.py", line 750, in onexc
    return onerror(func, path, exc_info)
           ^^^^^^^^^^^^^^^^^^^^^^^^^^^^^
  File "/opt/ohpc/pub/compiler/conda/latest/lib/python3.12/shutil.py", line 700, in _rmtree_safe_fd
    onexc(os.unlink, fullname, err)
  File "/opt/ohpc/pub/compiler/conda/latest/lib/python3.12/shutil.py", line 750, in onexc
    return onerror(func, path, exc_info)
           ^^^^^^^^^^^^^^^^^^^^^^^^^^^^^
  File "/opt/ohpc/pub/compiler/conda/latest/lib/python3.12/shutil.py", line 698, in _rmtree_safe_fd
    os.unlink(entry.name, dir_fd=topfd)
OSError: [Errno 16] Device or resource busy: '/tmp/pymp-laiwf2h1'
Traceback (most recent call last):
  File "/opt/ohpc/pub/compiler/conda/latest/lib/python3.12/multiprocessing/util.py", line 303, in _run_finalizers
    finalizer()
  File "/opt/ohpc/pub/compiler/conda/latest/lib/python3.12/multiprocessing/util.py", line 227, in __call__
    res = self._callback(*self._args, **self._kwargs)
          ^^^^^^^^^^^^^^^^^^^^^^^^^^^^^^^^^^^^^^^^^^^
  File "/opt/ohpc/pub/compiler/conda/latest/lib/python3.12/multiprocessing/util.py", line 136, in _remove_temp_dir
    rmtree(tempdir, onerror=onerror)
  File "/opt/ohpc/pub/compiler/conda/latest/lib/python3.12/shutil.py", line 759, in rmtree
    _rmtree_safe_fd(stack, onexc)
  File "/opt/ohpc/pub/compiler/conda/latest/lib/python3.12/shutil.py", line 703, in _rmtree_safe_fd
    onexc(func, path, err)
  File "/opt/ohpc/pub/compiler/conda/latest/lib/python3.12/shutil.py", line 750, in onexc
    return onerror(func, path, exc_info)
           ^^^^^^^^^^^^^^^^^^^^^^^^^^^^^
  File "/opt/ohpc/pub/compiler/conda/latest/lib/python3.12/shutil.py", line 700, in _rmtree_safe_fd
    onexc(os.unlink, fullname, err)
  File "/opt/ohpc/pub/compiler/conda/latest/lib/python3.12/shutil.py", line 750, in onexc
    return onerror(func, path, exc_info)
           ^^^^^^^^^^^^^^^^^^^^^^^^^^^^^
  File "/opt/ohpc/pub/compiler/conda/latest/lib/python3.12/shutil.py", line 698, in _rmtree_safe_fd
    os.unlink(entry.name, dir_fd=topfd)
OSError: [Errno 16] Device or resource busy: '/tmp/pymp-rfykbbrm'
Traceback (most recent call last):
  File "/opt/ohpc/pub/compiler/conda/latest/lib/python3.12/multiprocessing/util.py", line 303, in _run_finalizers
    finalizer()
  File "/opt/ohpc/pub/compiler/conda/latest/lib/python3.12/multiprocessing/util.py", line 227, in __call__
    res = self._callback(*self._args, **self._kwargs)
          ^^^^^^^^^^^^^^^^^^^^^^^^^^^^^^^^^^^^^^^^^^^
  File "/opt/ohpc/pub/compiler/conda/latest/lib/python3.12/multiprocessing/util.py", line 136, in _remove_temp_dir
    rmtree(tempdir, onerror=onerror)
  File "/opt/ohpc/pub/compiler/conda/latest/lib/python3.12/shutil.py", line 759, in rmtree
    _rmtree_safe_fd(stack, onexc)
  File "/opt/ohpc/pub/compiler/conda/latest/lib/python3.12/shutil.py", line 703, in _rmtree_safe_fd
    onexc(func, path, err)
  File "/opt/ohpc/pub/compiler/conda/latest/lib/python3.12/shutil.py", line 750, in onexc
    return onerror(func, path, exc_info)
           ^^^^^^^^^^^^^^^^^^^^^^^^^^^^^
  File "/opt/ohpc/pub/compiler/conda/latest/lib/python3.12/shutil.py", line 700, in _rmtree_safe_fd
    onexc(os.unlink, fullname, err)
  File "/opt/ohpc/pub/compiler/conda/latest/lib/python3.12/shutil.py", line 750, in onexc
    return onerror(func, path, exc_info)
           ^^^^^^^^^^^^^^^^^^^^^^^^^^^^^
  File "/opt/ohpc/pub/compiler/conda/latest/lib/python3.12/shutil.py", line 698, in _rmtree_safe_fd
    os.unlink(entry.name, dir_fd=topfd)
OSError: [Errno 16] Device or resource busy: '/tmp/pymp-x9m5mkfj'
Traceback (most recent call last):
  File "/opt/ohpc/pub/compiler/conda/latest/lib/python3.12/multiprocessing/util.py", line 303, in _run_finalizers
    finalizer()
  File "/opt/ohpc/pub/compiler/conda/latest/lib/python3.12/multiprocessing/util.py", line 227, in __call__
    res = self._callback(*self._args, **self._kwargs)
          ^^^^^^^^^^^^^^^^^^^^^^^^^^^^^^^^^^^^^^^^^^^
  File "/opt/ohpc/pub/compiler/conda/latest/lib/python3.12/multiprocessing/util.py", line 136, in _remove_temp_dir
    rmtree(tempdir, onerror=onerror)
  File "/opt/ohpc/pub/compiler/conda/latest/lib/python3.12/shutil.py", line 759, in rmtree
    _rmtree_safe_fd(stack, onexc)
  File "/opt/ohpc/pub/compiler/conda/latest/lib/python3.12/shutil.py", line 703, in _rmtree_safe_fd
    onexc(func, path, err)
  File "/opt/ohpc/pub/compiler/conda/latest/lib/python3.12/shutil.py", line 750, in onexc
    return onerror(func, path, exc_info)
           ^^^^^^^^^^^^^^^^^^^^^^^^^^^^^
  File "/opt/ohpc/pub/compiler/conda/latest/lib/python3.12/shutil.py", line 700, in _rmtree_safe_fd
    onexc(os.unlink, fullname, err)
  File "/opt/ohpc/pub/compiler/conda/latest/lib/python3.12/shutil.py", line 750, in onexc
    return onerror(func, path, exc_info)
           ^^^^^^^^^^^^^^^^^^^^^^^^^^^^^
  File "/opt/ohpc/pub/compiler/conda/latest/lib/python3.12/shutil.py", line 698, in _rmtree_safe_fd
    os.unlink(entry.name, dir_fd=topfd)
OSError: [Errno 16] Device or resource busy: '/tmp/pymp-4hh52du7'
Traceback (most recent call last):
  File "/opt/ohpc/pub/compiler/conda/latest/lib/python3.12/multiprocessing/util.py", line 303, in _run_finalizers
    finalizer()
  File "/opt/ohpc/pub/compiler/conda/latest/lib/python3.12/multiprocessing/util.py", line 227, in __call__
    res = self._callback(*self._args, **self._kwargs)
          ^^^^^^^^^^^^^^^^^^^^^^^^^^^^^^^^^^^^^^^^^^^
  File "/opt/ohpc/pub/compiler/conda/latest/lib/python3.12/multiprocessing/util.py", line 136, in _remove_temp_dir
    rmtree(tempdir, onerror=onerror)
  File "/opt/ohpc/pub/compiler/conda/latest/lib/python3.12/shutil.py", line 759, in rmtree
    _rmtree_safe_fd(stack, onexc)
  File "/opt/ohpc/pub/compiler/conda/latest/lib/python3.12/shutil.py", line 703, in _rmtree_safe_fd
    onexc(func, path, err)
  File "/opt/ohpc/pub/compiler/conda/latest/lib/python3.12/shutil.py", line 750, in onexc
    return onerror(func, path, exc_info)
           ^^^^^^^^^^^^^^^^^^^^^^^^^^^^^
  File "/opt/ohpc/pub/compiler/conda/latest/lib/python3.12/shutil.py", line 700, in _rmtree_safe_fd
    onexc(os.unlink, fullname, err)
  File "/opt/ohpc/pub/compiler/conda/latest/lib/python3.12/shutil.py", line 750, in onexc
    return onerror(func, path, exc_info)
           ^^^^^^^^^^^^^^^^^^^^^^^^^^^^^
  File "/opt/ohpc/pub/compiler/conda/latest/lib/python3.12/shutil.py", line 698, in _rmtree_safe_fd
    os.unlink(entry.name, dir_fd=topfd)
OSError: [Errno 16] Device or resource busy: '/tmp/pymp-8iphcv5d'
Traceback (most recent call last):
  File "/opt/ohpc/pub/compiler/conda/latest/lib/python3.12/multiprocessing/util.py", line 303, in _run_finalizers
    finalizer()
  File "/opt/ohpc/pub/compiler/conda/latest/lib/python3.12/multiprocessing/util.py", line 227, in __call__
    res = self._callback(*self._args, **self._kwargs)
          ^^^^^^^^^^^^^^^^^^^^^^^^^^^^^^^^^^^^^^^^^^^
  File "/opt/ohpc/pub/compiler/conda/latest/lib/python3.12/multiprocessing/util.py", line 136, in _remove_temp_dir
    rmtree(tempdir, onerror=onerror)
  File "/opt/ohpc/pub/compiler/conda/latest/lib/python3.12/shutil.py", line 759, in rmtree
    _rmtree_safe_fd(stack, onexc)
  File "/opt/ohpc/pub/compiler/conda/latest/lib/python3.12/shutil.py", line 703, in _rmtree_safe_fd
    onexc(func, path, err)
  File "/opt/ohpc/pub/compiler/conda/latest/lib/python3.12/shutil.py", line 750, in onexc
    return onerror(func, path, exc_info)
           ^^^^^^^^^^^^^^^^^^^^^^^^^^^^^
  File "/opt/ohpc/pub/compiler/conda/latest/lib/python3.12/shutil.py", line 700, in _rmtree_safe_fd
    onexc(os.unlink, fullname, err)
  File "/opt/ohpc/pub/compiler/conda/latest/lib/python3.12/shutil.py", line 750, in onexc
    return onerror(func, path, exc_info)
           ^^^^^^^^^^^^^^^^^^^^^^^^^^^^^
  File "/opt/ohpc/pub/compiler/conda/latest/lib/python3.12/shutil.py", line 698, in _rmtree_safe_fd
    os.unlink(entry.name, dir_fd=topfd)
OSError: [Errno 16] Device or resource busy: '/tmp/pymp-2ieewv_w'
Traceback (most recent call last):
  File "/opt/ohpc/pub/compiler/conda/latest/lib/python3.12/multiprocessing/util.py", line 303, in _run_finalizers
    finalizer()
  File "/opt/ohpc/pub/compiler/conda/latest/lib/python3.12/multiprocessing/util.py", line 227, in __call__
    res = self._callback(*self._args, **self._kwargs)
          ^^^^^^^^^^^^^^^^^^^^^^^^^^^^^^^^^^^^^^^^^^^
  File "/opt/ohpc/pub/compiler/conda/latest/lib/python3.12/multiprocessing/util.py", line 136, in _remove_temp_dir
    rmtree(tempdir, onerror=onerror)
  File "/opt/ohpc/pub/compiler/conda/latest/lib/python3.12/shutil.py", line 759, in rmtree
    _rmtree_safe_fd(stack, onexc)
  File "/opt/ohpc/pub/compiler/conda/latest/lib/python3.12/shutil.py", line 703, in _rmtree_safe_fd
    onexc(func, path, err)
  File "/opt/ohpc/pub/compiler/conda/latest/lib/python3.12/shutil.py", line 750, in onexc
    return onerror(func, path, exc_info)
           ^^^^^^^^^^^^^^^^^^^^^^^^^^^^^
  File "/opt/ohpc/pub/compiler/conda/latest/lib/python3.12/shutil.py", line 700, in _rmtree_safe_fd
    onexc(os.unlink, fullname, err)
  File "/opt/ohpc/pub/compiler/conda/latest/lib/python3.12/shutil.py", line 750, in onexc
    return onerror(func, path, exc_info)
           ^^^^^^^^^^^^^^^^^^^^^^^^^^^^^
  File "/opt/ohpc/pub/compiler/conda/latest/lib/python3.12/shutil.py", line 698, in _rmtree_safe_fd
    os.unlink(entry.name, dir_fd=topfd)
OSError: [Errno 16] Device or resource busy: '/tmp/pymp-83anwtat'
Traceback (most recent call last):
  File "/opt/ohpc/pub/compiler/conda/latest/lib/python3.12/multiprocessing/util.py", line 303, in _run_finalizers
    finalizer()
  File "/opt/ohpc/pub/compiler/conda/latest/lib/python3.12/multiprocessing/util.py", line 227, in __call__
    res = self._callback(*self._args, **self._kwargs)
          ^^^^^^^^^^^^^^^^^^^^^^^^^^^^^^^^^^^^^^^^^^^
  File "/opt/ohpc/pub/compiler/conda/latest/lib/python3.12/multiprocessing/util.py", line 136, in _remove_temp_dir
    rmtree(tempdir, onerror=onerror)
  File "/opt/ohpc/pub/compiler/conda/latest/lib/python3.12/shutil.py", line 759, in rmtree
    _rmtree_safe_fd(stack, onexc)
  File "/opt/ohpc/pub/compiler/conda/latest/lib/python3.12/shutil.py", line 703, in _rmtree_safe_fd
    onexc(func, path, err)
  File "/opt/ohpc/pub/compiler/conda/latest/lib/python3.12/shutil.py", line 750, in onexc
    return onerror(func, path, exc_info)
           ^^^^^^^^^^^^^^^^^^^^^^^^^^^^^
  File "/opt/ohpc/pub/compiler/conda/latest/lib/python3.12/shutil.py", line 700, in _rmtree_safe_fd
    onexc(os.unlink, fullname, err)
  File "/opt/ohpc/pub/compiler/conda/latest/lib/python3.12/shutil.py", line 750, in onexc
    return onerror(func, path, exc_info)
           ^^^^^^^^^^^^^^^^^^^^^^^^^^^^^
  File "/opt/ohpc/pub/compiler/conda/latest/lib/python3.12/shutil.py", line 698, in _rmtree_safe_fd
    os.unlink(entry.name, dir_fd=topfd)
OSError: [Errno 16] Device or resource busy: '/tmp/pymp-5h36zvtb'
Traceback (most recent call last):
Traceback (most recent call last):
  File "/opt/ohpc/pub/compiler/conda/latest/lib/python3.12/multiprocessing/util.py", line 303, in _run_finalizers
    finalizer()
  File "/opt/ohpc/pub/compiler/conda/latest/lib/python3.12/multiprocessing/util.py", line 227, in __call__
    res = self._callback(*self._args, **self._kwargs)
          ^^^^^^^^^^^^^^^^^^^^^^^^^^^^^^^^^^^^^^^^^^^
  File "/opt/ohpc/pub/compiler/conda/latest/lib/python3.12/multiprocessing/util.py", line 136, in _remove_temp_dir
    rmtree(tempdir, onerror=onerror)
  File "/opt/ohpc/pub/compiler/conda/latest/lib/python3.12/shutil.py", line 759, in rmtree
    _rmtree_safe_fd(stack, onexc)
  File "/opt/ohpc/pub/compiler/conda/latest/lib/python3.12/shutil.py", line 703, in _rmtree_safe_fd
    onexc(func, path, err)
  File "/opt/ohpc/pub/compiler/conda/latest/lib/python3.12/shutil.py", line 750, in onexc
    return onerror(func, path, exc_info)
           ^^^^^^^^^^^^^^^^^^^^^^^^^^^^^
  File "/opt/ohpc/pub/compiler/conda/latest/lib/python3.12/shutil.py", line 700, in _rmtree_safe_fd
    onexc(os.unlink, fullname, err)
  File "/opt/ohpc/pub/compiler/conda/latest/lib/python3.12/shutil.py", line 750, in onexc
    return onerror(func, path, exc_info)
           ^^^^^^^^^^^^^^^^^^^^^^^^^^^^^
  File "/opt/ohpc/pub/compiler/conda/latest/lib/python3.12/shutil.py", line 698, in _rmtree_safe_fd
    os.unlink(entry.name, dir_fd=topfd)
OSError: [Errno 16] Device or resource busy: '/tmp/pymp-ir2ojll1'
  File "/opt/ohpc/pub/compiler/conda/latest/lib/python3.12/multiprocessing/util.py", line 303, in _run_finalizers
    finalizer()
  File "/opt/ohpc/pub/compiler/conda/latest/lib/python3.12/multiprocessing/util.py", line 227, in __call__
    res = self._callback(*self._args, **self._kwargs)
          ^^^^^^^^^^^^^^^^^^^^^^^^^^^^^^^^^^^^^^^^^^^
  File "/opt/ohpc/pub/compiler/conda/latest/lib/python3.12/multiprocessing/util.py", line 136, in _remove_temp_dir
    rmtree(tempdir, onerror=onerror)
  File "/opt/ohpc/pub/compiler/conda/latest/lib/python3.12/shutil.py", line 759, in rmtree
    _rmtree_safe_fd(stack, onexc)
  File "/opt/ohpc/pub/compiler/conda/latest/lib/python3.12/shutil.py", line 703, in _rmtree_safe_fd
    onexc(func, path, err)
  File "/opt/ohpc/pub/compiler/conda/latest/lib/python3.12/shutil.py", line 750, in onexc
    return onerror(func, path, exc_info)
           ^^^^^^^^^^^^^^^^^^^^^^^^^^^^^
  File "/opt/ohpc/pub/compiler/conda/latest/lib/python3.12/shutil.py", line 700, in _rmtree_safe_fd
    onexc(os.unlink, fullname, err)
  File "/opt/ohpc/pub/compiler/conda/latest/lib/python3.12/shutil.py", line 750, in onexc
    return onerror(func, path, exc_info)
           ^^^^^^^^^^^^^^^^^^^^^^^^^^^^^
  File "/opt/ohpc/pub/compiler/conda/latest/lib/python3.12/shutil.py", line 698, in _rmtree_safe_fd
    os.unlink(entry.name, dir_fd=topfd)
OSError: [Errno 16] Device or resource busy: '/tmp/pymp-6bypdl3f'
Traceback (most recent call last):
Traceback (most recent call last):
  File "/opt/ohpc/pub/compiler/conda/latest/lib/python3.12/multiprocessing/util.py", line 303, in _run_finalizers
    finalizer()
  File "/opt/ohpc/pub/compiler/conda/latest/lib/python3.12/multiprocessing/util.py", line 227, in __call__
    res = self._callback(*self._args, **self._kwargs)
          ^^^^^^^^^^^^^^^^^^^^^^^^^^^^^^^^^^^^^^^^^^^
  File "/opt/ohpc/pub/compiler/conda/latest/lib/python3.12/multiprocessing/util.py", line 136, in _remove_temp_dir
    rmtree(tempdir, onerror=onerror)
  File "/opt/ohpc/pub/compiler/conda/latest/lib/python3.12/shutil.py", line 759, in rmtree
    _rmtree_safe_fd(stack, onexc)
  File "/opt/ohpc/pub/compiler/conda/latest/lib/python3.12/shutil.py", line 703, in _rmtree_safe_fd
    onexc(func, path, err)
  File "/opt/ohpc/pub/compiler/conda/latest/lib/python3.12/shutil.py", line 750, in onexc
    return onerror(func, path, exc_info)
           ^^^^^^^^^^^^^^^^^^^^^^^^^^^^^
  File "/opt/ohpc/pub/compiler/conda/latest/lib/python3.12/shutil.py", line 700, in _rmtree_safe_fd
    onexc(os.unlink, fullname, err)
  File "/opt/ohpc/pub/compiler/conda/latest/lib/python3.12/shutil.py", line 750, in onexc
    return onerror(func, path, exc_info)
           ^^^^^^^^^^^^^^^^^^^^^^^^^^^^^
  File "/opt/ohpc/pub/compiler/conda/latest/lib/python3.12/shutil.py", line 698, in _rmtree_safe_fd
    os.unlink(entry.name, dir_fd=topfd)
OSError: [Errno 16] Device or resource busy: '/tmp/pymp-2qsb2s89'
Traceback (most recent call last):
Traceback (most recent call last):
  File "/opt/ohpc/pub/compiler/conda/latest/lib/python3.12/multiprocessing/util.py", line 303, in _run_finalizers
    finalizer()
  File "/opt/ohpc/pub/compiler/conda/latest/lib/python3.12/multiprocessing/util.py", line 227, in __call__
    res = self._callback(*self._args, **self._kwargs)
          ^^^^^^^^^^^^^^^^^^^^^^^^^^^^^^^^^^^^^^^^^^^
  File "/opt/ohpc/pub/compiler/conda/latest/lib/python3.12/multiprocessing/util.py", line 136, in _remove_temp_dir
    rmtree(tempdir, onerror=onerror)
  File "/opt/ohpc/pub/compiler/conda/latest/lib/python3.12/shutil.py", line 759, in rmtree
    _rmtree_safe_fd(stack, onexc)
  File "/opt/ohpc/pub/compiler/conda/latest/lib/python3.12/shutil.py", line 703, in _rmtree_safe_fd
    onexc(func, path, err)
  File "/opt/ohpc/pub/compiler/conda/latest/lib/python3.12/shutil.py", line 750, in onexc
    return onerror(func, path, exc_info)
           ^^^^^^^^^^^^^^^^^^^^^^^^^^^^^
  File "/opt/ohpc/pub/compiler/conda/latest/lib/python3.12/shutil.py", line 700, in _rmtree_safe_fd
    onexc(os.unlink, fullname, err)
  File "/opt/ohpc/pub/compiler/conda/latest/lib/python3.12/shutil.py", line 750, in onexc
    return onerror(func, path, exc_info)
           ^^^^^^^^^^^^^^^^^^^^^^^^^^^^^
  File "/opt/ohpc/pub/compiler/conda/latest/lib/python3.12/shutil.py", line 698, in _rmtree_safe_fd
    os.unlink(entry.name, dir_fd=topfd)
OSError: [Errno 16] Device or resource busy: '/tmp/pymp-zs_n1vaw'
Traceback (most recent call last):
  File "/opt/ohpc/pub/compiler/conda/latest/lib/python3.12/multiprocessing/util.py", line 303, in _run_finalizers
    finalizer()
  File "/opt/ohpc/pub/compiler/conda/latest/lib/python3.12/multiprocessing/util.py", line 227, in __call__
    res = self._callback(*self._args, **self._kwargs)
          ^^^^^^^^^^^^^^^^^^^^^^^^^^^^^^^^^^^^^^^^^^^
  File "/opt/ohpc/pub/compiler/conda/latest/lib/python3.12/multiprocessing/util.py", line 136, in _remove_temp_dir
    rmtree(tempdir, onerror=onerror)
  File "/opt/ohpc/pub/compiler/conda/latest/lib/python3.12/shutil.py", line 759, in rmtree
    _rmtree_safe_fd(stack, onexc)
  File "/opt/ohpc/pub/compiler/conda/latest/lib/python3.12/shutil.py", line 703, in _rmtree_safe_fd
    onexc(func, path, err)
  File "/opt/ohpc/pub/compiler/conda/latest/lib/python3.12/shutil.py", line 750, in onexc
    return onerror(func, path, exc_info)
           ^^^^^^^^^^^^^^^^^^^^^^^^^^^^^
  File "/opt/ohpc/pub/compiler/conda/latest/lib/python3.12/shutil.py", line 700, in _rmtree_safe_fd
    onexc(os.unlink, fullname, err)
  File "/opt/ohpc/pub/compiler/conda/latest/lib/python3.12/shutil.py", line 750, in onexc
    return onerror(func, path, exc_info)
           ^^^^^^^^^^^^^^^^^^^^^^^^^^^^^
  File "/opt/ohpc/pub/compiler/conda/latest/lib/python3.12/shutil.py", line 698, in _rmtree_safe_fd
    os.unlink(entry.name, dir_fd=topfd)
OSError: [Errno 16] Device or resource busy: '/tmp/pymp-xj4dl0yq'
Traceback (most recent call last):
  File "/opt/ohpc/pub/compiler/conda/latest/lib/python3.12/multiprocessing/util.py", line 303, in _run_finalizers
    finalizer()
  File "/opt/ohpc/pub/compiler/conda/latest/lib/python3.12/multiprocessing/util.py", line 227, in __call__
    res = self._callback(*self._args, **self._kwargs)
          ^^^^^^^^^^^^^^^^^^^^^^^^^^^^^^^^^^^^^^^^^^^
  File "/opt/ohpc/pub/compiler/conda/latest/lib/python3.12/multiprocessing/util.py", line 136, in _remove_temp_dir
    rmtree(tempdir, onerror=onerror)
  File "/opt/ohpc/pub/compiler/conda/latest/lib/python3.12/shutil.py", line 759, in rmtree
    _rmtree_safe_fd(stack, onexc)
  File "/opt/ohpc/pub/compiler/conda/latest/lib/python3.12/shutil.py", line 703, in _rmtree_safe_fd
    onexc(func, path, err)
  File "/opt/ohpc/pub/compiler/conda/latest/lib/python3.12/shutil.py", line 750, in onexc
    return onerror(func, path, exc_info)
           ^^^^^^^^^^^^^^^^^^^^^^^^^^^^^
  File "/opt/ohpc/pub/compiler/conda/latest/lib/python3.12/shutil.py", line 700, in _rmtree_safe_fd
    onexc(os.unlink, fullname, err)
  File "/opt/ohpc/pub/compiler/conda/latest/lib/python3.12/shutil.py", line 750, in onexc
    return onerror(func, path, exc_info)
           ^^^^^^^^^^^^^^^^^^^^^^^^^^^^^
  File "/opt/ohpc/pub/compiler/conda/latest/lib/python3.12/shutil.py", line 698, in _rmtree_safe_fd
    os.unlink(entry.name, dir_fd=topfd)
OSError: [Errno 16] Device or resource busy: '/tmp/pymp-sctn6mga'
  File "/opt/ohpc/pub/compiler/conda/latest/lib/python3.12/multiprocessing/util.py", line 303, in _run_finalizers
    finalizer()
  File "/opt/ohpc/pub/compiler/conda/latest/lib/python3.12/multiprocessing/util.py", line 227, in __call__
    res = self._callback(*self._args, **self._kwargs)
          ^^^^^^^^^^^^^^^^^^^^^^^^^^^^^^^^^^^^^^^^^^^
  File "/opt/ohpc/pub/compiler/conda/latest/lib/python3.12/multiprocessing/util.py", line 136, in _remove_temp_dir
    rmtree(tempdir, onerror=onerror)
  File "/opt/ohpc/pub/compiler/conda/latest/lib/python3.12/shutil.py", line 759, in rmtree
    _rmtree_safe_fd(stack, onexc)
  File "/opt/ohpc/pub/compiler/conda/latest/lib/python3.12/shutil.py", line 703, in _rmtree_safe_fd
    onexc(func, path, err)
  File "/opt/ohpc/pub/compiler/conda/latest/lib/python3.12/shutil.py", line 750, in onexc
    return onerror(func, path, exc_info)
           ^^^^^^^^^^^^^^^^^^^^^^^^^^^^^
  File "/opt/ohpc/pub/compiler/conda/latest/lib/python3.12/shutil.py", line 700, in _rmtree_safe_fd
    onexc(os.unlink, fullname, err)
  File "/opt/ohpc/pub/compiler/conda/latest/lib/python3.12/shutil.py", line 750, in onexc
    return onerror(func, path, exc_info)
           ^^^^^^^^^^^^^^^^^^^^^^^^^^^^^
  File "/opt/ohpc/pub/compiler/conda/latest/lib/python3.12/shutil.py", line 698, in _rmtree_safe_fd
    os.unlink(entry.name, dir_fd=topfd)
OSError: [Errno 16] Device or resource busy: '/tmp/pymp-_ak5v51n'
  File "/opt/ohpc/pub/compiler/conda/latest/lib/python3.12/multiprocessing/util.py", line 303, in _run_finalizers
    finalizer()
  File "/opt/ohpc/pub/compiler/conda/latest/lib/python3.12/multiprocessing/util.py", line 227, in __call__
    res = self._callback(*self._args, **self._kwargs)
          ^^^^^^^^^^^^^^^^^^^^^^^^^^^^^^^^^^^^^^^^^^^
  File "/opt/ohpc/pub/compiler/conda/latest/lib/python3.12/multiprocessing/util.py", line 136, in _remove_temp_dir
    rmtree(tempdir, onerror=onerror)
  File "/opt/ohpc/pub/compiler/conda/latest/lib/python3.12/shutil.py", line 759, in rmtree
    _rmtree_safe_fd(stack, onexc)
  File "/opt/ohpc/pub/compiler/conda/latest/lib/python3.12/shutil.py", line 703, in _rmtree_safe_fd
    onexc(func, path, err)
  File "/opt/ohpc/pub/compiler/conda/latest/lib/python3.12/shutil.py", line 750, in onexc
    return onerror(func, path, exc_info)
           ^^^^^^^^^^^^^^^^^^^^^^^^^^^^^
  File "/opt/ohpc/pub/compiler/conda/latest/lib/python3.12/shutil.py", line 700, in _rmtree_safe_fd
    onexc(os.unlink, fullname, err)
  File "/opt/ohpc/pub/compiler/conda/latest/lib/python3.12/shutil.py", line 750, in onexc
    return onerror(func, path, exc_info)
           ^^^^^^^^^^^^^^^^^^^^^^^^^^^^^
  File "/opt/ohpc/pub/compiler/conda/latest/lib/python3.12/shutil.py", line 698, in _rmtree_safe_fd
    os.unlink(entry.name, dir_fd=topfd)
OSError: [Errno 16] Device or resource busy: '/tmp/pymp-ouhuq_fd'
Traceback (most recent call last):
  File "/opt/ohpc/pub/compiler/conda/latest/lib/python3.12/multiprocessing/util.py", line 303, in _run_finalizers
    finalizer()
  File "/opt/ohpc/pub/compiler/conda/latest/lib/python3.12/multiprocessing/util.py", line 227, in __call__
    res = self._callback(*self._args, **self._kwargs)
          ^^^^^^^^^^^^^^^^^^^^^^^^^^^^^^^^^^^^^^^^^^^
  File "/opt/ohpc/pub/compiler/conda/latest/lib/python3.12/multiprocessing/util.py", line 136, in _remove_temp_dir
    rmtree(tempdir, onerror=onerror)
  File "/opt/ohpc/pub/compiler/conda/latest/lib/python3.12/shutil.py", line 759, in rmtree
    _rmtree_safe_fd(stack, onexc)
  File "/opt/ohpc/pub/compiler/conda/latest/lib/python3.12/shutil.py", line 703, in _rmtree_safe_fd
    onexc(func, path, err)
  File "/opt/ohpc/pub/compiler/conda/latest/lib/python3.12/shutil.py", line 750, in onexc
    return onerror(func, path, exc_info)
           ^^^^^^^^^^^^^^^^^^^^^^^^^^^^^
  File "/opt/ohpc/pub/compiler/conda/latest/lib/python3.12/shutil.py", line 700, in _rmtree_safe_fd
    onexc(os.unlink, fullname, err)
  File "/opt/ohpc/pub/compiler/conda/latest/lib/python3.12/shutil.py", line 750, in onexc
    return onerror(func, path, exc_info)
           ^^^^^^^^^^^^^^^^^^^^^^^^^^^^^
  File "/opt/ohpc/pub/compiler/conda/latest/lib/python3.12/shutil.py", line 698, in _rmtree_safe_fd
    os.unlink(entry.name, dir_fd=topfd)
OSError: [Errno 16] Device or resource busy: '/tmp/pymp-cyr4e8w0'
Traceback (most recent call last):
  File "/opt/ohpc/pub/compiler/conda/latest/lib/python3.12/multiprocessing/util.py", line 303, in _run_finalizers
    finalizer()
  File "/opt/ohpc/pub/compiler/conda/latest/lib/python3.12/multiprocessing/util.py", line 227, in __call__
    res = self._callback(*self._args, **self._kwargs)
          ^^^^^^^^^^^^^^^^^^^^^^^^^^^^^^^^^^^^^^^^^^^
  File "/opt/ohpc/pub/compiler/conda/latest/lib/python3.12/multiprocessing/util.py", line 136, in _remove_temp_dir
    rmtree(tempdir, onerror=onerror)
  File "/opt/ohpc/pub/compiler/conda/latest/lib/python3.12/shutil.py", line 759, in rmtree
    _rmtree_safe_fd(stack, onexc)
  File "/opt/ohpc/pub/compiler/conda/latest/lib/python3.12/shutil.py", line 703, in _rmtree_safe_fd
    onexc(func, path, err)
  File "/opt/ohpc/pub/compiler/conda/latest/lib/python3.12/shutil.py", line 750, in onexc
    return onerror(func, path, exc_info)
           ^^^^^^^^^^^^^^^^^^^^^^^^^^^^^
  File "/opt/ohpc/pub/compiler/conda/latest/lib/python3.12/shutil.py", line 700, in _rmtree_safe_fd
    onexc(os.unlink, fullname, err)
  File "/opt/ohpc/pub/compiler/conda/latest/lib/python3.12/shutil.py", line 750, in onexc
    return onerror(func, path, exc_info)
           ^^^^^^^^^^^^^^^^^^^^^^^^^^^^^
  File "/opt/ohpc/pub/compiler/conda/latest/lib/python3.12/shutil.py", line 698, in _rmtree_safe_fd
    os.unlink(entry.name, dir_fd=topfd)
OSError: [Errno 16] Device or resource busy: '/tmp/pymp-dytjy2ez'
Traceback (most recent call last):
Traceback (most recent call last):
Traceback (most recent call last):
Traceback (most recent call last):
Traceback (most recent call last):
  File "/opt/ohpc/pub/compiler/conda/latest/lib/python3.12/multiprocessing/util.py", line 303, in _run_finalizers
    finalizer()
  File "/opt/ohpc/pub/compiler/conda/latest/lib/python3.12/multiprocessing/util.py", line 303, in _run_finalizers
    finalizer()
  File "/opt/ohpc/pub/compiler/conda/latest/lib/python3.12/multiprocessing/util.py", line 227, in __call__
    res = self._callback(*self._args, **self._kwargs)
          ^^^^^^^^^^^^^^^^^^^^^^^^^^^^^^^^^^^^^^^^^^^
  File "/opt/ohpc/pub/compiler/conda/latest/lib/python3.12/multiprocessing/util.py", line 136, in _remove_temp_dir
    rmtree(tempdir, onerror=onerror)
  File "/opt/ohpc/pub/compiler/conda/latest/lib/python3.12/multiprocessing/util.py", line 227, in __call__
    res = self._callback(*self._args, **self._kwargs)
          ^^^^^^^^^^^^^^^^^^^^^^^^^^^^^^^^^^^^^^^^^^^
  File "/opt/ohpc/pub/compiler/conda/latest/lib/python3.12/shutil.py", line 759, in rmtree
    _rmtree_safe_fd(stack, onexc)
  File "/opt/ohpc/pub/compiler/conda/latest/lib/python3.12/multiprocessing/util.py", line 136, in _remove_temp_dir
    rmtree(tempdir, onerror=onerror)
  File "/opt/ohpc/pub/compiler/conda/latest/lib/python3.12/shutil.py", line 703, in _rmtree_safe_fd
    onexc(func, path, err)
  File "/opt/ohpc/pub/compiler/conda/latest/lib/python3.12/multiprocessing/util.py", line 303, in _run_finalizers
    finalizer()
  File "/opt/ohpc/pub/compiler/conda/latest/lib/python3.12/shutil.py", line 759, in rmtree
    _rmtree_safe_fd(stack, onexc)
Traceback (most recent call last):
  File "/opt/ohpc/pub/compiler/conda/latest/lib/python3.12/shutil.py", line 750, in onexc
    return onerror(func, path, exc_info)
           ^^^^^^^^^^^^^^^^^^^^^^^^^^^^^
  File "/opt/ohpc/pub/compiler/conda/latest/lib/python3.12/shutil.py", line 703, in _rmtree_safe_fd
    onexc(func, path, err)
  File "/opt/ohpc/pub/compiler/conda/latest/lib/python3.12/multiprocessing/util.py", line 227, in __call__
    res = self._callback(*self._args, **self._kwargs)
          ^^^^^^^^^^^^^^^^^^^^^^^^^^^^^^^^^^^^^^^^^^^
  File "/opt/ohpc/pub/compiler/conda/latest/lib/python3.12/shutil.py", line 700, in _rmtree_safe_fd
    onexc(os.unlink, fullname, err)
  File "/opt/ohpc/pub/compiler/conda/latest/lib/python3.12/shutil.py", line 750, in onexc
    return onerror(func, path, exc_info)
           ^^^^^^^^^^^^^^^^^^^^^^^^^^^^^
  File "/opt/ohpc/pub/compiler/conda/latest/lib/python3.12/shutil.py", line 750, in onexc
    return onerror(func, path, exc_info)
           ^^^^^^^^^^^^^^^^^^^^^^^^^^^^^
  File "/opt/ohpc/pub/compiler/conda/latest/lib/python3.12/shutil.py", line 700, in _rmtree_safe_fd
    onexc(os.unlink, fullname, err)
  File "/opt/ohpc/pub/compiler/conda/latest/lib/python3.12/multiprocessing/util.py", line 136, in _remove_temp_dir
    rmtree(tempdir, onerror=onerror)
  File "/opt/ohpc/pub/compiler/conda/latest/lib/python3.12/shutil.py", line 698, in _rmtree_safe_fd
    os.unlink(entry.name, dir_fd=topfd)
  File "/opt/ohpc/pub/compiler/conda/latest/lib/python3.12/shutil.py", line 750, in onexc
    return onerror(func, path, exc_info)
           ^^^^^^^^^^^^^^^^^^^^^^^^^^^^^
  File "/opt/ohpc/pub/compiler/conda/latest/lib/python3.12/shutil.py", line 759, in rmtree
    _rmtree_safe_fd(stack, onexc)
  File "/opt/ohpc/pub/compiler/conda/latest/lib/python3.12/shutil.py", line 698, in _rmtree_safe_fd
    os.unlink(entry.name, dir_fd=topfd)
  File "/opt/ohpc/pub/compiler/conda/latest/lib/python3.12/shutil.py", line 703, in _rmtree_safe_fd
    onexc(func, path, err)
  File "/opt/ohpc/pub/compiler/conda/latest/lib/python3.12/shutil.py", line 750, in onexc
    return onerror(func, path, exc_info)
           ^^^^^^^^^^^^^^^^^^^^^^^^^^^^^
  File "/opt/ohpc/pub/compiler/conda/latest/lib/python3.12/shutil.py", line 700, in _rmtree_safe_fd
    onexc(os.unlink, fullname, err)
  File "/opt/ohpc/pub/compiler/conda/latest/lib/python3.12/shutil.py", line 750, in onexc
    return onerror(func, path, exc_info)
           ^^^^^^^^^^^^^^^^^^^^^^^^^^^^^
OSError: [Errno 16] Device or resource busy: '/tmp/pymp-bp1n_hby'
  File "/opt/ohpc/pub/compiler/conda/latest/lib/python3.12/shutil.py", line 698, in _rmtree_safe_fd
    os.unlink(entry.name, dir_fd=topfd)
OSError: [Errno 16] Device or resource busy: '/tmp/pymp-7z5b76o0'
OSError: [Errno 16] Device or resource busy: '/tmp/pymp-mqndks8d'
  File "/opt/ohpc/pub/compiler/conda/latest/lib/python3.12/multiprocessing/util.py", line 303, in _run_finalizers
    finalizer()
  File "/opt/ohpc/pub/compiler/conda/latest/lib/python3.12/multiprocessing/util.py", line 227, in __call__
    res = self._callback(*self._args, **self._kwargs)
          ^^^^^^^^^^^^^^^^^^^^^^^^^^^^^^^^^^^^^^^^^^^
  File "/opt/ohpc/pub/compiler/conda/latest/lib/python3.12/multiprocessing/util.py", line 136, in _remove_temp_dir
    rmtree(tempdir, onerror=onerror)
  File "/opt/ohpc/pub/compiler/conda/latest/lib/python3.12/shutil.py", line 759, in rmtree
    _rmtree_safe_fd(stack, onexc)
  File "/opt/ohpc/pub/compiler/conda/latest/lib/python3.12/shutil.py", line 703, in _rmtree_safe_fd
    onexc(func, path, err)
  File "/opt/ohpc/pub/compiler/conda/latest/lib/python3.12/shutil.py", line 750, in onexc
    return onerror(func, path, exc_info)
           ^^^^^^^^^^^^^^^^^^^^^^^^^^^^^
  File "/opt/ohpc/pub/compiler/conda/latest/lib/python3.12/shutil.py", line 700, in _rmtree_safe_fd
    onexc(os.unlink, fullname, err)
  File "/opt/ohpc/pub/compiler/conda/latest/lib/python3.12/shutil.py", line 750, in onexc
    return onerror(func, path, exc_info)
           ^^^^^^^^^^^^^^^^^^^^^^^^^^^^^
  File "/opt/ohpc/pub/compiler/conda/latest/lib/python3.12/shutil.py", line 698, in _rmtree_safe_fd
    os.unlink(entry.name, dir_fd=topfd)
OSError: [Errno 16] Device or resource busy: '/tmp/pymp-me0mywmj'
Traceback (most recent call last):
  File "/opt/ohpc/pub/compiler/conda/latest/lib/python3.12/multiprocessing/util.py", line 303, in _run_finalizers
    finalizer()
  File "/opt/ohpc/pub/compiler/conda/latest/lib/python3.12/multiprocessing/util.py", line 227, in __call__
    res = self._callback(*self._args, **self._kwargs)
          ^^^^^^^^^^^^^^^^^^^^^^^^^^^^^^^^^^^^^^^^^^^
  File "/opt/ohpc/pub/compiler/conda/latest/lib/python3.12/multiprocessing/util.py", line 136, in _remove_temp_dir
    rmtree(tempdir, onerror=onerror)
  File "/opt/ohpc/pub/compiler/conda/latest/lib/python3.12/shutil.py", line 759, in rmtree
    _rmtree_safe_fd(stack, onexc)
  File "/opt/ohpc/pub/compiler/conda/latest/lib/python3.12/shutil.py", line 703, in _rmtree_safe_fd
    onexc(func, path, err)
  File "/opt/ohpc/pub/compiler/conda/latest/lib/python3.12/shutil.py", line 750, in onexc
    return onerror(func, path, exc_info)
           ^^^^^^^^^^^^^^^^^^^^^^^^^^^^^
  File "/opt/ohpc/pub/compiler/conda/latest/lib/python3.12/shutil.py", line 700, in _rmtree_safe_fd
    onexc(os.unlink, fullname, err)
  File "/opt/ohpc/pub/compiler/conda/latest/lib/python3.12/shutil.py", line 750, in onexc
    return onerror(func, path, exc_info)
           ^^^^^^^^^^^^^^^^^^^^^^^^^^^^^
  File "/opt/ohpc/pub/compiler/conda/latest/lib/python3.12/shutil.py", line 698, in _rmtree_safe_fd
    os.unlink(entry.name, dir_fd=topfd)
OSError: [Errno 16] Device or resource busy: '/tmp/pymp-qwnoqk0w'
  File "/opt/ohpc/pub/compiler/conda/latest/lib/python3.12/multiprocessing/util.py", line 303, in _run_finalizers
    finalizer()
  File "/opt/ohpc/pub/compiler/conda/latest/lib/python3.12/multiprocessing/util.py", line 227, in __call__
    res = self._callback(*self._args, **self._kwargs)
          ^^^^^^^^^^^^^^^^^^^^^^^^^^^^^^^^^^^^^^^^^^^
  File "/opt/ohpc/pub/compiler/conda/latest/lib/python3.12/multiprocessing/util.py", line 136, in _remove_temp_dir
    rmtree(tempdir, onerror=onerror)
  File "/opt/ohpc/pub/compiler/conda/latest/lib/python3.12/shutil.py", line 759, in rmtree
    _rmtree_safe_fd(stack, onexc)
  File "/opt/ohpc/pub/compiler/conda/latest/lib/python3.12/shutil.py", line 703, in _rmtree_safe_fd
    onexc(func, path, err)
  File "/opt/ohpc/pub/compiler/conda/latest/lib/python3.12/shutil.py", line 750, in onexc
    return onerror(func, path, exc_info)
           ^^^^^^^^^^^^^^^^^^^^^^^^^^^^^
  File "/opt/ohpc/pub/compiler/conda/latest/lib/python3.12/shutil.py", line 700, in _rmtree_safe_fd
    onexc(os.unlink, fullname, err)
  File "/opt/ohpc/pub/compiler/conda/latest/lib/python3.12/shutil.py", line 750, in onexc
    return onerror(func, path, exc_info)
           ^^^^^^^^^^^^^^^^^^^^^^^^^^^^^
  File "/opt/ohpc/pub/compiler/conda/latest/lib/python3.12/shutil.py", line 698, in _rmtree_safe_fd
    os.unlink(entry.name, dir_fd=topfd)
OSError: [Errno 16] Device or resource busy: '/tmp/pymp-yr8a0flk'
  File "/opt/ohpc/pub/compiler/conda/latest/lib/python3.12/multiprocessing/util.py", line 303, in _run_finalizers
    finalizer()
  File "/opt/ohpc/pub/compiler/conda/latest/lib/python3.12/multiprocessing/util.py", line 227, in __call__
    res = self._callback(*self._args, **self._kwargs)
          ^^^^^^^^^^^^^^^^^^^^^^^^^^^^^^^^^^^^^^^^^^^
  File "/opt/ohpc/pub/compiler/conda/latest/lib/python3.12/multiprocessing/util.py", line 136, in _remove_temp_dir
    rmtree(tempdir, onerror=onerror)
  File "/opt/ohpc/pub/compiler/conda/latest/lib/python3.12/shutil.py", line 759, in rmtree
    _rmtree_safe_fd(stack, onexc)
  File "/opt/ohpc/pub/compiler/conda/latest/lib/python3.12/shutil.py", line 703, in _rmtree_safe_fd
    onexc(func, path, err)
  File "/opt/ohpc/pub/compiler/conda/latest/lib/python3.12/shutil.py", line 750, in onexc
    return onerror(func, path, exc_info)
           ^^^^^^^^^^^^^^^^^^^^^^^^^^^^^
  File "/opt/ohpc/pub/compiler/conda/latest/lib/python3.12/shutil.py", line 700, in _rmtree_safe_fd
    onexc(os.unlink, fullname, err)
  File "/opt/ohpc/pub/compiler/conda/latest/lib/python3.12/shutil.py", line 750, in onexc
    return onerror(func, path, exc_info)
           ^^^^^^^^^^^^^^^^^^^^^^^^^^^^^
  File "/opt/ohpc/pub/compiler/conda/latest/lib/python3.12/shutil.py", line 698, in _rmtree_safe_fd
    os.unlink(entry.name, dir_fd=topfd)
OSError: [Errno 16] Device or resource busy: '/tmp/pymp-l005c6w1'
Traceback (most recent call last):
  File "/opt/ohpc/pub/compiler/conda/latest/lib/python3.12/multiprocessing/util.py", line 303, in _run_finalizers
    finalizer()
  File "/opt/ohpc/pub/compiler/conda/latest/lib/python3.12/multiprocessing/util.py", line 227, in __call__
    res = self._callback(*self._args, **self._kwargs)
          ^^^^^^^^^^^^^^^^^^^^^^^^^^^^^^^^^^^^^^^^^^^
  File "/opt/ohpc/pub/compiler/conda/latest/lib/python3.12/multiprocessing/util.py", line 136, in _remove_temp_dir
    rmtree(tempdir, onerror=onerror)
  File "/opt/ohpc/pub/compiler/conda/latest/lib/python3.12/shutil.py", line 759, in rmtree
    _rmtree_safe_fd(stack, onexc)
  File "/opt/ohpc/pub/compiler/conda/latest/lib/python3.12/shutil.py", line 703, in _rmtree_safe_fd
    onexc(func, path, err)
  File "/opt/ohpc/pub/compiler/conda/latest/lib/python3.12/shutil.py", line 750, in onexc
    return onerror(func, path, exc_info)
           ^^^^^^^^^^^^^^^^^^^^^^^^^^^^^
  File "/opt/ohpc/pub/compiler/conda/latest/lib/python3.12/shutil.py", line 700, in _rmtree_safe_fd
    onexc(os.unlink, fullname, err)
  File "/opt/ohpc/pub/compiler/conda/latest/lib/python3.12/shutil.py", line 750, in onexc
    return onerror(func, path, exc_info)
           ^^^^^^^^^^^^^^^^^^^^^^^^^^^^^
  File "/opt/ohpc/pub/compiler/conda/latest/lib/python3.12/shutil.py", line 698, in _rmtree_safe_fd
    os.unlink(entry.name, dir_fd=topfd)
OSError: [Errno 16] Device or resource busy: '/tmp/pymp-mxj6kgtl'
Traceback (most recent call last):
  File "/opt/ohpc/pub/compiler/conda/latest/lib/python3.12/multiprocessing/util.py", line 303, in _run_finalizers
    finalizer()
  File "/opt/ohpc/pub/compiler/conda/latest/lib/python3.12/multiprocessing/util.py", line 227, in __call__
    res = self._callback(*self._args, **self._kwargs)
          ^^^^^^^^^^^^^^^^^^^^^^^^^^^^^^^^^^^^^^^^^^^
  File "/opt/ohpc/pub/compiler/conda/latest/lib/python3.12/multiprocessing/util.py", line 136, in _remove_temp_dir
    rmtree(tempdir, onerror=onerror)
  File "/opt/ohpc/pub/compiler/conda/latest/lib/python3.12/shutil.py", line 759, in rmtree
    _rmtree_safe_fd(stack, onexc)
  File "/opt/ohpc/pub/compiler/conda/latest/lib/python3.12/shutil.py", line 703, in _rmtree_safe_fd
    onexc(func, path, err)
  File "/opt/ohpc/pub/compiler/conda/latest/lib/python3.12/shutil.py", line 750, in onexc
    return onerror(func, path, exc_info)
           ^^^^^^^^^^^^^^^^^^^^^^^^^^^^^
  File "/opt/ohpc/pub/compiler/conda/latest/lib/python3.12/shutil.py", line 700, in _rmtree_safe_fd
    onexc(os.unlink, fullname, err)
  File "/opt/ohpc/pub/compiler/conda/latest/lib/python3.12/shutil.py", line 750, in onexc
    return onerror(func, path, exc_info)
           ^^^^^^^^^^^^^^^^^^^^^^^^^^^^^
  File "/opt/ohpc/pub/compiler/conda/latest/lib/python3.12/shutil.py", line 698, in _rmtree_safe_fd
    os.unlink(entry.name, dir_fd=topfd)
OSError: [Errno 16] Device or resource busy: '/tmp/pymp-g2ef8xc9'
Traceback (most recent call last):
  File "/opt/ohpc/pub/compiler/conda/latest/lib/python3.12/multiprocessing/util.py", line 303, in _run_finalizers
    finalizer()
  File "/opt/ohpc/pub/compiler/conda/latest/lib/python3.12/multiprocessing/util.py", line 227, in __call__
    res = self._callback(*self._args, **self._kwargs)
          ^^^^^^^^^^^^^^^^^^^^^^^^^^^^^^^^^^^^^^^^^^^
  File "/opt/ohpc/pub/compiler/conda/latest/lib/python3.12/multiprocessing/util.py", line 136, in _remove_temp_dir
    rmtree(tempdir, onerror=onerror)
  File "/opt/ohpc/pub/compiler/conda/latest/lib/python3.12/shutil.py", line 759, in rmtree
    _rmtree_safe_fd(stack, onexc)
  File "/opt/ohpc/pub/compiler/conda/latest/lib/python3.12/shutil.py", line 703, in _rmtree_safe_fd
    onexc(func, path, err)
  File "/opt/ohpc/pub/compiler/conda/latest/lib/python3.12/shutil.py", line 750, in onexc
    return onerror(func, path, exc_info)
           ^^^^^^^^^^^^^^^^^^^^^^^^^^^^^
  File "/opt/ohpc/pub/compiler/conda/latest/lib/python3.12/shutil.py", line 700, in _rmtree_safe_fd
    onexc(os.unlink, fullname, err)
  File "/opt/ohpc/pub/compiler/conda/latest/lib/python3.12/shutil.py", line 750, in onexc
    return onerror(func, path, exc_info)
           ^^^^^^^^^^^^^^^^^^^^^^^^^^^^^
  File "/opt/ohpc/pub/compiler/conda/latest/lib/python3.12/shutil.py", line 698, in _rmtree_safe_fd
    os.unlink(entry.name, dir_fd=topfd)
OSError: [Errno 16] Device or resource busy: '/tmp/pymp-dd6mx668'
[val 009] loss=-0.8963 z_std=0.0447 rankme=15.247 lidar=6.109 areq=1.993 pr=1.38 align=0.1196 unif=-0.875 converged=True collapsed=False
  e010 it0000/62 lr=0.0031 loss=-0.8580 z_std=0.0615
  e010 it0010/62 lr=0.0031 loss=-0.8941 z_std=0.0627
  e010 it0020/62 lr=0.0031 loss=-0.8930 z_std=0.0624
  e010 it0030/62 lr=0.0031 loss=-0.8976 z_std=0.0624
  e010 it0040/62 lr=0.0031 loss=-0.9015 z_std=0.0623
  e010 it0050/62 lr=0.0031 loss=-0.9057 z_std=0.0622
  e010 it0060/62 lr=0.0031 loss=-0.9084 z_std=0.0622
[epoch 010] loss=-0.9082 z_std=0.0622 (healthy~0.0625) time=192.7s
Traceback (most recent call last):
  File "/opt/ohpc/pub/compiler/conda/latest/lib/python3.12/multiprocessing/util.py", line 303, in _run_finalizers
    finalizer()
  File "/opt/ohpc/pub/compiler/conda/latest/lib/python3.12/multiprocessing/util.py", line 227, in __call__
    res = self._callback(*self._args, **self._kwargs)
          ^^^^^^^^^^^^^^^^^^^^^^^^^^^^^^^^^^^^^^^^^^^
  File "/opt/ohpc/pub/compiler/conda/latest/lib/python3.12/multiprocessing/util.py", line 136, in _remove_temp_dir
    rmtree(tempdir, onerror=onerror)
  File "/opt/ohpc/pub/compiler/conda/latest/lib/python3.12/shutil.py", line 759, in rmtree
    _rmtree_safe_fd(stack, onexc)
  File "/opt/ohpc/pub/compiler/conda/latest/lib/python3.12/shutil.py", line 703, in _rmtree_safe_fd
    onexc(func, path, err)
  File "/opt/ohpc/pub/compiler/conda/latest/lib/python3.12/shutil.py", line 750, in onexc
    return onerror(func, path, exc_info)
           ^^^^^^^^^^^^^^^^^^^^^^^^^^^^^
  File "/opt/ohpc/pub/compiler/conda/latest/lib/python3.12/shutil.py", line 700, in _rmtree_safe_fd
    onexc(os.unlink, fullname, err)
  File "/opt/ohpc/pub/compiler/conda/latest/lib/python3.12/shutil.py", line 750, in onexc
    return onerror(func, path, exc_info)
           ^^^^^^^^^^^^^^^^^^^^^^^^^^^^^
  File "/opt/ohpc/pub/compiler/conda/latest/lib/python3.12/shutil.py", line 698, in _rmtree_safe_fd
    os.unlink(entry.name, dir_fd=topfd)
OSError: [Errno 16] Device or resource busy: '/tmp/pymp-1ja8_zsh'
Traceback (most recent call last):
Traceback (most recent call last):
  File "/opt/ohpc/pub/compiler/conda/latest/lib/python3.12/multiprocessing/util.py", line 303, in _run_finalizers
    finalizer()
  File "/opt/ohpc/pub/compiler/conda/latest/lib/python3.12/multiprocessing/util.py", line 227, in __call__
    res = self._callback(*self._args, **self._kwargs)
          ^^^^^^^^^^^^^^^^^^^^^^^^^^^^^^^^^^^^^^^^^^^
  File "/opt/ohpc/pub/compiler/conda/latest/lib/python3.12/multiprocessing/util.py", line 136, in _remove_temp_dir
    rmtree(tempdir, onerror=onerror)
  File "/opt/ohpc/pub/compiler/conda/latest/lib/python3.12/shutil.py", line 759, in rmtree
    _rmtree_safe_fd(stack, onexc)
  File "/opt/ohpc/pub/compiler/conda/latest/lib/python3.12/shutil.py", line 703, in _rmtree_safe_fd
    onexc(func, path, err)
  File "/opt/ohpc/pub/compiler/conda/latest/lib/python3.12/shutil.py", line 750, in onexc
    return onerror(func, path, exc_info)
           ^^^^^^^^^^^^^^^^^^^^^^^^^^^^^
Traceback (most recent call last):
  File "/opt/ohpc/pub/compiler/conda/latest/lib/python3.12/shutil.py", line 700, in _rmtree_safe_fd
    onexc(os.unlink, fullname, err)
  File "/opt/ohpc/pub/compiler/conda/latest/lib/python3.12/shutil.py", line 750, in onexc
    return onerror(func, path, exc_info)
           ^^^^^^^^^^^^^^^^^^^^^^^^^^^^^
  File "/opt/ohpc/pub/compiler/conda/latest/lib/python3.12/shutil.py", line 698, in _rmtree_safe_fd
    os.unlink(entry.name, dir_fd=topfd)
OSError: [Errno 16] Device or resource busy: '/tmp/pymp-fxjty7an'
  File "/opt/ohpc/pub/compiler/conda/latest/lib/python3.12/multiprocessing/util.py", line 303, in _run_finalizers
    finalizer()
  File "/opt/ohpc/pub/compiler/conda/latest/lib/python3.12/multiprocessing/util.py", line 227, in __call__
    res = self._callback(*self._args, **self._kwargs)
          ^^^^^^^^^^^^^^^^^^^^^^^^^^^^^^^^^^^^^^^^^^^
  File "/opt/ohpc/pub/compiler/conda/latest/lib/python3.12/multiprocessing/util.py", line 136, in _remove_temp_dir
    rmtree(tempdir, onerror=onerror)
  File "/opt/ohpc/pub/compiler/conda/latest/lib/python3.12/shutil.py", line 759, in rmtree
    _rmtree_safe_fd(stack, onexc)
  File "/opt/ohpc/pub/compiler/conda/latest/lib/python3.12/shutil.py", line 703, in _rmtree_safe_fd
    onexc(func, path, err)
  File "/opt/ohpc/pub/compiler/conda/latest/lib/python3.12/shutil.py", line 750, in onexc
    return onerror(func, path, exc_info)
           ^^^^^^^^^^^^^^^^^^^^^^^^^^^^^
  File "/opt/ohpc/pub/compiler/conda/latest/lib/python3.12/shutil.py", line 700, in _rmtree_safe_fd
    onexc(os.unlink, fullname, err)
  File "/opt/ohpc/pub/compiler/conda/latest/lib/python3.12/shutil.py", line 750, in onexc
    return onerror(func, path, exc_info)
           ^^^^^^^^^^^^^^^^^^^^^^^^^^^^^
  File "/opt/ohpc/pub/compiler/conda/latest/lib/python3.12/shutil.py", line 698, in _rmtree_safe_fd
    os.unlink(entry.name, dir_fd=topfd)
OSError: [Errno 16] Device or resource busy: '/tmp/pymp-8rqpt74f'
  File "/opt/ohpc/pub/compiler/conda/latest/lib/python3.12/multiprocessing/util.py", line 303, in _run_finalizers
    finalizer()
  File "/opt/ohpc/pub/compiler/conda/latest/lib/python3.12/multiprocessing/util.py", line 227, in __call__
    res = self._callback(*self._args, **self._kwargs)
          ^^^^^^^^^^^^^^^^^^^^^^^^^^^^^^^^^^^^^^^^^^^
  File "/opt/ohpc/pub/compiler/conda/latest/lib/python3.12/multiprocessing/util.py", line 136, in _remove_temp_dir
    rmtree(tempdir, onerror=onerror)
  File "/opt/ohpc/pub/compiler/conda/latest/lib/python3.12/shutil.py", line 759, in rmtree
    _rmtree_safe_fd(stack, onexc)
  File "/opt/ohpc/pub/compiler/conda/latest/lib/python3.12/shutil.py", line 703, in _rmtree_safe_fd
    onexc(func, path, err)
  File "/opt/ohpc/pub/compiler/conda/latest/lib/python3.12/shutil.py", line 750, in onexc
    return onerror(func, path, exc_info)
           ^^^^^^^^^^^^^^^^^^^^^^^^^^^^^
  File "/opt/ohpc/pub/compiler/conda/latest/lib/python3.12/shutil.py", line 700, in _rmtree_safe_fd
    onexc(os.unlink, fullname, err)
  File "/opt/ohpc/pub/compiler/conda/latest/lib/python3.12/shutil.py", line 750, in onexc
    return onerror(func, path, exc_info)
           ^^^^^^^^^^^^^^^^^^^^^^^^^^^^^
  File "/opt/ohpc/pub/compiler/conda/latest/lib/python3.12/shutil.py", line 698, in _rmtree_safe_fd
    os.unlink(entry.name, dir_fd=topfd)
OSError: [Errno 16] Device or resource busy: '/tmp/pymp-v_tccub6'
Traceback (most recent call last):
  File "/opt/ohpc/pub/compiler/conda/latest/lib/python3.12/multiprocessing/util.py", line 303, in _run_finalizers
    finalizer()
  File "/opt/ohpc/pub/compiler/conda/latest/lib/python3.12/multiprocessing/util.py", line 227, in __call__
    res = self._callback(*self._args, **self._kwargs)
          ^^^^^^^^^^^^^^^^^^^^^^^^^^^^^^^^^^^^^^^^^^^
  File "/opt/ohpc/pub/compiler/conda/latest/lib/python3.12/multiprocessing/util.py", line 136, in _remove_temp_dir
    rmtree(tempdir, onerror=onerror)
  File "/opt/ohpc/pub/compiler/conda/latest/lib/python3.12/shutil.py", line 759, in rmtree
    _rmtree_safe_fd(stack, onexc)
  File "/opt/ohpc/pub/compiler/conda/latest/lib/python3.12/shutil.py", line 703, in _rmtree_safe_fd
    onexc(func, path, err)
  File "/opt/ohpc/pub/compiler/conda/latest/lib/python3.12/shutil.py", line 750, in onexc
    return onerror(func, path, exc_info)
           ^^^^^^^^^^^^^^^^^^^^^^^^^^^^^
  File "/opt/ohpc/pub/compiler/conda/latest/lib/python3.12/shutil.py", line 700, in _rmtree_safe_fd
    onexc(os.unlink, fullname, err)
  File "/opt/ohpc/pub/compiler/conda/latest/lib/python3.12/shutil.py", line 750, in onexc
    return onerror(func, path, exc_info)
           ^^^^^^^^^^^^^^^^^^^^^^^^^^^^^
  File "/opt/ohpc/pub/compiler/conda/latest/lib/python3.12/shutil.py", line 698, in _rmtree_safe_fd
    os.unlink(entry.name, dir_fd=topfd)
OSError: [Errno 16] Device or resource busy: '/tmp/pymp-s94gxlpc'
Traceback (most recent call last):
Traceback (most recent call last):
  File "/opt/ohpc/pub/compiler/conda/latest/lib/python3.12/multiprocessing/util.py", line 303, in _run_finalizers
    finalizer()
  File "/opt/ohpc/pub/compiler/conda/latest/lib/python3.12/multiprocessing/util.py", line 227, in __call__
    res = self._callback(*self._args, **self._kwargs)
          ^^^^^^^^^^^^^^^^^^^^^^^^^^^^^^^^^^^^^^^^^^^
  File "/opt/ohpc/pub/compiler/conda/latest/lib/python3.12/multiprocessing/util.py", line 136, in _remove_temp_dir
    rmtree(tempdir, onerror=onerror)
  File "/opt/ohpc/pub/compiler/conda/latest/lib/python3.12/shutil.py", line 759, in rmtree
    _rmtree_safe_fd(stack, onexc)
  File "/opt/ohpc/pub/compiler/conda/latest/lib/python3.12/shutil.py", line 703, in _rmtree_safe_fd
    onexc(func, path, err)
  File "/opt/ohpc/pub/compiler/conda/latest/lib/python3.12/shutil.py", line 750, in onexc
    return onerror(func, path, exc_info)
           ^^^^^^^^^^^^^^^^^^^^^^^^^^^^^
  File "/opt/ohpc/pub/compiler/conda/latest/lib/python3.12/shutil.py", line 700, in _rmtree_safe_fd
    onexc(os.unlink, fullname, err)
  File "/opt/ohpc/pub/compiler/conda/latest/lib/python3.12/shutil.py", line 750, in onexc
    return onerror(func, path, exc_info)
           ^^^^^^^^^^^^^^^^^^^^^^^^^^^^^
  File "/opt/ohpc/pub/compiler/conda/latest/lib/python3.12/shutil.py", line 698, in _rmtree_safe_fd
    os.unlink(entry.name, dir_fd=topfd)
OSError: [Errno 16] Device or resource busy: '/tmp/pymp-8bb42fqt'
  File "/opt/ohpc/pub/compiler/conda/latest/lib/python3.12/multiprocessing/util.py", line 303, in _run_finalizers
    finalizer()
  File "/opt/ohpc/pub/compiler/conda/latest/lib/python3.12/multiprocessing/util.py", line 227, in __call__
    res = self._callback(*self._args, **self._kwargs)
          ^^^^^^^^^^^^^^^^^^^^^^^^^^^^^^^^^^^^^^^^^^^
  File "/opt/ohpc/pub/compiler/conda/latest/lib/python3.12/multiprocessing/util.py", line 136, in _remove_temp_dir
    rmtree(tempdir, onerror=onerror)
  File "/opt/ohpc/pub/compiler/conda/latest/lib/python3.12/shutil.py", line 759, in rmtree
    _rmtree_safe_fd(stack, onexc)
  File "/opt/ohpc/pub/compiler/conda/latest/lib/python3.12/shutil.py", line 703, in _rmtree_safe_fd
    onexc(func, path, err)
  File "/opt/ohpc/pub/compiler/conda/latest/lib/python3.12/shutil.py", line 750, in onexc
    return onerror(func, path, exc_info)
           ^^^^^^^^^^^^^^^^^^^^^^^^^^^^^
  File "/opt/ohpc/pub/compiler/conda/latest/lib/python3.12/shutil.py", line 700, in _rmtree_safe_fd
    onexc(os.unlink, fullname, err)
  File "/opt/ohpc/pub/compiler/conda/latest/lib/python3.12/shutil.py", line 750, in onexc
    return onerror(func, path, exc_info)
           ^^^^^^^^^^^^^^^^^^^^^^^^^^^^^
  File "/opt/ohpc/pub/compiler/conda/latest/lib/python3.12/shutil.py", line 698, in _rmtree_safe_fd
    os.unlink(entry.name, dir_fd=topfd)
OSError: [Errno 16] Device or resource busy: '/tmp/pymp-j3lkot8w'
Traceback (most recent call last):
  File "/opt/ohpc/pub/compiler/conda/latest/lib/python3.12/multiprocessing/util.py", line 303, in _run_finalizers
    finalizer()
  File "/opt/ohpc/pub/compiler/conda/latest/lib/python3.12/multiprocessing/util.py", line 227, in __call__
    res = self._callback(*self._args, **self._kwargs)
          ^^^^^^^^^^^^^^^^^^^^^^^^^^^^^^^^^^^^^^^^^^^
  File "/opt/ohpc/pub/compiler/conda/latest/lib/python3.12/multiprocessing/util.py", line 136, in _remove_temp_dir
    rmtree(tempdir, onerror=onerror)
  File "/opt/ohpc/pub/compiler/conda/latest/lib/python3.12/shutil.py", line 759, in rmtree
    _rmtree_safe_fd(stack, onexc)
  File "/opt/ohpc/pub/compiler/conda/latest/lib/python3.12/shutil.py", line 703, in _rmtree_safe_fd
    onexc(func, path, err)
  File "/opt/ohpc/pub/compiler/conda/latest/lib/python3.12/shutil.py", line 750, in onexc
    return onerror(func, path, exc_info)
           ^^^^^^^^^^^^^^^^^^^^^^^^^^^^^
  File "/opt/ohpc/pub/compiler/conda/latest/lib/python3.12/shutil.py", line 700, in _rmtree_safe_fd
    onexc(os.unlink, fullname, err)
  File "/opt/ohpc/pub/compiler/conda/latest/lib/python3.12/shutil.py", line 750, in onexc
    return onerror(func, path, exc_info)
           ^^^^^^^^^^^^^^^^^^^^^^^^^^^^^
  File "/opt/ohpc/pub/compiler/conda/latest/lib/python3.12/shutil.py", line 698, in _rmtree_safe_fd
    os.unlink(entry.name, dir_fd=topfd)
OSError: [Errno 16] Device or resource busy: '/tmp/pymp-wkd4l1is'
Traceback (most recent call last):
  File "/opt/ohpc/pub/compiler/conda/latest/lib/python3.12/multiprocessing/util.py", line 303, in _run_finalizers
    finalizer()
  File "/opt/ohpc/pub/compiler/conda/latest/lib/python3.12/multiprocessing/util.py", line 227, in __call__
    res = self._callback(*self._args, **self._kwargs)
          ^^^^^^^^^^^^^^^^^^^^^^^^^^^^^^^^^^^^^^^^^^^
  File "/opt/ohpc/pub/compiler/conda/latest/lib/python3.12/multiprocessing/util.py", line 136, in _remove_temp_dir
    rmtree(tempdir, onerror=onerror)
  File "/opt/ohpc/pub/compiler/conda/latest/lib/python3.12/shutil.py", line 759, in rmtree
    _rmtree_safe_fd(stack, onexc)
  File "/opt/ohpc/pub/compiler/conda/latest/lib/python3.12/shutil.py", line 703, in _rmtree_safe_fd
    onexc(func, path, err)
  File "/opt/ohpc/pub/compiler/conda/latest/lib/python3.12/shutil.py", line 750, in onexc
    return onerror(func, path, exc_info)
           ^^^^^^^^^^^^^^^^^^^^^^^^^^^^^
  File "/opt/ohpc/pub/compiler/conda/latest/lib/python3.12/shutil.py", line 700, in _rmtree_safe_fd
    onexc(os.unlink, fullname, err)
  File "/opt/ohpc/pub/compiler/conda/latest/lib/python3.12/shutil.py", line 750, in onexc
    return onerror(func, path, exc_info)
           ^^^^^^^^^^^^^^^^^^^^^^^^^^^^^
  File "/opt/ohpc/pub/compiler/conda/latest/lib/python3.12/shutil.py", line 698, in _rmtree_safe_fd
    os.unlink(entry.name, dir_fd=topfd)
OSError: [Errno 16] Device or resource busy: '/tmp/pymp-l2vsgahj'
Traceback (most recent call last):
  File "/opt/ohpc/pub/compiler/conda/latest/lib/python3.12/multiprocessing/util.py", line 303, in _run_finalizers
    finalizer()
  File "/opt/ohpc/pub/compiler/conda/latest/lib/python3.12/multiprocessing/util.py", line 227, in __call__
    res = self._callback(*self._args, **self._kwargs)
          ^^^^^^^^^^^^^^^^^^^^^^^^^^^^^^^^^^^^^^^^^^^
  File "/opt/ohpc/pub/compiler/conda/latest/lib/python3.12/multiprocessing/util.py", line 136, in _remove_temp_dir
    rmtree(tempdir, onerror=onerror)
  File "/opt/ohpc/pub/compiler/conda/latest/lib/python3.12/shutil.py", line 759, in rmtree
    _rmtree_safe_fd(stack, onexc)
  File "/opt/ohpc/pub/compiler/conda/latest/lib/python3.12/shutil.py", line 703, in _rmtree_safe_fd
    onexc(func, path, err)
  File "/opt/ohpc/pub/compiler/conda/latest/lib/python3.12/shutil.py", line 750, in onexc
    return onerror(func, path, exc_info)
           ^^^^^^^^^^^^^^^^^^^^^^^^^^^^^
  File "/opt/ohpc/pub/compiler/conda/latest/lib/python3.12/shutil.py", line 700, in _rmtree_safe_fd
    onexc(os.unlink, fullname, err)
  File "/opt/ohpc/pub/compiler/conda/latest/lib/python3.12/shutil.py", line 750, in onexc
    return onerror(func, path, exc_info)
           ^^^^^^^^^^^^^^^^^^^^^^^^^^^^^
  File "/opt/ohpc/pub/compiler/conda/latest/lib/python3.12/shutil.py", line 698, in _rmtree_safe_fd
    os.unlink(entry.name, dir_fd=topfd)
OSError: [Errno 16] Device or resource busy: '/tmp/pymp-w26rvw_1'
Traceback (most recent call last):
  File "/opt/ohpc/pub/compiler/conda/latest/lib/python3.12/multiprocessing/util.py", line 303, in _run_finalizers
    finalizer()
  File "/opt/ohpc/pub/compiler/conda/latest/lib/python3.12/multiprocessing/util.py", line 227, in __call__
    res = self._callback(*self._args, **self._kwargs)
          ^^^^^^^^^^^^^^^^^^^^^^^^^^^^^^^^^^^^^^^^^^^
  File "/opt/ohpc/pub/compiler/conda/latest/lib/python3.12/multiprocessing/util.py", line 136, in _remove_temp_dir
    rmtree(tempdir, onerror=onerror)
  File "/opt/ohpc/pub/compiler/conda/latest/lib/python3.12/shutil.py", line 759, in rmtree
    _rmtree_safe_fd(stack, onexc)
  File "/opt/ohpc/pub/compiler/conda/latest/lib/python3.12/shutil.py", line 703, in _rmtree_safe_fd
    onexc(func, path, err)
  File "/opt/ohpc/pub/compiler/conda/latest/lib/python3.12/shutil.py", line 750, in onexc
    return onerror(func, path, exc_info)
           ^^^^^^^^^^^^^^^^^^^^^^^^^^^^^
  File "/opt/ohpc/pub/compiler/conda/latest/lib/python3.12/shutil.py", line 700, in _rmtree_safe_fd
    onexc(os.unlink, fullname, err)
  File "/opt/ohpc/pub/compiler/conda/latest/lib/python3.12/shutil.py", line 750, in onexc
    return onerror(func, path, exc_info)
           ^^^^^^^^^^^^^^^^^^^^^^^^^^^^^
  File "/opt/ohpc/pub/compiler/conda/latest/lib/python3.12/shutil.py", line 698, in _rmtree_safe_fd
    os.unlink(entry.name, dir_fd=topfd)
OSError: [Errno 16] Device or resource busy: '/tmp/pymp-5v69be3a'
Traceback (most recent call last):
  File "/opt/ohpc/pub/compiler/conda/latest/lib/python3.12/multiprocessing/util.py", line 303, in _run_finalizers
    finalizer()
  File "/opt/ohpc/pub/compiler/conda/latest/lib/python3.12/multiprocessing/util.py", line 227, in __call__
    res = self._callback(*self._args, **self._kwargs)
          ^^^^^^^^^^^^^^^^^^^^^^^^^^^^^^^^^^^^^^^^^^^
  File "/opt/ohpc/pub/compiler/conda/latest/lib/python3.12/multiprocessing/util.py", line 136, in _remove_temp_dir
    rmtree(tempdir, onerror=onerror)
  File "/opt/ohpc/pub/compiler/conda/latest/lib/python3.12/shutil.py", line 759, in rmtree
    _rmtree_safe_fd(stack, onexc)
  File "/opt/ohpc/pub/compiler/conda/latest/lib/python3.12/shutil.py", line 703, in _rmtree_safe_fd
    onexc(func, path, err)
  File "/opt/ohpc/pub/compiler/conda/latest/lib/python3.12/shutil.py", line 750, in onexc
    return onerror(func, path, exc_info)
           ^^^^^^^^^^^^^^^^^^^^^^^^^^^^^
  File "/opt/ohpc/pub/compiler/conda/latest/lib/python3.12/shutil.py", line 700, in _rmtree_safe_fd
    onexc(os.unlink, fullname, err)
  File "/opt/ohpc/pub/compiler/conda/latest/lib/python3.12/shutil.py", line 750, in onexc
    return onerror(func, path, exc_info)
           ^^^^^^^^^^^^^^^^^^^^^^^^^^^^^
  File "/opt/ohpc/pub/compiler/conda/latest/lib/python3.12/shutil.py", line 698, in _rmtree_safe_fd
    os.unlink(entry.name, dir_fd=topfd)
OSError: [Errno 16] Device or resource busy: '/tmp/pymp-luxvlggz'
Traceback (most recent call last):
  File "/opt/ohpc/pub/compiler/conda/latest/lib/python3.12/multiprocessing/util.py", line 303, in _run_finalizers
    finalizer()
  File "/opt/ohpc/pub/compiler/conda/latest/lib/python3.12/multiprocessing/util.py", line 227, in __call__
    res = self._callback(*self._args, **self._kwargs)
          ^^^^^^^^^^^^^^^^^^^^^^^^^^^^^^^^^^^^^^^^^^^
  File "/opt/ohpc/pub/compiler/conda/latest/lib/python3.12/multiprocessing/util.py", line 136, in _remove_temp_dir
    rmtree(tempdir, onerror=onerror)
  File "/opt/ohpc/pub/compiler/conda/latest/lib/python3.12/shutil.py", line 759, in rmtree
    _rmtree_safe_fd(stack, onexc)
  File "/opt/ohpc/pub/compiler/conda/latest/lib/python3.12/shutil.py", line 703, in _rmtree_safe_fd
    onexc(func, path, err)
  File "/opt/ohpc/pub/compiler/conda/latest/lib/python3.12/shutil.py", line 750, in onexc
    return onerror(func, path, exc_info)
           ^^^^^^^^^^^^^^^^^^^^^^^^^^^^^
  File "/opt/ohpc/pub/compiler/conda/latest/lib/python3.12/shutil.py", line 700, in _rmtree_safe_fd
    onexc(os.unlink, fullname, err)
  File "/opt/ohpc/pub/compiler/conda/latest/lib/python3.12/shutil.py", line 750, in onexc
    return onerror(func, path, exc_info)
           ^^^^^^^^^^^^^^^^^^^^^^^^^^^^^
  File "/opt/ohpc/pub/compiler/conda/latest/lib/python3.12/shutil.py", line 698, in _rmtree_safe_fd
    os.unlink(entry.name, dir_fd=topfd)
OSError: [Errno 16] Device or resource busy: '/tmp/pymp-x_87sjhd'
Traceback (most recent call last):
  File "/opt/ohpc/pub/compiler/conda/latest/lib/python3.12/multiprocessing/util.py", line 303, in _run_finalizers
    finalizer()
  File "/opt/ohpc/pub/compiler/conda/latest/lib/python3.12/multiprocessing/util.py", line 227, in __call__
    res = self._callback(*self._args, **self._kwargs)
          ^^^^^^^^^^^^^^^^^^^^^^^^^^^^^^^^^^^^^^^^^^^
  File "/opt/ohpc/pub/compiler/conda/latest/lib/python3.12/multiprocessing/util.py", line 136, in _remove_temp_dir
    rmtree(tempdir, onerror=onerror)
  File "/opt/ohpc/pub/compiler/conda/latest/lib/python3.12/shutil.py", line 759, in rmtree
    _rmtree_safe_fd(stack, onexc)
  File "/opt/ohpc/pub/compiler/conda/latest/lib/python3.12/shutil.py", line 703, in _rmtree_safe_fd
    onexc(func, path, err)
  File "/opt/ohpc/pub/compiler/conda/latest/lib/python3.12/shutil.py", line 750, in onexc
    return onerror(func, path, exc_info)
           ^^^^^^^^^^^^^^^^^^^^^^^^^^^^^
  File "/opt/ohpc/pub/compiler/conda/latest/lib/python3.12/shutil.py", line 700, in _rmtree_safe_fd
    onexc(os.unlink, fullname, err)
  File "/opt/ohpc/pub/compiler/conda/latest/lib/python3.12/shutil.py", line 750, in onexc
    return onerror(func, path, exc_info)
           ^^^^^^^^^^^^^^^^^^^^^^^^^^^^^
  File "/opt/ohpc/pub/compiler/conda/latest/lib/python3.12/shutil.py", line 698, in _rmtree_safe_fd
    os.unlink(entry.name, dir_fd=topfd)
OSError: [Errno 16] Device or resource busy: '/tmp/pymp-lvzw29j9'
Traceback (most recent call last):
  File "/opt/ohpc/pub/compiler/conda/latest/lib/python3.12/multiprocessing/util.py", line 303, in _run_finalizers
    finalizer()
  File "/opt/ohpc/pub/compiler/conda/latest/lib/python3.12/multiprocessing/util.py", line 227, in __call__
    res = self._callback(*self._args, **self._kwargs)
          ^^^^^^^^^^^^^^^^^^^^^^^^^^^^^^^^^^^^^^^^^^^
  File "/opt/ohpc/pub/compiler/conda/latest/lib/python3.12/multiprocessing/util.py", line 136, in _remove_temp_dir
    rmtree(tempdir, onerror=onerror)
  File "/opt/ohpc/pub/compiler/conda/latest/lib/python3.12/shutil.py", line 759, in rmtree
    _rmtree_safe_fd(stack, onexc)
  File "/opt/ohpc/pub/compiler/conda/latest/lib/python3.12/shutil.py", line 703, in _rmtree_safe_fd
    onexc(func, path, err)
  File "/opt/ohpc/pub/compiler/conda/latest/lib/python3.12/shutil.py", line 750, in onexc
    return onerror(func, path, exc_info)
           ^^^^^^^^^^^^^^^^^^^^^^^^^^^^^
  File "/opt/ohpc/pub/compiler/conda/latest/lib/python3.12/shutil.py", line 700, in _rmtree_safe_fd
    onexc(os.unlink, fullname, err)
  File "/opt/ohpc/pub/compiler/conda/latest/lib/python3.12/shutil.py", line 750, in onexc
    return onerror(func, path, exc_info)
           ^^^^^^^^^^^^^^^^^^^^^^^^^^^^^
  File "/opt/ohpc/pub/compiler/conda/latest/lib/python3.12/shutil.py", line 698, in _rmtree_safe_fd
    os.unlink(entry.name, dir_fd=topfd)
OSError: [Errno 16] Device or resource busy: '/tmp/pymp-xr57of7f'
Traceback (most recent call last):
  File "/opt/ohpc/pub/compiler/conda/latest/lib/python3.12/multiprocessing/util.py", line 303, in _run_finalizers
    finalizer()
  File "/opt/ohpc/pub/compiler/conda/latest/lib/python3.12/multiprocessing/util.py", line 227, in __call__
    res = self._callback(*self._args, **self._kwargs)
          ^^^^^^^^^^^^^^^^^^^^^^^^^^^^^^^^^^^^^^^^^^^
  File "/opt/ohpc/pub/compiler/conda/latest/lib/python3.12/multiprocessing/util.py", line 136, in _remove_temp_dir
    rmtree(tempdir, onerror=onerror)
  File "/opt/ohpc/pub/compiler/conda/latest/lib/python3.12/shutil.py", line 759, in rmtree
    _rmtree_safe_fd(stack, onexc)
  File "/opt/ohpc/pub/compiler/conda/latest/lib/python3.12/shutil.py", line 703, in _rmtree_safe_fd
    onexc(func, path, err)
  File "/opt/ohpc/pub/compiler/conda/latest/lib/python3.12/shutil.py", line 750, in onexc
    return onerror(func, path, exc_info)
           ^^^^^^^^^^^^^^^^^^^^^^^^^^^^^
  File "/opt/ohpc/pub/compiler/conda/latest/lib/python3.12/shutil.py", line 700, in _rmtree_safe_fd
    onexc(os.unlink, fullname, err)
  File "/opt/ohpc/pub/compiler/conda/latest/lib/python3.12/shutil.py", line 750, in onexc
    return onerror(func, path, exc_info)
           ^^^^^^^^^^^^^^^^^^^^^^^^^^^^^
  File "/opt/ohpc/pub/compiler/conda/latest/lib/python3.12/shutil.py", line 698, in _rmtree_safe_fd
    os.unlink(entry.name, dir_fd=topfd)
OSError: [Errno 16] Device or resource busy: '/tmp/pymp-mgj3timt'
Traceback (most recent call last):
Traceback (most recent call last):
  File "/opt/ohpc/pub/compiler/conda/latest/lib/python3.12/multiprocessing/util.py", line 303, in _run_finalizers
    finalizer()
  File "/opt/ohpc/pub/compiler/conda/latest/lib/python3.12/multiprocessing/util.py", line 227, in __call__
    res = self._callback(*self._args, **self._kwargs)
          ^^^^^^^^^^^^^^^^^^^^^^^^^^^^^^^^^^^^^^^^^^^
  File "/opt/ohpc/pub/compiler/conda/latest/lib/python3.12/multiprocessing/util.py", line 136, in _remove_temp_dir
    rmtree(tempdir, onerror=onerror)
  File "/opt/ohpc/pub/compiler/conda/latest/lib/python3.12/shutil.py", line 759, in rmtree
    _rmtree_safe_fd(stack, onexc)
  File "/opt/ohpc/pub/compiler/conda/latest/lib/python3.12/shutil.py", line 703, in _rmtree_safe_fd
    onexc(func, path, err)
  File "/opt/ohpc/pub/compiler/conda/latest/lib/python3.12/shutil.py", line 750, in onexc
    return onerror(func, path, exc_info)
           ^^^^^^^^^^^^^^^^^^^^^^^^^^^^^
  File "/opt/ohpc/pub/compiler/conda/latest/lib/python3.12/shutil.py", line 700, in _rmtree_safe_fd
    onexc(os.unlink, fullname, err)
  File "/opt/ohpc/pub/compiler/conda/latest/lib/python3.12/shutil.py", line 750, in onexc
    return onerror(func, path, exc_info)
           ^^^^^^^^^^^^^^^^^^^^^^^^^^^^^
Traceback (most recent call last):
  File "/opt/ohpc/pub/compiler/conda/latest/lib/python3.12/shutil.py", line 698, in _rmtree_safe_fd
    os.unlink(entry.name, dir_fd=topfd)
OSError: [Errno 16] Device or resource busy: '/tmp/pymp-lolx6ieg'
  File "/opt/ohpc/pub/compiler/conda/latest/lib/python3.12/multiprocessing/util.py", line 303, in _run_finalizers
    finalizer()
  File "/opt/ohpc/pub/compiler/conda/latest/lib/python3.12/multiprocessing/util.py", line 227, in __call__
    res = self._callback(*self._args, **self._kwargs)
          ^^^^^^^^^^^^^^^^^^^^^^^^^^^^^^^^^^^^^^^^^^^
  File "/opt/ohpc/pub/compiler/conda/latest/lib/python3.12/multiprocessing/util.py", line 136, in _remove_temp_dir
    rmtree(tempdir, onerror=onerror)
  File "/opt/ohpc/pub/compiler/conda/latest/lib/python3.12/shutil.py", line 759, in rmtree
    _rmtree_safe_fd(stack, onexc)
  File "/opt/ohpc/pub/compiler/conda/latest/lib/python3.12/shutil.py", line 703, in _rmtree_safe_fd
    onexc(func, path, err)
  File "/opt/ohpc/pub/compiler/conda/latest/lib/python3.12/shutil.py", line 750, in onexc
    return onerror(func, path, exc_info)
           ^^^^^^^^^^^^^^^^^^^^^^^^^^^^^
  File "/opt/ohpc/pub/compiler/conda/latest/lib/python3.12/shutil.py", line 700, in _rmtree_safe_fd
    onexc(os.unlink, fullname, err)
  File "/opt/ohpc/pub/compiler/conda/latest/lib/python3.12/shutil.py", line 750, in onexc
    return onerror(func, path, exc_info)
           ^^^^^^^^^^^^^^^^^^^^^^^^^^^^^
  File "/opt/ohpc/pub/compiler/conda/latest/lib/python3.12/shutil.py", line 698, in _rmtree_safe_fd
    os.unlink(entry.name, dir_fd=topfd)
OSError: [Errno 16] Device or resource busy: '/tmp/pymp-z6n7_782'
  File "/opt/ohpc/pub/compiler/conda/latest/lib/python3.12/multiprocessing/util.py", line 303, in _run_finalizers
    finalizer()
  File "/opt/ohpc/pub/compiler/conda/latest/lib/python3.12/multiprocessing/util.py", line 227, in __call__
    res = self._callback(*self._args, **self._kwargs)
          ^^^^^^^^^^^^^^^^^^^^^^^^^^^^^^^^^^^^^^^^^^^
  File "/opt/ohpc/pub/compiler/conda/latest/lib/python3.12/multiprocessing/util.py", line 136, in _remove_temp_dir
    rmtree(tempdir, onerror=onerror)
  File "/opt/ohpc/pub/compiler/conda/latest/lib/python3.12/shutil.py", line 759, in rmtree
    _rmtree_safe_fd(stack, onexc)
  File "/opt/ohpc/pub/compiler/conda/latest/lib/python3.12/shutil.py", line 703, in _rmtree_safe_fd
    onexc(func, path, err)
  File "/opt/ohpc/pub/compiler/conda/latest/lib/python3.12/shutil.py", line 750, in onexc
    return onerror(func, path, exc_info)
           ^^^^^^^^^^^^^^^^^^^^^^^^^^^^^
  File "/opt/ohpc/pub/compiler/conda/latest/lib/python3.12/shutil.py", line 700, in _rmtree_safe_fd
    onexc(os.unlink, fullname, err)
  File "/opt/ohpc/pub/compiler/conda/latest/lib/python3.12/shutil.py", line 750, in onexc
    return onerror(func, path, exc_info)
           ^^^^^^^^^^^^^^^^^^^^^^^^^^^^^
  File "/opt/ohpc/pub/compiler/conda/latest/lib/python3.12/shutil.py", line 698, in _rmtree_safe_fd
    os.unlink(entry.name, dir_fd=topfd)
OSError: [Errno 16] Device or resource busy: '/tmp/pymp-yg9_u5g2'
Traceback (most recent call last):
  File "/opt/ohpc/pub/compiler/conda/latest/lib/python3.12/multiprocessing/util.py", line 303, in _run_finalizers
    finalizer()
  File "/opt/ohpc/pub/compiler/conda/latest/lib/python3.12/multiprocessing/util.py", line 227, in __call__
    res = self._callback(*self._args, **self._kwargs)
          ^^^^^^^^^^^^^^^^^^^^^^^^^^^^^^^^^^^^^^^^^^^
  File "/opt/ohpc/pub/compiler/conda/latest/lib/python3.12/multiprocessing/util.py", line 136, in _remove_temp_dir
    rmtree(tempdir, onerror=onerror)
  File "/opt/ohpc/pub/compiler/conda/latest/lib/python3.12/shutil.py", line 759, in rmtree
    _rmtree_safe_fd(stack, onexc)
  File "/opt/ohpc/pub/compiler/conda/latest/lib/python3.12/shutil.py", line 703, in _rmtree_safe_fd
    onexc(func, path, err)
  File "/opt/ohpc/pub/compiler/conda/latest/lib/python3.12/shutil.py", line 750, in onexc
    return onerror(func, path, exc_info)
           ^^^^^^^^^^^^^^^^^^^^^^^^^^^^^
  File "/opt/ohpc/pub/compiler/conda/latest/lib/python3.12/shutil.py", line 700, in _rmtree_safe_fd
    onexc(os.unlink, fullname, err)
  File "/opt/ohpc/pub/compiler/conda/latest/lib/python3.12/shutil.py", line 750, in onexc
    return onerror(func, path, exc_info)
           ^^^^^^^^^^^^^^^^^^^^^^^^^^^^^
  File "/opt/ohpc/pub/compiler/conda/latest/lib/python3.12/shutil.py", line 698, in _rmtree_safe_fd
    os.unlink(entry.name, dir_fd=topfd)
OSError: [Errno 16] Device or resource busy: '/tmp/pymp-zi4c0tmq'
Traceback (most recent call last):
Traceback (most recent call last):
  File "/opt/ohpc/pub/compiler/conda/latest/lib/python3.12/multiprocessing/util.py", line 303, in _run_finalizers
    finalizer()
  File "/opt/ohpc/pub/compiler/conda/latest/lib/python3.12/multiprocessing/util.py", line 227, in __call__
    res = self._callback(*self._args, **self._kwargs)
          ^^^^^^^^^^^^^^^^^^^^^^^^^^^^^^^^^^^^^^^^^^^
  File "/opt/ohpc/pub/compiler/conda/latest/lib/python3.12/multiprocessing/util.py", line 136, in _remove_temp_dir
    rmtree(tempdir, onerror=onerror)
  File "/opt/ohpc/pub/compiler/conda/latest/lib/python3.12/shutil.py", line 759, in rmtree
    _rmtree_safe_fd(stack, onexc)
  File "/opt/ohpc/pub/compiler/conda/latest/lib/python3.12/shutil.py", line 703, in _rmtree_safe_fd
    onexc(func, path, err)
  File "/opt/ohpc/pub/compiler/conda/latest/lib/python3.12/shutil.py", line 750, in onexc
    return onerror(func, path, exc_info)
           ^^^^^^^^^^^^^^^^^^^^^^^^^^^^^
  File "/opt/ohpc/pub/compiler/conda/latest/lib/python3.12/shutil.py", line 700, in _rmtree_safe_fd
    onexc(os.unlink, fullname, err)
  File "/opt/ohpc/pub/compiler/conda/latest/lib/python3.12/shutil.py", line 750, in onexc
    return onerror(func, path, exc_info)
           ^^^^^^^^^^^^^^^^^^^^^^^^^^^^^
  File "/opt/ohpc/pub/compiler/conda/latest/lib/python3.12/shutil.py", line 698, in _rmtree_safe_fd
    os.unlink(entry.name, dir_fd=topfd)
OSError: [Errno 16] Device or resource busy: '/tmp/pymp-8sg5w4w1'
Traceback (most recent call last):
  File "/opt/ohpc/pub/compiler/conda/latest/lib/python3.12/multiprocessing/util.py", line 303, in _run_finalizers
    finalizer()
  File "/opt/ohpc/pub/compiler/conda/latest/lib/python3.12/multiprocessing/util.py", line 227, in __call__
    res = self._callback(*self._args, **self._kwargs)
          ^^^^^^^^^^^^^^^^^^^^^^^^^^^^^^^^^^^^^^^^^^^
  File "/opt/ohpc/pub/compiler/conda/latest/lib/python3.12/multiprocessing/util.py", line 136, in _remove_temp_dir
    rmtree(tempdir, onerror=onerror)
  File "/opt/ohpc/pub/compiler/conda/latest/lib/python3.12/shutil.py", line 759, in rmtree
    _rmtree_safe_fd(stack, onexc)
  File "/opt/ohpc/pub/compiler/conda/latest/lib/python3.12/shutil.py", line 703, in _rmtree_safe_fd
    onexc(func, path, err)
  File "/opt/ohpc/pub/compiler/conda/latest/lib/python3.12/shutil.py", line 750, in onexc
    return onerror(func, path, exc_info)
           ^^^^^^^^^^^^^^^^^^^^^^^^^^^^^
  File "/opt/ohpc/pub/compiler/conda/latest/lib/python3.12/shutil.py", line 700, in _rmtree_safe_fd
    onexc(os.unlink, fullname, err)
  File "/opt/ohpc/pub/compiler/conda/latest/lib/python3.12/shutil.py", line 750, in onexc
    return onerror(func, path, exc_info)
           ^^^^^^^^^^^^^^^^^^^^^^^^^^^^^
  File "/opt/ohpc/pub/compiler/conda/latest/lib/python3.12/shutil.py", line 698, in _rmtree_safe_fd
    os.unlink(entry.name, dir_fd=topfd)
Traceback (most recent call last):
Traceback (most recent call last):
  File "/opt/ohpc/pub/compiler/conda/latest/lib/python3.12/multiprocessing/util.py", line 303, in _run_finalizers
    finalizer()
  File "/opt/ohpc/pub/compiler/conda/latest/lib/python3.12/multiprocessing/util.py", line 227, in __call__
    res = self._callback(*self._args, **self._kwargs)
          ^^^^^^^^^^^^^^^^^^^^^^^^^^^^^^^^^^^^^^^^^^^
  File "/opt/ohpc/pub/compiler/conda/latest/lib/python3.12/multiprocessing/util.py", line 136, in _remove_temp_dir
    rmtree(tempdir, onerror=onerror)
  File "/opt/ohpc/pub/compiler/conda/latest/lib/python3.12/shutil.py", line 759, in rmtree
    _rmtree_safe_fd(stack, onexc)
  File "/opt/ohpc/pub/compiler/conda/latest/lib/python3.12/shutil.py", line 703, in _rmtree_safe_fd
    onexc(func, path, err)
  File "/opt/ohpc/pub/compiler/conda/latest/lib/python3.12/shutil.py", line 750, in onexc
    return onerror(func, path, exc_info)
           ^^^^^^^^^^^^^^^^^^^^^^^^^^^^^
  File "/opt/ohpc/pub/compiler/conda/latest/lib/python3.12/shutil.py", line 700, in _rmtree_safe_fd
    onexc(os.unlink, fullname, err)
  File "/opt/ohpc/pub/compiler/conda/latest/lib/python3.12/shutil.py", line 750, in onexc
    return onerror(func, path, exc_info)
           ^^^^^^^^^^^^^^^^^^^^^^^^^^^^^
  File "/opt/ohpc/pub/compiler/conda/latest/lib/python3.12/shutil.py", line 698, in _rmtree_safe_fd
    os.unlink(entry.name, dir_fd=topfd)
OSError: [Errno 16] Device or resource busy: '/tmp/pymp-_qaj57f_'
Traceback (most recent call last):
  File "/opt/ohpc/pub/compiler/conda/latest/lib/python3.12/multiprocessing/util.py", line 303, in _run_finalizers
    finalizer()
  File "/opt/ohpc/pub/compiler/conda/latest/lib/python3.12/multiprocessing/util.py", line 227, in __call__
    res = self._callback(*self._args, **self._kwargs)
          ^^^^^^^^^^^^^^^^^^^^^^^^^^^^^^^^^^^^^^^^^^^
  File "/opt/ohpc/pub/compiler/conda/latest/lib/python3.12/multiprocessing/util.py", line 136, in _remove_temp_dir
    rmtree(tempdir, onerror=onerror)
  File "/opt/ohpc/pub/compiler/conda/latest/lib/python3.12/shutil.py", line 759, in rmtree
    _rmtree_safe_fd(stack, onexc)
  File "/opt/ohpc/pub/compiler/conda/latest/lib/python3.12/shutil.py", line 703, in _rmtree_safe_fd
    onexc(func, path, err)
  File "/opt/ohpc/pub/compiler/conda/latest/lib/python3.12/shutil.py", line 750, in onexc
    return onerror(func, path, exc_info)
           ^^^^^^^^^^^^^^^^^^^^^^^^^^^^^
  File "/opt/ohpc/pub/compiler/conda/latest/lib/python3.12/shutil.py", line 700, in _rmtree_safe_fd
    onexc(os.unlink, fullname, err)
  File "/opt/ohpc/pub/compiler/conda/latest/lib/python3.12/shutil.py", line 750, in onexc
    return onerror(func, path, exc_info)
           ^^^^^^^^^^^^^^^^^^^^^^^^^^^^^
  File "/opt/ohpc/pub/compiler/conda/latest/lib/python3.12/shutil.py", line 698, in _rmtree_safe_fd
    os.unlink(entry.name, dir_fd=topfd)
OSError: [Errno 16] Device or resource busy: '/tmp/pymp-tvkxx70f'
  File "/opt/ohpc/pub/compiler/conda/latest/lib/python3.12/multiprocessing/util.py", line 303, in _run_finalizers
    finalizer()
  File "/opt/ohpc/pub/compiler/conda/latest/lib/python3.12/multiprocessing/util.py", line 227, in __call__
    res = self._callback(*self._args, **self._kwargs)
          ^^^^^^^^^^^^^^^^^^^^^^^^^^^^^^^^^^^^^^^^^^^
  File "/opt/ohpc/pub/compiler/conda/latest/lib/python3.12/multiprocessing/util.py", line 136, in _remove_temp_dir
    rmtree(tempdir, onerror=onerror)
  File "/opt/ohpc/pub/compiler/conda/latest/lib/python3.12/shutil.py", line 759, in rmtree
    _rmtree_safe_fd(stack, onexc)
  File "/opt/ohpc/pub/compiler/conda/latest/lib/python3.12/shutil.py", line 703, in _rmtree_safe_fd
    onexc(func, path, err)
  File "/opt/ohpc/pub/compiler/conda/latest/lib/python3.12/shutil.py", line 750, in onexc
    return onerror(func, path, exc_info)
           ^^^^^^^^^^^^^^^^^^^^^^^^^^^^^
  File "/opt/ohpc/pub/compiler/conda/latest/lib/python3.12/shutil.py", line 700, in _rmtree_safe_fd
    onexc(os.unlink, fullname, err)
  File "/opt/ohpc/pub/compiler/conda/latest/lib/python3.12/shutil.py", line 750, in onexc
    return onerror(func, path, exc_info)
           ^^^^^^^^^^^^^^^^^^^^^^^^^^^^^
  File "/opt/ohpc/pub/compiler/conda/latest/lib/python3.12/shutil.py", line 698, in _rmtree_safe_fd
    os.unlink(entry.name, dir_fd=topfd)
OSError: [Errno 16] Device or resource busy: '/tmp/pymp-mtn75aus'
OSError: [Errno 16] Device or resource busy: '/tmp/pymp-ywm7edfl'
Traceback (most recent call last):
Traceback (most recent call last):
  File "/opt/ohpc/pub/compiler/conda/latest/lib/python3.12/multiprocessing/util.py", line 303, in _run_finalizers
    finalizer()
  File "/opt/ohpc/pub/compiler/conda/latest/lib/python3.12/multiprocessing/util.py", line 227, in __call__
    res = self._callback(*self._args, **self._kwargs)
          ^^^^^^^^^^^^^^^^^^^^^^^^^^^^^^^^^^^^^^^^^^^
  File "/opt/ohpc/pub/compiler/conda/latest/lib/python3.12/multiprocessing/util.py", line 136, in _remove_temp_dir
    rmtree(tempdir, onerror=onerror)
  File "/opt/ohpc/pub/compiler/conda/latest/lib/python3.12/shutil.py", line 759, in rmtree
    _rmtree_safe_fd(stack, onexc)
  File "/opt/ohpc/pub/compiler/conda/latest/lib/python3.12/shutil.py", line 703, in _rmtree_safe_fd
    onexc(func, path, err)
  File "/opt/ohpc/pub/compiler/conda/latest/lib/python3.12/shutil.py", line 750, in onexc
    return onerror(func, path, exc_info)
           ^^^^^^^^^^^^^^^^^^^^^^^^^^^^^
  File "/opt/ohpc/pub/compiler/conda/latest/lib/python3.12/shutil.py", line 700, in _rmtree_safe_fd
    onexc(os.unlink, fullname, err)
  File "/opt/ohpc/pub/compiler/conda/latest/lib/python3.12/shutil.py", line 750, in onexc
    return onerror(func, path, exc_info)
           ^^^^^^^^^^^^^^^^^^^^^^^^^^^^^
  File "/opt/ohpc/pub/compiler/conda/latest/lib/python3.12/shutil.py", line 698, in _rmtree_safe_fd
    os.unlink(entry.name, dir_fd=topfd)
OSError: [Errno 16] Device or resource busy: '/tmp/pymp-64k38a50'
Traceback (most recent call last):
  File "/opt/ohpc/pub/compiler/conda/latest/lib/python3.12/multiprocessing/util.py", line 303, in _run_finalizers
    finalizer()
  File "/opt/ohpc/pub/compiler/conda/latest/lib/python3.12/multiprocessing/util.py", line 227, in __call__
    res = self._callback(*self._args, **self._kwargs)
          ^^^^^^^^^^^^^^^^^^^^^^^^^^^^^^^^^^^^^^^^^^^
  File "/opt/ohpc/pub/compiler/conda/latest/lib/python3.12/multiprocessing/util.py", line 136, in _remove_temp_dir
    rmtree(tempdir, onerror=onerror)
  File "/opt/ohpc/pub/compiler/conda/latest/lib/python3.12/shutil.py", line 759, in rmtree
    _rmtree_safe_fd(stack, onexc)
  File "/opt/ohpc/pub/compiler/conda/latest/lib/python3.12/shutil.py", line 703, in _rmtree_safe_fd
    onexc(func, path, err)
  File "/opt/ohpc/pub/compiler/conda/latest/lib/python3.12/shutil.py", line 750, in onexc
    return onerror(func, path, exc_info)
           ^^^^^^^^^^^^^^^^^^^^^^^^^^^^^
  File "/opt/ohpc/pub/compiler/conda/latest/lib/python3.12/shutil.py", line 700, in _rmtree_safe_fd
    onexc(os.unlink, fullname, err)
  File "/opt/ohpc/pub/compiler/conda/latest/lib/python3.12/shutil.py", line 750, in onexc
    return onerror(func, path, exc_info)
           ^^^^^^^^^^^^^^^^^^^^^^^^^^^^^
  File "/opt/ohpc/pub/compiler/conda/latest/lib/python3.12/shutil.py", line 698, in _rmtree_safe_fd
    os.unlink(entry.name, dir_fd=topfd)
Traceback (most recent call last):
OSError: [Errno 16] Device or resource busy: '/tmp/pymp-tnxyzgl5'
  File "/opt/ohpc/pub/compiler/conda/latest/lib/python3.12/multiprocessing/util.py", line 303, in _run_finalizers
    finalizer()
  File "/opt/ohpc/pub/compiler/conda/latest/lib/python3.12/multiprocessing/util.py", line 227, in __call__
    res = self._callback(*self._args, **self._kwargs)
          ^^^^^^^^^^^^^^^^^^^^^^^^^^^^^^^^^^^^^^^^^^^
  File "/opt/ohpc/pub/compiler/conda/latest/lib/python3.12/multiprocessing/util.py", line 136, in _remove_temp_dir
    rmtree(tempdir, onerror=onerror)
  File "/opt/ohpc/pub/compiler/conda/latest/lib/python3.12/shutil.py", line 759, in rmtree
    _rmtree_safe_fd(stack, onexc)
  File "/opt/ohpc/pub/compiler/conda/latest/lib/python3.12/shutil.py", line 703, in _rmtree_safe_fd
    onexc(func, path, err)
  File "/opt/ohpc/pub/compiler/conda/latest/lib/python3.12/shutil.py", line 750, in onexc
    return onerror(func, path, exc_info)
           ^^^^^^^^^^^^^^^^^^^^^^^^^^^^^
  File "/opt/ohpc/pub/compiler/conda/latest/lib/python3.12/shutil.py", line 700, in _rmtree_safe_fd
    onexc(os.unlink, fullname, err)
  File "/opt/ohpc/pub/compiler/conda/latest/lib/python3.12/shutil.py", line 750, in onexc
    return onerror(func, path, exc_info)
           ^^^^^^^^^^^^^^^^^^^^^^^^^^^^^
  File "/opt/ohpc/pub/compiler/conda/latest/lib/python3.12/shutil.py", line 698, in _rmtree_safe_fd
    os.unlink(entry.name, dir_fd=topfd)
OSError: [Errno 16] Device or resource busy: '/tmp/pymp-rh6uc4p_'
  File "/opt/ohpc/pub/compiler/conda/latest/lib/python3.12/multiprocessing/util.py", line 303, in _run_finalizers
    finalizer()
  File "/opt/ohpc/pub/compiler/conda/latest/lib/python3.12/multiprocessing/util.py", line 227, in __call__
    res = self._callback(*self._args, **self._kwargs)
          ^^^^^^^^^^^^^^^^^^^^^^^^^^^^^^^^^^^^^^^^^^^
  File "/opt/ohpc/pub/compiler/conda/latest/lib/python3.12/multiprocessing/util.py", line 136, in _remove_temp_dir
    rmtree(tempdir, onerror=onerror)
  File "/opt/ohpc/pub/compiler/conda/latest/lib/python3.12/shutil.py", line 759, in rmtree
    _rmtree_safe_fd(stack, onexc)
  File "/opt/ohpc/pub/compiler/conda/latest/lib/python3.12/shutil.py", line 703, in _rmtree_safe_fd
    onexc(func, path, err)
  File "/opt/ohpc/pub/compiler/conda/latest/lib/python3.12/shutil.py", line 750, in onexc
    return onerror(func, path, exc_info)
           ^^^^^^^^^^^^^^^^^^^^^^^^^^^^^
  File "/opt/ohpc/pub/compiler/conda/latest/lib/python3.12/shutil.py", line 700, in _rmtree_safe_fd
    onexc(os.unlink, fullname, err)
  File "/opt/ohpc/pub/compiler/conda/latest/lib/python3.12/shutil.py", line 750, in onexc
    return onerror(func, path, exc_info)
           ^^^^^^^^^^^^^^^^^^^^^^^^^^^^^
  File "/opt/ohpc/pub/compiler/conda/latest/lib/python3.12/shutil.py", line 698, in _rmtree_safe_fd
    os.unlink(entry.name, dir_fd=topfd)
OSError: [Errno 16] Device or resource busy: '/tmp/pymp-pl4t0qq7'
  File "/opt/ohpc/pub/compiler/conda/latest/lib/python3.12/multiprocessing/util.py", line 303, in _run_finalizers
    finalizer()
  File "/opt/ohpc/pub/compiler/conda/latest/lib/python3.12/multiprocessing/util.py", line 227, in __call__
    res = self._callback(*self._args, **self._kwargs)
          ^^^^^^^^^^^^^^^^^^^^^^^^^^^^^^^^^^^^^^^^^^^
  File "/opt/ohpc/pub/compiler/conda/latest/lib/python3.12/multiprocessing/util.py", line 136, in _remove_temp_dir
    rmtree(tempdir, onerror=onerror)
  File "/opt/ohpc/pub/compiler/conda/latest/lib/python3.12/shutil.py", line 759, in rmtree
    _rmtree_safe_fd(stack, onexc)
  File "/opt/ohpc/pub/compiler/conda/latest/lib/python3.12/shutil.py", line 703, in _rmtree_safe_fd
    onexc(func, path, err)
  File "/opt/ohpc/pub/compiler/conda/latest/lib/python3.12/shutil.py", line 750, in onexc
    return onerror(func, path, exc_info)
           ^^^^^^^^^^^^^^^^^^^^^^^^^^^^^
  File "/opt/ohpc/pub/compiler/conda/latest/lib/python3.12/shutil.py", line 700, in _rmtree_safe_fd
    onexc(os.unlink, fullname, err)
  File "/opt/ohpc/pub/compiler/conda/latest/lib/python3.12/shutil.py", line 750, in onexc
    return onerror(func, path, exc_info)
           ^^^^^^^^^^^^^^^^^^^^^^^^^^^^^
  File "/opt/ohpc/pub/compiler/conda/latest/lib/python3.12/shutil.py", line 698, in _rmtree_safe_fd
    os.unlink(entry.name, dir_fd=topfd)
OSError: [Errno 16] Device or resource busy: '/tmp/pymp-vwsu2fps'
[val 010] loss=-0.9244 z_std=0.0440 rankme=12.478 lidar=6.351 areq=2.067 pr=1.28 align=0.1138 unif=-0.814 converged=True collapsed=False
  e011 it0000/62 lr=0.0031 loss=-0.9447 z_std=0.0618
  e011 it0010/62 lr=0.0031 loss=-0.9272 z_std=0.0622
  e011 it0020/62 lr=0.0031 loss=-0.9298 z_std=0.0622
  e011 it0030/62 lr=0.0031 loss=-0.9277 z_std=0.0621
  e011 it0040/62 lr=0.0031 loss=-0.9269 z_std=0.0621
  e011 it0050/62 lr=0.0031 loss=-0.9280 z_std=0.0620
  e011 it0060/62 lr=0.0031 loss=-0.9293 z_std=0.0620
[epoch 011] loss=-0.9289 z_std=0.0620 (healthy~0.0625) time=193.3s
Traceback (most recent call last):
  File "/opt/ohpc/pub/compiler/conda/latest/lib/python3.12/multiprocessing/util.py", line 303, in _run_finalizers
    finalizer()
  File "/opt/ohpc/pub/compiler/conda/latest/lib/python3.12/multiprocessing/util.py", line 227, in __call__
    res = self._callback(*self._args, **self._kwargs)
          ^^^^^^^^^^^^^^^^^^^^^^^^^^^^^^^^^^^^^^^^^^^
  File "/opt/ohpc/pub/compiler/conda/latest/lib/python3.12/multiprocessing/util.py", line 136, in _remove_temp_dir
    rmtree(tempdir, onerror=onerror)
  File "/opt/ohpc/pub/compiler/conda/latest/lib/python3.12/shutil.py", line 759, in rmtree
    _rmtree_safe_fd(stack, onexc)
  File "/opt/ohpc/pub/compiler/conda/latest/lib/python3.12/shutil.py", line 703, in _rmtree_safe_fd
    onexc(func, path, err)
  File "/opt/ohpc/pub/compiler/conda/latest/lib/python3.12/shutil.py", line 750, in onexc
    return onerror(func, path, exc_info)
           ^^^^^^^^^^^^^^^^^^^^^^^^^^^^^
  File "/opt/ohpc/pub/compiler/conda/latest/lib/python3.12/shutil.py", line 700, in _rmtree_safe_fd
    onexc(os.unlink, fullname, err)
  File "/opt/ohpc/pub/compiler/conda/latest/lib/python3.12/shutil.py", line 750, in onexc
    return onerror(func, path, exc_info)
           ^^^^^^^^^^^^^^^^^^^^^^^^^^^^^
  File "/opt/ohpc/pub/compiler/conda/latest/lib/python3.12/shutil.py", line 698, in _rmtree_safe_fd
    os.unlink(entry.name, dir_fd=topfd)
OSError: [Errno 16] Device or resource busy: '/tmp/pymp-rpzdm0gi'
Traceback (most recent call last):
  File "/opt/ohpc/pub/compiler/conda/latest/lib/python3.12/multiprocessing/util.py", line 303, in _run_finalizers
    finalizer()
  File "/opt/ohpc/pub/compiler/conda/latest/lib/python3.12/multiprocessing/util.py", line 227, in __call__
    res = self._callback(*self._args, **self._kwargs)
          ^^^^^^^^^^^^^^^^^^^^^^^^^^^^^^^^^^^^^^^^^^^
  File "/opt/ohpc/pub/compiler/conda/latest/lib/python3.12/multiprocessing/util.py", line 136, in _remove_temp_dir
    rmtree(tempdir, onerror=onerror)
  File "/opt/ohpc/pub/compiler/conda/latest/lib/python3.12/shutil.py", line 759, in rmtree
    _rmtree_safe_fd(stack, onexc)
  File "/opt/ohpc/pub/compiler/conda/latest/lib/python3.12/shutil.py", line 703, in _rmtree_safe_fd
    onexc(func, path, err)
  File "/opt/ohpc/pub/compiler/conda/latest/lib/python3.12/shutil.py", line 750, in onexc
    return onerror(func, path, exc_info)
           ^^^^^^^^^^^^^^^^^^^^^^^^^^^^^
  File "/opt/ohpc/pub/compiler/conda/latest/lib/python3.12/shutil.py", line 700, in _rmtree_safe_fd
    onexc(os.unlink, fullname, err)
  File "/opt/ohpc/pub/compiler/conda/latest/lib/python3.12/shutil.py", line 750, in onexc
    return onerror(func, path, exc_info)
           ^^^^^^^^^^^^^^^^^^^^^^^^^^^^^
  File "/opt/ohpc/pub/compiler/conda/latest/lib/python3.12/shutil.py", line 698, in _rmtree_safe_fd
    os.unlink(entry.name, dir_fd=topfd)
OSError: [Errno 16] Device or resource busy: '/tmp/pymp-8_bdrh09'
Traceback (most recent call last):
  File "/opt/ohpc/pub/compiler/conda/latest/lib/python3.12/multiprocessing/util.py", line 303, in _run_finalizers
    finalizer()
  File "/opt/ohpc/pub/compiler/conda/latest/lib/python3.12/multiprocessing/util.py", line 227, in __call__
    res = self._callback(*self._args, **self._kwargs)
          ^^^^^^^^^^^^^^^^^^^^^^^^^^^^^^^^^^^^^^^^^^^
  File "/opt/ohpc/pub/compiler/conda/latest/lib/python3.12/multiprocessing/util.py", line 136, in _remove_temp_dir
    rmtree(tempdir, onerror=onerror)
  File "/opt/ohpc/pub/compiler/conda/latest/lib/python3.12/shutil.py", line 759, in rmtree
    _rmtree_safe_fd(stack, onexc)
  File "/opt/ohpc/pub/compiler/conda/latest/lib/python3.12/shutil.py", line 703, in _rmtree_safe_fd
    onexc(func, path, err)
  File "/opt/ohpc/pub/compiler/conda/latest/lib/python3.12/shutil.py", line 750, in onexc
    return onerror(func, path, exc_info)
           ^^^^^^^^^^^^^^^^^^^^^^^^^^^^^
  File "/opt/ohpc/pub/compiler/conda/latest/lib/python3.12/shutil.py", line 700, in _rmtree_safe_fd
    onexc(os.unlink, fullname, err)
  File "/opt/ohpc/pub/compiler/conda/latest/lib/python3.12/shutil.py", line 750, in onexc
    return onerror(func, path, exc_info)
           ^^^^^^^^^^^^^^^^^^^^^^^^^^^^^
  File "/opt/ohpc/pub/compiler/conda/latest/lib/python3.12/shutil.py", line 698, in _rmtree_safe_fd
    os.unlink(entry.name, dir_fd=topfd)
OSError: [Errno 16] Device or resource busy: '/tmp/pymp-nppmck_i'
Traceback (most recent call last):
  File "/opt/ohpc/pub/compiler/conda/latest/lib/python3.12/multiprocessing/util.py", line 303, in _run_finalizers
    finalizer()
  File "/opt/ohpc/pub/compiler/conda/latest/lib/python3.12/multiprocessing/util.py", line 227, in __call__
    res = self._callback(*self._args, **self._kwargs)
          ^^^^^^^^^^^^^^^^^^^^^^^^^^^^^^^^^^^^^^^^^^^
  File "/opt/ohpc/pub/compiler/conda/latest/lib/python3.12/multiprocessing/util.py", line 136, in _remove_temp_dir
    rmtree(tempdir, onerror=onerror)
  File "/opt/ohpc/pub/compiler/conda/latest/lib/python3.12/shutil.py", line 759, in rmtree
    _rmtree_safe_fd(stack, onexc)
  File "/opt/ohpc/pub/compiler/conda/latest/lib/python3.12/shutil.py", line 703, in _rmtree_safe_fd
    onexc(func, path, err)
  File "/opt/ohpc/pub/compiler/conda/latest/lib/python3.12/shutil.py", line 750, in onexc
    return onerror(func, path, exc_info)
           ^^^^^^^^^^^^^^^^^^^^^^^^^^^^^
  File "/opt/ohpc/pub/compiler/conda/latest/lib/python3.12/shutil.py", line 700, in _rmtree_safe_fd
    onexc(os.unlink, fullname, err)
  File "/opt/ohpc/pub/compiler/conda/latest/lib/python3.12/shutil.py", line 750, in onexc
    return onerror(func, path, exc_info)
           ^^^^^^^^^^^^^^^^^^^^^^^^^^^^^
  File "/opt/ohpc/pub/compiler/conda/latest/lib/python3.12/shutil.py", line 698, in _rmtree_safe_fd
    os.unlink(entry.name, dir_fd=topfd)
OSError: [Errno 16] Device or resource busy: '/tmp/pymp-6069fsdh'
Traceback (most recent call last):
  File "/opt/ohpc/pub/compiler/conda/latest/lib/python3.12/multiprocessing/util.py", line 303, in _run_finalizers
    finalizer()
  File "/opt/ohpc/pub/compiler/conda/latest/lib/python3.12/multiprocessing/util.py", line 227, in __call__
    res = self._callback(*self._args, **self._kwargs)
          ^^^^^^^^^^^^^^^^^^^^^^^^^^^^^^^^^^^^^^^^^^^
  File "/opt/ohpc/pub/compiler/conda/latest/lib/python3.12/multiprocessing/util.py", line 136, in _remove_temp_dir
    rmtree(tempdir, onerror=onerror)
  File "/opt/ohpc/pub/compiler/conda/latest/lib/python3.12/shutil.py", line 759, in rmtree
    _rmtree_safe_fd(stack, onexc)
  File "/opt/ohpc/pub/compiler/conda/latest/lib/python3.12/shutil.py", line 703, in _rmtree_safe_fd
    onexc(func, path, err)
  File "/opt/ohpc/pub/compiler/conda/latest/lib/python3.12/shutil.py", line 750, in onexc
    return onerror(func, path, exc_info)
           ^^^^^^^^^^^^^^^^^^^^^^^^^^^^^
  File "/opt/ohpc/pub/compiler/conda/latest/lib/python3.12/shutil.py", line 700, in _rmtree_safe_fd
    onexc(os.unlink, fullname, err)
  File "/opt/ohpc/pub/compiler/conda/latest/lib/python3.12/shutil.py", line 750, in onexc
    return onerror(func, path, exc_info)
           ^^^^^^^^^^^^^^^^^^^^^^^^^^^^^
  File "/opt/ohpc/pub/compiler/conda/latest/lib/python3.12/shutil.py", line 698, in _rmtree_safe_fd
    os.unlink(entry.name, dir_fd=topfd)
OSError: [Errno 16] Device or resource busy: '/tmp/pymp-3huolww7'
Traceback (most recent call last):
  File "/opt/ohpc/pub/compiler/conda/latest/lib/python3.12/multiprocessing/util.py", line 303, in _run_finalizers
    finalizer()
  File "/opt/ohpc/pub/compiler/conda/latest/lib/python3.12/multiprocessing/util.py", line 227, in __call__
    res = self._callback(*self._args, **self._kwargs)
          ^^^^^^^^^^^^^^^^^^^^^^^^^^^^^^^^^^^^^^^^^^^
  File "/opt/ohpc/pub/compiler/conda/latest/lib/python3.12/multiprocessing/util.py", line 136, in _remove_temp_dir
    rmtree(tempdir, onerror=onerror)
  File "/opt/ohpc/pub/compiler/conda/latest/lib/python3.12/shutil.py", line 759, in rmtree
    _rmtree_safe_fd(stack, onexc)
  File "/opt/ohpc/pub/compiler/conda/latest/lib/python3.12/shutil.py", line 703, in _rmtree_safe_fd
    onexc(func, path, err)
  File "/opt/ohpc/pub/compiler/conda/latest/lib/python3.12/shutil.py", line 750, in onexc
    return onerror(func, path, exc_info)
           ^^^^^^^^^^^^^^^^^^^^^^^^^^^^^
  File "/opt/ohpc/pub/compiler/conda/latest/lib/python3.12/shutil.py", line 700, in _rmtree_safe_fd
    onexc(os.unlink, fullname, err)
  File "/opt/ohpc/pub/compiler/conda/latest/lib/python3.12/shutil.py", line 750, in onexc
    return onerror(func, path, exc_info)
           ^^^^^^^^^^^^^^^^^^^^^^^^^^^^^
  File "/opt/ohpc/pub/compiler/conda/latest/lib/python3.12/shutil.py", line 698, in _rmtree_safe_fd
    os.unlink(entry.name, dir_fd=topfd)
OSError: [Errno 16] Device or resource busy: '/tmp/pymp-8d0ovzyp'
Traceback (most recent call last):
  File "/opt/ohpc/pub/compiler/conda/latest/lib/python3.12/multiprocessing/util.py", line 303, in _run_finalizers
    finalizer()
  File "/opt/ohpc/pub/compiler/conda/latest/lib/python3.12/multiprocessing/util.py", line 227, in __call__
    res = self._callback(*self._args, **self._kwargs)
          ^^^^^^^^^^^^^^^^^^^^^^^^^^^^^^^^^^^^^^^^^^^
  File "/opt/ohpc/pub/compiler/conda/latest/lib/python3.12/multiprocessing/util.py", line 136, in _remove_temp_dir
    rmtree(tempdir, onerror=onerror)
  File "/opt/ohpc/pub/compiler/conda/latest/lib/python3.12/shutil.py", line 759, in rmtree
    _rmtree_safe_fd(stack, onexc)
  File "/opt/ohpc/pub/compiler/conda/latest/lib/python3.12/shutil.py", line 703, in _rmtree_safe_fd
    onexc(func, path, err)
  File "/opt/ohpc/pub/compiler/conda/latest/lib/python3.12/shutil.py", line 750, in onexc
    return onerror(func, path, exc_info)
           ^^^^^^^^^^^^^^^^^^^^^^^^^^^^^
  File "/opt/ohpc/pub/compiler/conda/latest/lib/python3.12/shutil.py", line 700, in _rmtree_safe_fd
    onexc(os.unlink, fullname, err)
  File "/opt/ohpc/pub/compiler/conda/latest/lib/python3.12/shutil.py", line 750, in onexc
    return onerror(func, path, exc_info)
           ^^^^^^^^^^^^^^^^^^^^^^^^^^^^^
  File "/opt/ohpc/pub/compiler/conda/latest/lib/python3.12/shutil.py", line 698, in _rmtree_safe_fd
    os.unlink(entry.name, dir_fd=topfd)
OSError: [Errno 16] Device or resource busy: '/tmp/pymp-y6fdxzn0'
Traceback (most recent call last):
  File "/opt/ohpc/pub/compiler/conda/latest/lib/python3.12/multiprocessing/util.py", line 303, in _run_finalizers
    finalizer()
  File "/opt/ohpc/pub/compiler/conda/latest/lib/python3.12/multiprocessing/util.py", line 227, in __call__
    res = self._callback(*self._args, **self._kwargs)
          ^^^^^^^^^^^^^^^^^^^^^^^^^^^^^^^^^^^^^^^^^^^
  File "/opt/ohpc/pub/compiler/conda/latest/lib/python3.12/multiprocessing/util.py", line 136, in _remove_temp_dir
    rmtree(tempdir, onerror=onerror)
  File "/opt/ohpc/pub/compiler/conda/latest/lib/python3.12/shutil.py", line 759, in rmtree
    _rmtree_safe_fd(stack, onexc)
  File "/opt/ohpc/pub/compiler/conda/latest/lib/python3.12/shutil.py", line 703, in _rmtree_safe_fd
    onexc(func, path, err)
  File "/opt/ohpc/pub/compiler/conda/latest/lib/python3.12/shutil.py", line 750, in onexc
    return onerror(func, path, exc_info)
           ^^^^^^^^^^^^^^^^^^^^^^^^^^^^^
  File "/opt/ohpc/pub/compiler/conda/latest/lib/python3.12/shutil.py", line 700, in _rmtree_safe_fd
    onexc(os.unlink, fullname, err)
  File "/opt/ohpc/pub/compiler/conda/latest/lib/python3.12/shutil.py", line 750, in onexc
    return onerror(func, path, exc_info)
           ^^^^^^^^^^^^^^^^^^^^^^^^^^^^^
  File "/opt/ohpc/pub/compiler/conda/latest/lib/python3.12/shutil.py", line 698, in _rmtree_safe_fd
    os.unlink(entry.name, dir_fd=topfd)
OSError: [Errno 16] Device or resource busy: '/tmp/pymp-xw2r27ul'
Traceback (most recent call last):
  File "/opt/ohpc/pub/compiler/conda/latest/lib/python3.12/multiprocessing/util.py", line 303, in _run_finalizers
    finalizer()
  File "/opt/ohpc/pub/compiler/conda/latest/lib/python3.12/multiprocessing/util.py", line 227, in __call__
    res = self._callback(*self._args, **self._kwargs)
          ^^^^^^^^^^^^^^^^^^^^^^^^^^^^^^^^^^^^^^^^^^^
  File "/opt/ohpc/pub/compiler/conda/latest/lib/python3.12/multiprocessing/util.py", line 136, in _remove_temp_dir
    rmtree(tempdir, onerror=onerror)
  File "/opt/ohpc/pub/compiler/conda/latest/lib/python3.12/shutil.py", line 759, in rmtree
    _rmtree_safe_fd(stack, onexc)
  File "/opt/ohpc/pub/compiler/conda/latest/lib/python3.12/shutil.py", line 703, in _rmtree_safe_fd
    onexc(func, path, err)
  File "/opt/ohpc/pub/compiler/conda/latest/lib/python3.12/shutil.py", line 750, in onexc
    return onerror(func, path, exc_info)
           ^^^^^^^^^^^^^^^^^^^^^^^^^^^^^
  File "/opt/ohpc/pub/compiler/conda/latest/lib/python3.12/shutil.py", line 700, in _rmtree_safe_fd
    onexc(os.unlink, fullname, err)
  File "/opt/ohpc/pub/compiler/conda/latest/lib/python3.12/shutil.py", line 750, in onexc
    return onerror(func, path, exc_info)
           ^^^^^^^^^^^^^^^^^^^^^^^^^^^^^
  File "/opt/ohpc/pub/compiler/conda/latest/lib/python3.12/shutil.py", line 698, in _rmtree_safe_fd
    os.unlink(entry.name, dir_fd=topfd)
OSError: [Errno 16] Device or resource busy: '/tmp/pymp-lkshe96x'
Traceback (most recent call last):
  File "/opt/ohpc/pub/compiler/conda/latest/lib/python3.12/multiprocessing/util.py", line 303, in _run_finalizers
    finalizer()
  File "/opt/ohpc/pub/compiler/conda/latest/lib/python3.12/multiprocessing/util.py", line 227, in __call__
    res = self._callback(*self._args, **self._kwargs)
          ^^^^^^^^^^^^^^^^^^^^^^^^^^^^^^^^^^^^^^^^^^^
  File "/opt/ohpc/pub/compiler/conda/latest/lib/python3.12/multiprocessing/util.py", line 136, in _remove_temp_dir
    rmtree(tempdir, onerror=onerror)
  File "/opt/ohpc/pub/compiler/conda/latest/lib/python3.12/shutil.py", line 759, in rmtree
    _rmtree_safe_fd(stack, onexc)
  File "/opt/ohpc/pub/compiler/conda/latest/lib/python3.12/shutil.py", line 703, in _rmtree_safe_fd
    onexc(func, path, err)
  File "/opt/ohpc/pub/compiler/conda/latest/lib/python3.12/shutil.py", line 750, in onexc
    return onerror(func, path, exc_info)
           ^^^^^^^^^^^^^^^^^^^^^^^^^^^^^
  File "/opt/ohpc/pub/compiler/conda/latest/lib/python3.12/shutil.py", line 700, in _rmtree_safe_fd
    onexc(os.unlink, fullname, err)
  File "/opt/ohpc/pub/compiler/conda/latest/lib/python3.12/shutil.py", line 750, in onexc
    return onerror(func, path, exc_info)
           ^^^^^^^^^^^^^^^^^^^^^^^^^^^^^
  File "/opt/ohpc/pub/compiler/conda/latest/lib/python3.12/shutil.py", line 698, in _rmtree_safe_fd
    os.unlink(entry.name, dir_fd=topfd)
OSError: [Errno 16] Device or resource busy: '/tmp/pymp-kgfl5cv2'
Traceback (most recent call last):
Traceback (most recent call last):
  File "/opt/ohpc/pub/compiler/conda/latest/lib/python3.12/multiprocessing/util.py", line 303, in _run_finalizers
    finalizer()
  File "/opt/ohpc/pub/compiler/conda/latest/lib/python3.12/multiprocessing/util.py", line 227, in __call__
    res = self._callback(*self._args, **self._kwargs)
          ^^^^^^^^^^^^^^^^^^^^^^^^^^^^^^^^^^^^^^^^^^^
  File "/opt/ohpc/pub/compiler/conda/latest/lib/python3.12/multiprocessing/util.py", line 136, in _remove_temp_dir
    rmtree(tempdir, onerror=onerror)
  File "/opt/ohpc/pub/compiler/conda/latest/lib/python3.12/shutil.py", line 759, in rmtree
    _rmtree_safe_fd(stack, onexc)
  File "/opt/ohpc/pub/compiler/conda/latest/lib/python3.12/shutil.py", line 703, in _rmtree_safe_fd
    onexc(func, path, err)
  File "/opt/ohpc/pub/compiler/conda/latest/lib/python3.12/shutil.py", line 750, in onexc
    return onerror(func, path, exc_info)
           ^^^^^^^^^^^^^^^^^^^^^^^^^^^^^
  File "/opt/ohpc/pub/compiler/conda/latest/lib/python3.12/shutil.py", line 700, in _rmtree_safe_fd
    onexc(os.unlink, fullname, err)
  File "/opt/ohpc/pub/compiler/conda/latest/lib/python3.12/shutil.py", line 750, in onexc
    return onerror(func, path, exc_info)
           ^^^^^^^^^^^^^^^^^^^^^^^^^^^^^
  File "/opt/ohpc/pub/compiler/conda/latest/lib/python3.12/shutil.py", line 698, in _rmtree_safe_fd
    os.unlink(entry.name, dir_fd=topfd)
OSError: [Errno 16] Device or resource busy: '/tmp/pymp-j5sldrbi'
  File "/opt/ohpc/pub/compiler/conda/latest/lib/python3.12/multiprocessing/util.py", line 303, in _run_finalizers
    finalizer()
  File "/opt/ohpc/pub/compiler/conda/latest/lib/python3.12/multiprocessing/util.py", line 227, in __call__
    res = self._callback(*self._args, **self._kwargs)
          ^^^^^^^^^^^^^^^^^^^^^^^^^^^^^^^^^^^^^^^^^^^
  File "/opt/ohpc/pub/compiler/conda/latest/lib/python3.12/multiprocessing/util.py", line 136, in _remove_temp_dir
    rmtree(tempdir, onerror=onerror)
  File "/opt/ohpc/pub/compiler/conda/latest/lib/python3.12/shutil.py", line 759, in rmtree
    _rmtree_safe_fd(stack, onexc)
  File "/opt/ohpc/pub/compiler/conda/latest/lib/python3.12/shutil.py", line 703, in _rmtree_safe_fd
    onexc(func, path, err)
  File "/opt/ohpc/pub/compiler/conda/latest/lib/python3.12/shutil.py", line 750, in onexc
    return onerror(func, path, exc_info)
           ^^^^^^^^^^^^^^^^^^^^^^^^^^^^^
  File "/opt/ohpc/pub/compiler/conda/latest/lib/python3.12/shutil.py", line 700, in _rmtree_safe_fd
    onexc(os.unlink, fullname, err)
  File "/opt/ohpc/pub/compiler/conda/latest/lib/python3.12/shutil.py", line 750, in onexc
    return onerror(func, path, exc_info)
           ^^^^^^^^^^^^^^^^^^^^^^^^^^^^^
  File "/opt/ohpc/pub/compiler/conda/latest/lib/python3.12/shutil.py", line 698, in _rmtree_safe_fd
    os.unlink(entry.name, dir_fd=topfd)
OSError: [Errno 16] Device or resource busy: '/tmp/pymp-zj7dp_8i'
Traceback (most recent call last):
  File "/opt/ohpc/pub/compiler/conda/latest/lib/python3.12/multiprocessing/util.py", line 303, in _run_finalizers
    finalizer()
  File "/opt/ohpc/pub/compiler/conda/latest/lib/python3.12/multiprocessing/util.py", line 227, in __call__
    res = self._callback(*self._args, **self._kwargs)
          ^^^^^^^^^^^^^^^^^^^^^^^^^^^^^^^^^^^^^^^^^^^
  File "/opt/ohpc/pub/compiler/conda/latest/lib/python3.12/multiprocessing/util.py", line 136, in _remove_temp_dir
    rmtree(tempdir, onerror=onerror)
  File "/opt/ohpc/pub/compiler/conda/latest/lib/python3.12/shutil.py", line 759, in rmtree
    _rmtree_safe_fd(stack, onexc)
  File "/opt/ohpc/pub/compiler/conda/latest/lib/python3.12/shutil.py", line 703, in _rmtree_safe_fd
    onexc(func, path, err)
  File "/opt/ohpc/pub/compiler/conda/latest/lib/python3.12/shutil.py", line 750, in onexc
    return onerror(func, path, exc_info)
           ^^^^^^^^^^^^^^^^^^^^^^^^^^^^^
  File "/opt/ohpc/pub/compiler/conda/latest/lib/python3.12/shutil.py", line 700, in _rmtree_safe_fd
    onexc(os.unlink, fullname, err)
  File "/opt/ohpc/pub/compiler/conda/latest/lib/python3.12/shutil.py", line 750, in onexc
    return onerror(func, path, exc_info)
           ^^^^^^^^^^^^^^^^^^^^^^^^^^^^^
  File "/opt/ohpc/pub/compiler/conda/latest/lib/python3.12/shutil.py", line 698, in _rmtree_safe_fd
    os.unlink(entry.name, dir_fd=topfd)
OSError: [Errno 16] Device or resource busy: '/tmp/pymp-gvsy5_9x'
Traceback (most recent call last):
  File "/opt/ohpc/pub/compiler/conda/latest/lib/python3.12/multiprocessing/util.py", line 303, in _run_finalizers
    finalizer()
  File "/opt/ohpc/pub/compiler/conda/latest/lib/python3.12/multiprocessing/util.py", line 227, in __call__
    res = self._callback(*self._args, **self._kwargs)
          ^^^^^^^^^^^^^^^^^^^^^^^^^^^^^^^^^^^^^^^^^^^
  File "/opt/ohpc/pub/compiler/conda/latest/lib/python3.12/multiprocessing/util.py", line 136, in _remove_temp_dir
    rmtree(tempdir, onerror=onerror)
  File "/opt/ohpc/pub/compiler/conda/latest/lib/python3.12/shutil.py", line 759, in rmtree
    _rmtree_safe_fd(stack, onexc)
  File "/opt/ohpc/pub/compiler/conda/latest/lib/python3.12/shutil.py", line 703, in _rmtree_safe_fd
    onexc(func, path, err)
  File "/opt/ohpc/pub/compiler/conda/latest/lib/python3.12/shutil.py", line 750, in onexc
    return onerror(func, path, exc_info)
           ^^^^^^^^^^^^^^^^^^^^^^^^^^^^^
  File "/opt/ohpc/pub/compiler/conda/latest/lib/python3.12/shutil.py", line 700, in _rmtree_safe_fd
    onexc(os.unlink, fullname, err)
  File "/opt/ohpc/pub/compiler/conda/latest/lib/python3.12/shutil.py", line 750, in onexc
    return onerror(func, path, exc_info)
           ^^^^^^^^^^^^^^^^^^^^^^^^^^^^^
  File "/opt/ohpc/pub/compiler/conda/latest/lib/python3.12/shutil.py", line 698, in _rmtree_safe_fd
    os.unlink(entry.name, dir_fd=topfd)
OSError: [Errno 16] Device or resource busy: '/tmp/pymp-yirzmafh'
Traceback (most recent call last):
  File "/opt/ohpc/pub/compiler/conda/latest/lib/python3.12/multiprocessing/util.py", line 303, in _run_finalizers
    finalizer()
  File "/opt/ohpc/pub/compiler/conda/latest/lib/python3.12/multiprocessing/util.py", line 227, in __call__
    res = self._callback(*self._args, **self._kwargs)
          ^^^^^^^^^^^^^^^^^^^^^^^^^^^^^^^^^^^^^^^^^^^
  File "/opt/ohpc/pub/compiler/conda/latest/lib/python3.12/multiprocessing/util.py", line 136, in _remove_temp_dir
    rmtree(tempdir, onerror=onerror)
  File "/opt/ohpc/pub/compiler/conda/latest/lib/python3.12/shutil.py", line 759, in rmtree
    _rmtree_safe_fd(stack, onexc)
  File "/opt/ohpc/pub/compiler/conda/latest/lib/python3.12/shutil.py", line 703, in _rmtree_safe_fd
    onexc(func, path, err)
  File "/opt/ohpc/pub/compiler/conda/latest/lib/python3.12/shutil.py", line 750, in onexc
    return onerror(func, path, exc_info)
           ^^^^^^^^^^^^^^^^^^^^^^^^^^^^^
  File "/opt/ohpc/pub/compiler/conda/latest/lib/python3.12/shutil.py", line 700, in _rmtree_safe_fd
    onexc(os.unlink, fullname, err)
  File "/opt/ohpc/pub/compiler/conda/latest/lib/python3.12/shutil.py", line 750, in onexc
    return onerror(func, path, exc_info)
           ^^^^^^^^^^^^^^^^^^^^^^^^^^^^^
  File "/opt/ohpc/pub/compiler/conda/latest/lib/python3.12/shutil.py", line 698, in _rmtree_safe_fd
    os.unlink(entry.name, dir_fd=topfd)
OSError: [Errno 16] Device or resource busy: '/tmp/pymp-824kn4v1'
Traceback (most recent call last):
  File "/opt/ohpc/pub/compiler/conda/latest/lib/python3.12/multiprocessing/util.py", line 303, in _run_finalizers
    finalizer()
  File "/opt/ohpc/pub/compiler/conda/latest/lib/python3.12/multiprocessing/util.py", line 227, in __call__
    res = self._callback(*self._args, **self._kwargs)
          ^^^^^^^^^^^^^^^^^^^^^^^^^^^^^^^^^^^^^^^^^^^
  File "/opt/ohpc/pub/compiler/conda/latest/lib/python3.12/multiprocessing/util.py", line 136, in _remove_temp_dir
    rmtree(tempdir, onerror=onerror)
  File "/opt/ohpc/pub/compiler/conda/latest/lib/python3.12/shutil.py", line 759, in rmtree
    _rmtree_safe_fd(stack, onexc)
  File "/opt/ohpc/pub/compiler/conda/latest/lib/python3.12/shutil.py", line 703, in _rmtree_safe_fd
    onexc(func, path, err)
  File "/opt/ohpc/pub/compiler/conda/latest/lib/python3.12/shutil.py", line 750, in onexc
    return onerror(func, path, exc_info)
           ^^^^^^^^^^^^^^^^^^^^^^^^^^^^^
  File "/opt/ohpc/pub/compiler/conda/latest/lib/python3.12/shutil.py", line 700, in _rmtree_safe_fd
    onexc(os.unlink, fullname, err)
  File "/opt/ohpc/pub/compiler/conda/latest/lib/python3.12/shutil.py", line 750, in onexc
    return onerror(func, path, exc_info)
           ^^^^^^^^^^^^^^^^^^^^^^^^^^^^^
  File "/opt/ohpc/pub/compiler/conda/latest/lib/python3.12/shutil.py", line 698, in _rmtree_safe_fd
    os.unlink(entry.name, dir_fd=topfd)
OSError: [Errno 16] Device or resource busy: '/tmp/pymp-ed2ytxdr'
Traceback (most recent call last):
  File "/opt/ohpc/pub/compiler/conda/latest/lib/python3.12/multiprocessing/util.py", line 303, in _run_finalizers
    finalizer()
  File "/opt/ohpc/pub/compiler/conda/latest/lib/python3.12/multiprocessing/util.py", line 227, in __call__
    res = self._callback(*self._args, **self._kwargs)
          ^^^^^^^^^^^^^^^^^^^^^^^^^^^^^^^^^^^^^^^^^^^
  File "/opt/ohpc/pub/compiler/conda/latest/lib/python3.12/multiprocessing/util.py", line 136, in _remove_temp_dir
    rmtree(tempdir, onerror=onerror)
  File "/opt/ohpc/pub/compiler/conda/latest/lib/python3.12/shutil.py", line 759, in rmtree
    _rmtree_safe_fd(stack, onexc)
  File "/opt/ohpc/pub/compiler/conda/latest/lib/python3.12/shutil.py", line 703, in _rmtree_safe_fd
    onexc(func, path, err)
  File "/opt/ohpc/pub/compiler/conda/latest/lib/python3.12/shutil.py", line 750, in onexc
    return onerror(func, path, exc_info)
           ^^^^^^^^^^^^^^^^^^^^^^^^^^^^^
  File "/opt/ohpc/pub/compiler/conda/latest/lib/python3.12/shutil.py", line 700, in _rmtree_safe_fd
    onexc(os.unlink, fullname, err)
  File "/opt/ohpc/pub/compiler/conda/latest/lib/python3.12/shutil.py", line 750, in onexc
    return onerror(func, path, exc_info)
           ^^^^^^^^^^^^^^^^^^^^^^^^^^^^^
  File "/opt/ohpc/pub/compiler/conda/latest/lib/python3.12/shutil.py", line 698, in _rmtree_safe_fd
    os.unlink(entry.name, dir_fd=topfd)
OSError: [Errno 16] Device or resource busy: '/tmp/pymp-pk4plsrs'
Traceback (most recent call last):
  File "/opt/ohpc/pub/compiler/conda/latest/lib/python3.12/multiprocessing/util.py", line 303, in _run_finalizers
    finalizer()
  File "/opt/ohpc/pub/compiler/conda/latest/lib/python3.12/multiprocessing/util.py", line 227, in __call__
    res = self._callback(*self._args, **self._kwargs)
          ^^^^^^^^^^^^^^^^^^^^^^^^^^^^^^^^^^^^^^^^^^^
  File "/opt/ohpc/pub/compiler/conda/latest/lib/python3.12/multiprocessing/util.py", line 136, in _remove_temp_dir
    rmtree(tempdir, onerror=onerror)
  File "/opt/ohpc/pub/compiler/conda/latest/lib/python3.12/shutil.py", line 759, in rmtree
    _rmtree_safe_fd(stack, onexc)
  File "/opt/ohpc/pub/compiler/conda/latest/lib/python3.12/shutil.py", line 703, in _rmtree_safe_fd
    onexc(func, path, err)
  File "/opt/ohpc/pub/compiler/conda/latest/lib/python3.12/shutil.py", line 750, in onexc
    return onerror(func, path, exc_info)
           ^^^^^^^^^^^^^^^^^^^^^^^^^^^^^
  File "/opt/ohpc/pub/compiler/conda/latest/lib/python3.12/shutil.py", line 700, in _rmtree_safe_fd
    onexc(os.unlink, fullname, err)
  File "/opt/ohpc/pub/compiler/conda/latest/lib/python3.12/shutil.py", line 750, in onexc
    return onerror(func, path, exc_info)
           ^^^^^^^^^^^^^^^^^^^^^^^^^^^^^
  File "/opt/ohpc/pub/compiler/conda/latest/lib/python3.12/shutil.py", line 698, in _rmtree_safe_fd
    os.unlink(entry.name, dir_fd=topfd)
OSError: [Errno 16] Device or resource busy: '/tmp/pymp-ayqhd6tq'
Traceback (most recent call last):
  File "/opt/ohpc/pub/compiler/conda/latest/lib/python3.12/multiprocessing/util.py", line 303, in _run_finalizers
    finalizer()
  File "/opt/ohpc/pub/compiler/conda/latest/lib/python3.12/multiprocessing/util.py", line 227, in __call__
    res = self._callback(*self._args, **self._kwargs)
          ^^^^^^^^^^^^^^^^^^^^^^^^^^^^^^^^^^^^^^^^^^^
  File "/opt/ohpc/pub/compiler/conda/latest/lib/python3.12/multiprocessing/util.py", line 136, in _remove_temp_dir
    rmtree(tempdir, onerror=onerror)
  File "/opt/ohpc/pub/compiler/conda/latest/lib/python3.12/shutil.py", line 759, in rmtree
    _rmtree_safe_fd(stack, onexc)
  File "/opt/ohpc/pub/compiler/conda/latest/lib/python3.12/shutil.py", line 703, in _rmtree_safe_fd
    onexc(func, path, err)
  File "/opt/ohpc/pub/compiler/conda/latest/lib/python3.12/shutil.py", line 750, in onexc
    return onerror(func, path, exc_info)
           ^^^^^^^^^^^^^^^^^^^^^^^^^^^^^
  File "/opt/ohpc/pub/compiler/conda/latest/lib/python3.12/shutil.py", line 700, in _rmtree_safe_fd
    onexc(os.unlink, fullname, err)
  File "/opt/ohpc/pub/compiler/conda/latest/lib/python3.12/shutil.py", line 750, in onexc
    return onerror(func, path, exc_info)
           ^^^^^^^^^^^^^^^^^^^^^^^^^^^^^
  File "/opt/ohpc/pub/compiler/conda/latest/lib/python3.12/shutil.py", line 698, in _rmtree_safe_fd
    os.unlink(entry.name, dir_fd=topfd)
OSError: [Errno 16] Device or resource busy: '/tmp/pymp-60wv84uk'
Traceback (most recent call last):
  File "/opt/ohpc/pub/compiler/conda/latest/lib/python3.12/multiprocessing/util.py", line 303, in _run_finalizers
    finalizer()
  File "/opt/ohpc/pub/compiler/conda/latest/lib/python3.12/multiprocessing/util.py", line 227, in __call__
    res = self._callback(*self._args, **self._kwargs)
          ^^^^^^^^^^^^^^^^^^^^^^^^^^^^^^^^^^^^^^^^^^^
  File "/opt/ohpc/pub/compiler/conda/latest/lib/python3.12/multiprocessing/util.py", line 136, in _remove_temp_dir
    rmtree(tempdir, onerror=onerror)
  File "/opt/ohpc/pub/compiler/conda/latest/lib/python3.12/shutil.py", line 759, in rmtree
    _rmtree_safe_fd(stack, onexc)
  File "/opt/ohpc/pub/compiler/conda/latest/lib/python3.12/shutil.py", line 703, in _rmtree_safe_fd
    onexc(func, path, err)
  File "/opt/ohpc/pub/compiler/conda/latest/lib/python3.12/shutil.py", line 750, in onexc
    return onerror(func, path, exc_info)
           ^^^^^^^^^^^^^^^^^^^^^^^^^^^^^
  File "/opt/ohpc/pub/compiler/conda/latest/lib/python3.12/shutil.py", line 700, in _rmtree_safe_fd
    onexc(os.unlink, fullname, err)
  File "/opt/ohpc/pub/compiler/conda/latest/lib/python3.12/shutil.py", line 750, in onexc
    return onerror(func, path, exc_info)
           ^^^^^^^^^^^^^^^^^^^^^^^^^^^^^
  File "/opt/ohpc/pub/compiler/conda/latest/lib/python3.12/shutil.py", line 698, in _rmtree_safe_fd
    os.unlink(entry.name, dir_fd=topfd)
OSError: [Errno 16] Device or resource busy: '/tmp/pymp-osfm7ejk'
Traceback (most recent call last):
  File "/opt/ohpc/pub/compiler/conda/latest/lib/python3.12/multiprocessing/util.py", line 303, in _run_finalizers
    finalizer()
  File "/opt/ohpc/pub/compiler/conda/latest/lib/python3.12/multiprocessing/util.py", line 227, in __call__
    res = self._callback(*self._args, **self._kwargs)
          ^^^^^^^^^^^^^^^^^^^^^^^^^^^^^^^^^^^^^^^^^^^
  File "/opt/ohpc/pub/compiler/conda/latest/lib/python3.12/multiprocessing/util.py", line 136, in _remove_temp_dir
    rmtree(tempdir, onerror=onerror)
  File "/opt/ohpc/pub/compiler/conda/latest/lib/python3.12/shutil.py", line 759, in rmtree
    _rmtree_safe_fd(stack, onexc)
  File "/opt/ohpc/pub/compiler/conda/latest/lib/python3.12/shutil.py", line 703, in _rmtree_safe_fd
    onexc(func, path, err)
  File "/opt/ohpc/pub/compiler/conda/latest/lib/python3.12/shutil.py", line 750, in onexc
    return onerror(func, path, exc_info)
           ^^^^^^^^^^^^^^^^^^^^^^^^^^^^^
  File "/opt/ohpc/pub/compiler/conda/latest/lib/python3.12/shutil.py", line 700, in _rmtree_safe_fd
    onexc(os.unlink, fullname, err)
  File "/opt/ohpc/pub/compiler/conda/latest/lib/python3.12/shutil.py", line 750, in onexc
    return onerror(func, path, exc_info)
           ^^^^^^^^^^^^^^^^^^^^^^^^^^^^^
  File "/opt/ohpc/pub/compiler/conda/latest/lib/python3.12/shutil.py", line 698, in _rmtree_safe_fd
    os.unlink(entry.name, dir_fd=topfd)
OSError: [Errno 16] Device or resource busy: '/tmp/pymp-g499rr8k'
Traceback (most recent call last):
Traceback (most recent call last):
Traceback (most recent call last):
Traceback (most recent call last):
Traceback (most recent call last):
Traceback (most recent call last):
  File "/opt/ohpc/pub/compiler/conda/latest/lib/python3.12/multiprocessing/util.py", line 303, in _run_finalizers
    finalizer()
  File "/opt/ohpc/pub/compiler/conda/latest/lib/python3.12/multiprocessing/util.py", line 227, in __call__
    res = self._callback(*self._args, **self._kwargs)
          ^^^^^^^^^^^^^^^^^^^^^^^^^^^^^^^^^^^^^^^^^^^
  File "/opt/ohpc/pub/compiler/conda/latest/lib/python3.12/multiprocessing/util.py", line 136, in _remove_temp_dir
    rmtree(tempdir, onerror=onerror)
  File "/opt/ohpc/pub/compiler/conda/latest/lib/python3.12/shutil.py", line 759, in rmtree
    _rmtree_safe_fd(stack, onexc)
  File "/opt/ohpc/pub/compiler/conda/latest/lib/python3.12/shutil.py", line 703, in _rmtree_safe_fd
    onexc(func, path, err)
  File "/opt/ohpc/pub/compiler/conda/latest/lib/python3.12/shutil.py", line 750, in onexc
    return onerror(func, path, exc_info)
           ^^^^^^^^^^^^^^^^^^^^^^^^^^^^^
  File "/opt/ohpc/pub/compiler/conda/latest/lib/python3.12/shutil.py", line 700, in _rmtree_safe_fd
    onexc(os.unlink, fullname, err)
  File "/opt/ohpc/pub/compiler/conda/latest/lib/python3.12/shutil.py", line 750, in onexc
    return onerror(func, path, exc_info)
           ^^^^^^^^^^^^^^^^^^^^^^^^^^^^^
  File "/opt/ohpc/pub/compiler/conda/latest/lib/python3.12/shutil.py", line 698, in _rmtree_safe_fd
    os.unlink(entry.name, dir_fd=topfd)
OSError: [Errno 16] Device or resource busy: '/tmp/pymp-1y98gt3j'
Traceback (most recent call last):
  File "/opt/ohpc/pub/compiler/conda/latest/lib/python3.12/multiprocessing/util.py", line 303, in _run_finalizers
    finalizer()
  File "/opt/ohpc/pub/compiler/conda/latest/lib/python3.12/multiprocessing/util.py", line 227, in __call__
    res = self._callback(*self._args, **self._kwargs)
          ^^^^^^^^^^^^^^^^^^^^^^^^^^^^^^^^^^^^^^^^^^^
  File "/opt/ohpc/pub/compiler/conda/latest/lib/python3.12/multiprocessing/util.py", line 136, in _remove_temp_dir
    rmtree(tempdir, onerror=onerror)
  File "/opt/ohpc/pub/compiler/conda/latest/lib/python3.12/shutil.py", line 759, in rmtree
    _rmtree_safe_fd(stack, onexc)
  File "/opt/ohpc/pub/compiler/conda/latest/lib/python3.12/shutil.py", line 703, in _rmtree_safe_fd
    onexc(func, path, err)
  File "/opt/ohpc/pub/compiler/conda/latest/lib/python3.12/shutil.py", line 750, in onexc
    return onerror(func, path, exc_info)
           ^^^^^^^^^^^^^^^^^^^^^^^^^^^^^
  File "/opt/ohpc/pub/compiler/conda/latest/lib/python3.12/shutil.py", line 700, in _rmtree_safe_fd
    onexc(os.unlink, fullname, err)
  File "/opt/ohpc/pub/compiler/conda/latest/lib/python3.12/shutil.py", line 750, in onexc
    return onerror(func, path, exc_info)
           ^^^^^^^^^^^^^^^^^^^^^^^^^^^^^
  File "/opt/ohpc/pub/compiler/conda/latest/lib/python3.12/shutil.py", line 698, in _rmtree_safe_fd
    os.unlink(entry.name, dir_fd=topfd)
OSError: [Errno 16] Device or resource busy: '/tmp/pymp-xs8bf6wg'
  File "/opt/ohpc/pub/compiler/conda/latest/lib/python3.12/multiprocessing/util.py", line 303, in _run_finalizers
    finalizer()
  File "/opt/ohpc/pub/compiler/conda/latest/lib/python3.12/multiprocessing/util.py", line 227, in __call__
    res = self._callback(*self._args, **self._kwargs)
          ^^^^^^^^^^^^^^^^^^^^^^^^^^^^^^^^^^^^^^^^^^^
  File "/opt/ohpc/pub/compiler/conda/latest/lib/python3.12/multiprocessing/util.py", line 136, in _remove_temp_dir
    rmtree(tempdir, onerror=onerror)
  File "/opt/ohpc/pub/compiler/conda/latest/lib/python3.12/shutil.py", line 759, in rmtree
    _rmtree_safe_fd(stack, onexc)
  File "/opt/ohpc/pub/compiler/conda/latest/lib/python3.12/shutil.py", line 703, in _rmtree_safe_fd
    onexc(func, path, err)
  File "/opt/ohpc/pub/compiler/conda/latest/lib/python3.12/shutil.py", line 750, in onexc
    return onerror(func, path, exc_info)
           ^^^^^^^^^^^^^^^^^^^^^^^^^^^^^
  File "/opt/ohpc/pub/compiler/conda/latest/lib/python3.12/shutil.py", line 700, in _rmtree_safe_fd
    onexc(os.unlink, fullname, err)
  File "/opt/ohpc/pub/compiler/conda/latest/lib/python3.12/shutil.py", line 750, in onexc
    return onerror(func, path, exc_info)
           ^^^^^^^^^^^^^^^^^^^^^^^^^^^^^
  File "/opt/ohpc/pub/compiler/conda/latest/lib/python3.12/shutil.py", line 698, in _rmtree_safe_fd
    os.unlink(entry.name, dir_fd=topfd)
OSError: [Errno 16] Device or resource busy: '/tmp/pymp-2tar_09x'
  File "/opt/ohpc/pub/compiler/conda/latest/lib/python3.12/multiprocessing/util.py", line 303, in _run_finalizers
    finalizer()
  File "/opt/ohpc/pub/compiler/conda/latest/lib/python3.12/multiprocessing/util.py", line 227, in __call__
    res = self._callback(*self._args, **self._kwargs)
          ^^^^^^^^^^^^^^^^^^^^^^^^^^^^^^^^^^^^^^^^^^^
  File "/opt/ohpc/pub/compiler/conda/latest/lib/python3.12/multiprocessing/util.py", line 136, in _remove_temp_dir
    rmtree(tempdir, onerror=onerror)
  File "/opt/ohpc/pub/compiler/conda/latest/lib/python3.12/shutil.py", line 759, in rmtree
    _rmtree_safe_fd(stack, onexc)
  File "/opt/ohpc/pub/compiler/conda/latest/lib/python3.12/shutil.py", line 703, in _rmtree_safe_fd
    onexc(func, path, err)
  File "/opt/ohpc/pub/compiler/conda/latest/lib/python3.12/shutil.py", line 750, in onexc
    return onerror(func, path, exc_info)
           ^^^^^^^^^^^^^^^^^^^^^^^^^^^^^
  File "/opt/ohpc/pub/compiler/conda/latest/lib/python3.12/shutil.py", line 700, in _rmtree_safe_fd
    onexc(os.unlink, fullname, err)
  File "/opt/ohpc/pub/compiler/conda/latest/lib/python3.12/shutil.py", line 750, in onexc
    return onerror(func, path, exc_info)
           ^^^^^^^^^^^^^^^^^^^^^^^^^^^^^
  File "/opt/ohpc/pub/compiler/conda/latest/lib/python3.12/shutil.py", line 698, in _rmtree_safe_fd
    os.unlink(entry.name, dir_fd=topfd)
OSError: [Errno 16] Device or resource busy: '/tmp/pymp-six45d_z'
  File "/opt/ohpc/pub/compiler/conda/latest/lib/python3.12/multiprocessing/util.py", line 303, in _run_finalizers
    finalizer()
  File "/opt/ohpc/pub/compiler/conda/latest/lib/python3.12/multiprocessing/util.py", line 227, in __call__
    res = self._callback(*self._args, **self._kwargs)
          ^^^^^^^^^^^^^^^^^^^^^^^^^^^^^^^^^^^^^^^^^^^
  File "/opt/ohpc/pub/compiler/conda/latest/lib/python3.12/multiprocessing/util.py", line 136, in _remove_temp_dir
    rmtree(tempdir, onerror=onerror)
  File "/opt/ohpc/pub/compiler/conda/latest/lib/python3.12/shutil.py", line 759, in rmtree
    _rmtree_safe_fd(stack, onexc)
  File "/opt/ohpc/pub/compiler/conda/latest/lib/python3.12/shutil.py", line 703, in _rmtree_safe_fd
    onexc(func, path, err)
  File "/opt/ohpc/pub/compiler/conda/latest/lib/python3.12/shutil.py", line 750, in onexc
    return onerror(func, path, exc_info)
           ^^^^^^^^^^^^^^^^^^^^^^^^^^^^^
  File "/opt/ohpc/pub/compiler/conda/latest/lib/python3.12/shutil.py", line 700, in _rmtree_safe_fd
    onexc(os.unlink, fullname, err)
  File "/opt/ohpc/pub/compiler/conda/latest/lib/python3.12/shutil.py", line 750, in onexc
    return onerror(func, path, exc_info)
           ^^^^^^^^^^^^^^^^^^^^^^^^^^^^^
  File "/opt/ohpc/pub/compiler/conda/latest/lib/python3.12/shutil.py", line 698, in _rmtree_safe_fd
    os.unlink(entry.name, dir_fd=topfd)
OSError: [Errno 16] Device or resource busy: '/tmp/pymp-cfgyumy_'
  File "/opt/ohpc/pub/compiler/conda/latest/lib/python3.12/multiprocessing/util.py", line 303, in _run_finalizers
    finalizer()
  File "/opt/ohpc/pub/compiler/conda/latest/lib/python3.12/multiprocessing/util.py", line 227, in __call__
    res = self._callback(*self._args, **self._kwargs)
          ^^^^^^^^^^^^^^^^^^^^^^^^^^^^^^^^^^^^^^^^^^^
  File "/opt/ohpc/pub/compiler/conda/latest/lib/python3.12/multiprocessing/util.py", line 136, in _remove_temp_dir
    rmtree(tempdir, onerror=onerror)
  File "/opt/ohpc/pub/compiler/conda/latest/lib/python3.12/shutil.py", line 759, in rmtree
    _rmtree_safe_fd(stack, onexc)
  File "/opt/ohpc/pub/compiler/conda/latest/lib/python3.12/shutil.py", line 703, in _rmtree_safe_fd
    onexc(func, path, err)
  File "/opt/ohpc/pub/compiler/conda/latest/lib/python3.12/shutil.py", line 750, in onexc
    return onerror(func, path, exc_info)
           ^^^^^^^^^^^^^^^^^^^^^^^^^^^^^
  File "/opt/ohpc/pub/compiler/conda/latest/lib/python3.12/shutil.py", line 700, in _rmtree_safe_fd
    onexc(os.unlink, fullname, err)
  File "/opt/ohpc/pub/compiler/conda/latest/lib/python3.12/shutil.py", line 750, in onexc
    return onerror(func, path, exc_info)
           ^^^^^^^^^^^^^^^^^^^^^^^^^^^^^
  File "/opt/ohpc/pub/compiler/conda/latest/lib/python3.12/shutil.py", line 698, in _rmtree_safe_fd
    os.unlink(entry.name, dir_fd=topfd)
OSError: [Errno 16] Device or resource busy: '/tmp/pymp-_nrfomms'
  File "/opt/ohpc/pub/compiler/conda/latest/lib/python3.12/multiprocessing/util.py", line 303, in _run_finalizers
    finalizer()
  File "/opt/ohpc/pub/compiler/conda/latest/lib/python3.12/multiprocessing/util.py", line 227, in __call__
    res = self._callback(*self._args, **self._kwargs)
          ^^^^^^^^^^^^^^^^^^^^^^^^^^^^^^^^^^^^^^^^^^^
  File "/opt/ohpc/pub/compiler/conda/latest/lib/python3.12/multiprocessing/util.py", line 136, in _remove_temp_dir
    rmtree(tempdir, onerror=onerror)
  File "/opt/ohpc/pub/compiler/conda/latest/lib/python3.12/shutil.py", line 759, in rmtree
    _rmtree_safe_fd(stack, onexc)
  File "/opt/ohpc/pub/compiler/conda/latest/lib/python3.12/shutil.py", line 703, in _rmtree_safe_fd
    onexc(func, path, err)
  File "/opt/ohpc/pub/compiler/conda/latest/lib/python3.12/shutil.py", line 750, in onexc
    return onerror(func, path, exc_info)
           ^^^^^^^^^^^^^^^^^^^^^^^^^^^^^
  File "/opt/ohpc/pub/compiler/conda/latest/lib/python3.12/shutil.py", line 700, in _rmtree_safe_fd
    onexc(os.unlink, fullname, err)
  File "/opt/ohpc/pub/compiler/conda/latest/lib/python3.12/shutil.py", line 750, in onexc
    return onerror(func, path, exc_info)
           ^^^^^^^^^^^^^^^^^^^^^^^^^^^^^
  File "/opt/ohpc/pub/compiler/conda/latest/lib/python3.12/shutil.py", line 698, in _rmtree_safe_fd
    os.unlink(entry.name, dir_fd=topfd)
OSError: [Errno 16] Device or resource busy: '/tmp/pymp-h1m4ymrj'
Traceback (most recent call last):
  File "/opt/ohpc/pub/compiler/conda/latest/lib/python3.12/multiprocessing/util.py", line 303, in _run_finalizers
    finalizer()
  File "/opt/ohpc/pub/compiler/conda/latest/lib/python3.12/multiprocessing/util.py", line 227, in __call__
    res = self._callback(*self._args, **self._kwargs)
          ^^^^^^^^^^^^^^^^^^^^^^^^^^^^^^^^^^^^^^^^^^^
  File "/opt/ohpc/pub/compiler/conda/latest/lib/python3.12/multiprocessing/util.py", line 136, in _remove_temp_dir
    rmtree(tempdir, onerror=onerror)
  File "/opt/ohpc/pub/compiler/conda/latest/lib/python3.12/shutil.py", line 759, in rmtree
    _rmtree_safe_fd(stack, onexc)
  File "/opt/ohpc/pub/compiler/conda/latest/lib/python3.12/shutil.py", line 703, in _rmtree_safe_fd
    onexc(func, path, err)
  File "/opt/ohpc/pub/compiler/conda/latest/lib/python3.12/shutil.py", line 750, in onexc
    return onerror(func, path, exc_info)
           ^^^^^^^^^^^^^^^^^^^^^^^^^^^^^
  File "/opt/ohpc/pub/compiler/conda/latest/lib/python3.12/shutil.py", line 700, in _rmtree_safe_fd
    onexc(os.unlink, fullname, err)
  File "/opt/ohpc/pub/compiler/conda/latest/lib/python3.12/shutil.py", line 750, in onexc
    return onerror(func, path, exc_info)
           ^^^^^^^^^^^^^^^^^^^^^^^^^^^^^
  File "/opt/ohpc/pub/compiler/conda/latest/lib/python3.12/shutil.py", line 698, in _rmtree_safe_fd
    os.unlink(entry.name, dir_fd=topfd)
OSError: [Errno 16] Device or resource busy: '/tmp/pymp-yaxkgtv6'
Traceback (most recent call last):
  File "/opt/ohpc/pub/compiler/conda/latest/lib/python3.12/multiprocessing/util.py", line 303, in _run_finalizers
    finalizer()
  File "/opt/ohpc/pub/compiler/conda/latest/lib/python3.12/multiprocessing/util.py", line 227, in __call__
    res = self._callback(*self._args, **self._kwargs)
          ^^^^^^^^^^^^^^^^^^^^^^^^^^^^^^^^^^^^^^^^^^^
  File "/opt/ohpc/pub/compiler/conda/latest/lib/python3.12/multiprocessing/util.py", line 136, in _remove_temp_dir
    rmtree(tempdir, onerror=onerror)
  File "/opt/ohpc/pub/compiler/conda/latest/lib/python3.12/shutil.py", line 759, in rmtree
    _rmtree_safe_fd(stack, onexc)
  File "/opt/ohpc/pub/compiler/conda/latest/lib/python3.12/shutil.py", line 703, in _rmtree_safe_fd
    onexc(func, path, err)
  File "/opt/ohpc/pub/compiler/conda/latest/lib/python3.12/shutil.py", line 750, in onexc
    return onerror(func, path, exc_info)
           ^^^^^^^^^^^^^^^^^^^^^^^^^^^^^
  File "/opt/ohpc/pub/compiler/conda/latest/lib/python3.12/shutil.py", line 700, in _rmtree_safe_fd
    onexc(os.unlink, fullname, err)
  File "/opt/ohpc/pub/compiler/conda/latest/lib/python3.12/shutil.py", line 750, in onexc
    return onerror(func, path, exc_info)
           ^^^^^^^^^^^^^^^^^^^^^^^^^^^^^
  File "/opt/ohpc/pub/compiler/conda/latest/lib/python3.12/shutil.py", line 698, in _rmtree_safe_fd
    os.unlink(entry.name, dir_fd=topfd)
OSError: [Errno 16] Device or resource busy: '/tmp/pymp-kt12vy1h'
[val 011] loss=-0.9368 z_std=0.0439 rankme=11.846 lidar=5.721 areq=2.080 pr=1.27 align=0.0808 unif=-0.790 converged=True collapsed=False
  e012 it0000/62 lr=0.0031 loss=-0.9258 z_std=0.0607
  e012 it0010/62 lr=0.0031 loss=-0.9390 z_std=0.0617
  e012 it0020/62 lr=0.0031 loss=-0.9390 z_std=0.0619
  e012 it0030/62 lr=0.0031 loss=-0.9380 z_std=0.0619
  e012 it0040/62 lr=0.0031 loss=-0.9384 z_std=0.0620
  e012 it0050/62 lr=0.0031 loss=-0.9407 z_std=0.0621
  e012 it0060/62 lr=0.0031 loss=-0.9420 z_std=0.0621
[epoch 012] loss=-0.9420 z_std=0.0620 (healthy~0.0625) time=182.6s
Traceback (most recent call last):
Traceback (most recent call last):
Traceback (most recent call last):
Traceback (most recent call last):
Traceback (most recent call last):
Traceback (most recent call last):
Traceback (most recent call last):
Traceback (most recent call last):
Traceback (most recent call last):
  File "/opt/ohpc/pub/compiler/conda/latest/lib/python3.12/multiprocessing/util.py", line 303, in _run_finalizers
    finalizer()
  File "/opt/ohpc/pub/compiler/conda/latest/lib/python3.12/multiprocessing/util.py", line 303, in _run_finalizers
    finalizer()
  File "/opt/ohpc/pub/compiler/conda/latest/lib/python3.12/multiprocessing/util.py", line 303, in _run_finalizers
    finalizer()
  File "/opt/ohpc/pub/compiler/conda/latest/lib/python3.12/multiprocessing/util.py", line 227, in __call__
    res = self._callback(*self._args, **self._kwargs)
          ^^^^^^^^^^^^^^^^^^^^^^^^^^^^^^^^^^^^^^^^^^^
  File "/opt/ohpc/pub/compiler/conda/latest/lib/python3.12/multiprocessing/util.py", line 227, in __call__
    res = self._callback(*self._args, **self._kwargs)
          ^^^^^^^^^^^^^^^^^^^^^^^^^^^^^^^^^^^^^^^^^^^
  File "/opt/ohpc/pub/compiler/conda/latest/lib/python3.12/multiprocessing/util.py", line 227, in __call__
    res = self._callback(*self._args, **self._kwargs)
          ^^^^^^^^^^^^^^^^^^^^^^^^^^^^^^^^^^^^^^^^^^^
  File "/opt/ohpc/pub/compiler/conda/latest/lib/python3.12/multiprocessing/util.py", line 136, in _remove_temp_dir
    rmtree(tempdir, onerror=onerror)
  File "/opt/ohpc/pub/compiler/conda/latest/lib/python3.12/multiprocessing/util.py", line 136, in _remove_temp_dir
    rmtree(tempdir, onerror=onerror)
  File "/opt/ohpc/pub/compiler/conda/latest/lib/python3.12/multiprocessing/util.py", line 136, in _remove_temp_dir
    rmtree(tempdir, onerror=onerror)
  File "/opt/ohpc/pub/compiler/conda/latest/lib/python3.12/shutil.py", line 759, in rmtree
    _rmtree_safe_fd(stack, onexc)
  File "/opt/ohpc/pub/compiler/conda/latest/lib/python3.12/shutil.py", line 759, in rmtree
    _rmtree_safe_fd(stack, onexc)
  File "/opt/ohpc/pub/compiler/conda/latest/lib/python3.12/shutil.py", line 759, in rmtree
    _rmtree_safe_fd(stack, onexc)
  File "/opt/ohpc/pub/compiler/conda/latest/lib/python3.12/shutil.py", line 703, in _rmtree_safe_fd
    onexc(func, path, err)
  File "/opt/ohpc/pub/compiler/conda/latest/lib/python3.12/shutil.py", line 703, in _rmtree_safe_fd
    onexc(func, path, err)
  File "/opt/ohpc/pub/compiler/conda/latest/lib/python3.12/shutil.py", line 703, in _rmtree_safe_fd
    onexc(func, path, err)
  File "/opt/ohpc/pub/compiler/conda/latest/lib/python3.12/shutil.py", line 750, in onexc
    return onerror(func, path, exc_info)
           ^^^^^^^^^^^^^^^^^^^^^^^^^^^^^
  File "/opt/ohpc/pub/compiler/conda/latest/lib/python3.12/shutil.py", line 750, in onexc
    return onerror(func, path, exc_info)
           ^^^^^^^^^^^^^^^^^^^^^^^^^^^^^
  File "/opt/ohpc/pub/compiler/conda/latest/lib/python3.12/shutil.py", line 750, in onexc
    return onerror(func, path, exc_info)
           ^^^^^^^^^^^^^^^^^^^^^^^^^^^^^
  File "/opt/ohpc/pub/compiler/conda/latest/lib/python3.12/multiprocessing/util.py", line 303, in _run_finalizers
    finalizer()
  File "/opt/ohpc/pub/compiler/conda/latest/lib/python3.12/shutil.py", line 700, in _rmtree_safe_fd
    onexc(os.unlink, fullname, err)
  File "/opt/ohpc/pub/compiler/conda/latest/lib/python3.12/shutil.py", line 700, in _rmtree_safe_fd
    onexc(os.unlink, fullname, err)
  File "/opt/ohpc/pub/compiler/conda/latest/lib/python3.12/shutil.py", line 700, in _rmtree_safe_fd
    onexc(os.unlink, fullname, err)
  File "/opt/ohpc/pub/compiler/conda/latest/lib/python3.12/shutil.py", line 750, in onexc
    return onerror(func, path, exc_info)
           ^^^^^^^^^^^^^^^^^^^^^^^^^^^^^
  File "/opt/ohpc/pub/compiler/conda/latest/lib/python3.12/shutil.py", line 750, in onexc
    return onerror(func, path, exc_info)
           ^^^^^^^^^^^^^^^^^^^^^^^^^^^^^
  File "/opt/ohpc/pub/compiler/conda/latest/lib/python3.12/shutil.py", line 750, in onexc
    return onerror(func, path, exc_info)
           ^^^^^^^^^^^^^^^^^^^^^^^^^^^^^
  File "/opt/ohpc/pub/compiler/conda/latest/lib/python3.12/shutil.py", line 698, in _rmtree_safe_fd
    os.unlink(entry.name, dir_fd=topfd)
  File "/opt/ohpc/pub/compiler/conda/latest/lib/python3.12/multiprocessing/util.py", line 227, in __call__
    res = self._callback(*self._args, **self._kwargs)
          ^^^^^^^^^^^^^^^^^^^^^^^^^^^^^^^^^^^^^^^^^^^
  File "/opt/ohpc/pub/compiler/conda/latest/lib/python3.12/shutil.py", line 698, in _rmtree_safe_fd
    os.unlink(entry.name, dir_fd=topfd)
  File "/opt/ohpc/pub/compiler/conda/latest/lib/python3.12/shutil.py", line 698, in _rmtree_safe_fd
    os.unlink(entry.name, dir_fd=topfd)
  File "/opt/ohpc/pub/compiler/conda/latest/lib/python3.12/multiprocessing/util.py", line 136, in _remove_temp_dir
    rmtree(tempdir, onerror=onerror)
  File "/opt/ohpc/pub/compiler/conda/latest/lib/python3.12/shutil.py", line 759, in rmtree
    _rmtree_safe_fd(stack, onexc)
  File "/opt/ohpc/pub/compiler/conda/latest/lib/python3.12/shutil.py", line 703, in _rmtree_safe_fd
    onexc(func, path, err)
  File "/opt/ohpc/pub/compiler/conda/latest/lib/python3.12/shutil.py", line 750, in onexc
    return onerror(func, path, exc_info)
           ^^^^^^^^^^^^^^^^^^^^^^^^^^^^^
OSError: [Errno 16] Device or resource busy: '/tmp/pymp-iczdgnun'
OSError: [Errno 16] Device or resource busy: '/tmp/pymp-tqd9dybg'
OSError: [Errno 16] Device or resource busy: '/tmp/pymp-ckra3y_u'
  File "/opt/ohpc/pub/compiler/conda/latest/lib/python3.12/shutil.py", line 700, in _rmtree_safe_fd
    onexc(os.unlink, fullname, err)
  File "/opt/ohpc/pub/compiler/conda/latest/lib/python3.12/shutil.py", line 750, in onexc
    return onerror(func, path, exc_info)
           ^^^^^^^^^^^^^^^^^^^^^^^^^^^^^
  File "/opt/ohpc/pub/compiler/conda/latest/lib/python3.12/shutil.py", line 698, in _rmtree_safe_fd
    os.unlink(entry.name, dir_fd=topfd)
OSError: [Errno 16] Device or resource busy: '/tmp/pymp-qiifud9f'
  File "/opt/ohpc/pub/compiler/conda/latest/lib/python3.12/multiprocessing/util.py", line 303, in _run_finalizers
    finalizer()
  File "/opt/ohpc/pub/compiler/conda/latest/lib/python3.12/multiprocessing/util.py", line 227, in __call__
    res = self._callback(*self._args, **self._kwargs)
          ^^^^^^^^^^^^^^^^^^^^^^^^^^^^^^^^^^^^^^^^^^^
  File "/opt/ohpc/pub/compiler/conda/latest/lib/python3.12/multiprocessing/util.py", line 136, in _remove_temp_dir
    rmtree(tempdir, onerror=onerror)
  File "/opt/ohpc/pub/compiler/conda/latest/lib/python3.12/shutil.py", line 759, in rmtree
    _rmtree_safe_fd(stack, onexc)
  File "/opt/ohpc/pub/compiler/conda/latest/lib/python3.12/shutil.py", line 703, in _rmtree_safe_fd
    onexc(func, path, err)
  File "/opt/ohpc/pub/compiler/conda/latest/lib/python3.12/shutil.py", line 750, in onexc
    return onerror(func, path, exc_info)
           ^^^^^^^^^^^^^^^^^^^^^^^^^^^^^
  File "/opt/ohpc/pub/compiler/conda/latest/lib/python3.12/shutil.py", line 700, in _rmtree_safe_fd
    onexc(os.unlink, fullname, err)
  File "/opt/ohpc/pub/compiler/conda/latest/lib/python3.12/shutil.py", line 750, in onexc
    return onerror(func, path, exc_info)
           ^^^^^^^^^^^^^^^^^^^^^^^^^^^^^
  File "/opt/ohpc/pub/compiler/conda/latest/lib/python3.12/shutil.py", line 698, in _rmtree_safe_fd
    os.unlink(entry.name, dir_fd=topfd)
OSError: [Errno 16] Device or resource busy: '/tmp/pymp-46if3vyc'
  File "/opt/ohpc/pub/compiler/conda/latest/lib/python3.12/multiprocessing/util.py", line 303, in _run_finalizers
    finalizer()
  File "/opt/ohpc/pub/compiler/conda/latest/lib/python3.12/multiprocessing/util.py", line 227, in __call__
    res = self._callback(*self._args, **self._kwargs)
          ^^^^^^^^^^^^^^^^^^^^^^^^^^^^^^^^^^^^^^^^^^^
  File "/opt/ohpc/pub/compiler/conda/latest/lib/python3.12/multiprocessing/util.py", line 136, in _remove_temp_dir
    rmtree(tempdir, onerror=onerror)
  File "/opt/ohpc/pub/compiler/conda/latest/lib/python3.12/shutil.py", line 759, in rmtree
    _rmtree_safe_fd(stack, onexc)
  File "/opt/ohpc/pub/compiler/conda/latest/lib/python3.12/shutil.py", line 703, in _rmtree_safe_fd
    onexc(func, path, err)
  File "/opt/ohpc/pub/compiler/conda/latest/lib/python3.12/shutil.py", line 750, in onexc
    return onerror(func, path, exc_info)
           ^^^^^^^^^^^^^^^^^^^^^^^^^^^^^
  File "/opt/ohpc/pub/compiler/conda/latest/lib/python3.12/shutil.py", line 700, in _rmtree_safe_fd
    onexc(os.unlink, fullname, err)
  File "/opt/ohpc/pub/compiler/conda/latest/lib/python3.12/shutil.py", line 750, in onexc
    return onerror(func, path, exc_info)
           ^^^^^^^^^^^^^^^^^^^^^^^^^^^^^
  File "/opt/ohpc/pub/compiler/conda/latest/lib/python3.12/shutil.py", line 698, in _rmtree_safe_fd
    os.unlink(entry.name, dir_fd=topfd)
  File "/opt/ohpc/pub/compiler/conda/latest/lib/python3.12/multiprocessing/util.py", line 303, in _run_finalizers
    finalizer()
  File "/opt/ohpc/pub/compiler/conda/latest/lib/python3.12/multiprocessing/util.py", line 227, in __call__
    res = self._callback(*self._args, **self._kwargs)
          ^^^^^^^^^^^^^^^^^^^^^^^^^^^^^^^^^^^^^^^^^^^
OSError: [Errno 16] Device or resource busy: '/tmp/pymp-jm6zwqjc'
  File "/opt/ohpc/pub/compiler/conda/latest/lib/python3.12/multiprocessing/util.py", line 136, in _remove_temp_dir
    rmtree(tempdir, onerror=onerror)
  File "/opt/ohpc/pub/compiler/conda/latest/lib/python3.12/shutil.py", line 759, in rmtree
    _rmtree_safe_fd(stack, onexc)
  File "/opt/ohpc/pub/compiler/conda/latest/lib/python3.12/shutil.py", line 703, in _rmtree_safe_fd
    onexc(func, path, err)
  File "/opt/ohpc/pub/compiler/conda/latest/lib/python3.12/shutil.py", line 750, in onexc
    return onerror(func, path, exc_info)
           ^^^^^^^^^^^^^^^^^^^^^^^^^^^^^
  File "/opt/ohpc/pub/compiler/conda/latest/lib/python3.12/shutil.py", line 700, in _rmtree_safe_fd
    onexc(os.unlink, fullname, err)
  File "/opt/ohpc/pub/compiler/conda/latest/lib/python3.12/shutil.py", line 750, in onexc
    return onerror(func, path, exc_info)
           ^^^^^^^^^^^^^^^^^^^^^^^^^^^^^
  File "/opt/ohpc/pub/compiler/conda/latest/lib/python3.12/shutil.py", line 698, in _rmtree_safe_fd
    os.unlink(entry.name, dir_fd=topfd)
OSError: [Errno 16] Device or resource busy: '/tmp/pymp-s1s_eld4'
  File "/opt/ohpc/pub/compiler/conda/latest/lib/python3.12/multiprocessing/util.py", line 303, in _run_finalizers
    finalizer()
  File "/opt/ohpc/pub/compiler/conda/latest/lib/python3.12/multiprocessing/util.py", line 227, in __call__
    res = self._callback(*self._args, **self._kwargs)
          ^^^^^^^^^^^^^^^^^^^^^^^^^^^^^^^^^^^^^^^^^^^
  File "/opt/ohpc/pub/compiler/conda/latest/lib/python3.12/multiprocessing/util.py", line 136, in _remove_temp_dir
    rmtree(tempdir, onerror=onerror)
  File "/opt/ohpc/pub/compiler/conda/latest/lib/python3.12/shutil.py", line 759, in rmtree
    _rmtree_safe_fd(stack, onexc)
  File "/opt/ohpc/pub/compiler/conda/latest/lib/python3.12/shutil.py", line 703, in _rmtree_safe_fd
    onexc(func, path, err)
  File "/opt/ohpc/pub/compiler/conda/latest/lib/python3.12/shutil.py", line 750, in onexc
    return onerror(func, path, exc_info)
           ^^^^^^^^^^^^^^^^^^^^^^^^^^^^^
  File "/opt/ohpc/pub/compiler/conda/latest/lib/python3.12/shutil.py", line 700, in _rmtree_safe_fd
    onexc(os.unlink, fullname, err)
  File "/opt/ohpc/pub/compiler/conda/latest/lib/python3.12/multiprocessing/util.py", line 303, in _run_finalizers
    finalizer()
  File "/opt/ohpc/pub/compiler/conda/latest/lib/python3.12/shutil.py", line 750, in onexc
    return onerror(func, path, exc_info)
           ^^^^^^^^^^^^^^^^^^^^^^^^^^^^^
  File "/opt/ohpc/pub/compiler/conda/latest/lib/python3.12/shutil.py", line 698, in _rmtree_safe_fd
    os.unlink(entry.name, dir_fd=topfd)
  File "/opt/ohpc/pub/compiler/conda/latest/lib/python3.12/multiprocessing/util.py", line 227, in __call__
    res = self._callback(*self._args, **self._kwargs)
          ^^^^^^^^^^^^^^^^^^^^^^^^^^^^^^^^^^^^^^^^^^^
  File "/opt/ohpc/pub/compiler/conda/latest/lib/python3.12/multiprocessing/util.py", line 136, in _remove_temp_dir
    rmtree(tempdir, onerror=onerror)
OSError: [Errno 16] Device or resource busy: '/tmp/pymp-aj56vcyf'
  File "/opt/ohpc/pub/compiler/conda/latest/lib/python3.12/shutil.py", line 759, in rmtree
    _rmtree_safe_fd(stack, onexc)
  File "/opt/ohpc/pub/compiler/conda/latest/lib/python3.12/shutil.py", line 703, in _rmtree_safe_fd
    onexc(func, path, err)
  File "/opt/ohpc/pub/compiler/conda/latest/lib/python3.12/shutil.py", line 750, in onexc
    return onerror(func, path, exc_info)
           ^^^^^^^^^^^^^^^^^^^^^^^^^^^^^
  File "/opt/ohpc/pub/compiler/conda/latest/lib/python3.12/shutil.py", line 700, in _rmtree_safe_fd
    onexc(os.unlink, fullname, err)
  File "/opt/ohpc/pub/compiler/conda/latest/lib/python3.12/shutil.py", line 750, in onexc
    return onerror(func, path, exc_info)
           ^^^^^^^^^^^^^^^^^^^^^^^^^^^^^
  File "/opt/ohpc/pub/compiler/conda/latest/lib/python3.12/shutil.py", line 698, in _rmtree_safe_fd
    os.unlink(entry.name, dir_fd=topfd)
OSError: [Errno 16] Device or resource busy: '/tmp/pymp-zp91zy8k'
Traceback (most recent call last):
  File "/opt/ohpc/pub/compiler/conda/latest/lib/python3.12/multiprocessing/util.py", line 303, in _run_finalizers
    finalizer()
  File "/opt/ohpc/pub/compiler/conda/latest/lib/python3.12/multiprocessing/util.py", line 227, in __call__
    res = self._callback(*self._args, **self._kwargs)
          ^^^^^^^^^^^^^^^^^^^^^^^^^^^^^^^^^^^^^^^^^^^
  File "/opt/ohpc/pub/compiler/conda/latest/lib/python3.12/multiprocessing/util.py", line 136, in _remove_temp_dir
    rmtree(tempdir, onerror=onerror)
  File "/opt/ohpc/pub/compiler/conda/latest/lib/python3.12/shutil.py", line 759, in rmtree
    _rmtree_safe_fd(stack, onexc)
  File "/opt/ohpc/pub/compiler/conda/latest/lib/python3.12/shutil.py", line 703, in _rmtree_safe_fd
    onexc(func, path, err)
  File "/opt/ohpc/pub/compiler/conda/latest/lib/python3.12/shutil.py", line 750, in onexc
    return onerror(func, path, exc_info)
           ^^^^^^^^^^^^^^^^^^^^^^^^^^^^^
  File "/opt/ohpc/pub/compiler/conda/latest/lib/python3.12/shutil.py", line 700, in _rmtree_safe_fd
    onexc(os.unlink, fullname, err)
  File "/opt/ohpc/pub/compiler/conda/latest/lib/python3.12/shutil.py", line 750, in onexc
    return onerror(func, path, exc_info)
           ^^^^^^^^^^^^^^^^^^^^^^^^^^^^^
  File "/opt/ohpc/pub/compiler/conda/latest/lib/python3.12/shutil.py", line 698, in _rmtree_safe_fd
    os.unlink(entry.name, dir_fd=topfd)
OSError: [Errno 16] Device or resource busy: '/tmp/pymp-syfkl0hj'
Traceback (most recent call last):
Traceback (most recent call last):
Traceback (most recent call last):
Traceback (most recent call last):
Traceback (most recent call last):
  File "/opt/ohpc/pub/compiler/conda/latest/lib/python3.12/multiprocessing/util.py", line 303, in _run_finalizers
    finalizer()
  File "/opt/ohpc/pub/compiler/conda/latest/lib/python3.12/multiprocessing/util.py", line 227, in __call__
    res = self._callback(*self._args, **self._kwargs)
          ^^^^^^^^^^^^^^^^^^^^^^^^^^^^^^^^^^^^^^^^^^^
  File "/opt/ohpc/pub/compiler/conda/latest/lib/python3.12/multiprocessing/util.py", line 136, in _remove_temp_dir
    rmtree(tempdir, onerror=onerror)
  File "/opt/ohpc/pub/compiler/conda/latest/lib/python3.12/shutil.py", line 759, in rmtree
    _rmtree_safe_fd(stack, onexc)
  File "/opt/ohpc/pub/compiler/conda/latest/lib/python3.12/shutil.py", line 703, in _rmtree_safe_fd
    onexc(func, path, err)
  File "/opt/ohpc/pub/compiler/conda/latest/lib/python3.12/shutil.py", line 750, in onexc
    return onerror(func, path, exc_info)
           ^^^^^^^^^^^^^^^^^^^^^^^^^^^^^
  File "/opt/ohpc/pub/compiler/conda/latest/lib/python3.12/shutil.py", line 700, in _rmtree_safe_fd
    onexc(os.unlink, fullname, err)
  File "/opt/ohpc/pub/compiler/conda/latest/lib/python3.12/shutil.py", line 750, in onexc
    return onerror(func, path, exc_info)
           ^^^^^^^^^^^^^^^^^^^^^^^^^^^^^
  File "/opt/ohpc/pub/compiler/conda/latest/lib/python3.12/shutil.py", line 698, in _rmtree_safe_fd
    os.unlink(entry.name, dir_fd=topfd)
Traceback (most recent call last):
OSError: [Errno 16] Device or resource busy: '/tmp/pymp-0pah_99h'
Traceback (most recent call last):
  File "/opt/ohpc/pub/compiler/conda/latest/lib/python3.12/multiprocessing/util.py", line 303, in _run_finalizers
    finalizer()
  File "/opt/ohpc/pub/compiler/conda/latest/lib/python3.12/multiprocessing/util.py", line 227, in __call__
    res = self._callback(*self._args, **self._kwargs)
          ^^^^^^^^^^^^^^^^^^^^^^^^^^^^^^^^^^^^^^^^^^^
  File "/opt/ohpc/pub/compiler/conda/latest/lib/python3.12/multiprocessing/util.py", line 136, in _remove_temp_dir
    rmtree(tempdir, onerror=onerror)
  File "/opt/ohpc/pub/compiler/conda/latest/lib/python3.12/shutil.py", line 759, in rmtree
    _rmtree_safe_fd(stack, onexc)
  File "/opt/ohpc/pub/compiler/conda/latest/lib/python3.12/shutil.py", line 703, in _rmtree_safe_fd
    onexc(func, path, err)
  File "/opt/ohpc/pub/compiler/conda/latest/lib/python3.12/shutil.py", line 750, in onexc
    return onerror(func, path, exc_info)
           ^^^^^^^^^^^^^^^^^^^^^^^^^^^^^
  File "/opt/ohpc/pub/compiler/conda/latest/lib/python3.12/shutil.py", line 700, in _rmtree_safe_fd
    onexc(os.unlink, fullname, err)
  File "/opt/ohpc/pub/compiler/conda/latest/lib/python3.12/shutil.py", line 750, in onexc
    return onerror(func, path, exc_info)
           ^^^^^^^^^^^^^^^^^^^^^^^^^^^^^
  File "/opt/ohpc/pub/compiler/conda/latest/lib/python3.12/shutil.py", line 698, in _rmtree_safe_fd
    os.unlink(entry.name, dir_fd=topfd)
OSError: [Errno 16] Device or resource busy: '/tmp/pymp-ptkd15j5'
  File "/opt/ohpc/pub/compiler/conda/latest/lib/python3.12/multiprocessing/util.py", line 303, in _run_finalizers
    finalizer()
  File "/opt/ohpc/pub/compiler/conda/latest/lib/python3.12/multiprocessing/util.py", line 227, in __call__
    res = self._callback(*self._args, **self._kwargs)
          ^^^^^^^^^^^^^^^^^^^^^^^^^^^^^^^^^^^^^^^^^^^
  File "/opt/ohpc/pub/compiler/conda/latest/lib/python3.12/multiprocessing/util.py", line 136, in _remove_temp_dir
    rmtree(tempdir, onerror=onerror)
  File "/opt/ohpc/pub/compiler/conda/latest/lib/python3.12/shutil.py", line 759, in rmtree
    _rmtree_safe_fd(stack, onexc)
  File "/opt/ohpc/pub/compiler/conda/latest/lib/python3.12/shutil.py", line 703, in _rmtree_safe_fd
    onexc(func, path, err)
  File "/opt/ohpc/pub/compiler/conda/latest/lib/python3.12/shutil.py", line 750, in onexc
    return onerror(func, path, exc_info)
           ^^^^^^^^^^^^^^^^^^^^^^^^^^^^^
  File "/opt/ohpc/pub/compiler/conda/latest/lib/python3.12/shutil.py", line 700, in _rmtree_safe_fd
    onexc(os.unlink, fullname, err)
  File "/opt/ohpc/pub/compiler/conda/latest/lib/python3.12/shutil.py", line 750, in onexc
    return onerror(func, path, exc_info)
           ^^^^^^^^^^^^^^^^^^^^^^^^^^^^^
  File "/opt/ohpc/pub/compiler/conda/latest/lib/python3.12/multiprocessing/util.py", line 303, in _run_finalizers
    finalizer()
  File "/opt/ohpc/pub/compiler/conda/latest/lib/python3.12/shutil.py", line 698, in _rmtree_safe_fd
    os.unlink(entry.name, dir_fd=topfd)
  File "/opt/ohpc/pub/compiler/conda/latest/lib/python3.12/multiprocessing/util.py", line 227, in __call__
    res = self._callback(*self._args, **self._kwargs)
          ^^^^^^^^^^^^^^^^^^^^^^^^^^^^^^^^^^^^^^^^^^^
  File "/opt/ohpc/pub/compiler/conda/latest/lib/python3.12/multiprocessing/util.py", line 136, in _remove_temp_dir
    rmtree(tempdir, onerror=onerror)
  File "/opt/ohpc/pub/compiler/conda/latest/lib/python3.12/shutil.py", line 759, in rmtree
    _rmtree_safe_fd(stack, onexc)
OSError: [Errno 16] Device or resource busy: '/tmp/pymp-vux3hc9y'
  File "/opt/ohpc/pub/compiler/conda/latest/lib/python3.12/shutil.py", line 703, in _rmtree_safe_fd
    onexc(func, path, err)
  File "/opt/ohpc/pub/compiler/conda/latest/lib/python3.12/shutil.py", line 750, in onexc
    return onerror(func, path, exc_info)
           ^^^^^^^^^^^^^^^^^^^^^^^^^^^^^
  File "/opt/ohpc/pub/compiler/conda/latest/lib/python3.12/shutil.py", line 700, in _rmtree_safe_fd
    onexc(os.unlink, fullname, err)
  File "/opt/ohpc/pub/compiler/conda/latest/lib/python3.12/shutil.py", line 750, in onexc
    return onerror(func, path, exc_info)
           ^^^^^^^^^^^^^^^^^^^^^^^^^^^^^
  File "/opt/ohpc/pub/compiler/conda/latest/lib/python3.12/shutil.py", line 698, in _rmtree_safe_fd
    os.unlink(entry.name, dir_fd=topfd)
OSError: [Errno 16] Device or resource busy: '/tmp/pymp-canwla0t'
  File "/opt/ohpc/pub/compiler/conda/latest/lib/python3.12/multiprocessing/util.py", line 303, in _run_finalizers
    finalizer()
  File "/opt/ohpc/pub/compiler/conda/latest/lib/python3.12/multiprocessing/util.py", line 303, in _run_finalizers
    finalizer()
  File "/opt/ohpc/pub/compiler/conda/latest/lib/python3.12/multiprocessing/util.py", line 227, in __call__
    res = self._callback(*self._args, **self._kwargs)
          ^^^^^^^^^^^^^^^^^^^^^^^^^^^^^^^^^^^^^^^^^^^
  File "/opt/ohpc/pub/compiler/conda/latest/lib/python3.12/multiprocessing/util.py", line 303, in _run_finalizers
    finalizer()
  File "/opt/ohpc/pub/compiler/conda/latest/lib/python3.12/multiprocessing/util.py", line 136, in _remove_temp_dir
    rmtree(tempdir, onerror=onerror)
  File "/opt/ohpc/pub/compiler/conda/latest/lib/python3.12/multiprocessing/util.py", line 227, in __call__
    res = self._callback(*self._args, **self._kwargs)
          ^^^^^^^^^^^^^^^^^^^^^^^^^^^^^^^^^^^^^^^^^^^
  File "/opt/ohpc/pub/compiler/conda/latest/lib/python3.12/shutil.py", line 759, in rmtree
    _rmtree_safe_fd(stack, onexc)
  File "/opt/ohpc/pub/compiler/conda/latest/lib/python3.12/multiprocessing/util.py", line 136, in _remove_temp_dir
    rmtree(tempdir, onerror=onerror)
  File "/opt/ohpc/pub/compiler/conda/latest/lib/python3.12/multiprocessing/util.py", line 227, in __call__
    res = self._callback(*self._args, **self._kwargs)
          ^^^^^^^^^^^^^^^^^^^^^^^^^^^^^^^^^^^^^^^^^^^
  File "/opt/ohpc/pub/compiler/conda/latest/lib/python3.12/shutil.py", line 703, in _rmtree_safe_fd
    onexc(func, path, err)
  File "/opt/ohpc/pub/compiler/conda/latest/lib/python3.12/shutil.py", line 759, in rmtree
    _rmtree_safe_fd(stack, onexc)
  File "/opt/ohpc/pub/compiler/conda/latest/lib/python3.12/multiprocessing/util.py", line 136, in _remove_temp_dir
    rmtree(tempdir, onerror=onerror)
  File "/opt/ohpc/pub/compiler/conda/latest/lib/python3.12/shutil.py", line 703, in _rmtree_safe_fd
    onexc(func, path, err)
  File "/opt/ohpc/pub/compiler/conda/latest/lib/python3.12/shutil.py", line 750, in onexc
    return onerror(func, path, exc_info)
           ^^^^^^^^^^^^^^^^^^^^^^^^^^^^^
  File "/opt/ohpc/pub/compiler/conda/latest/lib/python3.12/shutil.py", line 759, in rmtree
    _rmtree_safe_fd(stack, onexc)
  File "/opt/ohpc/pub/compiler/conda/latest/lib/python3.12/shutil.py", line 750, in onexc
    return onerror(func, path, exc_info)
           ^^^^^^^^^^^^^^^^^^^^^^^^^^^^^
  File "/opt/ohpc/pub/compiler/conda/latest/lib/python3.12/shutil.py", line 700, in _rmtree_safe_fd
    onexc(os.unlink, fullname, err)
  File "/opt/ohpc/pub/compiler/conda/latest/lib/python3.12/shutil.py", line 703, in _rmtree_safe_fd
    onexc(func, path, err)
  File "/opt/ohpc/pub/compiler/conda/latest/lib/python3.12/shutil.py", line 700, in _rmtree_safe_fd
    onexc(os.unlink, fullname, err)
  File "/opt/ohpc/pub/compiler/conda/latest/lib/python3.12/shutil.py", line 750, in onexc
    return onerror(func, path, exc_info)
           ^^^^^^^^^^^^^^^^^^^^^^^^^^^^^
  File "/opt/ohpc/pub/compiler/conda/latest/lib/python3.12/shutil.py", line 750, in onexc
    return onerror(func, path, exc_info)
           ^^^^^^^^^^^^^^^^^^^^^^^^^^^^^
  File "/opt/ohpc/pub/compiler/conda/latest/lib/python3.12/shutil.py", line 750, in onexc
    return onerror(func, path, exc_info)
           ^^^^^^^^^^^^^^^^^^^^^^^^^^^^^
  File "/opt/ohpc/pub/compiler/conda/latest/lib/python3.12/shutil.py", line 698, in _rmtree_safe_fd
    os.unlink(entry.name, dir_fd=topfd)
  File "/opt/ohpc/pub/compiler/conda/latest/lib/python3.12/shutil.py", line 700, in _rmtree_safe_fd
    onexc(os.unlink, fullname, err)
  File "/opt/ohpc/pub/compiler/conda/latest/lib/python3.12/shutil.py", line 698, in _rmtree_safe_fd
    os.unlink(entry.name, dir_fd=topfd)
  File "/opt/ohpc/pub/compiler/conda/latest/lib/python3.12/shutil.py", line 750, in onexc
    return onerror(func, path, exc_info)
           ^^^^^^^^^^^^^^^^^^^^^^^^^^^^^
  File "/opt/ohpc/pub/compiler/conda/latest/lib/python3.12/shutil.py", line 698, in _rmtree_safe_fd
    os.unlink(entry.name, dir_fd=topfd)
OSError: [Errno 16] Device or resource busy: '/tmp/pymp-z0l1cnb0'
OSError: [Errno 16] Device or resource busy: '/tmp/pymp-ee9tdg2o'
OSError: [Errno 16] Device or resource busy: '/tmp/pymp-w0e2xkca'
Traceback (most recent call last):
Traceback (most recent call last):
  File "/opt/ohpc/pub/compiler/conda/latest/lib/python3.12/multiprocessing/util.py", line 303, in _run_finalizers
    finalizer()
  File "/opt/ohpc/pub/compiler/conda/latest/lib/python3.12/multiprocessing/util.py", line 227, in __call__
    res = self._callback(*self._args, **self._kwargs)
          ^^^^^^^^^^^^^^^^^^^^^^^^^^^^^^^^^^^^^^^^^^^
  File "/opt/ohpc/pub/compiler/conda/latest/lib/python3.12/multiprocessing/util.py", line 136, in _remove_temp_dir
    rmtree(tempdir, onerror=onerror)
  File "/opt/ohpc/pub/compiler/conda/latest/lib/python3.12/shutil.py", line 759, in rmtree
    _rmtree_safe_fd(stack, onexc)
  File "/opt/ohpc/pub/compiler/conda/latest/lib/python3.12/shutil.py", line 703, in _rmtree_safe_fd
    onexc(func, path, err)
  File "/opt/ohpc/pub/compiler/conda/latest/lib/python3.12/shutil.py", line 750, in onexc
    return onerror(func, path, exc_info)
           ^^^^^^^^^^^^^^^^^^^^^^^^^^^^^
  File "/opt/ohpc/pub/compiler/conda/latest/lib/python3.12/multiprocessing/util.py", line 303, in _run_finalizers
    finalizer()
  File "/opt/ohpc/pub/compiler/conda/latest/lib/python3.12/shutil.py", line 700, in _rmtree_safe_fd
    onexc(os.unlink, fullname, err)
  File "/opt/ohpc/pub/compiler/conda/latest/lib/python3.12/shutil.py", line 750, in onexc
    return onerror(func, path, exc_info)
           ^^^^^^^^^^^^^^^^^^^^^^^^^^^^^
  File "/opt/ohpc/pub/compiler/conda/latest/lib/python3.12/shutil.py", line 698, in _rmtree_safe_fd
    os.unlink(entry.name, dir_fd=topfd)
  File "/opt/ohpc/pub/compiler/conda/latest/lib/python3.12/multiprocessing/util.py", line 227, in __call__
    res = self._callback(*self._args, **self._kwargs)
          ^^^^^^^^^^^^^^^^^^^^^^^^^^^^^^^^^^^^^^^^^^^
OSError: [Errno 16] Device or resource busy: '/tmp/pymp-267vaatn'
  File "/opt/ohpc/pub/compiler/conda/latest/lib/python3.12/multiprocessing/util.py", line 136, in _remove_temp_dir
    rmtree(tempdir, onerror=onerror)
  File "/opt/ohpc/pub/compiler/conda/latest/lib/python3.12/shutil.py", line 759, in rmtree
    _rmtree_safe_fd(stack, onexc)
  File "/opt/ohpc/pub/compiler/conda/latest/lib/python3.12/shutil.py", line 703, in _rmtree_safe_fd
    onexc(func, path, err)
  File "/opt/ohpc/pub/compiler/conda/latest/lib/python3.12/shutil.py", line 750, in onexc
    return onerror(func, path, exc_info)
           ^^^^^^^^^^^^^^^^^^^^^^^^^^^^^
  File "/opt/ohpc/pub/compiler/conda/latest/lib/python3.12/shutil.py", line 700, in _rmtree_safe_fd
    onexc(os.unlink, fullname, err)
  File "/opt/ohpc/pub/compiler/conda/latest/lib/python3.12/shutil.py", line 750, in onexc
    return onerror(func, path, exc_info)
           ^^^^^^^^^^^^^^^^^^^^^^^^^^^^^
  File "/opt/ohpc/pub/compiler/conda/latest/lib/python3.12/shutil.py", line 698, in _rmtree_safe_fd
    os.unlink(entry.name, dir_fd=topfd)
OSError: [Errno 16] Device or resource busy: '/tmp/pymp-vs9ljjn_'
Traceback (most recent call last):
  File "/opt/ohpc/pub/compiler/conda/latest/lib/python3.12/multiprocessing/util.py", line 303, in _run_finalizers
    finalizer()
  File "/opt/ohpc/pub/compiler/conda/latest/lib/python3.12/multiprocessing/util.py", line 227, in __call__
    res = self._callback(*self._args, **self._kwargs)
          ^^^^^^^^^^^^^^^^^^^^^^^^^^^^^^^^^^^^^^^^^^^
  File "/opt/ohpc/pub/compiler/conda/latest/lib/python3.12/multiprocessing/util.py", line 136, in _remove_temp_dir
    rmtree(tempdir, onerror=onerror)
  File "/opt/ohpc/pub/compiler/conda/latest/lib/python3.12/shutil.py", line 759, in rmtree
    _rmtree_safe_fd(stack, onexc)
  File "/opt/ohpc/pub/compiler/conda/latest/lib/python3.12/shutil.py", line 703, in _rmtree_safe_fd
    onexc(func, path, err)
  File "/opt/ohpc/pub/compiler/conda/latest/lib/python3.12/shutil.py", line 750, in onexc
    return onerror(func, path, exc_info)
           ^^^^^^^^^^^^^^^^^^^^^^^^^^^^^
  File "/opt/ohpc/pub/compiler/conda/latest/lib/python3.12/shutil.py", line 700, in _rmtree_safe_fd
    onexc(os.unlink, fullname, err)
  File "/opt/ohpc/pub/compiler/conda/latest/lib/python3.12/shutil.py", line 750, in onexc
    return onerror(func, path, exc_info)
           ^^^^^^^^^^^^^^^^^^^^^^^^^^^^^
  File "/opt/ohpc/pub/compiler/conda/latest/lib/python3.12/shutil.py", line 698, in _rmtree_safe_fd
    os.unlink(entry.name, dir_fd=topfd)
OSError: [Errno 16] Device or resource busy: '/tmp/pymp-5nryqgxl'
Traceback (most recent call last):
  File "/opt/ohpc/pub/compiler/conda/latest/lib/python3.12/multiprocessing/util.py", line 303, in _run_finalizers
    finalizer()
  File "/opt/ohpc/pub/compiler/conda/latest/lib/python3.12/multiprocessing/util.py", line 227, in __call__
    res = self._callback(*self._args, **self._kwargs)
          ^^^^^^^^^^^^^^^^^^^^^^^^^^^^^^^^^^^^^^^^^^^
  File "/opt/ohpc/pub/compiler/conda/latest/lib/python3.12/multiprocessing/util.py", line 136, in _remove_temp_dir
    rmtree(tempdir, onerror=onerror)
  File "/opt/ohpc/pub/compiler/conda/latest/lib/python3.12/shutil.py", line 759, in rmtree
    _rmtree_safe_fd(stack, onexc)
  File "/opt/ohpc/pub/compiler/conda/latest/lib/python3.12/shutil.py", line 703, in _rmtree_safe_fd
    onexc(func, path, err)
  File "/opt/ohpc/pub/compiler/conda/latest/lib/python3.12/shutil.py", line 750, in onexc
    return onerror(func, path, exc_info)
           ^^^^^^^^^^^^^^^^^^^^^^^^^^^^^
  File "/opt/ohpc/pub/compiler/conda/latest/lib/python3.12/shutil.py", line 700, in _rmtree_safe_fd
    onexc(os.unlink, fullname, err)
  File "/opt/ohpc/pub/compiler/conda/latest/lib/python3.12/shutil.py", line 750, in onexc
    return onerror(func, path, exc_info)
           ^^^^^^^^^^^^^^^^^^^^^^^^^^^^^
  File "/opt/ohpc/pub/compiler/conda/latest/lib/python3.12/shutil.py", line 698, in _rmtree_safe_fd
    os.unlink(entry.name, dir_fd=topfd)
Traceback (most recent call last):
OSError: [Errno 16] Device or resource busy: '/tmp/pymp-j1krs50a'
  File "/opt/ohpc/pub/compiler/conda/latest/lib/python3.12/multiprocessing/util.py", line 303, in _run_finalizers
    finalizer()
  File "/opt/ohpc/pub/compiler/conda/latest/lib/python3.12/multiprocessing/util.py", line 227, in __call__
    res = self._callback(*self._args, **self._kwargs)
          ^^^^^^^^^^^^^^^^^^^^^^^^^^^^^^^^^^^^^^^^^^^
  File "/opt/ohpc/pub/compiler/conda/latest/lib/python3.12/multiprocessing/util.py", line 136, in _remove_temp_dir
    rmtree(tempdir, onerror=onerror)
Traceback (most recent call last):
  File "/opt/ohpc/pub/compiler/conda/latest/lib/python3.12/shutil.py", line 759, in rmtree
    _rmtree_safe_fd(stack, onexc)
  File "/opt/ohpc/pub/compiler/conda/latest/lib/python3.12/shutil.py", line 703, in _rmtree_safe_fd
    onexc(func, path, err)
  File "/opt/ohpc/pub/compiler/conda/latest/lib/python3.12/shutil.py", line 750, in onexc
    return onerror(func, path, exc_info)
           ^^^^^^^^^^^^^^^^^^^^^^^^^^^^^
  File "/opt/ohpc/pub/compiler/conda/latest/lib/python3.12/shutil.py", line 700, in _rmtree_safe_fd
    onexc(os.unlink, fullname, err)
  File "/opt/ohpc/pub/compiler/conda/latest/lib/python3.12/shutil.py", line 750, in onexc
    return onerror(func, path, exc_info)
           ^^^^^^^^^^^^^^^^^^^^^^^^^^^^^
  File "/opt/ohpc/pub/compiler/conda/latest/lib/python3.12/shutil.py", line 698, in _rmtree_safe_fd
    os.unlink(entry.name, dir_fd=topfd)
OSError: [Errno 16] Device or resource busy: '/tmp/pymp-m3z60ief'
  File "/opt/ohpc/pub/compiler/conda/latest/lib/python3.12/multiprocessing/util.py", line 303, in _run_finalizers
    finalizer()
  File "/opt/ohpc/pub/compiler/conda/latest/lib/python3.12/multiprocessing/util.py", line 227, in __call__
    res = self._callback(*self._args, **self._kwargs)
          ^^^^^^^^^^^^^^^^^^^^^^^^^^^^^^^^^^^^^^^^^^^
  File "/opt/ohpc/pub/compiler/conda/latest/lib/python3.12/multiprocessing/util.py", line 136, in _remove_temp_dir
    rmtree(tempdir, onerror=onerror)
  File "/opt/ohpc/pub/compiler/conda/latest/lib/python3.12/shutil.py", line 759, in rmtree
    _rmtree_safe_fd(stack, onexc)
  File "/opt/ohpc/pub/compiler/conda/latest/lib/python3.12/shutil.py", line 703, in _rmtree_safe_fd
    onexc(func, path, err)
  File "/opt/ohpc/pub/compiler/conda/latest/lib/python3.12/shutil.py", line 750, in onexc
    return onerror(func, path, exc_info)
           ^^^^^^^^^^^^^^^^^^^^^^^^^^^^^
  File "/opt/ohpc/pub/compiler/conda/latest/lib/python3.12/shutil.py", line 700, in _rmtree_safe_fd
    onexc(os.unlink, fullname, err)
  File "/opt/ohpc/pub/compiler/conda/latest/lib/python3.12/shutil.py", line 750, in onexc
    return onerror(func, path, exc_info)
           ^^^^^^^^^^^^^^^^^^^^^^^^^^^^^
  File "/opt/ohpc/pub/compiler/conda/latest/lib/python3.12/shutil.py", line 698, in _rmtree_safe_fd
    os.unlink(entry.name, dir_fd=topfd)
OSError: [Errno 16] Device or resource busy: '/tmp/pymp-0t_tp77h'
Traceback (most recent call last):
  File "/opt/ohpc/pub/compiler/conda/latest/lib/python3.12/multiprocessing/util.py", line 303, in _run_finalizers
    finalizer()
  File "/opt/ohpc/pub/compiler/conda/latest/lib/python3.12/multiprocessing/util.py", line 227, in __call__
    res = self._callback(*self._args, **self._kwargs)
          ^^^^^^^^^^^^^^^^^^^^^^^^^^^^^^^^^^^^^^^^^^^
  File "/opt/ohpc/pub/compiler/conda/latest/lib/python3.12/multiprocessing/util.py", line 136, in _remove_temp_dir
    rmtree(tempdir, onerror=onerror)
  File "/opt/ohpc/pub/compiler/conda/latest/lib/python3.12/shutil.py", line 759, in rmtree
    _rmtree_safe_fd(stack, onexc)
  File "/opt/ohpc/pub/compiler/conda/latest/lib/python3.12/shutil.py", line 703, in _rmtree_safe_fd
    onexc(func, path, err)
  File "/opt/ohpc/pub/compiler/conda/latest/lib/python3.12/shutil.py", line 750, in onexc
    return onerror(func, path, exc_info)
           ^^^^^^^^^^^^^^^^^^^^^^^^^^^^^
  File "/opt/ohpc/pub/compiler/conda/latest/lib/python3.12/shutil.py", line 700, in _rmtree_safe_fd
    onexc(os.unlink, fullname, err)
  File "/opt/ohpc/pub/compiler/conda/latest/lib/python3.12/shutil.py", line 750, in onexc
    return onerror(func, path, exc_info)
           ^^^^^^^^^^^^^^^^^^^^^^^^^^^^^
  File "/opt/ohpc/pub/compiler/conda/latest/lib/python3.12/shutil.py", line 698, in _rmtree_safe_fd
    os.unlink(entry.name, dir_fd=topfd)
Traceback (most recent call last):
Traceback (most recent call last):
  File "/opt/ohpc/pub/compiler/conda/latest/lib/python3.12/multiprocessing/util.py", line 303, in _run_finalizers
    finalizer()
  File "/opt/ohpc/pub/compiler/conda/latest/lib/python3.12/multiprocessing/util.py", line 227, in __call__
    res = self._callback(*self._args, **self._kwargs)
          ^^^^^^^^^^^^^^^^^^^^^^^^^^^^^^^^^^^^^^^^^^^
  File "/opt/ohpc/pub/compiler/conda/latest/lib/python3.12/multiprocessing/util.py", line 136, in _remove_temp_dir
    rmtree(tempdir, onerror=onerror)
  File "/opt/ohpc/pub/compiler/conda/latest/lib/python3.12/shutil.py", line 759, in rmtree
    _rmtree_safe_fd(stack, onexc)
  File "/opt/ohpc/pub/compiler/conda/latest/lib/python3.12/shutil.py", line 703, in _rmtree_safe_fd
    onexc(func, path, err)
  File "/opt/ohpc/pub/compiler/conda/latest/lib/python3.12/shutil.py", line 750, in onexc
    return onerror(func, path, exc_info)
           ^^^^^^^^^^^^^^^^^^^^^^^^^^^^^
  File "/opt/ohpc/pub/compiler/conda/latest/lib/python3.12/shutil.py", line 700, in _rmtree_safe_fd
    onexc(os.unlink, fullname, err)
  File "/opt/ohpc/pub/compiler/conda/latest/lib/python3.12/shutil.py", line 750, in onexc
    return onerror(func, path, exc_info)
           ^^^^^^^^^^^^^^^^^^^^^^^^^^^^^
  File "/opt/ohpc/pub/compiler/conda/latest/lib/python3.12/shutil.py", line 698, in _rmtree_safe_fd
    os.unlink(entry.name, dir_fd=topfd)
OSError: [Errno 16] Device or resource busy: '/tmp/pymp-mxm6sss3'
Traceback (most recent call last):
Traceback (most recent call last):
OSError: [Errno 16] Device or resource busy: '/tmp/pymp-nngj8n9t'
  File "/opt/ohpc/pub/compiler/conda/latest/lib/python3.12/multiprocessing/util.py", line 303, in _run_finalizers
    finalizer()
  File "/opt/ohpc/pub/compiler/conda/latest/lib/python3.12/multiprocessing/util.py", line 227, in __call__
    res = self._callback(*self._args, **self._kwargs)
          ^^^^^^^^^^^^^^^^^^^^^^^^^^^^^^^^^^^^^^^^^^^
Traceback (most recent call last):
  File "/opt/ohpc/pub/compiler/conda/latest/lib/python3.12/multiprocessing/util.py", line 303, in _run_finalizers
    finalizer()
  File "/opt/ohpc/pub/compiler/conda/latest/lib/python3.12/multiprocessing/util.py", line 227, in __call__
    res = self._callback(*self._args, **self._kwargs)
          ^^^^^^^^^^^^^^^^^^^^^^^^^^^^^^^^^^^^^^^^^^^
  File "/opt/ohpc/pub/compiler/conda/latest/lib/python3.12/multiprocessing/util.py", line 136, in _remove_temp_dir
    rmtree(tempdir, onerror=onerror)
  File "/opt/ohpc/pub/compiler/conda/latest/lib/python3.12/shutil.py", line 759, in rmtree
    _rmtree_safe_fd(stack, onexc)
  File "/opt/ohpc/pub/compiler/conda/latest/lib/python3.12/shutil.py", line 703, in _rmtree_safe_fd
    onexc(func, path, err)
  File "/opt/ohpc/pub/compiler/conda/latest/lib/python3.12/shutil.py", line 750, in onexc
    return onerror(func, path, exc_info)
           ^^^^^^^^^^^^^^^^^^^^^^^^^^^^^
  File "/opt/ohpc/pub/compiler/conda/latest/lib/python3.12/shutil.py", line 700, in _rmtree_safe_fd
    onexc(os.unlink, fullname, err)
  File "/opt/ohpc/pub/compiler/conda/latest/lib/python3.12/shutil.py", line 750, in onexc
    return onerror(func, path, exc_info)
           ^^^^^^^^^^^^^^^^^^^^^^^^^^^^^
  File "/opt/ohpc/pub/compiler/conda/latest/lib/python3.12/shutil.py", line 698, in _rmtree_safe_fd
    os.unlink(entry.name, dir_fd=topfd)
OSError: [Errno 16] Device or resource busy: '/tmp/pymp-yghdd02e'
  File "/opt/ohpc/pub/compiler/conda/latest/lib/python3.12/multiprocessing/util.py", line 303, in _run_finalizers
    finalizer()
  File "/opt/ohpc/pub/compiler/conda/latest/lib/python3.12/multiprocessing/util.py", line 227, in __call__
    res = self._callback(*self._args, **self._kwargs)
          ^^^^^^^^^^^^^^^^^^^^^^^^^^^^^^^^^^^^^^^^^^^
  File "/opt/ohpc/pub/compiler/conda/latest/lib/python3.12/multiprocessing/util.py", line 136, in _remove_temp_dir
    rmtree(tempdir, onerror=onerror)
  File "/opt/ohpc/pub/compiler/conda/latest/lib/python3.12/shutil.py", line 759, in rmtree
    _rmtree_safe_fd(stack, onexc)
  File "/opt/ohpc/pub/compiler/conda/latest/lib/python3.12/shutil.py", line 703, in _rmtree_safe_fd
    onexc(func, path, err)
  File "/opt/ohpc/pub/compiler/conda/latest/lib/python3.12/shutil.py", line 750, in onexc
    return onerror(func, path, exc_info)
           ^^^^^^^^^^^^^^^^^^^^^^^^^^^^^
  File "/opt/ohpc/pub/compiler/conda/latest/lib/python3.12/shutil.py", line 700, in _rmtree_safe_fd
    onexc(os.unlink, fullname, err)
  File "/opt/ohpc/pub/compiler/conda/latest/lib/python3.12/shutil.py", line 750, in onexc
    return onerror(func, path, exc_info)
           ^^^^^^^^^^^^^^^^^^^^^^^^^^^^^
  File "/opt/ohpc/pub/compiler/conda/latest/lib/python3.12/shutil.py", line 698, in _rmtree_safe_fd
    os.unlink(entry.name, dir_fd=topfd)
OSError: [Errno 16] Device or resource busy: '/tmp/pymp-vz5d2tzn'
Traceback (most recent call last):
  File "/opt/ohpc/pub/compiler/conda/latest/lib/python3.12/multiprocessing/util.py", line 136, in _remove_temp_dir
    rmtree(tempdir, onerror=onerror)
  File "/opt/ohpc/pub/compiler/conda/latest/lib/python3.12/shutil.py", line 759, in rmtree
    _rmtree_safe_fd(stack, onexc)
  File "/opt/ohpc/pub/compiler/conda/latest/lib/python3.12/shutil.py", line 703, in _rmtree_safe_fd
    onexc(func, path, err)
  File "/opt/ohpc/pub/compiler/conda/latest/lib/python3.12/shutil.py", line 750, in onexc
    return onerror(func, path, exc_info)
           ^^^^^^^^^^^^^^^^^^^^^^^^^^^^^
  File "/opt/ohpc/pub/compiler/conda/latest/lib/python3.12/shutil.py", line 700, in _rmtree_safe_fd
    onexc(os.unlink, fullname, err)
  File "/opt/ohpc/pub/compiler/conda/latest/lib/python3.12/shutil.py", line 750, in onexc
    return onerror(func, path, exc_info)
           ^^^^^^^^^^^^^^^^^^^^^^^^^^^^^
  File "/opt/ohpc/pub/compiler/conda/latest/lib/python3.12/shutil.py", line 698, in _rmtree_safe_fd
    os.unlink(entry.name, dir_fd=topfd)
OSError: [Errno 16] Device or resource busy: '/tmp/pymp-03uh4l37'
  File "/opt/ohpc/pub/compiler/conda/latest/lib/python3.12/multiprocessing/util.py", line 303, in _run_finalizers
    finalizer()
  File "/opt/ohpc/pub/compiler/conda/latest/lib/python3.12/multiprocessing/util.py", line 227, in __call__
    res = self._callback(*self._args, **self._kwargs)
          ^^^^^^^^^^^^^^^^^^^^^^^^^^^^^^^^^^^^^^^^^^^
  File "/opt/ohpc/pub/compiler/conda/latest/lib/python3.12/multiprocessing/util.py", line 136, in _remove_temp_dir
    rmtree(tempdir, onerror=onerror)
  File "/opt/ohpc/pub/compiler/conda/latest/lib/python3.12/shutil.py", line 759, in rmtree
    _rmtree_safe_fd(stack, onexc)
  File "/opt/ohpc/pub/compiler/conda/latest/lib/python3.12/shutil.py", line 703, in _rmtree_safe_fd
    onexc(func, path, err)
  File "/opt/ohpc/pub/compiler/conda/latest/lib/python3.12/shutil.py", line 750, in onexc
    return onerror(func, path, exc_info)
           ^^^^^^^^^^^^^^^^^^^^^^^^^^^^^
  File "/opt/ohpc/pub/compiler/conda/latest/lib/python3.12/shutil.py", line 700, in _rmtree_safe_fd
    onexc(os.unlink, fullname, err)
  File "/opt/ohpc/pub/compiler/conda/latest/lib/python3.12/shutil.py", line 750, in onexc
    return onerror(func, path, exc_info)
           ^^^^^^^^^^^^^^^^^^^^^^^^^^^^^
  File "/opt/ohpc/pub/compiler/conda/latest/lib/python3.12/shutil.py", line 698, in _rmtree_safe_fd
    os.unlink(entry.name, dir_fd=topfd)
OSError: [Errno 16] Device or resource busy: '/tmp/pymp-ealkjj52'
  File "/opt/ohpc/pub/compiler/conda/latest/lib/python3.12/multiprocessing/util.py", line 303, in _run_finalizers
    finalizer()
  File "/opt/ohpc/pub/compiler/conda/latest/lib/python3.12/multiprocessing/util.py", line 227, in __call__
    res = self._callback(*self._args, **self._kwargs)
          ^^^^^^^^^^^^^^^^^^^^^^^^^^^^^^^^^^^^^^^^^^^
  File "/opt/ohpc/pub/compiler/conda/latest/lib/python3.12/multiprocessing/util.py", line 136, in _remove_temp_dir
    rmtree(tempdir, onerror=onerror)
  File "/opt/ohpc/pub/compiler/conda/latest/lib/python3.12/shutil.py", line 759, in rmtree
    _rmtree_safe_fd(stack, onexc)
  File "/opt/ohpc/pub/compiler/conda/latest/lib/python3.12/shutil.py", line 703, in _rmtree_safe_fd
    onexc(func, path, err)
  File "/opt/ohpc/pub/compiler/conda/latest/lib/python3.12/shutil.py", line 750, in onexc
    return onerror(func, path, exc_info)
           ^^^^^^^^^^^^^^^^^^^^^^^^^^^^^
  File "/opt/ohpc/pub/compiler/conda/latest/lib/python3.12/shutil.py", line 700, in _rmtree_safe_fd
    onexc(os.unlink, fullname, err)
  File "/opt/ohpc/pub/compiler/conda/latest/lib/python3.12/shutil.py", line 750, in onexc
    return onerror(func, path, exc_info)
           ^^^^^^^^^^^^^^^^^^^^^^^^^^^^^
  File "/opt/ohpc/pub/compiler/conda/latest/lib/python3.12/shutil.py", line 698, in _rmtree_safe_fd
    os.unlink(entry.name, dir_fd=topfd)
OSError: [Errno 16] Device or resource busy: '/tmp/pymp-3k5g8x8w'
