### task 0: configs/simsiam_r18_unified.yaml seed=42 -> checkpoints/simsiam_r18_unified_seed42
### node=ai01  gpus=1  started=2026-07-27T13:20:07+03:00
NVIDIA H100 NVL, 95830 MiB
NVIDIA H100 NVL, 95830 MiB
NVIDIA H100 NVL, 95830 MiB
NVIDIA H100 NVL, 95830 MiB
chown: changing ownership of '/dev/nvidia3': Operation not permitted
chmod: changing permissions of '/dev/nvidia3': Operation not permitted
setfacl: /dev/nvidia3: Operation not permitted
[cfg] device=cuda:0 backbone=resnet18 roi=(128, 128, 128) crop_mode=tumor batch=16 feature_dim=256
[data] train subjects=995 iters/epoch=62
[data] val subjects=200 (label-free monitor every 1 ep)
[model] backbone_dim=512 -> feature_dim=256 params=34.0M
[mlflow] tracking -> https://dagshub.com/alilivanturk/IDH-Classifier.mlflow (experiment=simsiam-brats-all, run=simsiam_r18_unified_seed42, run_id=d9785616d0dd4c26969635eb61a55b37)
  e000 it0000/62 lr=0.0000 loss=+0.0063 z_std=0.0641
  e000 it0010/62 lr=0.0001 loss=+0.0081 z_std=0.0642
  e000 it0020/62 lr=0.0001 loss=+0.0048 z_std=0.0642
  e000 it0030/62 lr=0.0002 loss=+0.0043 z_std=0.0642
  e000 it0040/62 lr=0.0002 loss=+0.0022 z_std=0.0642
  e000 it0050/62 lr=0.0003 loss=-0.0001 z_std=0.0642
  e000 it0060/62 lr=0.0003 loss=-0.0015 z_std=0.0642
[epoch 000] loss=-0.0016 z_std=0.0642 (healthy~0.0625) time=178.9s
Traceback (most recent call last):
Traceback (most recent call last):
Traceback (most recent call last):
  File "/opt/ohpc/pub/compiler/conda/latest/lib/python3.12/multiprocessing/util.py", line 303, in _run_finalizers
    finalizer()
  File "/opt/ohpc/pub/compiler/conda/latest/lib/python3.12/multiprocessing/util.py", line 227, in __call__
    res = self._callback(*self._args, **self._kwargs)
          ^^^^^^^^^^^^^^^^^^^^^^^^^^^^^^^^^^^^^^^^^^^
  File "/opt/ohpc/pub/compiler/conda/latest/lib/python3.12/multiprocessing/util.py", line 136, in _remove_temp_dir
    rmtree(tempdir, onerror=onerror)
  File "/opt/ohpc/pub/compiler/conda/latest/lib/python3.12/shutil.py", line 759, in rmtree
    _rmtree_safe_fd(stack, onexc)
  File "/opt/ohpc/pub/compiler/conda/latest/lib/python3.12/shutil.py", line 703, in _rmtree_safe_fd
    onexc(func, path, err)
  File "/opt/ohpc/pub/compiler/conda/latest/lib/python3.12/shutil.py", line 750, in onexc
    return onerror(func, path, exc_info)
           ^^^^^^^^^^^^^^^^^^^^^^^^^^^^^
  File "/opt/ohpc/pub/compiler/conda/latest/lib/python3.12/shutil.py", line 700, in _rmtree_safe_fd
    onexc(os.unlink, fullname, err)
  File "/opt/ohpc/pub/compiler/conda/latest/lib/python3.12/shutil.py", line 750, in onexc
    return onerror(func, path, exc_info)
           ^^^^^^^^^^^^^^^^^^^^^^^^^^^^^
  File "/opt/ohpc/pub/compiler/conda/latest/lib/python3.12/shutil.py", line 698, in _rmtree_safe_fd
    os.unlink(entry.name, dir_fd=topfd)
OSError: [Errno 16] Device or resource busy: '/tmp/pymp-lz5kg6kg'
  File "/opt/ohpc/pub/compiler/conda/latest/lib/python3.12/multiprocessing/util.py", line 303, in _run_finalizers
    finalizer()
  File "/opt/ohpc/pub/compiler/conda/latest/lib/python3.12/multiprocessing/util.py", line 227, in __call__
    res = self._callback(*self._args, **self._kwargs)
          ^^^^^^^^^^^^^^^^^^^^^^^^^^^^^^^^^^^^^^^^^^^
  File "/opt/ohpc/pub/compiler/conda/latest/lib/python3.12/multiprocessing/util.py", line 136, in _remove_temp_dir
    rmtree(tempdir, onerror=onerror)
  File "/opt/ohpc/pub/compiler/conda/latest/lib/python3.12/shutil.py", line 759, in rmtree
    _rmtree_safe_fd(stack, onexc)
  File "/opt/ohpc/pub/compiler/conda/latest/lib/python3.12/shutil.py", line 703, in _rmtree_safe_fd
    onexc(func, path, err)
  File "/opt/ohpc/pub/compiler/conda/latest/lib/python3.12/shutil.py", line 750, in onexc
    return onerror(func, path, exc_info)
           ^^^^^^^^^^^^^^^^^^^^^^^^^^^^^
  File "/opt/ohpc/pub/compiler/conda/latest/lib/python3.12/shutil.py", line 700, in _rmtree_safe_fd
    onexc(os.unlink, fullname, err)
  File "/opt/ohpc/pub/compiler/conda/latest/lib/python3.12/shutil.py", line 750, in onexc
    return onerror(func, path, exc_info)
           ^^^^^^^^^^^^^^^^^^^^^^^^^^^^^
  File "/opt/ohpc/pub/compiler/conda/latest/lib/python3.12/shutil.py", line 698, in _rmtree_safe_fd
    os.unlink(entry.name, dir_fd=topfd)
OSError: [Errno 16] Device or resource busy: '/tmp/pymp-bqpmk2mz'
  File "/opt/ohpc/pub/compiler/conda/latest/lib/python3.12/multiprocessing/util.py", line 303, in _run_finalizers
    finalizer()
  File "/opt/ohpc/pub/compiler/conda/latest/lib/python3.12/multiprocessing/util.py", line 227, in __call__
    res = self._callback(*self._args, **self._kwargs)
          ^^^^^^^^^^^^^^^^^^^^^^^^^^^^^^^^^^^^^^^^^^^
  File "/opt/ohpc/pub/compiler/conda/latest/lib/python3.12/multiprocessing/util.py", line 136, in _remove_temp_dir
    rmtree(tempdir, onerror=onerror)
  File "/opt/ohpc/pub/compiler/conda/latest/lib/python3.12/shutil.py", line 759, in rmtree
    _rmtree_safe_fd(stack, onexc)
  File "/opt/ohpc/pub/compiler/conda/latest/lib/python3.12/shutil.py", line 703, in _rmtree_safe_fd
    onexc(func, path, err)
  File "/opt/ohpc/pub/compiler/conda/latest/lib/python3.12/shutil.py", line 750, in onexc
    return onerror(func, path, exc_info)
           ^^^^^^^^^^^^^^^^^^^^^^^^^^^^^
  File "/opt/ohpc/pub/compiler/conda/latest/lib/python3.12/shutil.py", line 700, in _rmtree_safe_fd
    onexc(os.unlink, fullname, err)
  File "/opt/ohpc/pub/compiler/conda/latest/lib/python3.12/shutil.py", line 750, in onexc
    return onerror(func, path, exc_info)
           ^^^^^^^^^^^^^^^^^^^^^^^^^^^^^
  File "/opt/ohpc/pub/compiler/conda/latest/lib/python3.12/shutil.py", line 698, in _rmtree_safe_fd
    os.unlink(entry.name, dir_fd=topfd)
Traceback (most recent call last):
OSError: [Errno 16] Device or resource busy: '/tmp/pymp-p725sqjj'
  File "/opt/ohpc/pub/compiler/conda/latest/lib/python3.12/multiprocessing/util.py", line 303, in _run_finalizers
    finalizer()
Traceback (most recent call last):
  File "/opt/ohpc/pub/compiler/conda/latest/lib/python3.12/multiprocessing/util.py", line 227, in __call__
    res = self._callback(*self._args, **self._kwargs)
          ^^^^^^^^^^^^^^^^^^^^^^^^^^^^^^^^^^^^^^^^^^^
Traceback (most recent call last):
  File "/opt/ohpc/pub/compiler/conda/latest/lib/python3.12/multiprocessing/util.py", line 136, in _remove_temp_dir
    rmtree(tempdir, onerror=onerror)
  File "/opt/ohpc/pub/compiler/conda/latest/lib/python3.12/shutil.py", line 759, in rmtree
    _rmtree_safe_fd(stack, onexc)
  File "/opt/ohpc/pub/compiler/conda/latest/lib/python3.12/shutil.py", line 703, in _rmtree_safe_fd
    onexc(func, path, err)
  File "/opt/ohpc/pub/compiler/conda/latest/lib/python3.12/shutil.py", line 750, in onexc
    return onerror(func, path, exc_info)
           ^^^^^^^^^^^^^^^^^^^^^^^^^^^^^
Traceback (most recent call last):
  File "/opt/ohpc/pub/compiler/conda/latest/lib/python3.12/shutil.py", line 700, in _rmtree_safe_fd
    onexc(os.unlink, fullname, err)
  File "/opt/ohpc/pub/compiler/conda/latest/lib/python3.12/shutil.py", line 750, in onexc
    return onerror(func, path, exc_info)
           ^^^^^^^^^^^^^^^^^^^^^^^^^^^^^
  File "/opt/ohpc/pub/compiler/conda/latest/lib/python3.12/shutil.py", line 698, in _rmtree_safe_fd
    os.unlink(entry.name, dir_fd=topfd)
OSError: [Errno 16] Device or resource busy: '/tmp/pymp-t6oiqsxk'
Traceback (most recent call last):
Traceback (most recent call last):
Traceback (most recent call last):
  File "/opt/ohpc/pub/compiler/conda/latest/lib/python3.12/multiprocessing/util.py", line 303, in _run_finalizers
    finalizer()
  File "/opt/ohpc/pub/compiler/conda/latest/lib/python3.12/multiprocessing/util.py", line 227, in __call__
    res = self._callback(*self._args, **self._kwargs)
          ^^^^^^^^^^^^^^^^^^^^^^^^^^^^^^^^^^^^^^^^^^^
  File "/opt/ohpc/pub/compiler/conda/latest/lib/python3.12/multiprocessing/util.py", line 136, in _remove_temp_dir
    rmtree(tempdir, onerror=onerror)
  File "/opt/ohpc/pub/compiler/conda/latest/lib/python3.12/shutil.py", line 759, in rmtree
    _rmtree_safe_fd(stack, onexc)
  File "/opt/ohpc/pub/compiler/conda/latest/lib/python3.12/shutil.py", line 703, in _rmtree_safe_fd
    onexc(func, path, err)
  File "/opt/ohpc/pub/compiler/conda/latest/lib/python3.12/shutil.py", line 750, in onexc
    return onerror(func, path, exc_info)
           ^^^^^^^^^^^^^^^^^^^^^^^^^^^^^
  File "/opt/ohpc/pub/compiler/conda/latest/lib/python3.12/shutil.py", line 700, in _rmtree_safe_fd
    onexc(os.unlink, fullname, err)
  File "/opt/ohpc/pub/compiler/conda/latest/lib/python3.12/shutil.py", line 750, in onexc
    return onerror(func, path, exc_info)
           ^^^^^^^^^^^^^^^^^^^^^^^^^^^^^
  File "/opt/ohpc/pub/compiler/conda/latest/lib/python3.12/shutil.py", line 698, in _rmtree_safe_fd
    os.unlink(entry.name, dir_fd=topfd)
  File "/opt/ohpc/pub/compiler/conda/latest/lib/python3.12/multiprocessing/util.py", line 303, in _run_finalizers
    finalizer()
OSError: [Errno 16] Device or resource busy: '/tmp/pymp-k5u7iav8'
  File "/opt/ohpc/pub/compiler/conda/latest/lib/python3.12/multiprocessing/util.py", line 227, in __call__
    res = self._callback(*self._args, **self._kwargs)
          ^^^^^^^^^^^^^^^^^^^^^^^^^^^^^^^^^^^^^^^^^^^
  File "/opt/ohpc/pub/compiler/conda/latest/lib/python3.12/multiprocessing/util.py", line 303, in _run_finalizers
    finalizer()
  File "/opt/ohpc/pub/compiler/conda/latest/lib/python3.12/multiprocessing/util.py", line 136, in _remove_temp_dir
    rmtree(tempdir, onerror=onerror)
  File "/opt/ohpc/pub/compiler/conda/latest/lib/python3.12/shutil.py", line 759, in rmtree
    _rmtree_safe_fd(stack, onexc)
  File "/opt/ohpc/pub/compiler/conda/latest/lib/python3.12/shutil.py", line 703, in _rmtree_safe_fd
    onexc(func, path, err)
  File "/opt/ohpc/pub/compiler/conda/latest/lib/python3.12/multiprocessing/util.py", line 227, in __call__
    res = self._callback(*self._args, **self._kwargs)
          ^^^^^^^^^^^^^^^^^^^^^^^^^^^^^^^^^^^^^^^^^^^
  File "/opt/ohpc/pub/compiler/conda/latest/lib/python3.12/shutil.py", line 750, in onexc
    return onerror(func, path, exc_info)
           ^^^^^^^^^^^^^^^^^^^^^^^^^^^^^
  File "/opt/ohpc/pub/compiler/conda/latest/lib/python3.12/multiprocessing/util.py", line 136, in _remove_temp_dir
    rmtree(tempdir, onerror=onerror)
  File "/opt/ohpc/pub/compiler/conda/latest/lib/python3.12/shutil.py", line 700, in _rmtree_safe_fd
    onexc(os.unlink, fullname, err)
  File "/opt/ohpc/pub/compiler/conda/latest/lib/python3.12/shutil.py", line 759, in rmtree
    _rmtree_safe_fd(stack, onexc)
  File "/opt/ohpc/pub/compiler/conda/latest/lib/python3.12/shutil.py", line 750, in onexc
    return onerror(func, path, exc_info)
           ^^^^^^^^^^^^^^^^^^^^^^^^^^^^^
  File "/opt/ohpc/pub/compiler/conda/latest/lib/python3.12/shutil.py", line 703, in _rmtree_safe_fd
    onexc(func, path, err)
  File "/opt/ohpc/pub/compiler/conda/latest/lib/python3.12/shutil.py", line 698, in _rmtree_safe_fd
    os.unlink(entry.name, dir_fd=topfd)
  File "/opt/ohpc/pub/compiler/conda/latest/lib/python3.12/shutil.py", line 750, in onexc
    return onerror(func, path, exc_info)
           ^^^^^^^^^^^^^^^^^^^^^^^^^^^^^
  File "/opt/ohpc/pub/compiler/conda/latest/lib/python3.12/shutil.py", line 700, in _rmtree_safe_fd
    onexc(os.unlink, fullname, err)
  File "/opt/ohpc/pub/compiler/conda/latest/lib/python3.12/shutil.py", line 750, in onexc
    return onerror(func, path, exc_info)
           ^^^^^^^^^^^^^^^^^^^^^^^^^^^^^
  File "/opt/ohpc/pub/compiler/conda/latest/lib/python3.12/shutil.py", line 698, in _rmtree_safe_fd
    os.unlink(entry.name, dir_fd=topfd)
OSError: [Errno 16] Device or resource busy: '/tmp/pymp-bzbe1p6h'
OSError: [Errno 16] Device or resource busy: '/tmp/pymp-3lrescg8'
  File "/opt/ohpc/pub/compiler/conda/latest/lib/python3.12/multiprocessing/util.py", line 303, in _run_finalizers
    finalizer()
  File "/opt/ohpc/pub/compiler/conda/latest/lib/python3.12/multiprocessing/util.py", line 303, in _run_finalizers
    finalizer()
  File "/opt/ohpc/pub/compiler/conda/latest/lib/python3.12/multiprocessing/util.py", line 227, in __call__
    res = self._callback(*self._args, **self._kwargs)
          ^^^^^^^^^^^^^^^^^^^^^^^^^^^^^^^^^^^^^^^^^^^
  File "/opt/ohpc/pub/compiler/conda/latest/lib/python3.12/multiprocessing/util.py", line 227, in __call__
    res = self._callback(*self._args, **self._kwargs)
          ^^^^^^^^^^^^^^^^^^^^^^^^^^^^^^^^^^^^^^^^^^^
  File "/opt/ohpc/pub/compiler/conda/latest/lib/python3.12/multiprocessing/util.py", line 136, in _remove_temp_dir
    rmtree(tempdir, onerror=onerror)
  File "/opt/ohpc/pub/compiler/conda/latest/lib/python3.12/multiprocessing/util.py", line 136, in _remove_temp_dir
    rmtree(tempdir, onerror=onerror)
  File "/opt/ohpc/pub/compiler/conda/latest/lib/python3.12/shutil.py", line 759, in rmtree
    _rmtree_safe_fd(stack, onexc)
  File "/opt/ohpc/pub/compiler/conda/latest/lib/python3.12/shutil.py", line 759, in rmtree
    _rmtree_safe_fd(stack, onexc)
  File "/opt/ohpc/pub/compiler/conda/latest/lib/python3.12/shutil.py", line 703, in _rmtree_safe_fd
    onexc(func, path, err)
  File "/opt/ohpc/pub/compiler/conda/latest/lib/python3.12/shutil.py", line 703, in _rmtree_safe_fd
    onexc(func, path, err)
  File "/opt/ohpc/pub/compiler/conda/latest/lib/python3.12/shutil.py", line 750, in onexc
    return onerror(func, path, exc_info)
           ^^^^^^^^^^^^^^^^^^^^^^^^^^^^^
  File "/opt/ohpc/pub/compiler/conda/latest/lib/python3.12/shutil.py", line 700, in _rmtree_safe_fd
    onexc(os.unlink, fullname, err)
  File "/opt/ohpc/pub/compiler/conda/latest/lib/python3.12/shutil.py", line 750, in onexc
    return onerror(func, path, exc_info)
           ^^^^^^^^^^^^^^^^^^^^^^^^^^^^^
  File "/opt/ohpc/pub/compiler/conda/latest/lib/python3.12/shutil.py", line 750, in onexc
    return onerror(func, path, exc_info)
           ^^^^^^^^^^^^^^^^^^^^^^^^^^^^^
  File "/opt/ohpc/pub/compiler/conda/latest/lib/python3.12/shutil.py", line 700, in _rmtree_safe_fd
    onexc(os.unlink, fullname, err)
  File "/opt/ohpc/pub/compiler/conda/latest/lib/python3.12/shutil.py", line 698, in _rmtree_safe_fd
    os.unlink(entry.name, dir_fd=topfd)
  File "/opt/ohpc/pub/compiler/conda/latest/lib/python3.12/shutil.py", line 750, in onexc
    return onerror(func, path, exc_info)
           ^^^^^^^^^^^^^^^^^^^^^^^^^^^^^
  File "/opt/ohpc/pub/compiler/conda/latest/lib/python3.12/shutil.py", line 698, in _rmtree_safe_fd
    os.unlink(entry.name, dir_fd=topfd)
OSError: [Errno 16] Device or resource busy: '/tmp/pymp-bnspjung'
OSError: [Errno 16] Device or resource busy: '/tmp/pymp-pym7r_mg'
  File "/opt/ohpc/pub/compiler/conda/latest/lib/python3.12/multiprocessing/util.py", line 303, in _run_finalizers
    finalizer()
  File "/opt/ohpc/pub/compiler/conda/latest/lib/python3.12/multiprocessing/util.py", line 227, in __call__
    res = self._callback(*self._args, **self._kwargs)
          ^^^^^^^^^^^^^^^^^^^^^^^^^^^^^^^^^^^^^^^^^^^
  File "/opt/ohpc/pub/compiler/conda/latest/lib/python3.12/multiprocessing/util.py", line 136, in _remove_temp_dir
    rmtree(tempdir, onerror=onerror)
  File "/opt/ohpc/pub/compiler/conda/latest/lib/python3.12/shutil.py", line 759, in rmtree
    _rmtree_safe_fd(stack, onexc)
  File "/opt/ohpc/pub/compiler/conda/latest/lib/python3.12/shutil.py", line 703, in _rmtree_safe_fd
    onexc(func, path, err)
  File "/opt/ohpc/pub/compiler/conda/latest/lib/python3.12/shutil.py", line 750, in onexc
    return onerror(func, path, exc_info)
           ^^^^^^^^^^^^^^^^^^^^^^^^^^^^^
  File "/opt/ohpc/pub/compiler/conda/latest/lib/python3.12/shutil.py", line 700, in _rmtree_safe_fd
    onexc(os.unlink, fullname, err)
  File "/opt/ohpc/pub/compiler/conda/latest/lib/python3.12/shutil.py", line 750, in onexc
    return onerror(func, path, exc_info)
           ^^^^^^^^^^^^^^^^^^^^^^^^^^^^^
  File "/opt/ohpc/pub/compiler/conda/latest/lib/python3.12/shutil.py", line 698, in _rmtree_safe_fd
    os.unlink(entry.name, dir_fd=topfd)
OSError: [Errno 16] Device or resource busy: '/tmp/pymp-9turlkj7'
Traceback (most recent call last):
Traceback (most recent call last):
Traceback (most recent call last):
Traceback (most recent call last):
Traceback (most recent call last):
  File "/opt/ohpc/pub/compiler/conda/latest/lib/python3.12/multiprocessing/util.py", line 303, in _run_finalizers
    finalizer()
Traceback (most recent call last):
  File "/opt/ohpc/pub/compiler/conda/latest/lib/python3.12/multiprocessing/util.py", line 227, in __call__
    res = self._callback(*self._args, **self._kwargs)
          ^^^^^^^^^^^^^^^^^^^^^^^^^^^^^^^^^^^^^^^^^^^
  File "/opt/ohpc/pub/compiler/conda/latest/lib/python3.12/multiprocessing/util.py", line 136, in _remove_temp_dir
    rmtree(tempdir, onerror=onerror)
  File "/opt/ohpc/pub/compiler/conda/latest/lib/python3.12/shutil.py", line 759, in rmtree
    _rmtree_safe_fd(stack, onexc)
  File "/opt/ohpc/pub/compiler/conda/latest/lib/python3.12/shutil.py", line 703, in _rmtree_safe_fd
    onexc(func, path, err)
  File "/opt/ohpc/pub/compiler/conda/latest/lib/python3.12/shutil.py", line 750, in onexc
    return onerror(func, path, exc_info)
           ^^^^^^^^^^^^^^^^^^^^^^^^^^^^^
  File "/opt/ohpc/pub/compiler/conda/latest/lib/python3.12/shutil.py", line 700, in _rmtree_safe_fd
    onexc(os.unlink, fullname, err)
  File "/opt/ohpc/pub/compiler/conda/latest/lib/python3.12/shutil.py", line 750, in onexc
    return onerror(func, path, exc_info)
           ^^^^^^^^^^^^^^^^^^^^^^^^^^^^^
  File "/opt/ohpc/pub/compiler/conda/latest/lib/python3.12/shutil.py", line 698, in _rmtree_safe_fd
    os.unlink(entry.name, dir_fd=topfd)
Traceback (most recent call last):
OSError: [Errno 16] Device or resource busy: '/tmp/pymp-dgb89j0r'
Traceback (most recent call last):
Traceback (most recent call last):
Traceback (most recent call last):
  File "/opt/ohpc/pub/compiler/conda/latest/lib/python3.12/multiprocessing/util.py", line 303, in _run_finalizers
    finalizer()
  File "/opt/ohpc/pub/compiler/conda/latest/lib/python3.12/multiprocessing/util.py", line 227, in __call__
    res = self._callback(*self._args, **self._kwargs)
          ^^^^^^^^^^^^^^^^^^^^^^^^^^^^^^^^^^^^^^^^^^^
  File "/opt/ohpc/pub/compiler/conda/latest/lib/python3.12/multiprocessing/util.py", line 136, in _remove_temp_dir
    rmtree(tempdir, onerror=onerror)
  File "/opt/ohpc/pub/compiler/conda/latest/lib/python3.12/shutil.py", line 759, in rmtree
    _rmtree_safe_fd(stack, onexc)
  File "/opt/ohpc/pub/compiler/conda/latest/lib/python3.12/shutil.py", line 703, in _rmtree_safe_fd
    onexc(func, path, err)
  File "/opt/ohpc/pub/compiler/conda/latest/lib/python3.12/shutil.py", line 750, in onexc
    return onerror(func, path, exc_info)
           ^^^^^^^^^^^^^^^^^^^^^^^^^^^^^
  File "/opt/ohpc/pub/compiler/conda/latest/lib/python3.12/shutil.py", line 700, in _rmtree_safe_fd
    onexc(os.unlink, fullname, err)
  File "/opt/ohpc/pub/compiler/conda/latest/lib/python3.12/shutil.py", line 750, in onexc
    return onerror(func, path, exc_info)
           ^^^^^^^^^^^^^^^^^^^^^^^^^^^^^
  File "/opt/ohpc/pub/compiler/conda/latest/lib/python3.12/shutil.py", line 698, in _rmtree_safe_fd
    os.unlink(entry.name, dir_fd=topfd)
OSError: [Errno 16] Device or resource busy: '/tmp/pymp-1019r3eo'
  File "/opt/ohpc/pub/compiler/conda/latest/lib/python3.12/multiprocessing/util.py", line 303, in _run_finalizers
    finalizer()
  File "/opt/ohpc/pub/compiler/conda/latest/lib/python3.12/multiprocessing/util.py", line 303, in _run_finalizers
    finalizer()
  File "/opt/ohpc/pub/compiler/conda/latest/lib/python3.12/multiprocessing/util.py", line 227, in __call__
    res = self._callback(*self._args, **self._kwargs)
          ^^^^^^^^^^^^^^^^^^^^^^^^^^^^^^^^^^^^^^^^^^^
  File "/opt/ohpc/pub/compiler/conda/latest/lib/python3.12/multiprocessing/util.py", line 136, in _remove_temp_dir
    rmtree(tempdir, onerror=onerror)
  File "/opt/ohpc/pub/compiler/conda/latest/lib/python3.12/multiprocessing/util.py", line 227, in __call__
    res = self._callback(*self._args, **self._kwargs)
          ^^^^^^^^^^^^^^^^^^^^^^^^^^^^^^^^^^^^^^^^^^^
  File "/opt/ohpc/pub/compiler/conda/latest/lib/python3.12/shutil.py", line 759, in rmtree
    _rmtree_safe_fd(stack, onexc)
  File "/opt/ohpc/pub/compiler/conda/latest/lib/python3.12/multiprocessing/util.py", line 136, in _remove_temp_dir
    rmtree(tempdir, onerror=onerror)
  File "/opt/ohpc/pub/compiler/conda/latest/lib/python3.12/shutil.py", line 703, in _rmtree_safe_fd
    onexc(func, path, err)
  File "/opt/ohpc/pub/compiler/conda/latest/lib/python3.12/shutil.py", line 759, in rmtree
    _rmtree_safe_fd(stack, onexc)
  File "/opt/ohpc/pub/compiler/conda/latest/lib/python3.12/shutil.py", line 750, in onexc
    return onerror(func, path, exc_info)
           ^^^^^^^^^^^^^^^^^^^^^^^^^^^^^
  File "/opt/ohpc/pub/compiler/conda/latest/lib/python3.12/shutil.py", line 703, in _rmtree_safe_fd
    onexc(func, path, err)
  File "/opt/ohpc/pub/compiler/conda/latest/lib/python3.12/shutil.py", line 700, in _rmtree_safe_fd
    onexc(os.unlink, fullname, err)
  File "/opt/ohpc/pub/compiler/conda/latest/lib/python3.12/shutil.py", line 750, in onexc
    return onerror(func, path, exc_info)
           ^^^^^^^^^^^^^^^^^^^^^^^^^^^^^
  File "/opt/ohpc/pub/compiler/conda/latest/lib/python3.12/shutil.py", line 750, in onexc
    return onerror(func, path, exc_info)
           ^^^^^^^^^^^^^^^^^^^^^^^^^^^^^
  File "/opt/ohpc/pub/compiler/conda/latest/lib/python3.12/shutil.py", line 698, in _rmtree_safe_fd
    os.unlink(entry.name, dir_fd=topfd)
  File "/opt/ohpc/pub/compiler/conda/latest/lib/python3.12/shutil.py", line 700, in _rmtree_safe_fd
    onexc(os.unlink, fullname, err)
  File "/opt/ohpc/pub/compiler/conda/latest/lib/python3.12/shutil.py", line 750, in onexc
    return onerror(func, path, exc_info)
           ^^^^^^^^^^^^^^^^^^^^^^^^^^^^^
  File "/opt/ohpc/pub/compiler/conda/latest/lib/python3.12/shutil.py", line 698, in _rmtree_safe_fd
    os.unlink(entry.name, dir_fd=topfd)
OSError: [Errno 16] Device or resource busy: '/tmp/pymp-b_o9b6vz'
OSError: [Errno 16] Device or resource busy: '/tmp/pymp-nnc688qt'
  File "/opt/ohpc/pub/compiler/conda/latest/lib/python3.12/multiprocessing/util.py", line 303, in _run_finalizers
    finalizer()
  File "/opt/ohpc/pub/compiler/conda/latest/lib/python3.12/multiprocessing/util.py", line 227, in __call__
    res = self._callback(*self._args, **self._kwargs)
          ^^^^^^^^^^^^^^^^^^^^^^^^^^^^^^^^^^^^^^^^^^^
  File "/opt/ohpc/pub/compiler/conda/latest/lib/python3.12/multiprocessing/util.py", line 136, in _remove_temp_dir
    rmtree(tempdir, onerror=onerror)
  File "/opt/ohpc/pub/compiler/conda/latest/lib/python3.12/shutil.py", line 759, in rmtree
    _rmtree_safe_fd(stack, onexc)
  File "/opt/ohpc/pub/compiler/conda/latest/lib/python3.12/shutil.py", line 703, in _rmtree_safe_fd
    onexc(func, path, err)
  File "/opt/ohpc/pub/compiler/conda/latest/lib/python3.12/shutil.py", line 750, in onexc
    return onerror(func, path, exc_info)
           ^^^^^^^^^^^^^^^^^^^^^^^^^^^^^
  File "/opt/ohpc/pub/compiler/conda/latest/lib/python3.12/shutil.py", line 700, in _rmtree_safe_fd
    onexc(os.unlink, fullname, err)
  File "/opt/ohpc/pub/compiler/conda/latest/lib/python3.12/shutil.py", line 750, in onexc
    return onerror(func, path, exc_info)
           ^^^^^^^^^^^^^^^^^^^^^^^^^^^^^
  File "/opt/ohpc/pub/compiler/conda/latest/lib/python3.12/shutil.py", line 698, in _rmtree_safe_fd
    os.unlink(entry.name, dir_fd=topfd)
OSError: [Errno 16] Device or resource busy: '/tmp/pymp-q6903doi'
  File "/opt/ohpc/pub/compiler/conda/latest/lib/python3.12/multiprocessing/util.py", line 303, in _run_finalizers
    finalizer()
  File "/opt/ohpc/pub/compiler/conda/latest/lib/python3.12/multiprocessing/util.py", line 303, in _run_finalizers
    finalizer()
  File "/opt/ohpc/pub/compiler/conda/latest/lib/python3.12/multiprocessing/util.py", line 227, in __call__
    res = self._callback(*self._args, **self._kwargs)
          ^^^^^^^^^^^^^^^^^^^^^^^^^^^^^^^^^^^^^^^^^^^
  File "/opt/ohpc/pub/compiler/conda/latest/lib/python3.12/multiprocessing/util.py", line 227, in __call__
    res = self._callback(*self._args, **self._kwargs)
          ^^^^^^^^^^^^^^^^^^^^^^^^^^^^^^^^^^^^^^^^^^^
  File "/opt/ohpc/pub/compiler/conda/latest/lib/python3.12/multiprocessing/util.py", line 136, in _remove_temp_dir
    rmtree(tempdir, onerror=onerror)
  File "/opt/ohpc/pub/compiler/conda/latest/lib/python3.12/multiprocessing/util.py", line 136, in _remove_temp_dir
    rmtree(tempdir, onerror=onerror)
  File "/opt/ohpc/pub/compiler/conda/latest/lib/python3.12/shutil.py", line 759, in rmtree
    _rmtree_safe_fd(stack, onexc)
  File "/opt/ohpc/pub/compiler/conda/latest/lib/python3.12/shutil.py", line 703, in _rmtree_safe_fd
    onexc(func, path, err)
  File "/opt/ohpc/pub/compiler/conda/latest/lib/python3.12/shutil.py", line 759, in rmtree
    _rmtree_safe_fd(stack, onexc)
  File "/opt/ohpc/pub/compiler/conda/latest/lib/python3.12/shutil.py", line 750, in onexc
    return onerror(func, path, exc_info)
           ^^^^^^^^^^^^^^^^^^^^^^^^^^^^^
  File "/opt/ohpc/pub/compiler/conda/latest/lib/python3.12/shutil.py", line 703, in _rmtree_safe_fd
    onexc(func, path, err)
  File "/opt/ohpc/pub/compiler/conda/latest/lib/python3.12/multiprocessing/util.py", line 303, in _run_finalizers
    finalizer()
  File "/opt/ohpc/pub/compiler/conda/latest/lib/python3.12/shutil.py", line 700, in _rmtree_safe_fd
    onexc(os.unlink, fullname, err)
  File "/opt/ohpc/pub/compiler/conda/latest/lib/python3.12/shutil.py", line 750, in onexc
    return onerror(func, path, exc_info)
           ^^^^^^^^^^^^^^^^^^^^^^^^^^^^^
  File "/opt/ohpc/pub/compiler/conda/latest/lib/python3.12/shutil.py", line 750, in onexc
    return onerror(func, path, exc_info)
           ^^^^^^^^^^^^^^^^^^^^^^^^^^^^^
  File "/opt/ohpc/pub/compiler/conda/latest/lib/python3.12/shutil.py", line 700, in _rmtree_safe_fd
    onexc(os.unlink, fullname, err)
  File "/opt/ohpc/pub/compiler/conda/latest/lib/python3.12/multiprocessing/util.py", line 227, in __call__
    res = self._callback(*self._args, **self._kwargs)
          ^^^^^^^^^^^^^^^^^^^^^^^^^^^^^^^^^^^^^^^^^^^
  File "/opt/ohpc/pub/compiler/conda/latest/lib/python3.12/shutil.py", line 698, in _rmtree_safe_fd
    os.unlink(entry.name, dir_fd=topfd)
  File "/opt/ohpc/pub/compiler/conda/latest/lib/python3.12/shutil.py", line 750, in onexc
    return onerror(func, path, exc_info)
           ^^^^^^^^^^^^^^^^^^^^^^^^^^^^^
  File "/opt/ohpc/pub/compiler/conda/latest/lib/python3.12/multiprocessing/util.py", line 136, in _remove_temp_dir
    rmtree(tempdir, onerror=onerror)
  File "/opt/ohpc/pub/compiler/conda/latest/lib/python3.12/shutil.py", line 698, in _rmtree_safe_fd
    os.unlink(entry.name, dir_fd=topfd)
  File "/opt/ohpc/pub/compiler/conda/latest/lib/python3.12/shutil.py", line 759, in rmtree
    _rmtree_safe_fd(stack, onexc)
  File "/opt/ohpc/pub/compiler/conda/latest/lib/python3.12/shutil.py", line 703, in _rmtree_safe_fd
    onexc(func, path, err)
  File "/opt/ohpc/pub/compiler/conda/latest/lib/python3.12/shutil.py", line 750, in onexc
    return onerror(func, path, exc_info)
           ^^^^^^^^^^^^^^^^^^^^^^^^^^^^^
OSError: [Errno 16] Device or resource busy: '/tmp/pymp-inpbhji_'
  File "/opt/ohpc/pub/compiler/conda/latest/lib/python3.12/shutil.py", line 700, in _rmtree_safe_fd
    onexc(os.unlink, fullname, err)
OSError: [Errno 16] Device or resource busy: '/tmp/pymp-3fhuq3h6'
  File "/opt/ohpc/pub/compiler/conda/latest/lib/python3.12/shutil.py", line 750, in onexc
    return onerror(func, path, exc_info)
           ^^^^^^^^^^^^^^^^^^^^^^^^^^^^^
  File "/opt/ohpc/pub/compiler/conda/latest/lib/python3.12/shutil.py", line 698, in _rmtree_safe_fd
    os.unlink(entry.name, dir_fd=topfd)
  File "/opt/ohpc/pub/compiler/conda/latest/lib/python3.12/multiprocessing/util.py", line 303, in _run_finalizers
    finalizer()
OSError: [Errno 16] Device or resource busy: '/tmp/pymp-hn_cz8xq'
  File "/opt/ohpc/pub/compiler/conda/latest/lib/python3.12/multiprocessing/util.py", line 227, in __call__
    res = self._callback(*self._args, **self._kwargs)
          ^^^^^^^^^^^^^^^^^^^^^^^^^^^^^^^^^^^^^^^^^^^
  File "/opt/ohpc/pub/compiler/conda/latest/lib/python3.12/multiprocessing/util.py", line 136, in _remove_temp_dir
    rmtree(tempdir, onerror=onerror)
  File "/opt/ohpc/pub/compiler/conda/latest/lib/python3.12/multiprocessing/util.py", line 303, in _run_finalizers
    finalizer()
  File "/opt/ohpc/pub/compiler/conda/latest/lib/python3.12/shutil.py", line 759, in rmtree
    _rmtree_safe_fd(stack, onexc)
  File "/opt/ohpc/pub/compiler/conda/latest/lib/python3.12/shutil.py", line 703, in _rmtree_safe_fd
    onexc(func, path, err)
  File "/opt/ohpc/pub/compiler/conda/latest/lib/python3.12/multiprocessing/util.py", line 227, in __call__
    res = self._callback(*self._args, **self._kwargs)
          ^^^^^^^^^^^^^^^^^^^^^^^^^^^^^^^^^^^^^^^^^^^
  File "/opt/ohpc/pub/compiler/conda/latest/lib/python3.12/shutil.py", line 750, in onexc
    return onerror(func, path, exc_info)
           ^^^^^^^^^^^^^^^^^^^^^^^^^^^^^
  File "/opt/ohpc/pub/compiler/conda/latest/lib/python3.12/multiprocessing/util.py", line 136, in _remove_temp_dir
    rmtree(tempdir, onerror=onerror)
  File "/opt/ohpc/pub/compiler/conda/latest/lib/python3.12/shutil.py", line 700, in _rmtree_safe_fd
    onexc(os.unlink, fullname, err)
  File "/opt/ohpc/pub/compiler/conda/latest/lib/python3.12/shutil.py", line 759, in rmtree
    _rmtree_safe_fd(stack, onexc)
  File "/opt/ohpc/pub/compiler/conda/latest/lib/python3.12/shutil.py", line 750, in onexc
    return onerror(func, path, exc_info)
           ^^^^^^^^^^^^^^^^^^^^^^^^^^^^^
  File "/opt/ohpc/pub/compiler/conda/latest/lib/python3.12/shutil.py", line 703, in _rmtree_safe_fd
    onexc(func, path, err)
  File "/opt/ohpc/pub/compiler/conda/latest/lib/python3.12/shutil.py", line 698, in _rmtree_safe_fd
    os.unlink(entry.name, dir_fd=topfd)
  File "/opt/ohpc/pub/compiler/conda/latest/lib/python3.12/shutil.py", line 750, in onexc
    return onerror(func, path, exc_info)
           ^^^^^^^^^^^^^^^^^^^^^^^^^^^^^
  File "/opt/ohpc/pub/compiler/conda/latest/lib/python3.12/shutil.py", line 700, in _rmtree_safe_fd
    onexc(os.unlink, fullname, err)
  File "/opt/ohpc/pub/compiler/conda/latest/lib/python3.12/shutil.py", line 750, in onexc
    return onerror(func, path, exc_info)
           ^^^^^^^^^^^^^^^^^^^^^^^^^^^^^
  File "/opt/ohpc/pub/compiler/conda/latest/lib/python3.12/shutil.py", line 698, in _rmtree_safe_fd
    os.unlink(entry.name, dir_fd=topfd)
OSError: [Errno 16] Device or resource busy: '/tmp/pymp-o9pmpy6l'
OSError: [Errno 16] Device or resource busy: '/tmp/pymp-wo3kzsky'
Traceback (most recent call last):
  File "/opt/ohpc/pub/compiler/conda/latest/lib/python3.12/multiprocessing/util.py", line 303, in _run_finalizers
    finalizer()
  File "/opt/ohpc/pub/compiler/conda/latest/lib/python3.12/multiprocessing/util.py", line 227, in __call__
    res = self._callback(*self._args, **self._kwargs)
          ^^^^^^^^^^^^^^^^^^^^^^^^^^^^^^^^^^^^^^^^^^^
  File "/opt/ohpc/pub/compiler/conda/latest/lib/python3.12/multiprocessing/util.py", line 136, in _remove_temp_dir
    rmtree(tempdir, onerror=onerror)
  File "/opt/ohpc/pub/compiler/conda/latest/lib/python3.12/shutil.py", line 759, in rmtree
    _rmtree_safe_fd(stack, onexc)
  File "/opt/ohpc/pub/compiler/conda/latest/lib/python3.12/shutil.py", line 703, in _rmtree_safe_fd
    onexc(func, path, err)
  File "/opt/ohpc/pub/compiler/conda/latest/lib/python3.12/shutil.py", line 750, in onexc
    return onerror(func, path, exc_info)
           ^^^^^^^^^^^^^^^^^^^^^^^^^^^^^
  File "/opt/ohpc/pub/compiler/conda/latest/lib/python3.12/shutil.py", line 700, in _rmtree_safe_fd
    onexc(os.unlink, fullname, err)
  File "/opt/ohpc/pub/compiler/conda/latest/lib/python3.12/shutil.py", line 750, in onexc
    return onerror(func, path, exc_info)
           ^^^^^^^^^^^^^^^^^^^^^^^^^^^^^
  File "/opt/ohpc/pub/compiler/conda/latest/lib/python3.12/shutil.py", line 698, in _rmtree_safe_fd
    os.unlink(entry.name, dir_fd=topfd)
OSError: [Errno 16] Device or resource busy: '/tmp/pymp-lk0cd03r'
Traceback (most recent call last):
  File "/opt/ohpc/pub/compiler/conda/latest/lib/python3.12/multiprocessing/util.py", line 303, in _run_finalizers
    finalizer()
  File "/opt/ohpc/pub/compiler/conda/latest/lib/python3.12/multiprocessing/util.py", line 227, in __call__
    res = self._callback(*self._args, **self._kwargs)
          ^^^^^^^^^^^^^^^^^^^^^^^^^^^^^^^^^^^^^^^^^^^
  File "/opt/ohpc/pub/compiler/conda/latest/lib/python3.12/multiprocessing/util.py", line 136, in _remove_temp_dir
    rmtree(tempdir, onerror=onerror)
  File "/opt/ohpc/pub/compiler/conda/latest/lib/python3.12/shutil.py", line 759, in rmtree
    _rmtree_safe_fd(stack, onexc)
  File "/opt/ohpc/pub/compiler/conda/latest/lib/python3.12/shutil.py", line 703, in _rmtree_safe_fd
    onexc(func, path, err)
  File "/opt/ohpc/pub/compiler/conda/latest/lib/python3.12/shutil.py", line 750, in onexc
    return onerror(func, path, exc_info)
           ^^^^^^^^^^^^^^^^^^^^^^^^^^^^^
  File "/opt/ohpc/pub/compiler/conda/latest/lib/python3.12/shutil.py", line 700, in _rmtree_safe_fd
    onexc(os.unlink, fullname, err)
  File "/opt/ohpc/pub/compiler/conda/latest/lib/python3.12/shutil.py", line 750, in onexc
    return onerror(func, path, exc_info)
           ^^^^^^^^^^^^^^^^^^^^^^^^^^^^^
  File "/opt/ohpc/pub/compiler/conda/latest/lib/python3.12/shutil.py", line 698, in _rmtree_safe_fd
    os.unlink(entry.name, dir_fd=topfd)
OSError: [Errno 16] Device or resource busy: '/tmp/pymp-k1yfv4b8'
Traceback (most recent call last):
Traceback (most recent call last):
Traceback (most recent call last):
Traceback (most recent call last):
Traceback (most recent call last):
Traceback (most recent call last):
Traceback (most recent call last):
Traceback (most recent call last):
  File "/opt/ohpc/pub/compiler/conda/latest/lib/python3.12/multiprocessing/util.py", line 303, in _run_finalizers
    finalizer()
  File "/opt/ohpc/pub/compiler/conda/latest/lib/python3.12/multiprocessing/util.py", line 227, in __call__
    res = self._callback(*self._args, **self._kwargs)
          ^^^^^^^^^^^^^^^^^^^^^^^^^^^^^^^^^^^^^^^^^^^
  File "/opt/ohpc/pub/compiler/conda/latest/lib/python3.12/multiprocessing/util.py", line 136, in _remove_temp_dir
    rmtree(tempdir, onerror=onerror)
  File "/opt/ohpc/pub/compiler/conda/latest/lib/python3.12/shutil.py", line 759, in rmtree
    _rmtree_safe_fd(stack, onexc)
  File "/opt/ohpc/pub/compiler/conda/latest/lib/python3.12/shutil.py", line 703, in _rmtree_safe_fd
    onexc(func, path, err)
  File "/opt/ohpc/pub/compiler/conda/latest/lib/python3.12/shutil.py", line 750, in onexc
    return onerror(func, path, exc_info)
           ^^^^^^^^^^^^^^^^^^^^^^^^^^^^^
  File "/opt/ohpc/pub/compiler/conda/latest/lib/python3.12/shutil.py", line 700, in _rmtree_safe_fd
    onexc(os.unlink, fullname, err)
  File "/opt/ohpc/pub/compiler/conda/latest/lib/python3.12/shutil.py", line 750, in onexc
    return onerror(func, path, exc_info)
           ^^^^^^^^^^^^^^^^^^^^^^^^^^^^^
  File "/opt/ohpc/pub/compiler/conda/latest/lib/python3.12/shutil.py", line 698, in _rmtree_safe_fd
    os.unlink(entry.name, dir_fd=topfd)
OSError: [Errno 16] Device or resource busy: '/tmp/pymp-lupjjj8m'
  File "/opt/ohpc/pub/compiler/conda/latest/lib/python3.12/multiprocessing/util.py", line 303, in _run_finalizers
    finalizer()
  File "/opt/ohpc/pub/compiler/conda/latest/lib/python3.12/multiprocessing/util.py", line 227, in __call__
    res = self._callback(*self._args, **self._kwargs)
          ^^^^^^^^^^^^^^^^^^^^^^^^^^^^^^^^^^^^^^^^^^^
  File "/opt/ohpc/pub/compiler/conda/latest/lib/python3.12/multiprocessing/util.py", line 136, in _remove_temp_dir
    rmtree(tempdir, onerror=onerror)
  File "/opt/ohpc/pub/compiler/conda/latest/lib/python3.12/shutil.py", line 759, in rmtree
    _rmtree_safe_fd(stack, onexc)
  File "/opt/ohpc/pub/compiler/conda/latest/lib/python3.12/shutil.py", line 703, in _rmtree_safe_fd
    onexc(func, path, err)
  File "/opt/ohpc/pub/compiler/conda/latest/lib/python3.12/shutil.py", line 750, in onexc
    return onerror(func, path, exc_info)
           ^^^^^^^^^^^^^^^^^^^^^^^^^^^^^
  File "/opt/ohpc/pub/compiler/conda/latest/lib/python3.12/shutil.py", line 700, in _rmtree_safe_fd
    onexc(os.unlink, fullname, err)
  File "/opt/ohpc/pub/compiler/conda/latest/lib/python3.12/shutil.py", line 750, in onexc
    return onerror(func, path, exc_info)
           ^^^^^^^^^^^^^^^^^^^^^^^^^^^^^
  File "/opt/ohpc/pub/compiler/conda/latest/lib/python3.12/shutil.py", line 698, in _rmtree_safe_fd
    os.unlink(entry.name, dir_fd=topfd)
OSError: [Errno 16] Device or resource busy: '/tmp/pymp-q63fg7n_'
  File "/opt/ohpc/pub/compiler/conda/latest/lib/python3.12/multiprocessing/util.py", line 303, in _run_finalizers
    finalizer()
  File "/opt/ohpc/pub/compiler/conda/latest/lib/python3.12/multiprocessing/util.py", line 227, in __call__
    res = self._callback(*self._args, **self._kwargs)
          ^^^^^^^^^^^^^^^^^^^^^^^^^^^^^^^^^^^^^^^^^^^
  File "/opt/ohpc/pub/compiler/conda/latest/lib/python3.12/multiprocessing/util.py", line 136, in _remove_temp_dir
    rmtree(tempdir, onerror=onerror)
  File "/opt/ohpc/pub/compiler/conda/latest/lib/python3.12/shutil.py", line 759, in rmtree
    _rmtree_safe_fd(stack, onexc)
  File "/opt/ohpc/pub/compiler/conda/latest/lib/python3.12/shutil.py", line 703, in _rmtree_safe_fd
    onexc(func, path, err)
  File "/opt/ohpc/pub/compiler/conda/latest/lib/python3.12/shutil.py", line 750, in onexc
    return onerror(func, path, exc_info)
           ^^^^^^^^^^^^^^^^^^^^^^^^^^^^^
  File "/opt/ohpc/pub/compiler/conda/latest/lib/python3.12/shutil.py", line 700, in _rmtree_safe_fd
    onexc(os.unlink, fullname, err)
  File "/opt/ohpc/pub/compiler/conda/latest/lib/python3.12/shutil.py", line 750, in onexc
    return onerror(func, path, exc_info)
           ^^^^^^^^^^^^^^^^^^^^^^^^^^^^^
  File "/opt/ohpc/pub/compiler/conda/latest/lib/python3.12/shutil.py", line 698, in _rmtree_safe_fd
    os.unlink(entry.name, dir_fd=topfd)
  File "/opt/ohpc/pub/compiler/conda/latest/lib/python3.12/multiprocessing/util.py", line 303, in _run_finalizers
    finalizer()
OSError: [Errno 16] Device or resource busy: '/tmp/pymp-u3wkukbs'
  File "/opt/ohpc/pub/compiler/conda/latest/lib/python3.12/multiprocessing/util.py", line 303, in _run_finalizers
    finalizer()
  File "/opt/ohpc/pub/compiler/conda/latest/lib/python3.12/multiprocessing/util.py", line 227, in __call__
    res = self._callback(*self._args, **self._kwargs)
          ^^^^^^^^^^^^^^^^^^^^^^^^^^^^^^^^^^^^^^^^^^^
  File "/opt/ohpc/pub/compiler/conda/latest/lib/python3.12/multiprocessing/util.py", line 136, in _remove_temp_dir
    rmtree(tempdir, onerror=onerror)
  File "/opt/ohpc/pub/compiler/conda/latest/lib/python3.12/shutil.py", line 759, in rmtree
    _rmtree_safe_fd(stack, onexc)
  File "/opt/ohpc/pub/compiler/conda/latest/lib/python3.12/multiprocessing/util.py", line 227, in __call__
    res = self._callback(*self._args, **self._kwargs)
          ^^^^^^^^^^^^^^^^^^^^^^^^^^^^^^^^^^^^^^^^^^^
  File "/opt/ohpc/pub/compiler/conda/latest/lib/python3.12/shutil.py", line 703, in _rmtree_safe_fd
    onexc(func, path, err)
  File "/opt/ohpc/pub/compiler/conda/latest/lib/python3.12/multiprocessing/util.py", line 136, in _remove_temp_dir
    rmtree(tempdir, onerror=onerror)
  File "/opt/ohpc/pub/compiler/conda/latest/lib/python3.12/shutil.py", line 750, in onexc
    return onerror(func, path, exc_info)
           ^^^^^^^^^^^^^^^^^^^^^^^^^^^^^
  File "/opt/ohpc/pub/compiler/conda/latest/lib/python3.12/shutil.py", line 759, in rmtree
    _rmtree_safe_fd(stack, onexc)
  File "/opt/ohpc/pub/compiler/conda/latest/lib/python3.12/shutil.py", line 700, in _rmtree_safe_fd
    onexc(os.unlink, fullname, err)
  File "/opt/ohpc/pub/compiler/conda/latest/lib/python3.12/shutil.py", line 703, in _rmtree_safe_fd
    onexc(func, path, err)
  File "/opt/ohpc/pub/compiler/conda/latest/lib/python3.12/shutil.py", line 750, in onexc
    return onerror(func, path, exc_info)
           ^^^^^^^^^^^^^^^^^^^^^^^^^^^^^
  File "/opt/ohpc/pub/compiler/conda/latest/lib/python3.12/shutil.py", line 698, in _rmtree_safe_fd
    os.unlink(entry.name, dir_fd=topfd)
  File "/opt/ohpc/pub/compiler/conda/latest/lib/python3.12/shutil.py", line 750, in onexc
    return onerror(func, path, exc_info)
           ^^^^^^^^^^^^^^^^^^^^^^^^^^^^^
  File "/opt/ohpc/pub/compiler/conda/latest/lib/python3.12/shutil.py", line 700, in _rmtree_safe_fd
    onexc(os.unlink, fullname, err)
  File "/opt/ohpc/pub/compiler/conda/latest/lib/python3.12/shutil.py", line 750, in onexc
    return onerror(func, path, exc_info)
           ^^^^^^^^^^^^^^^^^^^^^^^^^^^^^
  File "/opt/ohpc/pub/compiler/conda/latest/lib/python3.12/multiprocessing/util.py", line 303, in _run_finalizers
    finalizer()
  File "/opt/ohpc/pub/compiler/conda/latest/lib/python3.12/shutil.py", line 698, in _rmtree_safe_fd
    os.unlink(entry.name, dir_fd=topfd)
OSError: [Errno 16] Device or resource busy: '/tmp/pymp-5saa_uj8'
  File "/opt/ohpc/pub/compiler/conda/latest/lib/python3.12/multiprocessing/util.py", line 227, in __call__
    res = self._callback(*self._args, **self._kwargs)
          ^^^^^^^^^^^^^^^^^^^^^^^^^^^^^^^^^^^^^^^^^^^
  File "/opt/ohpc/pub/compiler/conda/latest/lib/python3.12/multiprocessing/util.py", line 136, in _remove_temp_dir
    rmtree(tempdir, onerror=onerror)
OSError: [Errno 16] Device or resource busy: '/tmp/pymp-h0qg9i09'
  File "/opt/ohpc/pub/compiler/conda/latest/lib/python3.12/shutil.py", line 759, in rmtree
    _rmtree_safe_fd(stack, onexc)
  File "/opt/ohpc/pub/compiler/conda/latest/lib/python3.12/shutil.py", line 703, in _rmtree_safe_fd
    onexc(func, path, err)
  File "/opt/ohpc/pub/compiler/conda/latest/lib/python3.12/shutil.py", line 750, in onexc
    return onerror(func, path, exc_info)
           ^^^^^^^^^^^^^^^^^^^^^^^^^^^^^
  File "/opt/ohpc/pub/compiler/conda/latest/lib/python3.12/shutil.py", line 700, in _rmtree_safe_fd
    onexc(os.unlink, fullname, err)
  File "/opt/ohpc/pub/compiler/conda/latest/lib/python3.12/shutil.py", line 750, in onexc
    return onerror(func, path, exc_info)
           ^^^^^^^^^^^^^^^^^^^^^^^^^^^^^
  File "/opt/ohpc/pub/compiler/conda/latest/lib/python3.12/shutil.py", line 698, in _rmtree_safe_fd
    os.unlink(entry.name, dir_fd=topfd)
  File "/opt/ohpc/pub/compiler/conda/latest/lib/python3.12/multiprocessing/util.py", line 303, in _run_finalizers
    finalizer()
OSError: [Errno 16] Device or resource busy: '/tmp/pymp-o1hf2u0l'
  File "/opt/ohpc/pub/compiler/conda/latest/lib/python3.12/multiprocessing/util.py", line 227, in __call__
    res = self._callback(*self._args, **self._kwargs)
          ^^^^^^^^^^^^^^^^^^^^^^^^^^^^^^^^^^^^^^^^^^^
  File "/opt/ohpc/pub/compiler/conda/latest/lib/python3.12/multiprocessing/util.py", line 136, in _remove_temp_dir
    rmtree(tempdir, onerror=onerror)
  File "/opt/ohpc/pub/compiler/conda/latest/lib/python3.12/shutil.py", line 759, in rmtree
    _rmtree_safe_fd(stack, onexc)
  File "/opt/ohpc/pub/compiler/conda/latest/lib/python3.12/shutil.py", line 703, in _rmtree_safe_fd
    onexc(func, path, err)
  File "/opt/ohpc/pub/compiler/conda/latest/lib/python3.12/shutil.py", line 750, in onexc
    return onerror(func, path, exc_info)
           ^^^^^^^^^^^^^^^^^^^^^^^^^^^^^
  File "/opt/ohpc/pub/compiler/conda/latest/lib/python3.12/shutil.py", line 700, in _rmtree_safe_fd
    onexc(os.unlink, fullname, err)
  File "/opt/ohpc/pub/compiler/conda/latest/lib/python3.12/multiprocessing/util.py", line 303, in _run_finalizers
    finalizer()
  File "/opt/ohpc/pub/compiler/conda/latest/lib/python3.12/shutil.py", line 750, in onexc
    return onerror(func, path, exc_info)
           ^^^^^^^^^^^^^^^^^^^^^^^^^^^^^
  File "/opt/ohpc/pub/compiler/conda/latest/lib/python3.12/shutil.py", line 698, in _rmtree_safe_fd
    os.unlink(entry.name, dir_fd=topfd)
  File "/opt/ohpc/pub/compiler/conda/latest/lib/python3.12/multiprocessing/util.py", line 227, in __call__
    res = self._callback(*self._args, **self._kwargs)
          ^^^^^^^^^^^^^^^^^^^^^^^^^^^^^^^^^^^^^^^^^^^
  File "/opt/ohpc/pub/compiler/conda/latest/lib/python3.12/multiprocessing/util.py", line 136, in _remove_temp_dir
    rmtree(tempdir, onerror=onerror)
  File "/opt/ohpc/pub/compiler/conda/latest/lib/python3.12/shutil.py", line 759, in rmtree
    _rmtree_safe_fd(stack, onexc)
OSError: [Errno 16] Device or resource busy: '/tmp/pymp-l5bucq4o'
  File "/opt/ohpc/pub/compiler/conda/latest/lib/python3.12/shutil.py", line 703, in _rmtree_safe_fd
    onexc(func, path, err)
  File "/opt/ohpc/pub/compiler/conda/latest/lib/python3.12/shutil.py", line 750, in onexc
    return onerror(func, path, exc_info)
           ^^^^^^^^^^^^^^^^^^^^^^^^^^^^^
  File "/opt/ohpc/pub/compiler/conda/latest/lib/python3.12/shutil.py", line 700, in _rmtree_safe_fd
    onexc(os.unlink, fullname, err)
  File "/opt/ohpc/pub/compiler/conda/latest/lib/python3.12/shutil.py", line 750, in onexc
    return onerror(func, path, exc_info)
           ^^^^^^^^^^^^^^^^^^^^^^^^^^^^^
  File "/opt/ohpc/pub/compiler/conda/latest/lib/python3.12/shutil.py", line 698, in _rmtree_safe_fd
    os.unlink(entry.name, dir_fd=topfd)
OSError: [Errno 16] Device or resource busy: '/tmp/pymp-kli5etgl'
[val 000] loss=-0.0099 z_std=0.0486 rankme=86.070 lidar=50.171 areq=1.229 pr=2.94 align=0.6508 unif=-1.819 converged=False collapsed=False
  e001 it0000/62 lr=0.0003 loss=-0.0064 z_std=0.0642
  e001 it0010/62 lr=0.0004 loss=-0.0126 z_std=0.0642
  e001 it0020/62 lr=0.0004 loss=-0.0142 z_std=0.0642
  e001 it0030/62 lr=0.0005 loss=-0.0159 z_std=0.0642
  e001 it0040/62 lr=0.0005 loss=-0.0176 z_std=0.0642
  e001 it0050/62 lr=0.0006 loss=-0.0186 z_std=0.0642
  e001 it0060/62 lr=0.0006 loss=-0.0218 z_std=0.0642
[epoch 001] loss=-0.0222 z_std=0.0642 (healthy~0.0625) time=176.6s
Traceback (most recent call last):
Traceback (most recent call last):
Traceback (most recent call last):
Traceback (most recent call last):
Traceback (most recent call last):
Traceback (most recent call last):
  File "/opt/ohpc/pub/compiler/conda/latest/lib/python3.12/multiprocessing/util.py", line 303, in _run_finalizers
    finalizer()
Traceback (most recent call last):
  File "/opt/ohpc/pub/compiler/conda/latest/lib/python3.12/multiprocessing/util.py", line 227, in __call__
    res = self._callback(*self._args, **self._kwargs)
          ^^^^^^^^^^^^^^^^^^^^^^^^^^^^^^^^^^^^^^^^^^^
  File "/opt/ohpc/pub/compiler/conda/latest/lib/python3.12/multiprocessing/util.py", line 136, in _remove_temp_dir
    rmtree(tempdir, onerror=onerror)
  File "/opt/ohpc/pub/compiler/conda/latest/lib/python3.12/shutil.py", line 759, in rmtree
    _rmtree_safe_fd(stack, onexc)
  File "/opt/ohpc/pub/compiler/conda/latest/lib/python3.12/shutil.py", line 703, in _rmtree_safe_fd
    onexc(func, path, err)
  File "/opt/ohpc/pub/compiler/conda/latest/lib/python3.12/shutil.py", line 750, in onexc
    return onerror(func, path, exc_info)
           ^^^^^^^^^^^^^^^^^^^^^^^^^^^^^
  File "/opt/ohpc/pub/compiler/conda/latest/lib/python3.12/shutil.py", line 700, in _rmtree_safe_fd
    onexc(os.unlink, fullname, err)
  File "/opt/ohpc/pub/compiler/conda/latest/lib/python3.12/shutil.py", line 750, in onexc
    return onerror(func, path, exc_info)
           ^^^^^^^^^^^^^^^^^^^^^^^^^^^^^
  File "/opt/ohpc/pub/compiler/conda/latest/lib/python3.12/shutil.py", line 698, in _rmtree_safe_fd
    os.unlink(entry.name, dir_fd=topfd)
OSError: [Errno 16] Device or resource busy: '/tmp/pymp-617qldmt'
Traceback (most recent call last):
  File "/opt/ohpc/pub/compiler/conda/latest/lib/python3.12/multiprocessing/util.py", line 303, in _run_finalizers
    finalizer()
  File "/opt/ohpc/pub/compiler/conda/latest/lib/python3.12/multiprocessing/util.py", line 227, in __call__
    res = self._callback(*self._args, **self._kwargs)
          ^^^^^^^^^^^^^^^^^^^^^^^^^^^^^^^^^^^^^^^^^^^
  File "/opt/ohpc/pub/compiler/conda/latest/lib/python3.12/multiprocessing/util.py", line 136, in _remove_temp_dir
    rmtree(tempdir, onerror=onerror)
  File "/opt/ohpc/pub/compiler/conda/latest/lib/python3.12/shutil.py", line 759, in rmtree
    _rmtree_safe_fd(stack, onexc)
  File "/opt/ohpc/pub/compiler/conda/latest/lib/python3.12/multiprocessing/util.py", line 303, in _run_finalizers
    finalizer()
  File "/opt/ohpc/pub/compiler/conda/latest/lib/python3.12/shutil.py", line 703, in _rmtree_safe_fd
    onexc(func, path, err)
  File "/opt/ohpc/pub/compiler/conda/latest/lib/python3.12/shutil.py", line 750, in onexc
    return onerror(func, path, exc_info)
           ^^^^^^^^^^^^^^^^^^^^^^^^^^^^^
  File "/opt/ohpc/pub/compiler/conda/latest/lib/python3.12/shutil.py", line 700, in _rmtree_safe_fd
    onexc(os.unlink, fullname, err)
  File "/opt/ohpc/pub/compiler/conda/latest/lib/python3.12/multiprocessing/util.py", line 227, in __call__
    res = self._callback(*self._args, **self._kwargs)
          ^^^^^^^^^^^^^^^^^^^^^^^^^^^^^^^^^^^^^^^^^^^
  File "/opt/ohpc/pub/compiler/conda/latest/lib/python3.12/shutil.py", line 750, in onexc
    return onerror(func, path, exc_info)
           ^^^^^^^^^^^^^^^^^^^^^^^^^^^^^
  File "/opt/ohpc/pub/compiler/conda/latest/lib/python3.12/multiprocessing/util.py", line 136, in _remove_temp_dir
    rmtree(tempdir, onerror=onerror)
  File "/opt/ohpc/pub/compiler/conda/latest/lib/python3.12/shutil.py", line 698, in _rmtree_safe_fd
    os.unlink(entry.name, dir_fd=topfd)
  File "/opt/ohpc/pub/compiler/conda/latest/lib/python3.12/shutil.py", line 759, in rmtree
    _rmtree_safe_fd(stack, onexc)
  File "/opt/ohpc/pub/compiler/conda/latest/lib/python3.12/shutil.py", line 703, in _rmtree_safe_fd
    onexc(func, path, err)
  File "/opt/ohpc/pub/compiler/conda/latest/lib/python3.12/shutil.py", line 750, in onexc
    return onerror(func, path, exc_info)
           ^^^^^^^^^^^^^^^^^^^^^^^^^^^^^
  File "/opt/ohpc/pub/compiler/conda/latest/lib/python3.12/shutil.py", line 700, in _rmtree_safe_fd
    onexc(os.unlink, fullname, err)
  File "/opt/ohpc/pub/compiler/conda/latest/lib/python3.12/shutil.py", line 750, in onexc
    return onerror(func, path, exc_info)
           ^^^^^^^^^^^^^^^^^^^^^^^^^^^^^
OSError: [Errno 16] Device or resource busy: '/tmp/pymp-hmo4pplf'
  File "/opt/ohpc/pub/compiler/conda/latest/lib/python3.12/shutil.py", line 698, in _rmtree_safe_fd
    os.unlink(entry.name, dir_fd=topfd)
OSError: [Errno 16] Device or resource busy: '/tmp/pymp-ga39rr45'
  File "/opt/ohpc/pub/compiler/conda/latest/lib/python3.12/multiprocessing/util.py", line 303, in _run_finalizers
    finalizer()
  File "/opt/ohpc/pub/compiler/conda/latest/lib/python3.12/multiprocessing/util.py", line 227, in __call__
    res = self._callback(*self._args, **self._kwargs)
          ^^^^^^^^^^^^^^^^^^^^^^^^^^^^^^^^^^^^^^^^^^^
  File "/opt/ohpc/pub/compiler/conda/latest/lib/python3.12/multiprocessing/util.py", line 136, in _remove_temp_dir
    rmtree(tempdir, onerror=onerror)
  File "/opt/ohpc/pub/compiler/conda/latest/lib/python3.12/shutil.py", line 759, in rmtree
    _rmtree_safe_fd(stack, onexc)
  File "/opt/ohpc/pub/compiler/conda/latest/lib/python3.12/shutil.py", line 703, in _rmtree_safe_fd
    onexc(func, path, err)
  File "/opt/ohpc/pub/compiler/conda/latest/lib/python3.12/shutil.py", line 750, in onexc
    return onerror(func, path, exc_info)
           ^^^^^^^^^^^^^^^^^^^^^^^^^^^^^
  File "/opt/ohpc/pub/compiler/conda/latest/lib/python3.12/multiprocessing/util.py", line 303, in _run_finalizers
    finalizer()
  File "/opt/ohpc/pub/compiler/conda/latest/lib/python3.12/shutil.py", line 700, in _rmtree_safe_fd
    onexc(os.unlink, fullname, err)
  File "/opt/ohpc/pub/compiler/conda/latest/lib/python3.12/shutil.py", line 750, in onexc
    return onerror(func, path, exc_info)
           ^^^^^^^^^^^^^^^^^^^^^^^^^^^^^
  File "/opt/ohpc/pub/compiler/conda/latest/lib/python3.12/multiprocessing/util.py", line 227, in __call__
    res = self._callback(*self._args, **self._kwargs)
          ^^^^^^^^^^^^^^^^^^^^^^^^^^^^^^^^^^^^^^^^^^^
  File "/opt/ohpc/pub/compiler/conda/latest/lib/python3.12/shutil.py", line 698, in _rmtree_safe_fd
    os.unlink(entry.name, dir_fd=topfd)
  File "/opt/ohpc/pub/compiler/conda/latest/lib/python3.12/multiprocessing/util.py", line 136, in _remove_temp_dir
    rmtree(tempdir, onerror=onerror)
  File "/opt/ohpc/pub/compiler/conda/latest/lib/python3.12/shutil.py", line 759, in rmtree
    _rmtree_safe_fd(stack, onexc)
  File "/opt/ohpc/pub/compiler/conda/latest/lib/python3.12/shutil.py", line 703, in _rmtree_safe_fd
    onexc(func, path, err)
  File "/opt/ohpc/pub/compiler/conda/latest/lib/python3.12/shutil.py", line 750, in onexc
    return onerror(func, path, exc_info)
           ^^^^^^^^^^^^^^^^^^^^^^^^^^^^^
OSError: [Errno 16] Device or resource busy: '/tmp/pymp-2q8yrsg_'
  File "/opt/ohpc/pub/compiler/conda/latest/lib/python3.12/shutil.py", line 700, in _rmtree_safe_fd
    onexc(os.unlink, fullname, err)
  File "/opt/ohpc/pub/compiler/conda/latest/lib/python3.12/shutil.py", line 750, in onexc
    return onerror(func, path, exc_info)
           ^^^^^^^^^^^^^^^^^^^^^^^^^^^^^
  File "/opt/ohpc/pub/compiler/conda/latest/lib/python3.12/shutil.py", line 698, in _rmtree_safe_fd
    os.unlink(entry.name, dir_fd=topfd)
OSError: [Errno 16] Device or resource busy: '/tmp/pymp-szfsl51b'
Traceback (most recent call last):
Traceback (most recent call last):
  File "/opt/ohpc/pub/compiler/conda/latest/lib/python3.12/multiprocessing/util.py", line 303, in _run_finalizers
    finalizer()
  File "/opt/ohpc/pub/compiler/conda/latest/lib/python3.12/multiprocessing/util.py", line 227, in __call__
    res = self._callback(*self._args, **self._kwargs)
          ^^^^^^^^^^^^^^^^^^^^^^^^^^^^^^^^^^^^^^^^^^^
  File "/opt/ohpc/pub/compiler/conda/latest/lib/python3.12/multiprocessing/util.py", line 136, in _remove_temp_dir
    rmtree(tempdir, onerror=onerror)
  File "/opt/ohpc/pub/compiler/conda/latest/lib/python3.12/shutil.py", line 759, in rmtree
    _rmtree_safe_fd(stack, onexc)
  File "/opt/ohpc/pub/compiler/conda/latest/lib/python3.12/shutil.py", line 703, in _rmtree_safe_fd
    onexc(func, path, err)
  File "/opt/ohpc/pub/compiler/conda/latest/lib/python3.12/shutil.py", line 750, in onexc
    return onerror(func, path, exc_info)
           ^^^^^^^^^^^^^^^^^^^^^^^^^^^^^
  File "/opt/ohpc/pub/compiler/conda/latest/lib/python3.12/shutil.py", line 700, in _rmtree_safe_fd
    onexc(os.unlink, fullname, err)
  File "/opt/ohpc/pub/compiler/conda/latest/lib/python3.12/shutil.py", line 750, in onexc
    return onerror(func, path, exc_info)
           ^^^^^^^^^^^^^^^^^^^^^^^^^^^^^
  File "/opt/ohpc/pub/compiler/conda/latest/lib/python3.12/shutil.py", line 698, in _rmtree_safe_fd
    os.unlink(entry.name, dir_fd=topfd)
OSError: [Errno 16] Device or resource busy: '/tmp/pymp-mofamaql'
  File "/opt/ohpc/pub/compiler/conda/latest/lib/python3.12/multiprocessing/util.py", line 303, in _run_finalizers
    finalizer()
  File "/opt/ohpc/pub/compiler/conda/latest/lib/python3.12/multiprocessing/util.py", line 227, in __call__
    res = self._callback(*self._args, **self._kwargs)
          ^^^^^^^^^^^^^^^^^^^^^^^^^^^^^^^^^^^^^^^^^^^
  File "/opt/ohpc/pub/compiler/conda/latest/lib/python3.12/multiprocessing/util.py", line 303, in _run_finalizers
    finalizer()
  File "/opt/ohpc/pub/compiler/conda/latest/lib/python3.12/multiprocessing/util.py", line 136, in _remove_temp_dir
    rmtree(tempdir, onerror=onerror)
  File "/opt/ohpc/pub/compiler/conda/latest/lib/python3.12/shutil.py", line 759, in rmtree
    _rmtree_safe_fd(stack, onexc)
  File "/opt/ohpc/pub/compiler/conda/latest/lib/python3.12/multiprocessing/util.py", line 227, in __call__
    res = self._callback(*self._args, **self._kwargs)
          ^^^^^^^^^^^^^^^^^^^^^^^^^^^^^^^^^^^^^^^^^^^
  File "/opt/ohpc/pub/compiler/conda/latest/lib/python3.12/shutil.py", line 703, in _rmtree_safe_fd
    onexc(func, path, err)
  File "/opt/ohpc/pub/compiler/conda/latest/lib/python3.12/multiprocessing/util.py", line 136, in _remove_temp_dir
    rmtree(tempdir, onerror=onerror)
  File "/opt/ohpc/pub/compiler/conda/latest/lib/python3.12/shutil.py", line 750, in onexc
    return onerror(func, path, exc_info)
           ^^^^^^^^^^^^^^^^^^^^^^^^^^^^^
  File "/opt/ohpc/pub/compiler/conda/latest/lib/python3.12/shutil.py", line 759, in rmtree
    _rmtree_safe_fd(stack, onexc)
  File "/opt/ohpc/pub/compiler/conda/latest/lib/python3.12/shutil.py", line 700, in _rmtree_safe_fd
    onexc(os.unlink, fullname, err)
  File "/opt/ohpc/pub/compiler/conda/latest/lib/python3.12/shutil.py", line 703, in _rmtree_safe_fd
    onexc(func, path, err)
  File "/opt/ohpc/pub/compiler/conda/latest/lib/python3.12/shutil.py", line 750, in onexc
    return onerror(func, path, exc_info)
           ^^^^^^^^^^^^^^^^^^^^^^^^^^^^^
  File "/opt/ohpc/pub/compiler/conda/latest/lib/python3.12/shutil.py", line 750, in onexc
    return onerror(func, path, exc_info)
           ^^^^^^^^^^^^^^^^^^^^^^^^^^^^^
  File "/opt/ohpc/pub/compiler/conda/latest/lib/python3.12/shutil.py", line 698, in _rmtree_safe_fd
    os.unlink(entry.name, dir_fd=topfd)
  File "/opt/ohpc/pub/compiler/conda/latest/lib/python3.12/shutil.py", line 700, in _rmtree_safe_fd
    onexc(os.unlink, fullname, err)
  File "/opt/ohpc/pub/compiler/conda/latest/lib/python3.12/shutil.py", line 750, in onexc
    return onerror(func, path, exc_info)
           ^^^^^^^^^^^^^^^^^^^^^^^^^^^^^
  File "/opt/ohpc/pub/compiler/conda/latest/lib/python3.12/shutil.py", line 698, in _rmtree_safe_fd
    os.unlink(entry.name, dir_fd=topfd)
OSError: [Errno 16] Device or resource busy: '/tmp/pymp-88gpc2jm'
OSError: [Errno 16] Device or resource busy: '/tmp/pymp-k1scmdzb'
  File "/opt/ohpc/pub/compiler/conda/latest/lib/python3.12/multiprocessing/util.py", line 303, in _run_finalizers
    finalizer()
  File "/opt/ohpc/pub/compiler/conda/latest/lib/python3.12/multiprocessing/util.py", line 227, in __call__
    res = self._callback(*self._args, **self._kwargs)
          ^^^^^^^^^^^^^^^^^^^^^^^^^^^^^^^^^^^^^^^^^^^
  File "/opt/ohpc/pub/compiler/conda/latest/lib/python3.12/multiprocessing/util.py", line 136, in _remove_temp_dir
    rmtree(tempdir, onerror=onerror)
  File "/opt/ohpc/pub/compiler/conda/latest/lib/python3.12/multiprocessing/util.py", line 303, in _run_finalizers
    finalizer()
  File "/opt/ohpc/pub/compiler/conda/latest/lib/python3.12/shutil.py", line 759, in rmtree
    _rmtree_safe_fd(stack, onexc)
  File "/opt/ohpc/pub/compiler/conda/latest/lib/python3.12/shutil.py", line 703, in _rmtree_safe_fd
    onexc(func, path, err)
  File "/opt/ohpc/pub/compiler/conda/latest/lib/python3.12/multiprocessing/util.py", line 227, in __call__
    res = self._callback(*self._args, **self._kwargs)
          ^^^^^^^^^^^^^^^^^^^^^^^^^^^^^^^^^^^^^^^^^^^
  File "/opt/ohpc/pub/compiler/conda/latest/lib/python3.12/shutil.py", line 750, in onexc
    return onerror(func, path, exc_info)
           ^^^^^^^^^^^^^^^^^^^^^^^^^^^^^
  File "/opt/ohpc/pub/compiler/conda/latest/lib/python3.12/multiprocessing/util.py", line 136, in _remove_temp_dir
    rmtree(tempdir, onerror=onerror)
  File "/opt/ohpc/pub/compiler/conda/latest/lib/python3.12/shutil.py", line 700, in _rmtree_safe_fd
    onexc(os.unlink, fullname, err)
  File "/opt/ohpc/pub/compiler/conda/latest/lib/python3.12/shutil.py", line 759, in rmtree
    _rmtree_safe_fd(stack, onexc)
  File "/opt/ohpc/pub/compiler/conda/latest/lib/python3.12/shutil.py", line 750, in onexc
    return onerror(func, path, exc_info)
           ^^^^^^^^^^^^^^^^^^^^^^^^^^^^^
  File "/opt/ohpc/pub/compiler/conda/latest/lib/python3.12/shutil.py", line 703, in _rmtree_safe_fd
    onexc(func, path, err)
  File "/opt/ohpc/pub/compiler/conda/latest/lib/python3.12/shutil.py", line 698, in _rmtree_safe_fd
    os.unlink(entry.name, dir_fd=topfd)
  File "/opt/ohpc/pub/compiler/conda/latest/lib/python3.12/shutil.py", line 750, in onexc
    return onerror(func, path, exc_info)
           ^^^^^^^^^^^^^^^^^^^^^^^^^^^^^
  File "/opt/ohpc/pub/compiler/conda/latest/lib/python3.12/shutil.py", line 700, in _rmtree_safe_fd
    onexc(os.unlink, fullname, err)
  File "/opt/ohpc/pub/compiler/conda/latest/lib/python3.12/shutil.py", line 750, in onexc
    return onerror(func, path, exc_info)
           ^^^^^^^^^^^^^^^^^^^^^^^^^^^^^
  File "/opt/ohpc/pub/compiler/conda/latest/lib/python3.12/shutil.py", line 698, in _rmtree_safe_fd
    os.unlink(entry.name, dir_fd=topfd)
OSError: [Errno 16] Device or resource busy: '/tmp/pymp-awj9plc_'
OSError: [Errno 16] Device or resource busy: '/tmp/pymp-8wzcy0zs'
Traceback (most recent call last):
Traceback (most recent call last):
  File "/opt/ohpc/pub/compiler/conda/latest/lib/python3.12/multiprocessing/util.py", line 303, in _run_finalizers
    finalizer()
  File "/opt/ohpc/pub/compiler/conda/latest/lib/python3.12/multiprocessing/util.py", line 227, in __call__
    res = self._callback(*self._args, **self._kwargs)
          ^^^^^^^^^^^^^^^^^^^^^^^^^^^^^^^^^^^^^^^^^^^
  File "/opt/ohpc/pub/compiler/conda/latest/lib/python3.12/multiprocessing/util.py", line 136, in _remove_temp_dir
    rmtree(tempdir, onerror=onerror)
  File "/opt/ohpc/pub/compiler/conda/latest/lib/python3.12/shutil.py", line 759, in rmtree
    _rmtree_safe_fd(stack, onexc)
  File "/opt/ohpc/pub/compiler/conda/latest/lib/python3.12/shutil.py", line 703, in _rmtree_safe_fd
    onexc(func, path, err)
  File "/opt/ohpc/pub/compiler/conda/latest/lib/python3.12/shutil.py", line 750, in onexc
    return onerror(func, path, exc_info)
           ^^^^^^^^^^^^^^^^^^^^^^^^^^^^^
  File "/opt/ohpc/pub/compiler/conda/latest/lib/python3.12/shutil.py", line 700, in _rmtree_safe_fd
    onexc(os.unlink, fullname, err)
  File "/opt/ohpc/pub/compiler/conda/latest/lib/python3.12/shutil.py", line 750, in onexc
    return onerror(func, path, exc_info)
           ^^^^^^^^^^^^^^^^^^^^^^^^^^^^^
Traceback (most recent call last):
  File "/opt/ohpc/pub/compiler/conda/latest/lib/python3.12/shutil.py", line 698, in _rmtree_safe_fd
    os.unlink(entry.name, dir_fd=topfd)
OSError: [Errno 16] Device or resource busy: '/tmp/pymp-rxc01vcn'
  File "/opt/ohpc/pub/compiler/conda/latest/lib/python3.12/multiprocessing/util.py", line 303, in _run_finalizers
    finalizer()
Traceback (most recent call last):
  File "/opt/ohpc/pub/compiler/conda/latest/lib/python3.12/multiprocessing/util.py", line 227, in __call__
    res = self._callback(*self._args, **self._kwargs)
          ^^^^^^^^^^^^^^^^^^^^^^^^^^^^^^^^^^^^^^^^^^^
  File "/opt/ohpc/pub/compiler/conda/latest/lib/python3.12/multiprocessing/util.py", line 136, in _remove_temp_dir
    rmtree(tempdir, onerror=onerror)
  File "/opt/ohpc/pub/compiler/conda/latest/lib/python3.12/shutil.py", line 759, in rmtree
    _rmtree_safe_fd(stack, onexc)
  File "/opt/ohpc/pub/compiler/conda/latest/lib/python3.12/shutil.py", line 703, in _rmtree_safe_fd
    onexc(func, path, err)
  File "/opt/ohpc/pub/compiler/conda/latest/lib/python3.12/shutil.py", line 750, in onexc
    return onerror(func, path, exc_info)
           ^^^^^^^^^^^^^^^^^^^^^^^^^^^^^
Traceback (most recent call last):
  File "/opt/ohpc/pub/compiler/conda/latest/lib/python3.12/shutil.py", line 700, in _rmtree_safe_fd
    onexc(os.unlink, fullname, err)
  File "/opt/ohpc/pub/compiler/conda/latest/lib/python3.12/shutil.py", line 750, in onexc
    return onerror(func, path, exc_info)
           ^^^^^^^^^^^^^^^^^^^^^^^^^^^^^
  File "/opt/ohpc/pub/compiler/conda/latest/lib/python3.12/shutil.py", line 698, in _rmtree_safe_fd
    os.unlink(entry.name, dir_fd=topfd)
Traceback (most recent call last):
OSError: [Errno 16] Device or resource busy: '/tmp/pymp-jwpljkr8'
Traceback (most recent call last):
Traceback (most recent call last):
  File "/opt/ohpc/pub/compiler/conda/latest/lib/python3.12/multiprocessing/util.py", line 303, in _run_finalizers
    finalizer()
  File "/opt/ohpc/pub/compiler/conda/latest/lib/python3.12/multiprocessing/util.py", line 227, in __call__
    res = self._callback(*self._args, **self._kwargs)
          ^^^^^^^^^^^^^^^^^^^^^^^^^^^^^^^^^^^^^^^^^^^
  File "/opt/ohpc/pub/compiler/conda/latest/lib/python3.12/multiprocessing/util.py", line 136, in _remove_temp_dir
    rmtree(tempdir, onerror=onerror)
  File "/opt/ohpc/pub/compiler/conda/latest/lib/python3.12/shutil.py", line 759, in rmtree
    _rmtree_safe_fd(stack, onexc)
  File "/opt/ohpc/pub/compiler/conda/latest/lib/python3.12/shutil.py", line 703, in _rmtree_safe_fd
    onexc(func, path, err)
  File "/opt/ohpc/pub/compiler/conda/latest/lib/python3.12/shutil.py", line 750, in onexc
    return onerror(func, path, exc_info)
           ^^^^^^^^^^^^^^^^^^^^^^^^^^^^^
  File "/opt/ohpc/pub/compiler/conda/latest/lib/python3.12/shutil.py", line 700, in _rmtree_safe_fd
    onexc(os.unlink, fullname, err)
  File "/opt/ohpc/pub/compiler/conda/latest/lib/python3.12/shutil.py", line 750, in onexc
    return onerror(func, path, exc_info)
           ^^^^^^^^^^^^^^^^^^^^^^^^^^^^^
  File "/opt/ohpc/pub/compiler/conda/latest/lib/python3.12/shutil.py", line 698, in _rmtree_safe_fd
    os.unlink(entry.name, dir_fd=topfd)
OSError: [Errno 16] Device or resource busy: '/tmp/pymp-3bjjamfq'
  File "/opt/ohpc/pub/compiler/conda/latest/lib/python3.12/multiprocessing/util.py", line 303, in _run_finalizers
    finalizer()
  File "/opt/ohpc/pub/compiler/conda/latest/lib/python3.12/multiprocessing/util.py", line 227, in __call__
    res = self._callback(*self._args, **self._kwargs)
          ^^^^^^^^^^^^^^^^^^^^^^^^^^^^^^^^^^^^^^^^^^^
  File "/opt/ohpc/pub/compiler/conda/latest/lib/python3.12/multiprocessing/util.py", line 136, in _remove_temp_dir
    rmtree(tempdir, onerror=onerror)
  File "/opt/ohpc/pub/compiler/conda/latest/lib/python3.12/shutil.py", line 759, in rmtree
    _rmtree_safe_fd(stack, onexc)
  File "/opt/ohpc/pub/compiler/conda/latest/lib/python3.12/shutil.py", line 703, in _rmtree_safe_fd
    onexc(func, path, err)
  File "/opt/ohpc/pub/compiler/conda/latest/lib/python3.12/shutil.py", line 750, in onexc
    return onerror(func, path, exc_info)
           ^^^^^^^^^^^^^^^^^^^^^^^^^^^^^
  File "/opt/ohpc/pub/compiler/conda/latest/lib/python3.12/multiprocessing/util.py", line 303, in _run_finalizers
    finalizer()
  File "/opt/ohpc/pub/compiler/conda/latest/lib/python3.12/shutil.py", line 700, in _rmtree_safe_fd
    onexc(os.unlink, fullname, err)
  File "/opt/ohpc/pub/compiler/conda/latest/lib/python3.12/shutil.py", line 750, in onexc
    return onerror(func, path, exc_info)
           ^^^^^^^^^^^^^^^^^^^^^^^^^^^^^
  File "/opt/ohpc/pub/compiler/conda/latest/lib/python3.12/shutil.py", line 698, in _rmtree_safe_fd
    os.unlink(entry.name, dir_fd=topfd)
  File "/opt/ohpc/pub/compiler/conda/latest/lib/python3.12/multiprocessing/util.py", line 227, in __call__
    res = self._callback(*self._args, **self._kwargs)
          ^^^^^^^^^^^^^^^^^^^^^^^^^^^^^^^^^^^^^^^^^^^
  File "/opt/ohpc/pub/compiler/conda/latest/lib/python3.12/multiprocessing/util.py", line 136, in _remove_temp_dir
    rmtree(tempdir, onerror=onerror)
  File "/opt/ohpc/pub/compiler/conda/latest/lib/python3.12/shutil.py", line 759, in rmtree
    _rmtree_safe_fd(stack, onexc)
  File "/opt/ohpc/pub/compiler/conda/latest/lib/python3.12/shutil.py", line 703, in _rmtree_safe_fd
    onexc(func, path, err)
OSError: [Errno 16] Device or resource busy: '/tmp/pymp-ni4odfb5'
  File "/opt/ohpc/pub/compiler/conda/latest/lib/python3.12/shutil.py", line 750, in onexc
    return onerror(func, path, exc_info)
           ^^^^^^^^^^^^^^^^^^^^^^^^^^^^^
  File "/opt/ohpc/pub/compiler/conda/latest/lib/python3.12/shutil.py", line 700, in _rmtree_safe_fd
    onexc(os.unlink, fullname, err)
  File "/opt/ohpc/pub/compiler/conda/latest/lib/python3.12/multiprocessing/util.py", line 303, in _run_finalizers
    finalizer()
  File "/opt/ohpc/pub/compiler/conda/latest/lib/python3.12/shutil.py", line 750, in onexc
    return onerror(func, path, exc_info)
           ^^^^^^^^^^^^^^^^^^^^^^^^^^^^^
  File "/opt/ohpc/pub/compiler/conda/latest/lib/python3.12/shutil.py", line 698, in _rmtree_safe_fd
    os.unlink(entry.name, dir_fd=topfd)
  File "/opt/ohpc/pub/compiler/conda/latest/lib/python3.12/multiprocessing/util.py", line 227, in __call__
    res = self._callback(*self._args, **self._kwargs)
          ^^^^^^^^^^^^^^^^^^^^^^^^^^^^^^^^^^^^^^^^^^^
  File "/opt/ohpc/pub/compiler/conda/latest/lib/python3.12/multiprocessing/util.py", line 303, in _run_finalizers
    finalizer()
  File "/opt/ohpc/pub/compiler/conda/latest/lib/python3.12/multiprocessing/util.py", line 136, in _remove_temp_dir
    rmtree(tempdir, onerror=onerror)
  File "/opt/ohpc/pub/compiler/conda/latest/lib/python3.12/shutil.py", line 759, in rmtree
    _rmtree_safe_fd(stack, onexc)
OSError: [Errno 16] Device or resource busy: '/tmp/pymp-j0yjh7fo'
  File "/opt/ohpc/pub/compiler/conda/latest/lib/python3.12/shutil.py", line 703, in _rmtree_safe_fd
    onexc(func, path, err)
  File "/opt/ohpc/pub/compiler/conda/latest/lib/python3.12/multiprocessing/util.py", line 227, in __call__
    res = self._callback(*self._args, **self._kwargs)
          ^^^^^^^^^^^^^^^^^^^^^^^^^^^^^^^^^^^^^^^^^^^
  File "/opt/ohpc/pub/compiler/conda/latest/lib/python3.12/shutil.py", line 750, in onexc
    return onerror(func, path, exc_info)
           ^^^^^^^^^^^^^^^^^^^^^^^^^^^^^
  File "/opt/ohpc/pub/compiler/conda/latest/lib/python3.12/multiprocessing/util.py", line 136, in _remove_temp_dir
    rmtree(tempdir, onerror=onerror)
  File "/opt/ohpc/pub/compiler/conda/latest/lib/python3.12/shutil.py", line 700, in _rmtree_safe_fd
    onexc(os.unlink, fullname, err)
  File "/opt/ohpc/pub/compiler/conda/latest/lib/python3.12/shutil.py", line 759, in rmtree
    _rmtree_safe_fd(stack, onexc)
  File "/opt/ohpc/pub/compiler/conda/latest/lib/python3.12/shutil.py", line 750, in onexc
    return onerror(func, path, exc_info)
           ^^^^^^^^^^^^^^^^^^^^^^^^^^^^^
  File "/opt/ohpc/pub/compiler/conda/latest/lib/python3.12/shutil.py", line 703, in _rmtree_safe_fd
    onexc(func, path, err)
  File "/opt/ohpc/pub/compiler/conda/latest/lib/python3.12/shutil.py", line 698, in _rmtree_safe_fd
    os.unlink(entry.name, dir_fd=topfd)
  File "/opt/ohpc/pub/compiler/conda/latest/lib/python3.12/shutil.py", line 750, in onexc
    return onerror(func, path, exc_info)
           ^^^^^^^^^^^^^^^^^^^^^^^^^^^^^
  File "/opt/ohpc/pub/compiler/conda/latest/lib/python3.12/shutil.py", line 700, in _rmtree_safe_fd
    onexc(os.unlink, fullname, err)
  File "/opt/ohpc/pub/compiler/conda/latest/lib/python3.12/shutil.py", line 750, in onexc
    return onerror(func, path, exc_info)
           ^^^^^^^^^^^^^^^^^^^^^^^^^^^^^
  File "/opt/ohpc/pub/compiler/conda/latest/lib/python3.12/shutil.py", line 698, in _rmtree_safe_fd
    os.unlink(entry.name, dir_fd=topfd)
OSError: [Errno 16] Device or resource busy: '/tmp/pymp-4yhio_hr'
  File "/opt/ohpc/pub/compiler/conda/latest/lib/python3.12/multiprocessing/util.py", line 303, in _run_finalizers
    finalizer()
OSError: [Errno 16] Device or resource busy: '/tmp/pymp-9m1zvmxw'
  File "/opt/ohpc/pub/compiler/conda/latest/lib/python3.12/multiprocessing/util.py", line 227, in __call__
    res = self._callback(*self._args, **self._kwargs)
          ^^^^^^^^^^^^^^^^^^^^^^^^^^^^^^^^^^^^^^^^^^^
  File "/opt/ohpc/pub/compiler/conda/latest/lib/python3.12/multiprocessing/util.py", line 136, in _remove_temp_dir
    rmtree(tempdir, onerror=onerror)
  File "/opt/ohpc/pub/compiler/conda/latest/lib/python3.12/shutil.py", line 759, in rmtree
    _rmtree_safe_fd(stack, onexc)
  File "/opt/ohpc/pub/compiler/conda/latest/lib/python3.12/shutil.py", line 703, in _rmtree_safe_fd
    onexc(func, path, err)
  File "/opt/ohpc/pub/compiler/conda/latest/lib/python3.12/shutil.py", line 750, in onexc
    return onerror(func, path, exc_info)
           ^^^^^^^^^^^^^^^^^^^^^^^^^^^^^
  File "/opt/ohpc/pub/compiler/conda/latest/lib/python3.12/shutil.py", line 700, in _rmtree_safe_fd
    onexc(os.unlink, fullname, err)
  File "/opt/ohpc/pub/compiler/conda/latest/lib/python3.12/shutil.py", line 750, in onexc
    return onerror(func, path, exc_info)
           ^^^^^^^^^^^^^^^^^^^^^^^^^^^^^
  File "/opt/ohpc/pub/compiler/conda/latest/lib/python3.12/shutil.py", line 698, in _rmtree_safe_fd
    os.unlink(entry.name, dir_fd=topfd)
OSError: [Errno 16] Device or resource busy: '/tmp/pymp-wwp2c5tz'
Traceback (most recent call last):
Traceback (most recent call last):
  File "/opt/ohpc/pub/compiler/conda/latest/lib/python3.12/multiprocessing/util.py", line 303, in _run_finalizers
    finalizer()
  File "/opt/ohpc/pub/compiler/conda/latest/lib/python3.12/multiprocessing/util.py", line 227, in __call__
    res = self._callback(*self._args, **self._kwargs)
          ^^^^^^^^^^^^^^^^^^^^^^^^^^^^^^^^^^^^^^^^^^^
  File "/opt/ohpc/pub/compiler/conda/latest/lib/python3.12/multiprocessing/util.py", line 136, in _remove_temp_dir
    rmtree(tempdir, onerror=onerror)
  File "/opt/ohpc/pub/compiler/conda/latest/lib/python3.12/shutil.py", line 759, in rmtree
    _rmtree_safe_fd(stack, onexc)
  File "/opt/ohpc/pub/compiler/conda/latest/lib/python3.12/shutil.py", line 703, in _rmtree_safe_fd
    onexc(func, path, err)
  File "/opt/ohpc/pub/compiler/conda/latest/lib/python3.12/shutil.py", line 750, in onexc
    return onerror(func, path, exc_info)
           ^^^^^^^^^^^^^^^^^^^^^^^^^^^^^
  File "/opt/ohpc/pub/compiler/conda/latest/lib/python3.12/shutil.py", line 700, in _rmtree_safe_fd
    onexc(os.unlink, fullname, err)
  File "/opt/ohpc/pub/compiler/conda/latest/lib/python3.12/shutil.py", line 750, in onexc
    return onerror(func, path, exc_info)
           ^^^^^^^^^^^^^^^^^^^^^^^^^^^^^
  File "/opt/ohpc/pub/compiler/conda/latest/lib/python3.12/shutil.py", line 698, in _rmtree_safe_fd
    os.unlink(entry.name, dir_fd=topfd)
OSError: [Errno 16] Device or resource busy: '/tmp/pymp-bs434ci6'
  File "/opt/ohpc/pub/compiler/conda/latest/lib/python3.12/multiprocessing/util.py", line 303, in _run_finalizers
    finalizer()
  File "/opt/ohpc/pub/compiler/conda/latest/lib/python3.12/multiprocessing/util.py", line 227, in __call__
    res = self._callback(*self._args, **self._kwargs)
          ^^^^^^^^^^^^^^^^^^^^^^^^^^^^^^^^^^^^^^^^^^^
  File "/opt/ohpc/pub/compiler/conda/latest/lib/python3.12/multiprocessing/util.py", line 136, in _remove_temp_dir
    rmtree(tempdir, onerror=onerror)
  File "/opt/ohpc/pub/compiler/conda/latest/lib/python3.12/shutil.py", line 759, in rmtree
    _rmtree_safe_fd(stack, onexc)
  File "/opt/ohpc/pub/compiler/conda/latest/lib/python3.12/shutil.py", line 703, in _rmtree_safe_fd
    onexc(func, path, err)
  File "/opt/ohpc/pub/compiler/conda/latest/lib/python3.12/shutil.py", line 750, in onexc
    return onerror(func, path, exc_info)
           ^^^^^^^^^^^^^^^^^^^^^^^^^^^^^
  File "/opt/ohpc/pub/compiler/conda/latest/lib/python3.12/shutil.py", line 700, in _rmtree_safe_fd
    onexc(os.unlink, fullname, err)
  File "/opt/ohpc/pub/compiler/conda/latest/lib/python3.12/shutil.py", line 750, in onexc
    return onerror(func, path, exc_info)
           ^^^^^^^^^^^^^^^^^^^^^^^^^^^^^
  File "/opt/ohpc/pub/compiler/conda/latest/lib/python3.12/shutil.py", line 698, in _rmtree_safe_fd
    os.unlink(entry.name, dir_fd=topfd)
OSError: [Errno 16] Device or resource busy: '/tmp/pymp-97acsvcx'
Traceback (most recent call last):
  File "/opt/ohpc/pub/compiler/conda/latest/lib/python3.12/multiprocessing/util.py", line 303, in _run_finalizers
    finalizer()
  File "/opt/ohpc/pub/compiler/conda/latest/lib/python3.12/multiprocessing/util.py", line 227, in __call__
    res = self._callback(*self._args, **self._kwargs)
          ^^^^^^^^^^^^^^^^^^^^^^^^^^^^^^^^^^^^^^^^^^^
  File "/opt/ohpc/pub/compiler/conda/latest/lib/python3.12/multiprocessing/util.py", line 136, in _remove_temp_dir
    rmtree(tempdir, onerror=onerror)
  File "/opt/ohpc/pub/compiler/conda/latest/lib/python3.12/shutil.py", line 759, in rmtree
    _rmtree_safe_fd(stack, onexc)
  File "/opt/ohpc/pub/compiler/conda/latest/lib/python3.12/shutil.py", line 703, in _rmtree_safe_fd
    onexc(func, path, err)
  File "/opt/ohpc/pub/compiler/conda/latest/lib/python3.12/shutil.py", line 750, in onexc
    return onerror(func, path, exc_info)
           ^^^^^^^^^^^^^^^^^^^^^^^^^^^^^
  File "/opt/ohpc/pub/compiler/conda/latest/lib/python3.12/shutil.py", line 700, in _rmtree_safe_fd
    onexc(os.unlink, fullname, err)
  File "/opt/ohpc/pub/compiler/conda/latest/lib/python3.12/shutil.py", line 750, in onexc
    return onerror(func, path, exc_info)
           ^^^^^^^^^^^^^^^^^^^^^^^^^^^^^
  File "/opt/ohpc/pub/compiler/conda/latest/lib/python3.12/shutil.py", line 698, in _rmtree_safe_fd
    os.unlink(entry.name, dir_fd=topfd)
OSError: [Errno 16] Device or resource busy: '/tmp/pymp-viu93iqg'
Traceback (most recent call last):
Traceback (most recent call last):
Traceback (most recent call last):
Traceback (most recent call last):
Traceback (most recent call last):
Traceback (most recent call last):
  File "/opt/ohpc/pub/compiler/conda/latest/lib/python3.12/multiprocessing/util.py", line 303, in _run_finalizers
    finalizer()
  File "/opt/ohpc/pub/compiler/conda/latest/lib/python3.12/multiprocessing/util.py", line 227, in __call__
    res = self._callback(*self._args, **self._kwargs)
          ^^^^^^^^^^^^^^^^^^^^^^^^^^^^^^^^^^^^^^^^^^^
  File "/opt/ohpc/pub/compiler/conda/latest/lib/python3.12/multiprocessing/util.py", line 303, in _run_finalizers
    finalizer()
  File "/opt/ohpc/pub/compiler/conda/latest/lib/python3.12/multiprocessing/util.py", line 136, in _remove_temp_dir
    rmtree(tempdir, onerror=onerror)
  File "/opt/ohpc/pub/compiler/conda/latest/lib/python3.12/shutil.py", line 759, in rmtree
    _rmtree_safe_fd(stack, onexc)
  File "/opt/ohpc/pub/compiler/conda/latest/lib/python3.12/multiprocessing/util.py", line 227, in __call__
    res = self._callback(*self._args, **self._kwargs)
          ^^^^^^^^^^^^^^^^^^^^^^^^^^^^^^^^^^^^^^^^^^^
  File "/opt/ohpc/pub/compiler/conda/latest/lib/python3.12/shutil.py", line 703, in _rmtree_safe_fd
    onexc(func, path, err)
  File "/opt/ohpc/pub/compiler/conda/latest/lib/python3.12/multiprocessing/util.py", line 136, in _remove_temp_dir
    rmtree(tempdir, onerror=onerror)
  File "/opt/ohpc/pub/compiler/conda/latest/lib/python3.12/shutil.py", line 750, in onexc
    return onerror(func, path, exc_info)
           ^^^^^^^^^^^^^^^^^^^^^^^^^^^^^
  File "/opt/ohpc/pub/compiler/conda/latest/lib/python3.12/shutil.py", line 759, in rmtree
    _rmtree_safe_fd(stack, onexc)
  File "/opt/ohpc/pub/compiler/conda/latest/lib/python3.12/shutil.py", line 703, in _rmtree_safe_fd
    onexc(func, path, err)
  File "/opt/ohpc/pub/compiler/conda/latest/lib/python3.12/shutil.py", line 700, in _rmtree_safe_fd
    onexc(os.unlink, fullname, err)
  File "/opt/ohpc/pub/compiler/conda/latest/lib/python3.12/shutil.py", line 750, in onexc
    return onerror(func, path, exc_info)
           ^^^^^^^^^^^^^^^^^^^^^^^^^^^^^
  File "/opt/ohpc/pub/compiler/conda/latest/lib/python3.12/shutil.py", line 750, in onexc
    return onerror(func, path, exc_info)
           ^^^^^^^^^^^^^^^^^^^^^^^^^^^^^
  File "/opt/ohpc/pub/compiler/conda/latest/lib/python3.12/shutil.py", line 698, in _rmtree_safe_fd
    os.unlink(entry.name, dir_fd=topfd)
  File "/opt/ohpc/pub/compiler/conda/latest/lib/python3.12/shutil.py", line 700, in _rmtree_safe_fd
    onexc(os.unlink, fullname, err)
  File "/opt/ohpc/pub/compiler/conda/latest/lib/python3.12/shutil.py", line 750, in onexc
    return onerror(func, path, exc_info)
           ^^^^^^^^^^^^^^^^^^^^^^^^^^^^^
  File "/opt/ohpc/pub/compiler/conda/latest/lib/python3.12/shutil.py", line 698, in _rmtree_safe_fd
    os.unlink(entry.name, dir_fd=topfd)
OSError: [Errno 16] Device or resource busy: '/tmp/pymp-nmwgn8m1'
OSError: [Errno 16] Device or resource busy: '/tmp/pymp-lt6z6z8m'
Traceback (most recent call last):
Traceback (most recent call last):
  File "/opt/ohpc/pub/compiler/conda/latest/lib/python3.12/multiprocessing/util.py", line 303, in _run_finalizers
    finalizer()
  File "/opt/ohpc/pub/compiler/conda/latest/lib/python3.12/multiprocessing/util.py", line 227, in __call__
    res = self._callback(*self._args, **self._kwargs)
          ^^^^^^^^^^^^^^^^^^^^^^^^^^^^^^^^^^^^^^^^^^^
  File "/opt/ohpc/pub/compiler/conda/latest/lib/python3.12/multiprocessing/util.py", line 136, in _remove_temp_dir
    rmtree(tempdir, onerror=onerror)
  File "/opt/ohpc/pub/compiler/conda/latest/lib/python3.12/shutil.py", line 759, in rmtree
    _rmtree_safe_fd(stack, onexc)
  File "/opt/ohpc/pub/compiler/conda/latest/lib/python3.12/multiprocessing/util.py", line 303, in _run_finalizers
    finalizer()
  File "/opt/ohpc/pub/compiler/conda/latest/lib/python3.12/shutil.py", line 703, in _rmtree_safe_fd
    onexc(func, path, err)
  File "/opt/ohpc/pub/compiler/conda/latest/lib/python3.12/shutil.py", line 750, in onexc
    return onerror(func, path, exc_info)
           ^^^^^^^^^^^^^^^^^^^^^^^^^^^^^
  File "/opt/ohpc/pub/compiler/conda/latest/lib/python3.12/multiprocessing/util.py", line 227, in __call__
    res = self._callback(*self._args, **self._kwargs)
          ^^^^^^^^^^^^^^^^^^^^^^^^^^^^^^^^^^^^^^^^^^^
  File "/opt/ohpc/pub/compiler/conda/latest/lib/python3.12/shutil.py", line 700, in _rmtree_safe_fd
    onexc(os.unlink, fullname, err)
  File "/opt/ohpc/pub/compiler/conda/latest/lib/python3.12/shutil.py", line 750, in onexc
    return onerror(func, path, exc_info)
           ^^^^^^^^^^^^^^^^^^^^^^^^^^^^^
  File "/opt/ohpc/pub/compiler/conda/latest/lib/python3.12/multiprocessing/util.py", line 136, in _remove_temp_dir
    rmtree(tempdir, onerror=onerror)
  File "/opt/ohpc/pub/compiler/conda/latest/lib/python3.12/shutil.py", line 698, in _rmtree_safe_fd
    os.unlink(entry.name, dir_fd=topfd)
  File "/opt/ohpc/pub/compiler/conda/latest/lib/python3.12/shutil.py", line 759, in rmtree
    _rmtree_safe_fd(stack, onexc)
  File "/opt/ohpc/pub/compiler/conda/latest/lib/python3.12/shutil.py", line 703, in _rmtree_safe_fd
    onexc(func, path, err)
  File "/opt/ohpc/pub/compiler/conda/latest/lib/python3.12/shutil.py", line 750, in onexc
    return onerror(func, path, exc_info)
           ^^^^^^^^^^^^^^^^^^^^^^^^^^^^^
  File "/opt/ohpc/pub/compiler/conda/latest/lib/python3.12/shutil.py", line 700, in _rmtree_safe_fd
    onexc(os.unlink, fullname, err)
  File "/opt/ohpc/pub/compiler/conda/latest/lib/python3.12/shutil.py", line 750, in onexc
    return onerror(func, path, exc_info)
           ^^^^^^^^^^^^^^^^^^^^^^^^^^^^^
  File "/opt/ohpc/pub/compiler/conda/latest/lib/python3.12/multiprocessing/util.py", line 303, in _run_finalizers
    finalizer()
  File "/opt/ohpc/pub/compiler/conda/latest/lib/python3.12/shutil.py", line 698, in _rmtree_safe_fd
    os.unlink(entry.name, dir_fd=topfd)
OSError: [Errno 16] Device or resource busy: '/tmp/pymp-lilq7rps'
  File "/opt/ohpc/pub/compiler/conda/latest/lib/python3.12/multiprocessing/util.py", line 227, in __call__
    res = self._callback(*self._args, **self._kwargs)
          ^^^^^^^^^^^^^^^^^^^^^^^^^^^^^^^^^^^^^^^^^^^
  File "/opt/ohpc/pub/compiler/conda/latest/lib/python3.12/multiprocessing/util.py", line 136, in _remove_temp_dir
    rmtree(tempdir, onerror=onerror)
OSError: [Errno 16] Device or resource busy: '/tmp/pymp-sj9qz5ha'
  File "/opt/ohpc/pub/compiler/conda/latest/lib/python3.12/shutil.py", line 759, in rmtree
    _rmtree_safe_fd(stack, onexc)
  File "/opt/ohpc/pub/compiler/conda/latest/lib/python3.12/shutil.py", line 703, in _rmtree_safe_fd
    onexc(func, path, err)
  File "/opt/ohpc/pub/compiler/conda/latest/lib/python3.12/shutil.py", line 750, in onexc
    return onerror(func, path, exc_info)
           ^^^^^^^^^^^^^^^^^^^^^^^^^^^^^
  File "/opt/ohpc/pub/compiler/conda/latest/lib/python3.12/shutil.py", line 700, in _rmtree_safe_fd
    onexc(os.unlink, fullname, err)
  File "/opt/ohpc/pub/compiler/conda/latest/lib/python3.12/shutil.py", line 750, in onexc
    return onerror(func, path, exc_info)
           ^^^^^^^^^^^^^^^^^^^^^^^^^^^^^
  File "/opt/ohpc/pub/compiler/conda/latest/lib/python3.12/shutil.py", line 698, in _rmtree_safe_fd
    os.unlink(entry.name, dir_fd=topfd)
OSError: [Errno 16] Device or resource busy: '/tmp/pymp-jmkqqboo'
  File "/opt/ohpc/pub/compiler/conda/latest/lib/python3.12/multiprocessing/util.py", line 303, in _run_finalizers
    finalizer()
  File "/opt/ohpc/pub/compiler/conda/latest/lib/python3.12/multiprocessing/util.py", line 227, in __call__
    res = self._callback(*self._args, **self._kwargs)
          ^^^^^^^^^^^^^^^^^^^^^^^^^^^^^^^^^^^^^^^^^^^
  File "/opt/ohpc/pub/compiler/conda/latest/lib/python3.12/multiprocessing/util.py", line 136, in _remove_temp_dir
    rmtree(tempdir, onerror=onerror)
  File "/opt/ohpc/pub/compiler/conda/latest/lib/python3.12/shutil.py", line 759, in rmtree
    _rmtree_safe_fd(stack, onexc)
  File "/opt/ohpc/pub/compiler/conda/latest/lib/python3.12/shutil.py", line 703, in _rmtree_safe_fd
    onexc(func, path, err)
  File "/opt/ohpc/pub/compiler/conda/latest/lib/python3.12/shutil.py", line 750, in onexc
    return onerror(func, path, exc_info)
           ^^^^^^^^^^^^^^^^^^^^^^^^^^^^^
  File "/opt/ohpc/pub/compiler/conda/latest/lib/python3.12/shutil.py", line 700, in _rmtree_safe_fd
    onexc(os.unlink, fullname, err)
  File "/opt/ohpc/pub/compiler/conda/latest/lib/python3.12/shutil.py", line 750, in onexc
    return onerror(func, path, exc_info)
           ^^^^^^^^^^^^^^^^^^^^^^^^^^^^^
  File "/opt/ohpc/pub/compiler/conda/latest/lib/python3.12/shutil.py", line 698, in _rmtree_safe_fd
    os.unlink(entry.name, dir_fd=topfd)
OSError: [Errno 16] Device or resource busy: '/tmp/pymp-6d1fp40p'
  File "/opt/ohpc/pub/compiler/conda/latest/lib/python3.12/multiprocessing/util.py", line 303, in _run_finalizers
    finalizer()
  File "/opt/ohpc/pub/compiler/conda/latest/lib/python3.12/multiprocessing/util.py", line 227, in __call__
    res = self._callback(*self._args, **self._kwargs)
          ^^^^^^^^^^^^^^^^^^^^^^^^^^^^^^^^^^^^^^^^^^^
  File "/opt/ohpc/pub/compiler/conda/latest/lib/python3.12/multiprocessing/util.py", line 136, in _remove_temp_dir
    rmtree(tempdir, onerror=onerror)
  File "/opt/ohpc/pub/compiler/conda/latest/lib/python3.12/shutil.py", line 759, in rmtree
    _rmtree_safe_fd(stack, onexc)
  File "/opt/ohpc/pub/compiler/conda/latest/lib/python3.12/shutil.py", line 703, in _rmtree_safe_fd
    onexc(func, path, err)
  File "/opt/ohpc/pub/compiler/conda/latest/lib/python3.12/shutil.py", line 750, in onexc
    return onerror(func, path, exc_info)
           ^^^^^^^^^^^^^^^^^^^^^^^^^^^^^
  File "/opt/ohpc/pub/compiler/conda/latest/lib/python3.12/shutil.py", line 700, in _rmtree_safe_fd
    onexc(os.unlink, fullname, err)
  File "/opt/ohpc/pub/compiler/conda/latest/lib/python3.12/shutil.py", line 750, in onexc
    return onerror(func, path, exc_info)
           ^^^^^^^^^^^^^^^^^^^^^^^^^^^^^
  File "/opt/ohpc/pub/compiler/conda/latest/lib/python3.12/shutil.py", line 698, in _rmtree_safe_fd
    os.unlink(entry.name, dir_fd=topfd)
OSError: [Errno 16] Device or resource busy: '/tmp/pymp-ja00ub1t'
  File "/opt/ohpc/pub/compiler/conda/latest/lib/python3.12/multiprocessing/util.py", line 303, in _run_finalizers
    finalizer()
  File "/opt/ohpc/pub/compiler/conda/latest/lib/python3.12/multiprocessing/util.py", line 227, in __call__
    res = self._callback(*self._args, **self._kwargs)
          ^^^^^^^^^^^^^^^^^^^^^^^^^^^^^^^^^^^^^^^^^^^
  File "/opt/ohpc/pub/compiler/conda/latest/lib/python3.12/multiprocessing/util.py", line 136, in _remove_temp_dir
    rmtree(tempdir, onerror=onerror)
  File "/opt/ohpc/pub/compiler/conda/latest/lib/python3.12/shutil.py", line 759, in rmtree
    _rmtree_safe_fd(stack, onexc)
  File "/opt/ohpc/pub/compiler/conda/latest/lib/python3.12/shutil.py", line 703, in _rmtree_safe_fd
    onexc(func, path, err)
  File "/opt/ohpc/pub/compiler/conda/latest/lib/python3.12/shutil.py", line 750, in onexc
    return onerror(func, path, exc_info)
           ^^^^^^^^^^^^^^^^^^^^^^^^^^^^^
  File "/opt/ohpc/pub/compiler/conda/latest/lib/python3.12/shutil.py", line 700, in _rmtree_safe_fd
    onexc(os.unlink, fullname, err)
  File "/opt/ohpc/pub/compiler/conda/latest/lib/python3.12/shutil.py", line 750, in onexc
    return onerror(func, path, exc_info)
           ^^^^^^^^^^^^^^^^^^^^^^^^^^^^^
  File "/opt/ohpc/pub/compiler/conda/latest/lib/python3.12/shutil.py", line 698, in _rmtree_safe_fd
    os.unlink(entry.name, dir_fd=topfd)
OSError: [Errno 16] Device or resource busy: '/tmp/pymp-01vxatwc'
Traceback (most recent call last):
  File "/opt/ohpc/pub/compiler/conda/latest/lib/python3.12/multiprocessing/util.py", line 303, in _run_finalizers
    finalizer()
  File "/opt/ohpc/pub/compiler/conda/latest/lib/python3.12/multiprocessing/util.py", line 227, in __call__
    res = self._callback(*self._args, **self._kwargs)
          ^^^^^^^^^^^^^^^^^^^^^^^^^^^^^^^^^^^^^^^^^^^
  File "/opt/ohpc/pub/compiler/conda/latest/lib/python3.12/multiprocessing/util.py", line 136, in _remove_temp_dir
    rmtree(tempdir, onerror=onerror)
  File "/opt/ohpc/pub/compiler/conda/latest/lib/python3.12/shutil.py", line 759, in rmtree
    _rmtree_safe_fd(stack, onexc)
  File "/opt/ohpc/pub/compiler/conda/latest/lib/python3.12/shutil.py", line 703, in _rmtree_safe_fd
    onexc(func, path, err)
  File "/opt/ohpc/pub/compiler/conda/latest/lib/python3.12/shutil.py", line 750, in onexc
    return onerror(func, path, exc_info)
           ^^^^^^^^^^^^^^^^^^^^^^^^^^^^^
  File "/opt/ohpc/pub/compiler/conda/latest/lib/python3.12/shutil.py", line 700, in _rmtree_safe_fd
    onexc(os.unlink, fullname, err)
  File "/opt/ohpc/pub/compiler/conda/latest/lib/python3.12/shutil.py", line 750, in onexc
    return onerror(func, path, exc_info)
           ^^^^^^^^^^^^^^^^^^^^^^^^^^^^^
  File "/opt/ohpc/pub/compiler/conda/latest/lib/python3.12/shutil.py", line 698, in _rmtree_safe_fd
    os.unlink(entry.name, dir_fd=topfd)
OSError: [Errno 16] Device or resource busy: '/tmp/pymp-1i4_gje6'
[val 001] loss=-0.0345 z_std=0.0485 rankme=83.660 lidar=46.273 areq=1.264 pr=2.76 align=0.5941 unif=-1.774 converged=False collapsed=False
  e002 it0000/62 lr=0.0006 loss=-0.0368 z_std=0.0643
  e002 it0010/62 lr=0.0007 loss=-0.0371 z_std=0.0642
  e002 it0020/62 lr=0.0007 loss=-0.0377 z_std=0.0642
  e002 it0030/62 lr=0.0008 loss=-0.0408 z_std=0.0642
  e002 it0040/62 lr=0.0008 loss=-0.0445 z_std=0.0642
  e002 it0050/62 lr=0.0009 loss=-0.0464 z_std=0.0642
  e002 it0060/62 lr=0.0009 loss=-0.0480 z_std=0.0641
[epoch 002] loss=-0.0478 z_std=0.0641 (healthy~0.0625) time=176.9s
Traceback (most recent call last):
Traceback (most recent call last):
Traceback (most recent call last):
Traceback (most recent call last):
Traceback (most recent call last):
Traceback (most recent call last):
  File "/opt/ohpc/pub/compiler/conda/latest/lib/python3.12/multiprocessing/util.py", line 303, in _run_finalizers
    finalizer()
  File "/opt/ohpc/pub/compiler/conda/latest/lib/python3.12/multiprocessing/util.py", line 303, in _run_finalizers
    finalizer()
  File "/opt/ohpc/pub/compiler/conda/latest/lib/python3.12/multiprocessing/util.py", line 303, in _run_finalizers
    finalizer()
  File "/opt/ohpc/pub/compiler/conda/latest/lib/python3.12/multiprocessing/util.py", line 227, in __call__
    res = self._callback(*self._args, **self._kwargs)
          ^^^^^^^^^^^^^^^^^^^^^^^^^^^^^^^^^^^^^^^^^^^
  File "/opt/ohpc/pub/compiler/conda/latest/lib/python3.12/multiprocessing/util.py", line 227, in __call__
    res = self._callback(*self._args, **self._kwargs)
          ^^^^^^^^^^^^^^^^^^^^^^^^^^^^^^^^^^^^^^^^^^^
  File "/opt/ohpc/pub/compiler/conda/latest/lib/python3.12/multiprocessing/util.py", line 227, in __call__
    res = self._callback(*self._args, **self._kwargs)
          ^^^^^^^^^^^^^^^^^^^^^^^^^^^^^^^^^^^^^^^^^^^
  File "/opt/ohpc/pub/compiler/conda/latest/lib/python3.12/multiprocessing/util.py", line 136, in _remove_temp_dir
    rmtree(tempdir, onerror=onerror)
  File "/opt/ohpc/pub/compiler/conda/latest/lib/python3.12/multiprocessing/util.py", line 136, in _remove_temp_dir
    rmtree(tempdir, onerror=onerror)
  File "/opt/ohpc/pub/compiler/conda/latest/lib/python3.12/multiprocessing/util.py", line 136, in _remove_temp_dir
    rmtree(tempdir, onerror=onerror)
  File "/opt/ohpc/pub/compiler/conda/latest/lib/python3.12/shutil.py", line 759, in rmtree
    _rmtree_safe_fd(stack, onexc)
  File "/opt/ohpc/pub/compiler/conda/latest/lib/python3.12/shutil.py", line 759, in rmtree
    _rmtree_safe_fd(stack, onexc)
  File "/opt/ohpc/pub/compiler/conda/latest/lib/python3.12/shutil.py", line 759, in rmtree
    _rmtree_safe_fd(stack, onexc)
  File "/opt/ohpc/pub/compiler/conda/latest/lib/python3.12/shutil.py", line 703, in _rmtree_safe_fd
    onexc(func, path, err)
  File "/opt/ohpc/pub/compiler/conda/latest/lib/python3.12/multiprocessing/util.py", line 303, in _run_finalizers
    finalizer()
  File "/opt/ohpc/pub/compiler/conda/latest/lib/python3.12/shutil.py", line 703, in _rmtree_safe_fd
    onexc(func, path, err)
  File "/opt/ohpc/pub/compiler/conda/latest/lib/python3.12/shutil.py", line 703, in _rmtree_safe_fd
    onexc(func, path, err)
  File "/opt/ohpc/pub/compiler/conda/latest/lib/python3.12/shutil.py", line 750, in onexc
    return onerror(func, path, exc_info)
           ^^^^^^^^^^^^^^^^^^^^^^^^^^^^^
  File "/opt/ohpc/pub/compiler/conda/latest/lib/python3.12/shutil.py", line 750, in onexc
    return onerror(func, path, exc_info)
           ^^^^^^^^^^^^^^^^^^^^^^^^^^^^^
  File "/opt/ohpc/pub/compiler/conda/latest/lib/python3.12/shutil.py", line 750, in onexc
    return onerror(func, path, exc_info)
           ^^^^^^^^^^^^^^^^^^^^^^^^^^^^^
  File "/opt/ohpc/pub/compiler/conda/latest/lib/python3.12/shutil.py", line 700, in _rmtree_safe_fd
    onexc(os.unlink, fullname, err)
  File "/opt/ohpc/pub/compiler/conda/latest/lib/python3.12/multiprocessing/util.py", line 227, in __call__
    res = self._callback(*self._args, **self._kwargs)
          ^^^^^^^^^^^^^^^^^^^^^^^^^^^^^^^^^^^^^^^^^^^
  File "/opt/ohpc/pub/compiler/conda/latest/lib/python3.12/shutil.py", line 700, in _rmtree_safe_fd
    onexc(os.unlink, fullname, err)
  File "/opt/ohpc/pub/compiler/conda/latest/lib/python3.12/shutil.py", line 700, in _rmtree_safe_fd
    onexc(os.unlink, fullname, err)
  File "/opt/ohpc/pub/compiler/conda/latest/lib/python3.12/shutil.py", line 750, in onexc
    return onerror(func, path, exc_info)
           ^^^^^^^^^^^^^^^^^^^^^^^^^^^^^
  File "/opt/ohpc/pub/compiler/conda/latest/lib/python3.12/shutil.py", line 750, in onexc
    return onerror(func, path, exc_info)
           ^^^^^^^^^^^^^^^^^^^^^^^^^^^^^
  File "/opt/ohpc/pub/compiler/conda/latest/lib/python3.12/shutil.py", line 750, in onexc
    return onerror(func, path, exc_info)
           ^^^^^^^^^^^^^^^^^^^^^^^^^^^^^
  File "/opt/ohpc/pub/compiler/conda/latest/lib/python3.12/shutil.py", line 698, in _rmtree_safe_fd
    os.unlink(entry.name, dir_fd=topfd)
  File "/opt/ohpc/pub/compiler/conda/latest/lib/python3.12/multiprocessing/util.py", line 136, in _remove_temp_dir
    rmtree(tempdir, onerror=onerror)
  File "/opt/ohpc/pub/compiler/conda/latest/lib/python3.12/shutil.py", line 698, in _rmtree_safe_fd
    os.unlink(entry.name, dir_fd=topfd)
  File "/opt/ohpc/pub/compiler/conda/latest/lib/python3.12/shutil.py", line 698, in _rmtree_safe_fd
    os.unlink(entry.name, dir_fd=topfd)
  File "/opt/ohpc/pub/compiler/conda/latest/lib/python3.12/shutil.py", line 759, in rmtree
    _rmtree_safe_fd(stack, onexc)
  File "/opt/ohpc/pub/compiler/conda/latest/lib/python3.12/shutil.py", line 703, in _rmtree_safe_fd
    onexc(func, path, err)
  File "/opt/ohpc/pub/compiler/conda/latest/lib/python3.12/shutil.py", line 750, in onexc
    return onerror(func, path, exc_info)
           ^^^^^^^^^^^^^^^^^^^^^^^^^^^^^
  File "/opt/ohpc/pub/compiler/conda/latest/lib/python3.12/shutil.py", line 700, in _rmtree_safe_fd
    onexc(os.unlink, fullname, err)
OSError: [Errno 16] Device or resource busy: '/tmp/pymp-d96au_uz'
  File "/opt/ohpc/pub/compiler/conda/latest/lib/python3.12/shutil.py", line 750, in onexc
    return onerror(func, path, exc_info)
           ^^^^^^^^^^^^^^^^^^^^^^^^^^^^^
OSError: [Errno 16] Device or resource busy: '/tmp/pymp-lzpj4z65'
OSError: [Errno 16] Device or resource busy: '/tmp/pymp-je86i3je'
  File "/opt/ohpc/pub/compiler/conda/latest/lib/python3.12/shutil.py", line 698, in _rmtree_safe_fd
    os.unlink(entry.name, dir_fd=topfd)
OSError: [Errno 16] Device or resource busy: '/tmp/pymp-jjzua6oj'
Traceback (most recent call last):
Traceback (most recent call last):
  File "/opt/ohpc/pub/compiler/conda/latest/lib/python3.12/multiprocessing/util.py", line 303, in _run_finalizers
    finalizer()
  File "/opt/ohpc/pub/compiler/conda/latest/lib/python3.12/multiprocessing/util.py", line 227, in __call__
    res = self._callback(*self._args, **self._kwargs)
          ^^^^^^^^^^^^^^^^^^^^^^^^^^^^^^^^^^^^^^^^^^^
  File "/opt/ohpc/pub/compiler/conda/latest/lib/python3.12/multiprocessing/util.py", line 136, in _remove_temp_dir
    rmtree(tempdir, onerror=onerror)
  File "/opt/ohpc/pub/compiler/conda/latest/lib/python3.12/shutil.py", line 759, in rmtree
    _rmtree_safe_fd(stack, onexc)
  File "/opt/ohpc/pub/compiler/conda/latest/lib/python3.12/shutil.py", line 703, in _rmtree_safe_fd
    onexc(func, path, err)
  File "/opt/ohpc/pub/compiler/conda/latest/lib/python3.12/shutil.py", line 750, in onexc
    return onerror(func, path, exc_info)
           ^^^^^^^^^^^^^^^^^^^^^^^^^^^^^
  File "/opt/ohpc/pub/compiler/conda/latest/lib/python3.12/shutil.py", line 700, in _rmtree_safe_fd
    onexc(os.unlink, fullname, err)
  File "/opt/ohpc/pub/compiler/conda/latest/lib/python3.12/shutil.py", line 750, in onexc
    return onerror(func, path, exc_info)
           ^^^^^^^^^^^^^^^^^^^^^^^^^^^^^
  File "/opt/ohpc/pub/compiler/conda/latest/lib/python3.12/shutil.py", line 698, in _rmtree_safe_fd
    os.unlink(entry.name, dir_fd=topfd)
OSError: [Errno 16] Device or resource busy: '/tmp/pymp-yo2wygg5'
  File "/opt/ohpc/pub/compiler/conda/latest/lib/python3.12/multiprocessing/util.py", line 303, in _run_finalizers
    finalizer()
  File "/opt/ohpc/pub/compiler/conda/latest/lib/python3.12/multiprocessing/util.py", line 227, in __call__
    res = self._callback(*self._args, **self._kwargs)
          ^^^^^^^^^^^^^^^^^^^^^^^^^^^^^^^^^^^^^^^^^^^
  File "/opt/ohpc/pub/compiler/conda/latest/lib/python3.12/multiprocessing/util.py", line 136, in _remove_temp_dir
    rmtree(tempdir, onerror=onerror)
  File "/opt/ohpc/pub/compiler/conda/latest/lib/python3.12/shutil.py", line 759, in rmtree
    _rmtree_safe_fd(stack, onexc)
  File "/opt/ohpc/pub/compiler/conda/latest/lib/python3.12/shutil.py", line 703, in _rmtree_safe_fd
    onexc(func, path, err)
  File "/opt/ohpc/pub/compiler/conda/latest/lib/python3.12/shutil.py", line 750, in onexc
    return onerror(func, path, exc_info)
           ^^^^^^^^^^^^^^^^^^^^^^^^^^^^^
  File "/opt/ohpc/pub/compiler/conda/latest/lib/python3.12/shutil.py", line 700, in _rmtree_safe_fd
    onexc(os.unlink, fullname, err)
  File "/opt/ohpc/pub/compiler/conda/latest/lib/python3.12/shutil.py", line 750, in onexc
    return onerror(func, path, exc_info)
           ^^^^^^^^^^^^^^^^^^^^^^^^^^^^^
  File "/opt/ohpc/pub/compiler/conda/latest/lib/python3.12/shutil.py", line 698, in _rmtree_safe_fd
    os.unlink(entry.name, dir_fd=topfd)
OSError: [Errno 16] Device or resource busy: '/tmp/pymp-7d8wbsi0'
  File "/opt/ohpc/pub/compiler/conda/latest/lib/python3.12/multiprocessing/util.py", line 303, in _run_finalizers
    finalizer()
  File "/opt/ohpc/pub/compiler/conda/latest/lib/python3.12/multiprocessing/util.py", line 227, in __call__
    res = self._callback(*self._args, **self._kwargs)
          ^^^^^^^^^^^^^^^^^^^^^^^^^^^^^^^^^^^^^^^^^^^
  File "/opt/ohpc/pub/compiler/conda/latest/lib/python3.12/multiprocessing/util.py", line 136, in _remove_temp_dir
    rmtree(tempdir, onerror=onerror)
  File "/opt/ohpc/pub/compiler/conda/latest/lib/python3.12/shutil.py", line 759, in rmtree
    _rmtree_safe_fd(stack, onexc)
  File "/opt/ohpc/pub/compiler/conda/latest/lib/python3.12/shutil.py", line 703, in _rmtree_safe_fd
    onexc(func, path, err)
  File "/opt/ohpc/pub/compiler/conda/latest/lib/python3.12/shutil.py", line 750, in onexc
    return onerror(func, path, exc_info)
           ^^^^^^^^^^^^^^^^^^^^^^^^^^^^^
  File "/opt/ohpc/pub/compiler/conda/latest/lib/python3.12/shutil.py", line 700, in _rmtree_safe_fd
    onexc(os.unlink, fullname, err)
  File "/opt/ohpc/pub/compiler/conda/latest/lib/python3.12/shutil.py", line 750, in onexc
    return onerror(func, path, exc_info)
           ^^^^^^^^^^^^^^^^^^^^^^^^^^^^^
  File "/opt/ohpc/pub/compiler/conda/latest/lib/python3.12/shutil.py", line 698, in _rmtree_safe_fd
    os.unlink(entry.name, dir_fd=topfd)
OSError: [Errno 16] Device or resource busy: '/tmp/pymp-zrli71am'
  File "/opt/ohpc/pub/compiler/conda/latest/lib/python3.12/multiprocessing/util.py", line 303, in _run_finalizers
    finalizer()
  File "/opt/ohpc/pub/compiler/conda/latest/lib/python3.12/multiprocessing/util.py", line 227, in __call__
    res = self._callback(*self._args, **self._kwargs)
          ^^^^^^^^^^^^^^^^^^^^^^^^^^^^^^^^^^^^^^^^^^^
  File "/opt/ohpc/pub/compiler/conda/latest/lib/python3.12/multiprocessing/util.py", line 136, in _remove_temp_dir
    rmtree(tempdir, onerror=onerror)
  File "/opt/ohpc/pub/compiler/conda/latest/lib/python3.12/shutil.py", line 759, in rmtree
    _rmtree_safe_fd(stack, onexc)
  File "/opt/ohpc/pub/compiler/conda/latest/lib/python3.12/shutil.py", line 703, in _rmtree_safe_fd
    onexc(func, path, err)
  File "/opt/ohpc/pub/compiler/conda/latest/lib/python3.12/shutil.py", line 750, in onexc
    return onerror(func, path, exc_info)
           ^^^^^^^^^^^^^^^^^^^^^^^^^^^^^
  File "/opt/ohpc/pub/compiler/conda/latest/lib/python3.12/shutil.py", line 700, in _rmtree_safe_fd
    onexc(os.unlink, fullname, err)
  File "/opt/ohpc/pub/compiler/conda/latest/lib/python3.12/shutil.py", line 750, in onexc
    return onerror(func, path, exc_info)
           ^^^^^^^^^^^^^^^^^^^^^^^^^^^^^
  File "/opt/ohpc/pub/compiler/conda/latest/lib/python3.12/shutil.py", line 698, in _rmtree_safe_fd
    os.unlink(entry.name, dir_fd=topfd)
OSError: [Errno 16] Device or resource busy: '/tmp/pymp-j8l42q9r'
Traceback (most recent call last):
Traceback (most recent call last):
  File "/opt/ohpc/pub/compiler/conda/latest/lib/python3.12/multiprocessing/util.py", line 303, in _run_finalizers
    finalizer()
  File "/opt/ohpc/pub/compiler/conda/latest/lib/python3.12/multiprocessing/util.py", line 227, in __call__
    res = self._callback(*self._args, **self._kwargs)
          ^^^^^^^^^^^^^^^^^^^^^^^^^^^^^^^^^^^^^^^^^^^
  File "/opt/ohpc/pub/compiler/conda/latest/lib/python3.12/multiprocessing/util.py", line 136, in _remove_temp_dir
    rmtree(tempdir, onerror=onerror)
  File "/opt/ohpc/pub/compiler/conda/latest/lib/python3.12/shutil.py", line 759, in rmtree
    _rmtree_safe_fd(stack, onexc)
  File "/opt/ohpc/pub/compiler/conda/latest/lib/python3.12/shutil.py", line 703, in _rmtree_safe_fd
    onexc(func, path, err)
  File "/opt/ohpc/pub/compiler/conda/latest/lib/python3.12/shutil.py", line 750, in onexc
    return onerror(func, path, exc_info)
           ^^^^^^^^^^^^^^^^^^^^^^^^^^^^^
  File "/opt/ohpc/pub/compiler/conda/latest/lib/python3.12/shutil.py", line 700, in _rmtree_safe_fd
    onexc(os.unlink, fullname, err)
  File "/opt/ohpc/pub/compiler/conda/latest/lib/python3.12/shutil.py", line 750, in onexc
    return onerror(func, path, exc_info)
           ^^^^^^^^^^^^^^^^^^^^^^^^^^^^^
  File "/opt/ohpc/pub/compiler/conda/latest/lib/python3.12/shutil.py", line 698, in _rmtree_safe_fd
    os.unlink(entry.name, dir_fd=topfd)
OSError: [Errno 16] Device or resource busy: '/tmp/pymp-ka4hmg1m'
  File "/opt/ohpc/pub/compiler/conda/latest/lib/python3.12/multiprocessing/util.py", line 303, in _run_finalizers
    finalizer()
  File "/opt/ohpc/pub/compiler/conda/latest/lib/python3.12/multiprocessing/util.py", line 227, in __call__
    res = self._callback(*self._args, **self._kwargs)
          ^^^^^^^^^^^^^^^^^^^^^^^^^^^^^^^^^^^^^^^^^^^
  File "/opt/ohpc/pub/compiler/conda/latest/lib/python3.12/multiprocessing/util.py", line 136, in _remove_temp_dir
    rmtree(tempdir, onerror=onerror)
  File "/opt/ohpc/pub/compiler/conda/latest/lib/python3.12/shutil.py", line 759, in rmtree
    _rmtree_safe_fd(stack, onexc)
  File "/opt/ohpc/pub/compiler/conda/latest/lib/python3.12/shutil.py", line 703, in _rmtree_safe_fd
    onexc(func, path, err)
  File "/opt/ohpc/pub/compiler/conda/latest/lib/python3.12/shutil.py", line 750, in onexc
    return onerror(func, path, exc_info)
           ^^^^^^^^^^^^^^^^^^^^^^^^^^^^^
  File "/opt/ohpc/pub/compiler/conda/latest/lib/python3.12/shutil.py", line 700, in _rmtree_safe_fd
    onexc(os.unlink, fullname, err)
  File "/opt/ohpc/pub/compiler/conda/latest/lib/python3.12/shutil.py", line 750, in onexc
    return onerror(func, path, exc_info)
           ^^^^^^^^^^^^^^^^^^^^^^^^^^^^^
  File "/opt/ohpc/pub/compiler/conda/latest/lib/python3.12/shutil.py", line 698, in _rmtree_safe_fd
    os.unlink(entry.name, dir_fd=topfd)
OSError: [Errno 16] Device or resource busy: '/tmp/pymp-7cjwgdzk'
Traceback (most recent call last):
Traceback (most recent call last):
Traceback (most recent call last):
Traceback (most recent call last):
  File "/opt/ohpc/pub/compiler/conda/latest/lib/python3.12/multiprocessing/util.py", line 303, in _run_finalizers
    finalizer()
Traceback (most recent call last):
  File "/opt/ohpc/pub/compiler/conda/latest/lib/python3.12/multiprocessing/util.py", line 227, in __call__
    res = self._callback(*self._args, **self._kwargs)
          ^^^^^^^^^^^^^^^^^^^^^^^^^^^^^^^^^^^^^^^^^^^
  File "/opt/ohpc/pub/compiler/conda/latest/lib/python3.12/multiprocessing/util.py", line 136, in _remove_temp_dir
    rmtree(tempdir, onerror=onerror)
  File "/opt/ohpc/pub/compiler/conda/latest/lib/python3.12/shutil.py", line 759, in rmtree
    _rmtree_safe_fd(stack, onexc)
  File "/opt/ohpc/pub/compiler/conda/latest/lib/python3.12/shutil.py", line 703, in _rmtree_safe_fd
    onexc(func, path, err)
  File "/opt/ohpc/pub/compiler/conda/latest/lib/python3.12/shutil.py", line 750, in onexc
    return onerror(func, path, exc_info)
           ^^^^^^^^^^^^^^^^^^^^^^^^^^^^^
  File "/opt/ohpc/pub/compiler/conda/latest/lib/python3.12/shutil.py", line 700, in _rmtree_safe_fd
    onexc(os.unlink, fullname, err)
  File "/opt/ohpc/pub/compiler/conda/latest/lib/python3.12/shutil.py", line 750, in onexc
    return onerror(func, path, exc_info)
           ^^^^^^^^^^^^^^^^^^^^^^^^^^^^^
  File "/opt/ohpc/pub/compiler/conda/latest/lib/python3.12/shutil.py", line 698, in _rmtree_safe_fd
    os.unlink(entry.name, dir_fd=topfd)
OSError: [Errno 16] Device or resource busy: '/tmp/pymp-6g2mmn3r'
Traceback (most recent call last):
Traceback (most recent call last):
Traceback (most recent call last):
Traceback (most recent call last):
  File "/opt/ohpc/pub/compiler/conda/latest/lib/python3.12/multiprocessing/util.py", line 303, in _run_finalizers
    finalizer()
  File "/opt/ohpc/pub/compiler/conda/latest/lib/python3.12/multiprocessing/util.py", line 227, in __call__
    res = self._callback(*self._args, **self._kwargs)
          ^^^^^^^^^^^^^^^^^^^^^^^^^^^^^^^^^^^^^^^^^^^
  File "/opt/ohpc/pub/compiler/conda/latest/lib/python3.12/multiprocessing/util.py", line 136, in _remove_temp_dir
    rmtree(tempdir, onerror=onerror)
  File "/opt/ohpc/pub/compiler/conda/latest/lib/python3.12/shutil.py", line 759, in rmtree
    _rmtree_safe_fd(stack, onexc)
  File "/opt/ohpc/pub/compiler/conda/latest/lib/python3.12/multiprocessing/util.py", line 303, in _run_finalizers
    finalizer()
  File "/opt/ohpc/pub/compiler/conda/latest/lib/python3.12/shutil.py", line 703, in _rmtree_safe_fd
    onexc(func, path, err)
  File "/opt/ohpc/pub/compiler/conda/latest/lib/python3.12/shutil.py", line 750, in onexc
    return onerror(func, path, exc_info)
           ^^^^^^^^^^^^^^^^^^^^^^^^^^^^^
  File "/opt/ohpc/pub/compiler/conda/latest/lib/python3.12/shutil.py", line 700, in _rmtree_safe_fd
    onexc(os.unlink, fullname, err)
  File "/opt/ohpc/pub/compiler/conda/latest/lib/python3.12/multiprocessing/util.py", line 227, in __call__
    res = self._callback(*self._args, **self._kwargs)
          ^^^^^^^^^^^^^^^^^^^^^^^^^^^^^^^^^^^^^^^^^^^
  File "/opt/ohpc/pub/compiler/conda/latest/lib/python3.12/shutil.py", line 750, in onexc
    return onerror(func, path, exc_info)
           ^^^^^^^^^^^^^^^^^^^^^^^^^^^^^
  File "/opt/ohpc/pub/compiler/conda/latest/lib/python3.12/multiprocessing/util.py", line 136, in _remove_temp_dir
    rmtree(tempdir, onerror=onerror)
  File "/opt/ohpc/pub/compiler/conda/latest/lib/python3.12/shutil.py", line 698, in _rmtree_safe_fd
    os.unlink(entry.name, dir_fd=topfd)
  File "/opt/ohpc/pub/compiler/conda/latest/lib/python3.12/shutil.py", line 759, in rmtree
    _rmtree_safe_fd(stack, onexc)
  File "/opt/ohpc/pub/compiler/conda/latest/lib/python3.12/shutil.py", line 703, in _rmtree_safe_fd
    onexc(func, path, err)
  File "/opt/ohpc/pub/compiler/conda/latest/lib/python3.12/shutil.py", line 750, in onexc
    return onerror(func, path, exc_info)
           ^^^^^^^^^^^^^^^^^^^^^^^^^^^^^
  File "/opt/ohpc/pub/compiler/conda/latest/lib/python3.12/shutil.py", line 700, in _rmtree_safe_fd
    onexc(os.unlink, fullname, err)
  File "/opt/ohpc/pub/compiler/conda/latest/lib/python3.12/shutil.py", line 750, in onexc
    return onerror(func, path, exc_info)
           ^^^^^^^^^^^^^^^^^^^^^^^^^^^^^
OSError: [Errno 16] Device or resource busy: '/tmp/pymp-1dy6_60c'
  File "/opt/ohpc/pub/compiler/conda/latest/lib/python3.12/shutil.py", line 698, in _rmtree_safe_fd
    os.unlink(entry.name, dir_fd=topfd)
OSError: [Errno 16] Device or resource busy: '/tmp/pymp-8l2vsu2i'
  File "/opt/ohpc/pub/compiler/conda/latest/lib/python3.12/multiprocessing/util.py", line 303, in _run_finalizers
    finalizer()
  File "/opt/ohpc/pub/compiler/conda/latest/lib/python3.12/multiprocessing/util.py", line 227, in __call__
    res = self._callback(*self._args, **self._kwargs)
          ^^^^^^^^^^^^^^^^^^^^^^^^^^^^^^^^^^^^^^^^^^^
  File "/opt/ohpc/pub/compiler/conda/latest/lib/python3.12/multiprocessing/util.py", line 136, in _remove_temp_dir
    rmtree(tempdir, onerror=onerror)
  File "/opt/ohpc/pub/compiler/conda/latest/lib/python3.12/shutil.py", line 759, in rmtree
    _rmtree_safe_fd(stack, onexc)
  File "/opt/ohpc/pub/compiler/conda/latest/lib/python3.12/shutil.py", line 703, in _rmtree_safe_fd
    onexc(func, path, err)
  File "/opt/ohpc/pub/compiler/conda/latest/lib/python3.12/multiprocessing/util.py", line 303, in _run_finalizers
    finalizer()
  File "/opt/ohpc/pub/compiler/conda/latest/lib/python3.12/shutil.py", line 750, in onexc
    return onerror(func, path, exc_info)
           ^^^^^^^^^^^^^^^^^^^^^^^^^^^^^
  File "/opt/ohpc/pub/compiler/conda/latest/lib/python3.12/shutil.py", line 700, in _rmtree_safe_fd
    onexc(os.unlink, fullname, err)
  File "/opt/ohpc/pub/compiler/conda/latest/lib/python3.12/shutil.py", line 750, in onexc
    return onerror(func, path, exc_info)
           ^^^^^^^^^^^^^^^^^^^^^^^^^^^^^
  File "/opt/ohpc/pub/compiler/conda/latest/lib/python3.12/multiprocessing/util.py", line 227, in __call__
    res = self._callback(*self._args, **self._kwargs)
          ^^^^^^^^^^^^^^^^^^^^^^^^^^^^^^^^^^^^^^^^^^^
  File "/opt/ohpc/pub/compiler/conda/latest/lib/python3.12/shutil.py", line 698, in _rmtree_safe_fd
    os.unlink(entry.name, dir_fd=topfd)
  File "/opt/ohpc/pub/compiler/conda/latest/lib/python3.12/multiprocessing/util.py", line 136, in _remove_temp_dir
    rmtree(tempdir, onerror=onerror)
  File "/opt/ohpc/pub/compiler/conda/latest/lib/python3.12/shutil.py", line 759, in rmtree
    _rmtree_safe_fd(stack, onexc)
  File "/opt/ohpc/pub/compiler/conda/latest/lib/python3.12/shutil.py", line 703, in _rmtree_safe_fd
    onexc(func, path, err)
  File "/opt/ohpc/pub/compiler/conda/latest/lib/python3.12/shutil.py", line 750, in onexc
    return onerror(func, path, exc_info)
           ^^^^^^^^^^^^^^^^^^^^^^^^^^^^^
  File "/opt/ohpc/pub/compiler/conda/latest/lib/python3.12/shutil.py", line 700, in _rmtree_safe_fd
    onexc(os.unlink, fullname, err)
  File "/opt/ohpc/pub/compiler/conda/latest/lib/python3.12/shutil.py", line 750, in onexc
    return onerror(func, path, exc_info)
           ^^^^^^^^^^^^^^^^^^^^^^^^^^^^^
OSError: [Errno 16] Device or resource busy: '/tmp/pymp-6m65z56f'
  File "/opt/ohpc/pub/compiler/conda/latest/lib/python3.12/shutil.py", line 698, in _rmtree_safe_fd
    os.unlink(entry.name, dir_fd=topfd)
Traceback (most recent call last):
OSError: [Errno 16] Device or resource busy: '/tmp/pymp-x545ppjn'
  File "/opt/ohpc/pub/compiler/conda/latest/lib/python3.12/multiprocessing/util.py", line 303, in _run_finalizers
    finalizer()
  File "/opt/ohpc/pub/compiler/conda/latest/lib/python3.12/multiprocessing/util.py", line 227, in __call__
    res = self._callback(*self._args, **self._kwargs)
          ^^^^^^^^^^^^^^^^^^^^^^^^^^^^^^^^^^^^^^^^^^^
  File "/opt/ohpc/pub/compiler/conda/latest/lib/python3.12/multiprocessing/util.py", line 136, in _remove_temp_dir
    rmtree(tempdir, onerror=onerror)
  File "/opt/ohpc/pub/compiler/conda/latest/lib/python3.12/shutil.py", line 759, in rmtree
    _rmtree_safe_fd(stack, onexc)
  File "/opt/ohpc/pub/compiler/conda/latest/lib/python3.12/shutil.py", line 703, in _rmtree_safe_fd
    onexc(func, path, err)
  File "/opt/ohpc/pub/compiler/conda/latest/lib/python3.12/shutil.py", line 750, in onexc
    return onerror(func, path, exc_info)
           ^^^^^^^^^^^^^^^^^^^^^^^^^^^^^
  File "/opt/ohpc/pub/compiler/conda/latest/lib/python3.12/shutil.py", line 700, in _rmtree_safe_fd
    onexc(os.unlink, fullname, err)
  File "/opt/ohpc/pub/compiler/conda/latest/lib/python3.12/shutil.py", line 750, in onexc
    return onerror(func, path, exc_info)
           ^^^^^^^^^^^^^^^^^^^^^^^^^^^^^
  File "/opt/ohpc/pub/compiler/conda/latest/lib/python3.12/shutil.py", line 698, in _rmtree_safe_fd
    os.unlink(entry.name, dir_fd=topfd)
OSError: [Errno 16] Device or resource busy: '/tmp/pymp-5thy0t9y'
  File "/opt/ohpc/pub/compiler/conda/latest/lib/python3.12/multiprocessing/util.py", line 303, in _run_finalizers
    finalizer()
  File "/opt/ohpc/pub/compiler/conda/latest/lib/python3.12/multiprocessing/util.py", line 227, in __call__
    res = self._callback(*self._args, **self._kwargs)
          ^^^^^^^^^^^^^^^^^^^^^^^^^^^^^^^^^^^^^^^^^^^
  File "/opt/ohpc/pub/compiler/conda/latest/lib/python3.12/multiprocessing/util.py", line 136, in _remove_temp_dir
    rmtree(tempdir, onerror=onerror)
  File "/opt/ohpc/pub/compiler/conda/latest/lib/python3.12/shutil.py", line 759, in rmtree
    _rmtree_safe_fd(stack, onexc)
  File "/opt/ohpc/pub/compiler/conda/latest/lib/python3.12/shutil.py", line 703, in _rmtree_safe_fd
    onexc(func, path, err)
  File "/opt/ohpc/pub/compiler/conda/latest/lib/python3.12/shutil.py", line 750, in onexc
    return onerror(func, path, exc_info)
           ^^^^^^^^^^^^^^^^^^^^^^^^^^^^^
  File "/opt/ohpc/pub/compiler/conda/latest/lib/python3.12/shutil.py", line 700, in _rmtree_safe_fd
    onexc(os.unlink, fullname, err)
  File "/opt/ohpc/pub/compiler/conda/latest/lib/python3.12/shutil.py", line 750, in onexc
    return onerror(func, path, exc_info)
           ^^^^^^^^^^^^^^^^^^^^^^^^^^^^^
  File "/opt/ohpc/pub/compiler/conda/latest/lib/python3.12/shutil.py", line 698, in _rmtree_safe_fd
    os.unlink(entry.name, dir_fd=topfd)
OSError: [Errno 16] Device or resource busy: '/tmp/pymp-os5gp8qr'
  File "/opt/ohpc/pub/compiler/conda/latest/lib/python3.12/multiprocessing/util.py", line 303, in _run_finalizers
    finalizer()
  File "/opt/ohpc/pub/compiler/conda/latest/lib/python3.12/multiprocessing/util.py", line 227, in __call__
    res = self._callback(*self._args, **self._kwargs)
          ^^^^^^^^^^^^^^^^^^^^^^^^^^^^^^^^^^^^^^^^^^^
  File "/opt/ohpc/pub/compiler/conda/latest/lib/python3.12/multiprocessing/util.py", line 136, in _remove_temp_dir
    rmtree(tempdir, onerror=onerror)
  File "/opt/ohpc/pub/compiler/conda/latest/lib/python3.12/shutil.py", line 759, in rmtree
    _rmtree_safe_fd(stack, onexc)
  File "/opt/ohpc/pub/compiler/conda/latest/lib/python3.12/shutil.py", line 703, in _rmtree_safe_fd
    onexc(func, path, err)
  File "/opt/ohpc/pub/compiler/conda/latest/lib/python3.12/shutil.py", line 750, in onexc
    return onerror(func, path, exc_info)
           ^^^^^^^^^^^^^^^^^^^^^^^^^^^^^
  File "/opt/ohpc/pub/compiler/conda/latest/lib/python3.12/shutil.py", line 700, in _rmtree_safe_fd
    onexc(os.unlink, fullname, err)
  File "/opt/ohpc/pub/compiler/conda/latest/lib/python3.12/shutil.py", line 750, in onexc
    return onerror(func, path, exc_info)
           ^^^^^^^^^^^^^^^^^^^^^^^^^^^^^
  File "/opt/ohpc/pub/compiler/conda/latest/lib/python3.12/shutil.py", line 698, in _rmtree_safe_fd
    os.unlink(entry.name, dir_fd=topfd)
OSError: [Errno 16] Device or resource busy: '/tmp/pymp-1xphrqc3'
  File "/opt/ohpc/pub/compiler/conda/latest/lib/python3.12/multiprocessing/util.py", line 303, in _run_finalizers
    finalizer()
  File "/opt/ohpc/pub/compiler/conda/latest/lib/python3.12/multiprocessing/util.py", line 227, in __call__
    res = self._callback(*self._args, **self._kwargs)
          ^^^^^^^^^^^^^^^^^^^^^^^^^^^^^^^^^^^^^^^^^^^
  File "/opt/ohpc/pub/compiler/conda/latest/lib/python3.12/multiprocessing/util.py", line 136, in _remove_temp_dir
    rmtree(tempdir, onerror=onerror)
  File "/opt/ohpc/pub/compiler/conda/latest/lib/python3.12/shutil.py", line 759, in rmtree
    _rmtree_safe_fd(stack, onexc)
  File "/opt/ohpc/pub/compiler/conda/latest/lib/python3.12/shutil.py", line 703, in _rmtree_safe_fd
    onexc(func, path, err)
  File "/opt/ohpc/pub/compiler/conda/latest/lib/python3.12/shutil.py", line 750, in onexc
    return onerror(func, path, exc_info)
           ^^^^^^^^^^^^^^^^^^^^^^^^^^^^^
  File "/opt/ohpc/pub/compiler/conda/latest/lib/python3.12/shutil.py", line 700, in _rmtree_safe_fd
    onexc(os.unlink, fullname, err)
  File "/opt/ohpc/pub/compiler/conda/latest/lib/python3.12/shutil.py", line 750, in onexc
    return onerror(func, path, exc_info)
           ^^^^^^^^^^^^^^^^^^^^^^^^^^^^^
  File "/opt/ohpc/pub/compiler/conda/latest/lib/python3.12/shutil.py", line 698, in _rmtree_safe_fd
    os.unlink(entry.name, dir_fd=topfd)
OSError: [Errno 16] Device or resource busy: '/tmp/pymp-y7azylcz'
  File "/opt/ohpc/pub/compiler/conda/latest/lib/python3.12/multiprocessing/util.py", line 303, in _run_finalizers
    finalizer()
  File "/opt/ohpc/pub/compiler/conda/latest/lib/python3.12/multiprocessing/util.py", line 227, in __call__
    res = self._callback(*self._args, **self._kwargs)
          ^^^^^^^^^^^^^^^^^^^^^^^^^^^^^^^^^^^^^^^^^^^
  File "/opt/ohpc/pub/compiler/conda/latest/lib/python3.12/multiprocessing/util.py", line 136, in _remove_temp_dir
    rmtree(tempdir, onerror=onerror)
  File "/opt/ohpc/pub/compiler/conda/latest/lib/python3.12/shutil.py", line 759, in rmtree
    _rmtree_safe_fd(stack, onexc)
  File "/opt/ohpc/pub/compiler/conda/latest/lib/python3.12/shutil.py", line 703, in _rmtree_safe_fd
    onexc(func, path, err)
  File "/opt/ohpc/pub/compiler/conda/latest/lib/python3.12/shutil.py", line 750, in onexc
    return onerror(func, path, exc_info)
           ^^^^^^^^^^^^^^^^^^^^^^^^^^^^^
  File "/opt/ohpc/pub/compiler/conda/latest/lib/python3.12/shutil.py", line 700, in _rmtree_safe_fd
    onexc(os.unlink, fullname, err)
  File "/opt/ohpc/pub/compiler/conda/latest/lib/python3.12/shutil.py", line 750, in onexc
    return onerror(func, path, exc_info)
           ^^^^^^^^^^^^^^^^^^^^^^^^^^^^^
  File "/opt/ohpc/pub/compiler/conda/latest/lib/python3.12/shutil.py", line 698, in _rmtree_safe_fd
    os.unlink(entry.name, dir_fd=topfd)
OSError: [Errno 16] Device or resource busy: '/tmp/pymp-53w830__'
Traceback (most recent call last):
Traceback (most recent call last):
Traceback (most recent call last):
Traceback (most recent call last):
Traceback (most recent call last):
Traceback (most recent call last):
  File "/opt/ohpc/pub/compiler/conda/latest/lib/python3.12/multiprocessing/util.py", line 303, in _run_finalizers
    finalizer()
  File "/opt/ohpc/pub/compiler/conda/latest/lib/python3.12/multiprocessing/util.py", line 303, in _run_finalizers
    finalizer()
  File "/opt/ohpc/pub/compiler/conda/latest/lib/python3.12/multiprocessing/util.py", line 227, in __call__
    res = self._callback(*self._args, **self._kwargs)
          ^^^^^^^^^^^^^^^^^^^^^^^^^^^^^^^^^^^^^^^^^^^
  File "/opt/ohpc/pub/compiler/conda/latest/lib/python3.12/multiprocessing/util.py", line 136, in _remove_temp_dir
    rmtree(tempdir, onerror=onerror)
  File "/opt/ohpc/pub/compiler/conda/latest/lib/python3.12/multiprocessing/util.py", line 303, in _run_finalizers
    finalizer()
  File "/opt/ohpc/pub/compiler/conda/latest/lib/python3.12/shutil.py", line 759, in rmtree
    _rmtree_safe_fd(stack, onexc)
  File "/opt/ohpc/pub/compiler/conda/latest/lib/python3.12/shutil.py", line 703, in _rmtree_safe_fd
    onexc(func, path, err)
  File "/opt/ohpc/pub/compiler/conda/latest/lib/python3.12/multiprocessing/util.py", line 227, in __call__
    res = self._callback(*self._args, **self._kwargs)
          ^^^^^^^^^^^^^^^^^^^^^^^^^^^^^^^^^^^^^^^^^^^
  File "/opt/ohpc/pub/compiler/conda/latest/lib/python3.12/shutil.py", line 750, in onexc
    return onerror(func, path, exc_info)
           ^^^^^^^^^^^^^^^^^^^^^^^^^^^^^
  File "/opt/ohpc/pub/compiler/conda/latest/lib/python3.12/multiprocessing/util.py", line 136, in _remove_temp_dir
    rmtree(tempdir, onerror=onerror)
  File "/opt/ohpc/pub/compiler/conda/latest/lib/python3.12/shutil.py", line 700, in _rmtree_safe_fd
    onexc(os.unlink, fullname, err)
  File "/opt/ohpc/pub/compiler/conda/latest/lib/python3.12/shutil.py", line 759, in rmtree
    _rmtree_safe_fd(stack, onexc)
  File "/opt/ohpc/pub/compiler/conda/latest/lib/python3.12/multiprocessing/util.py", line 227, in __call__
    res = self._callback(*self._args, **self._kwargs)
          ^^^^^^^^^^^^^^^^^^^^^^^^^^^^^^^^^^^^^^^^^^^
  File "/opt/ohpc/pub/compiler/conda/latest/lib/python3.12/shutil.py", line 750, in onexc
    return onerror(func, path, exc_info)
           ^^^^^^^^^^^^^^^^^^^^^^^^^^^^^
  File "/opt/ohpc/pub/compiler/conda/latest/lib/python3.12/shutil.py", line 703, in _rmtree_safe_fd
    onexc(func, path, err)
  File "/opt/ohpc/pub/compiler/conda/latest/lib/python3.12/shutil.py", line 698, in _rmtree_safe_fd
    os.unlink(entry.name, dir_fd=topfd)
  File "/opt/ohpc/pub/compiler/conda/latest/lib/python3.12/multiprocessing/util.py", line 136, in _remove_temp_dir
    rmtree(tempdir, onerror=onerror)
  File "/opt/ohpc/pub/compiler/conda/latest/lib/python3.12/shutil.py", line 750, in onexc
    return onerror(func, path, exc_info)
           ^^^^^^^^^^^^^^^^^^^^^^^^^^^^^
  File "/opt/ohpc/pub/compiler/conda/latest/lib/python3.12/shutil.py", line 759, in rmtree
    _rmtree_safe_fd(stack, onexc)
  File "/opt/ohpc/pub/compiler/conda/latest/lib/python3.12/shutil.py", line 700, in _rmtree_safe_fd
    onexc(os.unlink, fullname, err)
  File "/opt/ohpc/pub/compiler/conda/latest/lib/python3.12/shutil.py", line 703, in _rmtree_safe_fd
    onexc(func, path, err)
  File "/opt/ohpc/pub/compiler/conda/latest/lib/python3.12/shutil.py", line 750, in onexc
    return onerror(func, path, exc_info)
           ^^^^^^^^^^^^^^^^^^^^^^^^^^^^^
  File "/opt/ohpc/pub/compiler/conda/latest/lib/python3.12/shutil.py", line 750, in onexc
    return onerror(func, path, exc_info)
           ^^^^^^^^^^^^^^^^^^^^^^^^^^^^^
  File "/opt/ohpc/pub/compiler/conda/latest/lib/python3.12/shutil.py", line 698, in _rmtree_safe_fd
    os.unlink(entry.name, dir_fd=topfd)
  File "/opt/ohpc/pub/compiler/conda/latest/lib/python3.12/shutil.py", line 700, in _rmtree_safe_fd
    onexc(os.unlink, fullname, err)
  File "/opt/ohpc/pub/compiler/conda/latest/lib/python3.12/shutil.py", line 750, in onexc
    return onerror(func, path, exc_info)
           ^^^^^^^^^^^^^^^^^^^^^^^^^^^^^
OSError: [Errno 16] Device or resource busy: '/tmp/pymp-ll644z_7'
  File "/opt/ohpc/pub/compiler/conda/latest/lib/python3.12/shutil.py", line 698, in _rmtree_safe_fd
    os.unlink(entry.name, dir_fd=topfd)
OSError: [Errno 16] Device or resource busy: '/tmp/pymp-q_izv5sw'
OSError: [Errno 16] Device or resource busy: '/tmp/pymp-d9llppcs'
  File "/opt/ohpc/pub/compiler/conda/latest/lib/python3.12/multiprocessing/util.py", line 303, in _run_finalizers
    finalizer()
  File "/opt/ohpc/pub/compiler/conda/latest/lib/python3.12/multiprocessing/util.py", line 227, in __call__
    res = self._callback(*self._args, **self._kwargs)
          ^^^^^^^^^^^^^^^^^^^^^^^^^^^^^^^^^^^^^^^^^^^
  File "/opt/ohpc/pub/compiler/conda/latest/lib/python3.12/multiprocessing/util.py", line 136, in _remove_temp_dir
    rmtree(tempdir, onerror=onerror)
  File "/opt/ohpc/pub/compiler/conda/latest/lib/python3.12/shutil.py", line 759, in rmtree
    _rmtree_safe_fd(stack, onexc)
  File "/opt/ohpc/pub/compiler/conda/latest/lib/python3.12/shutil.py", line 703, in _rmtree_safe_fd
    onexc(func, path, err)
  File "/opt/ohpc/pub/compiler/conda/latest/lib/python3.12/shutil.py", line 750, in onexc
    return onerror(func, path, exc_info)
           ^^^^^^^^^^^^^^^^^^^^^^^^^^^^^
  File "/opt/ohpc/pub/compiler/conda/latest/lib/python3.12/shutil.py", line 700, in _rmtree_safe_fd
    onexc(os.unlink, fullname, err)
  File "/opt/ohpc/pub/compiler/conda/latest/lib/python3.12/shutil.py", line 750, in onexc
    return onerror(func, path, exc_info)
           ^^^^^^^^^^^^^^^^^^^^^^^^^^^^^
  File "/opt/ohpc/pub/compiler/conda/latest/lib/python3.12/shutil.py", line 698, in _rmtree_safe_fd
    os.unlink(entry.name, dir_fd=topfd)
OSError: [Errno 16] Device or resource busy: '/tmp/pymp-5y5qvbr4'
Traceback (most recent call last):
  File "/opt/ohpc/pub/compiler/conda/latest/lib/python3.12/multiprocessing/util.py", line 303, in _run_finalizers
    finalizer()
  File "/opt/ohpc/pub/compiler/conda/latest/lib/python3.12/multiprocessing/util.py", line 227, in __call__
    res = self._callback(*self._args, **self._kwargs)
          ^^^^^^^^^^^^^^^^^^^^^^^^^^^^^^^^^^^^^^^^^^^
  File "/opt/ohpc/pub/compiler/conda/latest/lib/python3.12/multiprocessing/util.py", line 136, in _remove_temp_dir
    rmtree(tempdir, onerror=onerror)
  File "/opt/ohpc/pub/compiler/conda/latest/lib/python3.12/shutil.py", line 759, in rmtree
    _rmtree_safe_fd(stack, onexc)
  File "/opt/ohpc/pub/compiler/conda/latest/lib/python3.12/shutil.py", line 703, in _rmtree_safe_fd
    onexc(func, path, err)
  File "/opt/ohpc/pub/compiler/conda/latest/lib/python3.12/shutil.py", line 750, in onexc
    return onerror(func, path, exc_info)
           ^^^^^^^^^^^^^^^^^^^^^^^^^^^^^
  File "/opt/ohpc/pub/compiler/conda/latest/lib/python3.12/shutil.py", line 700, in _rmtree_safe_fd
    onexc(os.unlink, fullname, err)
  File "/opt/ohpc/pub/compiler/conda/latest/lib/python3.12/shutil.py", line 750, in onexc
    return onerror(func, path, exc_info)
           ^^^^^^^^^^^^^^^^^^^^^^^^^^^^^
  File "/opt/ohpc/pub/compiler/conda/latest/lib/python3.12/shutil.py", line 698, in _rmtree_safe_fd
    os.unlink(entry.name, dir_fd=topfd)
OSError: [Errno 16] Device or resource busy: '/tmp/pymp-csja14n8'
Traceback (most recent call last):
  File "/opt/ohpc/pub/compiler/conda/latest/lib/python3.12/multiprocessing/util.py", line 303, in _run_finalizers
    finalizer()
Traceback (most recent call last):
  File "/opt/ohpc/pub/compiler/conda/latest/lib/python3.12/multiprocessing/util.py", line 227, in __call__
    res = self._callback(*self._args, **self._kwargs)
          ^^^^^^^^^^^^^^^^^^^^^^^^^^^^^^^^^^^^^^^^^^^
  File "/opt/ohpc/pub/compiler/conda/latest/lib/python3.12/multiprocessing/util.py", line 136, in _remove_temp_dir
    rmtree(tempdir, onerror=onerror)
  File "/opt/ohpc/pub/compiler/conda/latest/lib/python3.12/shutil.py", line 759, in rmtree
    _rmtree_safe_fd(stack, onexc)
  File "/opt/ohpc/pub/compiler/conda/latest/lib/python3.12/shutil.py", line 703, in _rmtree_safe_fd
    onexc(func, path, err)
  File "/opt/ohpc/pub/compiler/conda/latest/lib/python3.12/shutil.py", line 750, in onexc
    return onerror(func, path, exc_info)
           ^^^^^^^^^^^^^^^^^^^^^^^^^^^^^
  File "/opt/ohpc/pub/compiler/conda/latest/lib/python3.12/shutil.py", line 700, in _rmtree_safe_fd
    onexc(os.unlink, fullname, err)
  File "/opt/ohpc/pub/compiler/conda/latest/lib/python3.12/shutil.py", line 750, in onexc
    return onerror(func, path, exc_info)
           ^^^^^^^^^^^^^^^^^^^^^^^^^^^^^
  File "/opt/ohpc/pub/compiler/conda/latest/lib/python3.12/shutil.py", line 698, in _rmtree_safe_fd
    os.unlink(entry.name, dir_fd=topfd)
OSError: [Errno 16] Device or resource busy: '/tmp/pymp-9estr2zi'
  File "/opt/ohpc/pub/compiler/conda/latest/lib/python3.12/multiprocessing/util.py", line 303, in _run_finalizers
    finalizer()
  File "/opt/ohpc/pub/compiler/conda/latest/lib/python3.12/multiprocessing/util.py", line 227, in __call__
    res = self._callback(*self._args, **self._kwargs)
          ^^^^^^^^^^^^^^^^^^^^^^^^^^^^^^^^^^^^^^^^^^^
  File "/opt/ohpc/pub/compiler/conda/latest/lib/python3.12/multiprocessing/util.py", line 136, in _remove_temp_dir
    rmtree(tempdir, onerror=onerror)
  File "/opt/ohpc/pub/compiler/conda/latest/lib/python3.12/shutil.py", line 759, in rmtree
    _rmtree_safe_fd(stack, onexc)
  File "/opt/ohpc/pub/compiler/conda/latest/lib/python3.12/shutil.py", line 703, in _rmtree_safe_fd
    onexc(func, path, err)
  File "/opt/ohpc/pub/compiler/conda/latest/lib/python3.12/multiprocessing/util.py", line 303, in _run_finalizers
    finalizer()
  File "/opt/ohpc/pub/compiler/conda/latest/lib/python3.12/shutil.py", line 750, in onexc
    return onerror(func, path, exc_info)
           ^^^^^^^^^^^^^^^^^^^^^^^^^^^^^
  File "/opt/ohpc/pub/compiler/conda/latest/lib/python3.12/shutil.py", line 700, in _rmtree_safe_fd
    onexc(os.unlink, fullname, err)
  File "/opt/ohpc/pub/compiler/conda/latest/lib/python3.12/multiprocessing/util.py", line 227, in __call__
    res = self._callback(*self._args, **self._kwargs)
          ^^^^^^^^^^^^^^^^^^^^^^^^^^^^^^^^^^^^^^^^^^^
  File "/opt/ohpc/pub/compiler/conda/latest/lib/python3.12/shutil.py", line 750, in onexc
    return onerror(func, path, exc_info)
           ^^^^^^^^^^^^^^^^^^^^^^^^^^^^^
  File "/opt/ohpc/pub/compiler/conda/latest/lib/python3.12/shutil.py", line 698, in _rmtree_safe_fd
    os.unlink(entry.name, dir_fd=topfd)
  File "/opt/ohpc/pub/compiler/conda/latest/lib/python3.12/multiprocessing/util.py", line 136, in _remove_temp_dir
    rmtree(tempdir, onerror=onerror)
  File "/opt/ohpc/pub/compiler/conda/latest/lib/python3.12/shutil.py", line 759, in rmtree
    _rmtree_safe_fd(stack, onexc)
  File "/opt/ohpc/pub/compiler/conda/latest/lib/python3.12/shutil.py", line 703, in _rmtree_safe_fd
    onexc(func, path, err)
  File "/opt/ohpc/pub/compiler/conda/latest/lib/python3.12/shutil.py", line 750, in onexc
    return onerror(func, path, exc_info)
           ^^^^^^^^^^^^^^^^^^^^^^^^^^^^^
  File "/opt/ohpc/pub/compiler/conda/latest/lib/python3.12/shutil.py", line 700, in _rmtree_safe_fd
    onexc(os.unlink, fullname, err)
  File "/opt/ohpc/pub/compiler/conda/latest/lib/python3.12/shutil.py", line 750, in onexc
    return onerror(func, path, exc_info)
           ^^^^^^^^^^^^^^^^^^^^^^^^^^^^^
OSError: [Errno 16] Device or resource busy: '/tmp/pymp-fn4rkxe1'
  File "/opt/ohpc/pub/compiler/conda/latest/lib/python3.12/shutil.py", line 698, in _rmtree_safe_fd
    os.unlink(entry.name, dir_fd=topfd)
OSError: [Errno 16] Device or resource busy: '/tmp/pymp-qsig76pd'
  File "/opt/ohpc/pub/compiler/conda/latest/lib/python3.12/multiprocessing/util.py", line 303, in _run_finalizers
    finalizer()
  File "/opt/ohpc/pub/compiler/conda/latest/lib/python3.12/multiprocessing/util.py", line 227, in __call__
    res = self._callback(*self._args, **self._kwargs)
          ^^^^^^^^^^^^^^^^^^^^^^^^^^^^^^^^^^^^^^^^^^^
  File "/opt/ohpc/pub/compiler/conda/latest/lib/python3.12/multiprocessing/util.py", line 136, in _remove_temp_dir
    rmtree(tempdir, onerror=onerror)
  File "/opt/ohpc/pub/compiler/conda/latest/lib/python3.12/shutil.py", line 759, in rmtree
    _rmtree_safe_fd(stack, onexc)
  File "/opt/ohpc/pub/compiler/conda/latest/lib/python3.12/shutil.py", line 703, in _rmtree_safe_fd
    onexc(func, path, err)
  File "/opt/ohpc/pub/compiler/conda/latest/lib/python3.12/shutil.py", line 750, in onexc
    return onerror(func, path, exc_info)
           ^^^^^^^^^^^^^^^^^^^^^^^^^^^^^
  File "/opt/ohpc/pub/compiler/conda/latest/lib/python3.12/shutil.py", line 700, in _rmtree_safe_fd
    onexc(os.unlink, fullname, err)
  File "/opt/ohpc/pub/compiler/conda/latest/lib/python3.12/shutil.py", line 750, in onexc
    return onerror(func, path, exc_info)
           ^^^^^^^^^^^^^^^^^^^^^^^^^^^^^
  File "/opt/ohpc/pub/compiler/conda/latest/lib/python3.12/shutil.py", line 698, in _rmtree_safe_fd
    os.unlink(entry.name, dir_fd=topfd)
OSError: [Errno 16] Device or resource busy: '/tmp/pymp-6q0crkrj'
Traceback (most recent call last):
  File "/opt/ohpc/pub/compiler/conda/latest/lib/python3.12/multiprocessing/util.py", line 303, in _run_finalizers
    finalizer()
  File "/opt/ohpc/pub/compiler/conda/latest/lib/python3.12/multiprocessing/util.py", line 227, in __call__
    res = self._callback(*self._args, **self._kwargs)
          ^^^^^^^^^^^^^^^^^^^^^^^^^^^^^^^^^^^^^^^^^^^
  File "/opt/ohpc/pub/compiler/conda/latest/lib/python3.12/multiprocessing/util.py", line 136, in _remove_temp_dir
    rmtree(tempdir, onerror=onerror)
  File "/opt/ohpc/pub/compiler/conda/latest/lib/python3.12/shutil.py", line 759, in rmtree
    _rmtree_safe_fd(stack, onexc)
  File "/opt/ohpc/pub/compiler/conda/latest/lib/python3.12/shutil.py", line 703, in _rmtree_safe_fd
    onexc(func, path, err)
  File "/opt/ohpc/pub/compiler/conda/latest/lib/python3.12/shutil.py", line 750, in onexc
    return onerror(func, path, exc_info)
           ^^^^^^^^^^^^^^^^^^^^^^^^^^^^^
  File "/opt/ohpc/pub/compiler/conda/latest/lib/python3.12/shutil.py", line 700, in _rmtree_safe_fd
    onexc(os.unlink, fullname, err)
  File "/opt/ohpc/pub/compiler/conda/latest/lib/python3.12/shutil.py", line 750, in onexc
    return onerror(func, path, exc_info)
           ^^^^^^^^^^^^^^^^^^^^^^^^^^^^^
  File "/opt/ohpc/pub/compiler/conda/latest/lib/python3.12/shutil.py", line 698, in _rmtree_safe_fd
    os.unlink(entry.name, dir_fd=topfd)
OSError: [Errno 16] Device or resource busy: '/tmp/pymp-3gurlbk1'
[val 002] loss=-0.0628 z_std=0.0483 rankme=80.649 lidar=45.779 areq=1.305 pr=2.56 align=0.5498 unif=-1.718 converged=False collapsed=False
  e003 it0000/62 lr=0.0009 loss=-0.0610 z_std=0.0642
  e003 it0010/62 lr=0.0010 loss=-0.0664 z_std=0.0641
  e003 it0020/62 lr=0.0010 loss=-0.0671 z_std=0.0642
  e003 it0030/62 lr=0.0011 loss=-0.0677 z_std=0.0642
  e003 it0040/62 lr=0.0011 loss=-0.0701 z_std=0.0641
  e003 it0050/62 lr=0.0012 loss=-0.0713 z_std=0.0642
  e003 it0060/62 lr=0.0012 loss=-0.0743 z_std=0.0641
[epoch 003] loss=-0.0744 z_std=0.0641 (healthy~0.0625) time=175.6s
Traceback (most recent call last):
Traceback (most recent call last):
Traceback (most recent call last):
Traceback (most recent call last):
Traceback (most recent call last):
Traceback (most recent call last):
Traceback (most recent call last):
Traceback (most recent call last):
Traceback (most recent call last):
Traceback (most recent call last):
  File "/opt/ohpc/pub/compiler/conda/latest/lib/python3.12/multiprocessing/util.py", line 303, in _run_finalizers
    finalizer()
  File "/opt/ohpc/pub/compiler/conda/latest/lib/python3.12/multiprocessing/util.py", line 303, in _run_finalizers
    finalizer()
  File "/opt/ohpc/pub/compiler/conda/latest/lib/python3.12/multiprocessing/util.py", line 227, in __call__
    res = self._callback(*self._args, **self._kwargs)
          ^^^^^^^^^^^^^^^^^^^^^^^^^^^^^^^^^^^^^^^^^^^
  File "/opt/ohpc/pub/compiler/conda/latest/lib/python3.12/multiprocessing/util.py", line 227, in __call__
    res = self._callback(*self._args, **self._kwargs)
          ^^^^^^^^^^^^^^^^^^^^^^^^^^^^^^^^^^^^^^^^^^^
  File "/opt/ohpc/pub/compiler/conda/latest/lib/python3.12/multiprocessing/util.py", line 136, in _remove_temp_dir
    rmtree(tempdir, onerror=onerror)
  File "/opt/ohpc/pub/compiler/conda/latest/lib/python3.12/shutil.py", line 759, in rmtree
    _rmtree_safe_fd(stack, onexc)
  File "/opt/ohpc/pub/compiler/conda/latest/lib/python3.12/multiprocessing/util.py", line 136, in _remove_temp_dir
    rmtree(tempdir, onerror=onerror)
  File "/opt/ohpc/pub/compiler/conda/latest/lib/python3.12/multiprocessing/util.py", line 303, in _run_finalizers
    finalizer()
  File "/opt/ohpc/pub/compiler/conda/latest/lib/python3.12/shutil.py", line 703, in _rmtree_safe_fd
    onexc(func, path, err)
  File "/opt/ohpc/pub/compiler/conda/latest/lib/python3.12/shutil.py", line 759, in rmtree
    _rmtree_safe_fd(stack, onexc)
  File "/opt/ohpc/pub/compiler/conda/latest/lib/python3.12/shutil.py", line 750, in onexc
    return onerror(func, path, exc_info)
           ^^^^^^^^^^^^^^^^^^^^^^^^^^^^^
  File "/opt/ohpc/pub/compiler/conda/latest/lib/python3.12/shutil.py", line 703, in _rmtree_safe_fd
    onexc(func, path, err)
  File "/opt/ohpc/pub/compiler/conda/latest/lib/python3.12/multiprocessing/util.py", line 227, in __call__
    res = self._callback(*self._args, **self._kwargs)
          ^^^^^^^^^^^^^^^^^^^^^^^^^^^^^^^^^^^^^^^^^^^
  File "/opt/ohpc/pub/compiler/conda/latest/lib/python3.12/shutil.py", line 700, in _rmtree_safe_fd
    onexc(os.unlink, fullname, err)
  File "/opt/ohpc/pub/compiler/conda/latest/lib/python3.12/shutil.py", line 750, in onexc
    return onerror(func, path, exc_info)
           ^^^^^^^^^^^^^^^^^^^^^^^^^^^^^
  File "/opt/ohpc/pub/compiler/conda/latest/lib/python3.12/multiprocessing/util.py", line 136, in _remove_temp_dir
    rmtree(tempdir, onerror=onerror)
  File "/opt/ohpc/pub/compiler/conda/latest/lib/python3.12/shutil.py", line 750, in onexc
    return onerror(func, path, exc_info)
           ^^^^^^^^^^^^^^^^^^^^^^^^^^^^^
  File "/opt/ohpc/pub/compiler/conda/latest/lib/python3.12/shutil.py", line 700, in _rmtree_safe_fd
    onexc(os.unlink, fullname, err)
  File "/opt/ohpc/pub/compiler/conda/latest/lib/python3.12/shutil.py", line 759, in rmtree
    _rmtree_safe_fd(stack, onexc)
  File "/opt/ohpc/pub/compiler/conda/latest/lib/python3.12/shutil.py", line 698, in _rmtree_safe_fd
    os.unlink(entry.name, dir_fd=topfd)
  File "/opt/ohpc/pub/compiler/conda/latest/lib/python3.12/shutil.py", line 750, in onexc
    return onerror(func, path, exc_info)
           ^^^^^^^^^^^^^^^^^^^^^^^^^^^^^
  File "/opt/ohpc/pub/compiler/conda/latest/lib/python3.12/shutil.py", line 703, in _rmtree_safe_fd
    onexc(func, path, err)
  File "/opt/ohpc/pub/compiler/conda/latest/lib/python3.12/shutil.py", line 698, in _rmtree_safe_fd
    os.unlink(entry.name, dir_fd=topfd)
  File "/opt/ohpc/pub/compiler/conda/latest/lib/python3.12/shutil.py", line 750, in onexc
    return onerror(func, path, exc_info)
           ^^^^^^^^^^^^^^^^^^^^^^^^^^^^^
  File "/opt/ohpc/pub/compiler/conda/latest/lib/python3.12/shutil.py", line 700, in _rmtree_safe_fd
    onexc(os.unlink, fullname, err)
  File "/opt/ohpc/pub/compiler/conda/latest/lib/python3.12/shutil.py", line 750, in onexc
    return onerror(func, path, exc_info)
           ^^^^^^^^^^^^^^^^^^^^^^^^^^^^^
  File "/opt/ohpc/pub/compiler/conda/latest/lib/python3.12/shutil.py", line 698, in _rmtree_safe_fd
    os.unlink(entry.name, dir_fd=topfd)
OSError: [Errno 16] Device or resource busy: '/tmp/pymp-wo0e3v3l'
OSError: [Errno 16] Device or resource busy: '/tmp/pymp-hofdg859'
OSError: [Errno 16] Device or resource busy: '/tmp/pymp-lmakml4d'
  File "/opt/ohpc/pub/compiler/conda/latest/lib/python3.12/multiprocessing/util.py", line 303, in _run_finalizers
    finalizer()
  File "/opt/ohpc/pub/compiler/conda/latest/lib/python3.12/multiprocessing/util.py", line 303, in _run_finalizers
    finalizer()
  File "/opt/ohpc/pub/compiler/conda/latest/lib/python3.12/multiprocessing/util.py", line 227, in __call__
    res = self._callback(*self._args, **self._kwargs)
          ^^^^^^^^^^^^^^^^^^^^^^^^^^^^^^^^^^^^^^^^^^^
  File "/opt/ohpc/pub/compiler/conda/latest/lib/python3.12/multiprocessing/util.py", line 136, in _remove_temp_dir
    rmtree(tempdir, onerror=onerror)
  File "/opt/ohpc/pub/compiler/conda/latest/lib/python3.12/multiprocessing/util.py", line 227, in __call__
    res = self._callback(*self._args, **self._kwargs)
          ^^^^^^^^^^^^^^^^^^^^^^^^^^^^^^^^^^^^^^^^^^^
  File "/opt/ohpc/pub/compiler/conda/latest/lib/python3.12/shutil.py", line 759, in rmtree
    _rmtree_safe_fd(stack, onexc)
  File "/opt/ohpc/pub/compiler/conda/latest/lib/python3.12/multiprocessing/util.py", line 136, in _remove_temp_dir
    rmtree(tempdir, onerror=onerror)
  File "/opt/ohpc/pub/compiler/conda/latest/lib/python3.12/shutil.py", line 703, in _rmtree_safe_fd
    onexc(func, path, err)
  File "/opt/ohpc/pub/compiler/conda/latest/lib/python3.12/shutil.py", line 759, in rmtree
    _rmtree_safe_fd(stack, onexc)
  File "/opt/ohpc/pub/compiler/conda/latest/lib/python3.12/shutil.py", line 750, in onexc
    return onerror(func, path, exc_info)
           ^^^^^^^^^^^^^^^^^^^^^^^^^^^^^
  File "/opt/ohpc/pub/compiler/conda/latest/lib/python3.12/shutil.py", line 703, in _rmtree_safe_fd
    onexc(func, path, err)
  File "/opt/ohpc/pub/compiler/conda/latest/lib/python3.12/shutil.py", line 700, in _rmtree_safe_fd
    onexc(os.unlink, fullname, err)
  File "/opt/ohpc/pub/compiler/conda/latest/lib/python3.12/shutil.py", line 750, in onexc
    return onerror(func, path, exc_info)
           ^^^^^^^^^^^^^^^^^^^^^^^^^^^^^
  File "/opt/ohpc/pub/compiler/conda/latest/lib/python3.12/shutil.py", line 750, in onexc
    return onerror(func, path, exc_info)
           ^^^^^^^^^^^^^^^^^^^^^^^^^^^^^
  File "/opt/ohpc/pub/compiler/conda/latest/lib/python3.12/shutil.py", line 700, in _rmtree_safe_fd
    onexc(os.unlink, fullname, err)
  File "/opt/ohpc/pub/compiler/conda/latest/lib/python3.12/shutil.py", line 698, in _rmtree_safe_fd
    os.unlink(entry.name, dir_fd=topfd)
  File "/opt/ohpc/pub/compiler/conda/latest/lib/python3.12/shutil.py", line 750, in onexc
    return onerror(func, path, exc_info)
           ^^^^^^^^^^^^^^^^^^^^^^^^^^^^^
  File "/opt/ohpc/pub/compiler/conda/latest/lib/python3.12/shutil.py", line 698, in _rmtree_safe_fd
    os.unlink(entry.name, dir_fd=topfd)
OSError: [Errno 16] Device or resource busy: '/tmp/pymp-b2g29o8d'
OSError: [Errno 16] Device or resource busy: '/tmp/pymp-q_o9b_xf'
  File "/opt/ohpc/pub/compiler/conda/latest/lib/python3.12/multiprocessing/util.py", line 303, in _run_finalizers
    finalizer()
  File "/opt/ohpc/pub/compiler/conda/latest/lib/python3.12/multiprocessing/util.py", line 227, in __call__
    res = self._callback(*self._args, **self._kwargs)
          ^^^^^^^^^^^^^^^^^^^^^^^^^^^^^^^^^^^^^^^^^^^
  File "/opt/ohpc/pub/compiler/conda/latest/lib/python3.12/multiprocessing/util.py", line 136, in _remove_temp_dir
    rmtree(tempdir, onerror=onerror)
  File "/opt/ohpc/pub/compiler/conda/latest/lib/python3.12/shutil.py", line 759, in rmtree
    _rmtree_safe_fd(stack, onexc)
  File "/opt/ohpc/pub/compiler/conda/latest/lib/python3.12/multiprocessing/util.py", line 303, in _run_finalizers
    finalizer()
  File "/opt/ohpc/pub/compiler/conda/latest/lib/python3.12/shutil.py", line 703, in _rmtree_safe_fd
    onexc(func, path, err)
  File "/opt/ohpc/pub/compiler/conda/latest/lib/python3.12/shutil.py", line 750, in onexc
    return onerror(func, path, exc_info)
           ^^^^^^^^^^^^^^^^^^^^^^^^^^^^^
  File "/opt/ohpc/pub/compiler/conda/latest/lib/python3.12/multiprocessing/util.py", line 227, in __call__
    res = self._callback(*self._args, **self._kwargs)
          ^^^^^^^^^^^^^^^^^^^^^^^^^^^^^^^^^^^^^^^^^^^
  File "/opt/ohpc/pub/compiler/conda/latest/lib/python3.12/shutil.py", line 700, in _rmtree_safe_fd
    onexc(os.unlink, fullname, err)
  File "/opt/ohpc/pub/compiler/conda/latest/lib/python3.12/shutil.py", line 750, in onexc
    return onerror(func, path, exc_info)
           ^^^^^^^^^^^^^^^^^^^^^^^^^^^^^
  File "/opt/ohpc/pub/compiler/conda/latest/lib/python3.12/multiprocessing/util.py", line 136, in _remove_temp_dir
    rmtree(tempdir, onerror=onerror)
  File "/opt/ohpc/pub/compiler/conda/latest/lib/python3.12/shutil.py", line 698, in _rmtree_safe_fd
    os.unlink(entry.name, dir_fd=topfd)
  File "/opt/ohpc/pub/compiler/conda/latest/lib/python3.12/shutil.py", line 759, in rmtree
    _rmtree_safe_fd(stack, onexc)
  File "/opt/ohpc/pub/compiler/conda/latest/lib/python3.12/shutil.py", line 703, in _rmtree_safe_fd
    onexc(func, path, err)
  File "/opt/ohpc/pub/compiler/conda/latest/lib/python3.12/shutil.py", line 750, in onexc
    return onerror(func, path, exc_info)
           ^^^^^^^^^^^^^^^^^^^^^^^^^^^^^
  File "/opt/ohpc/pub/compiler/conda/latest/lib/python3.12/shutil.py", line 700, in _rmtree_safe_fd
    onexc(os.unlink, fullname, err)
  File "/opt/ohpc/pub/compiler/conda/latest/lib/python3.12/shutil.py", line 750, in onexc
    return onerror(func, path, exc_info)
           ^^^^^^^^^^^^^^^^^^^^^^^^^^^^^
OSError: [Errno 16] Device or resource busy: '/tmp/pymp-hw41t_lf'
  File "/opt/ohpc/pub/compiler/conda/latest/lib/python3.12/shutil.py", line 698, in _rmtree_safe_fd
    os.unlink(entry.name, dir_fd=topfd)
OSError: [Errno 16] Device or resource busy: '/tmp/pymp-gxmiw_ov'
  File "/opt/ohpc/pub/compiler/conda/latest/lib/python3.12/multiprocessing/util.py", line 303, in _run_finalizers
    finalizer()
  File "/opt/ohpc/pub/compiler/conda/latest/lib/python3.12/multiprocessing/util.py", line 303, in _run_finalizers
    finalizer()
  File "/opt/ohpc/pub/compiler/conda/latest/lib/python3.12/multiprocessing/util.py", line 227, in __call__
    res = self._callback(*self._args, **self._kwargs)
          ^^^^^^^^^^^^^^^^^^^^^^^^^^^^^^^^^^^^^^^^^^^
  File "/opt/ohpc/pub/compiler/conda/latest/lib/python3.12/multiprocessing/util.py", line 227, in __call__
    res = self._callback(*self._args, **self._kwargs)
          ^^^^^^^^^^^^^^^^^^^^^^^^^^^^^^^^^^^^^^^^^^^
  File "/opt/ohpc/pub/compiler/conda/latest/lib/python3.12/multiprocessing/util.py", line 136, in _remove_temp_dir
    rmtree(tempdir, onerror=onerror)
  File "/opt/ohpc/pub/compiler/conda/latest/lib/python3.12/multiprocessing/util.py", line 136, in _remove_temp_dir
    rmtree(tempdir, onerror=onerror)
  File "/opt/ohpc/pub/compiler/conda/latest/lib/python3.12/shutil.py", line 759, in rmtree
    _rmtree_safe_fd(stack, onexc)
  File "/opt/ohpc/pub/compiler/conda/latest/lib/python3.12/shutil.py", line 759, in rmtree
    _rmtree_safe_fd(stack, onexc)
  File "/opt/ohpc/pub/compiler/conda/latest/lib/python3.12/shutil.py", line 703, in _rmtree_safe_fd
    onexc(func, path, err)
  File "/opt/ohpc/pub/compiler/conda/latest/lib/python3.12/shutil.py", line 703, in _rmtree_safe_fd
    onexc(func, path, err)
  File "/opt/ohpc/pub/compiler/conda/latest/lib/python3.12/shutil.py", line 750, in onexc
    return onerror(func, path, exc_info)
           ^^^^^^^^^^^^^^^^^^^^^^^^^^^^^
  File "/opt/ohpc/pub/compiler/conda/latest/lib/python3.12/shutil.py", line 750, in onexc
    return onerror(func, path, exc_info)
           ^^^^^^^^^^^^^^^^^^^^^^^^^^^^^
  File "/opt/ohpc/pub/compiler/conda/latest/lib/python3.12/shutil.py", line 700, in _rmtree_safe_fd
    onexc(os.unlink, fullname, err)
  File "/opt/ohpc/pub/compiler/conda/latest/lib/python3.12/shutil.py", line 700, in _rmtree_safe_fd
    onexc(os.unlink, fullname, err)
  File "/opt/ohpc/pub/compiler/conda/latest/lib/python3.12/shutil.py", line 750, in onexc
    return onerror(func, path, exc_info)
           ^^^^^^^^^^^^^^^^^^^^^^^^^^^^^
  File "/opt/ohpc/pub/compiler/conda/latest/lib/python3.12/shutil.py", line 750, in onexc
    return onerror(func, path, exc_info)
           ^^^^^^^^^^^^^^^^^^^^^^^^^^^^^
  File "/opt/ohpc/pub/compiler/conda/latest/lib/python3.12/shutil.py", line 698, in _rmtree_safe_fd
    os.unlink(entry.name, dir_fd=topfd)
  File "/opt/ohpc/pub/compiler/conda/latest/lib/python3.12/shutil.py", line 698, in _rmtree_safe_fd
    os.unlink(entry.name, dir_fd=topfd)
OSError: [Errno 16] Device or resource busy: '/tmp/pymp-mrqe44qp'
OSError: [Errno 16] Device or resource busy: '/tmp/pymp-yomsi37j'
  File "/opt/ohpc/pub/compiler/conda/latest/lib/python3.12/multiprocessing/util.py", line 303, in _run_finalizers
    finalizer()
  File "/opt/ohpc/pub/compiler/conda/latest/lib/python3.12/multiprocessing/util.py", line 227, in __call__
    res = self._callback(*self._args, **self._kwargs)
          ^^^^^^^^^^^^^^^^^^^^^^^^^^^^^^^^^^^^^^^^^^^
  File "/opt/ohpc/pub/compiler/conda/latest/lib/python3.12/multiprocessing/util.py", line 136, in _remove_temp_dir
    rmtree(tempdir, onerror=onerror)
  File "/opt/ohpc/pub/compiler/conda/latest/lib/python3.12/shutil.py", line 759, in rmtree
    _rmtree_safe_fd(stack, onexc)
  File "/opt/ohpc/pub/compiler/conda/latest/lib/python3.12/shutil.py", line 703, in _rmtree_safe_fd
    onexc(func, path, err)
  File "/opt/ohpc/pub/compiler/conda/latest/lib/python3.12/shutil.py", line 750, in onexc
    return onerror(func, path, exc_info)
           ^^^^^^^^^^^^^^^^^^^^^^^^^^^^^
  File "/opt/ohpc/pub/compiler/conda/latest/lib/python3.12/shutil.py", line 700, in _rmtree_safe_fd
    onexc(os.unlink, fullname, err)
  File "/opt/ohpc/pub/compiler/conda/latest/lib/python3.12/shutil.py", line 750, in onexc
    return onerror(func, path, exc_info)
           ^^^^^^^^^^^^^^^^^^^^^^^^^^^^^
  File "/opt/ohpc/pub/compiler/conda/latest/lib/python3.12/shutil.py", line 698, in _rmtree_safe_fd
    os.unlink(entry.name, dir_fd=topfd)
OSError: [Errno 16] Device or resource busy: '/tmp/pymp-74_k_41g'
Traceback (most recent call last):
Traceback (most recent call last):
Traceback (most recent call last):
Traceback (most recent call last):
Traceback (most recent call last):
Traceback (most recent call last):
Traceback (most recent call last):
Traceback (most recent call last):
  File "/opt/ohpc/pub/compiler/conda/latest/lib/python3.12/multiprocessing/util.py", line 303, in _run_finalizers
    finalizer()
  File "/opt/ohpc/pub/compiler/conda/latest/lib/python3.12/multiprocessing/util.py", line 303, in _run_finalizers
    finalizer()
  File "/opt/ohpc/pub/compiler/conda/latest/lib/python3.12/multiprocessing/util.py", line 227, in __call__
    res = self._callback(*self._args, **self._kwargs)
          ^^^^^^^^^^^^^^^^^^^^^^^^^^^^^^^^^^^^^^^^^^^
  File "/opt/ohpc/pub/compiler/conda/latest/lib/python3.12/multiprocessing/util.py", line 227, in __call__
    res = self._callback(*self._args, **self._kwargs)
          ^^^^^^^^^^^^^^^^^^^^^^^^^^^^^^^^^^^^^^^^^^^
  File "/opt/ohpc/pub/compiler/conda/latest/lib/python3.12/multiprocessing/util.py", line 136, in _remove_temp_dir
    rmtree(tempdir, onerror=onerror)
  File "/opt/ohpc/pub/compiler/conda/latest/lib/python3.12/multiprocessing/util.py", line 136, in _remove_temp_dir
    rmtree(tempdir, onerror=onerror)
  File "/opt/ohpc/pub/compiler/conda/latest/lib/python3.12/shutil.py", line 759, in rmtree
    _rmtree_safe_fd(stack, onexc)
  File "/opt/ohpc/pub/compiler/conda/latest/lib/python3.12/shutil.py", line 759, in rmtree
    _rmtree_safe_fd(stack, onexc)
  File "/opt/ohpc/pub/compiler/conda/latest/lib/python3.12/shutil.py", line 703, in _rmtree_safe_fd
    onexc(func, path, err)
  File "/opt/ohpc/pub/compiler/conda/latest/lib/python3.12/shutil.py", line 703, in _rmtree_safe_fd
    onexc(func, path, err)
  File "/opt/ohpc/pub/compiler/conda/latest/lib/python3.12/shutil.py", line 750, in onexc
    return onerror(func, path, exc_info)
           ^^^^^^^^^^^^^^^^^^^^^^^^^^^^^
  File "/opt/ohpc/pub/compiler/conda/latest/lib/python3.12/shutil.py", line 750, in onexc
    return onerror(func, path, exc_info)
           ^^^^^^^^^^^^^^^^^^^^^^^^^^^^^
  File "/opt/ohpc/pub/compiler/conda/latest/lib/python3.12/shutil.py", line 700, in _rmtree_safe_fd
    onexc(os.unlink, fullname, err)
  File "/opt/ohpc/pub/compiler/conda/latest/lib/python3.12/shutil.py", line 700, in _rmtree_safe_fd
    onexc(os.unlink, fullname, err)
  File "/opt/ohpc/pub/compiler/conda/latest/lib/python3.12/shutil.py", line 750, in onexc
    return onerror(func, path, exc_info)
           ^^^^^^^^^^^^^^^^^^^^^^^^^^^^^
  File "/opt/ohpc/pub/compiler/conda/latest/lib/python3.12/shutil.py", line 750, in onexc
    return onerror(func, path, exc_info)
           ^^^^^^^^^^^^^^^^^^^^^^^^^^^^^
  File "/opt/ohpc/pub/compiler/conda/latest/lib/python3.12/shutil.py", line 698, in _rmtree_safe_fd
    os.unlink(entry.name, dir_fd=topfd)
  File "/opt/ohpc/pub/compiler/conda/latest/lib/python3.12/shutil.py", line 698, in _rmtree_safe_fd
    os.unlink(entry.name, dir_fd=topfd)
  File "/opt/ohpc/pub/compiler/conda/latest/lib/python3.12/multiprocessing/util.py", line 303, in _run_finalizers
    finalizer()
OSError: [Errno 16] Device or resource busy: '/tmp/pymp-35jzlq9n'
OSError: [Errno 16] Device or resource busy: '/tmp/pymp-pftt8fkj'
  File "/opt/ohpc/pub/compiler/conda/latest/lib/python3.12/multiprocessing/util.py", line 227, in __call__
    res = self._callback(*self._args, **self._kwargs)
          ^^^^^^^^^^^^^^^^^^^^^^^^^^^^^^^^^^^^^^^^^^^
  File "/opt/ohpc/pub/compiler/conda/latest/lib/python3.12/multiprocessing/util.py", line 136, in _remove_temp_dir
    rmtree(tempdir, onerror=onerror)
  File "/opt/ohpc/pub/compiler/conda/latest/lib/python3.12/shutil.py", line 759, in rmtree
    _rmtree_safe_fd(stack, onexc)
  File "/opt/ohpc/pub/compiler/conda/latest/lib/python3.12/shutil.py", line 703, in _rmtree_safe_fd
    onexc(func, path, err)
  File "/opt/ohpc/pub/compiler/conda/latest/lib/python3.12/shutil.py", line 750, in onexc
    return onerror(func, path, exc_info)
           ^^^^^^^^^^^^^^^^^^^^^^^^^^^^^
  File "/opt/ohpc/pub/compiler/conda/latest/lib/python3.12/shutil.py", line 700, in _rmtree_safe_fd
    onexc(os.unlink, fullname, err)
  File "/opt/ohpc/pub/compiler/conda/latest/lib/python3.12/shutil.py", line 750, in onexc
    return onerror(func, path, exc_info)
           ^^^^^^^^^^^^^^^^^^^^^^^^^^^^^
  File "/opt/ohpc/pub/compiler/conda/latest/lib/python3.12/shutil.py", line 698, in _rmtree_safe_fd
    os.unlink(entry.name, dir_fd=topfd)
  File "/opt/ohpc/pub/compiler/conda/latest/lib/python3.12/multiprocessing/util.py", line 303, in _run_finalizers
    finalizer()
Traceback (most recent call last):
  File "/opt/ohpc/pub/compiler/conda/latest/lib/python3.12/multiprocessing/util.py", line 227, in __call__
    res = self._callback(*self._args, **self._kwargs)
          ^^^^^^^^^^^^^^^^^^^^^^^^^^^^^^^^^^^^^^^^^^^
  File "/opt/ohpc/pub/compiler/conda/latest/lib/python3.12/multiprocessing/util.py", line 136, in _remove_temp_dir
    rmtree(tempdir, onerror=onerror)
OSError: [Errno 16] Device or resource busy: '/tmp/pymp-nvr1s1je'
  File "/opt/ohpc/pub/compiler/conda/latest/lib/python3.12/shutil.py", line 759, in rmtree
    _rmtree_safe_fd(stack, onexc)
  File "/opt/ohpc/pub/compiler/conda/latest/lib/python3.12/shutil.py", line 703, in _rmtree_safe_fd
    onexc(func, path, err)
  File "/opt/ohpc/pub/compiler/conda/latest/lib/python3.12/shutil.py", line 750, in onexc
    return onerror(func, path, exc_info)
           ^^^^^^^^^^^^^^^^^^^^^^^^^^^^^
  File "/opt/ohpc/pub/compiler/conda/latest/lib/python3.12/shutil.py", line 700, in _rmtree_safe_fd
    onexc(os.unlink, fullname, err)
  File "/opt/ohpc/pub/compiler/conda/latest/lib/python3.12/shutil.py", line 750, in onexc
    return onerror(func, path, exc_info)
           ^^^^^^^^^^^^^^^^^^^^^^^^^^^^^
  File "/opt/ohpc/pub/compiler/conda/latest/lib/python3.12/shutil.py", line 698, in _rmtree_safe_fd
    os.unlink(entry.name, dir_fd=topfd)
  File "/opt/ohpc/pub/compiler/conda/latest/lib/python3.12/multiprocessing/util.py", line 303, in _run_finalizers
    finalizer()
  File "/opt/ohpc/pub/compiler/conda/latest/lib/python3.12/multiprocessing/util.py", line 227, in __call__
    res = self._callback(*self._args, **self._kwargs)
          ^^^^^^^^^^^^^^^^^^^^^^^^^^^^^^^^^^^^^^^^^^^
OSError: [Errno 16] Device or resource busy: '/tmp/pymp-e5rds244'
  File "/opt/ohpc/pub/compiler/conda/latest/lib/python3.12/multiprocessing/util.py", line 136, in _remove_temp_dir
    rmtree(tempdir, onerror=onerror)
  File "/opt/ohpc/pub/compiler/conda/latest/lib/python3.12/shutil.py", line 759, in rmtree
    _rmtree_safe_fd(stack, onexc)
  File "/opt/ohpc/pub/compiler/conda/latest/lib/python3.12/shutil.py", line 703, in _rmtree_safe_fd
    onexc(func, path, err)
  File "/opt/ohpc/pub/compiler/conda/latest/lib/python3.12/shutil.py", line 750, in onexc
    return onerror(func, path, exc_info)
           ^^^^^^^^^^^^^^^^^^^^^^^^^^^^^
  File "/opt/ohpc/pub/compiler/conda/latest/lib/python3.12/shutil.py", line 700, in _rmtree_safe_fd
    onexc(os.unlink, fullname, err)
  File "/opt/ohpc/pub/compiler/conda/latest/lib/python3.12/shutil.py", line 750, in onexc
    return onerror(func, path, exc_info)
           ^^^^^^^^^^^^^^^^^^^^^^^^^^^^^
  File "/opt/ohpc/pub/compiler/conda/latest/lib/python3.12/shutil.py", line 698, in _rmtree_safe_fd
    os.unlink(entry.name, dir_fd=topfd)
  File "/opt/ohpc/pub/compiler/conda/latest/lib/python3.12/multiprocessing/util.py", line 303, in _run_finalizers
    finalizer()
OSError: [Errno 16] Device or resource busy: '/tmp/pymp-46irs37x'
  File "/opt/ohpc/pub/compiler/conda/latest/lib/python3.12/multiprocessing/util.py", line 227, in __call__
    res = self._callback(*self._args, **self._kwargs)
          ^^^^^^^^^^^^^^^^^^^^^^^^^^^^^^^^^^^^^^^^^^^
  File "/opt/ohpc/pub/compiler/conda/latest/lib/python3.12/multiprocessing/util.py", line 136, in _remove_temp_dir
    rmtree(tempdir, onerror=onerror)
  File "/opt/ohpc/pub/compiler/conda/latest/lib/python3.12/shutil.py", line 759, in rmtree
    _rmtree_safe_fd(stack, onexc)
  File "/opt/ohpc/pub/compiler/conda/latest/lib/python3.12/shutil.py", line 703, in _rmtree_safe_fd
    onexc(func, path, err)
  File "/opt/ohpc/pub/compiler/conda/latest/lib/python3.12/shutil.py", line 750, in onexc
    return onerror(func, path, exc_info)
           ^^^^^^^^^^^^^^^^^^^^^^^^^^^^^
  File "/opt/ohpc/pub/compiler/conda/latest/lib/python3.12/shutil.py", line 700, in _rmtree_safe_fd
    onexc(os.unlink, fullname, err)
Traceback (most recent call last):
  File "/opt/ohpc/pub/compiler/conda/latest/lib/python3.12/shutil.py", line 750, in onexc
    return onerror(func, path, exc_info)
           ^^^^^^^^^^^^^^^^^^^^^^^^^^^^^
  File "/opt/ohpc/pub/compiler/conda/latest/lib/python3.12/shutil.py", line 698, in _rmtree_safe_fd
    os.unlink(entry.name, dir_fd=topfd)
OSError: [Errno 16] Device or resource busy: '/tmp/pymp-oynirqnq'
  File "/opt/ohpc/pub/compiler/conda/latest/lib/python3.12/multiprocessing/util.py", line 303, in _run_finalizers
    finalizer()
  File "/opt/ohpc/pub/compiler/conda/latest/lib/python3.12/multiprocessing/util.py", line 227, in __call__
    res = self._callback(*self._args, **self._kwargs)
          ^^^^^^^^^^^^^^^^^^^^^^^^^^^^^^^^^^^^^^^^^^^
  File "/opt/ohpc/pub/compiler/conda/latest/lib/python3.12/multiprocessing/util.py", line 136, in _remove_temp_dir
    rmtree(tempdir, onerror=onerror)
  File "/opt/ohpc/pub/compiler/conda/latest/lib/python3.12/shutil.py", line 759, in rmtree
    _rmtree_safe_fd(stack, onexc)
  File "/opt/ohpc/pub/compiler/conda/latest/lib/python3.12/shutil.py", line 703, in _rmtree_safe_fd
    onexc(func, path, err)
  File "/opt/ohpc/pub/compiler/conda/latest/lib/python3.12/shutil.py", line 750, in onexc
    return onerror(func, path, exc_info)
           ^^^^^^^^^^^^^^^^^^^^^^^^^^^^^
  File "/opt/ohpc/pub/compiler/conda/latest/lib/python3.12/shutil.py", line 700, in _rmtree_safe_fd
    onexc(os.unlink, fullname, err)
  File "/opt/ohpc/pub/compiler/conda/latest/lib/python3.12/shutil.py", line 750, in onexc
    return onerror(func, path, exc_info)
           ^^^^^^^^^^^^^^^^^^^^^^^^^^^^^
  File "/opt/ohpc/pub/compiler/conda/latest/lib/python3.12/shutil.py", line 698, in _rmtree_safe_fd
    os.unlink(entry.name, dir_fd=topfd)
OSError: [Errno 16] Device or resource busy: '/tmp/pymp-923poezm'
  File "/opt/ohpc/pub/compiler/conda/latest/lib/python3.12/multiprocessing/util.py", line 303, in _run_finalizers
    finalizer()
  File "/opt/ohpc/pub/compiler/conda/latest/lib/python3.12/multiprocessing/util.py", line 227, in __call__
    res = self._callback(*self._args, **self._kwargs)
          ^^^^^^^^^^^^^^^^^^^^^^^^^^^^^^^^^^^^^^^^^^^
  File "/opt/ohpc/pub/compiler/conda/latest/lib/python3.12/multiprocessing/util.py", line 136, in _remove_temp_dir
    rmtree(tempdir, onerror=onerror)
  File "/opt/ohpc/pub/compiler/conda/latest/lib/python3.12/shutil.py", line 759, in rmtree
    _rmtree_safe_fd(stack, onexc)
  File "/opt/ohpc/pub/compiler/conda/latest/lib/python3.12/shutil.py", line 703, in _rmtree_safe_fd
    onexc(func, path, err)
  File "/opt/ohpc/pub/compiler/conda/latest/lib/python3.12/shutil.py", line 750, in onexc
    return onerror(func, path, exc_info)
           ^^^^^^^^^^^^^^^^^^^^^^^^^^^^^
  File "/opt/ohpc/pub/compiler/conda/latest/lib/python3.12/shutil.py", line 700, in _rmtree_safe_fd
    onexc(os.unlink, fullname, err)
  File "/opt/ohpc/pub/compiler/conda/latest/lib/python3.12/shutil.py", line 750, in onexc
    return onerror(func, path, exc_info)
           ^^^^^^^^^^^^^^^^^^^^^^^^^^^^^
  File "/opt/ohpc/pub/compiler/conda/latest/lib/python3.12/shutil.py", line 698, in _rmtree_safe_fd
    os.unlink(entry.name, dir_fd=topfd)
OSError: [Errno 16] Device or resource busy: '/tmp/pymp-_b0aals0'
  File "/opt/ohpc/pub/compiler/conda/latest/lib/python3.12/multiprocessing/util.py", line 303, in _run_finalizers
    finalizer()
  File "/opt/ohpc/pub/compiler/conda/latest/lib/python3.12/multiprocessing/util.py", line 227, in __call__
    res = self._callback(*self._args, **self._kwargs)
          ^^^^^^^^^^^^^^^^^^^^^^^^^^^^^^^^^^^^^^^^^^^
  File "/opt/ohpc/pub/compiler/conda/latest/lib/python3.12/multiprocessing/util.py", line 136, in _remove_temp_dir
    rmtree(tempdir, onerror=onerror)
  File "/opt/ohpc/pub/compiler/conda/latest/lib/python3.12/shutil.py", line 759, in rmtree
    _rmtree_safe_fd(stack, onexc)
  File "/opt/ohpc/pub/compiler/conda/latest/lib/python3.12/shutil.py", line 703, in _rmtree_safe_fd
    onexc(func, path, err)
  File "/opt/ohpc/pub/compiler/conda/latest/lib/python3.12/shutil.py", line 750, in onexc
    return onerror(func, path, exc_info)
           ^^^^^^^^^^^^^^^^^^^^^^^^^^^^^
  File "/opt/ohpc/pub/compiler/conda/latest/lib/python3.12/shutil.py", line 700, in _rmtree_safe_fd
    onexc(os.unlink, fullname, err)
  File "/opt/ohpc/pub/compiler/conda/latest/lib/python3.12/shutil.py", line 750, in onexc
    return onerror(func, path, exc_info)
           ^^^^^^^^^^^^^^^^^^^^^^^^^^^^^
  File "/opt/ohpc/pub/compiler/conda/latest/lib/python3.12/shutil.py", line 698, in _rmtree_safe_fd
    os.unlink(entry.name, dir_fd=topfd)
OSError: [Errno 16] Device or resource busy: '/tmp/pymp-k8wp0lfo'
  File "/opt/ohpc/pub/compiler/conda/latest/lib/python3.12/multiprocessing/util.py", line 303, in _run_finalizers
    finalizer()
  File "/opt/ohpc/pub/compiler/conda/latest/lib/python3.12/multiprocessing/util.py", line 227, in __call__
    res = self._callback(*self._args, **self._kwargs)
          ^^^^^^^^^^^^^^^^^^^^^^^^^^^^^^^^^^^^^^^^^^^
  File "/opt/ohpc/pub/compiler/conda/latest/lib/python3.12/multiprocessing/util.py", line 136, in _remove_temp_dir
    rmtree(tempdir, onerror=onerror)
  File "/opt/ohpc/pub/compiler/conda/latest/lib/python3.12/shutil.py", line 759, in rmtree
    _rmtree_safe_fd(stack, onexc)
  File "/opt/ohpc/pub/compiler/conda/latest/lib/python3.12/shutil.py", line 703, in _rmtree_safe_fd
    onexc(func, path, err)
  File "/opt/ohpc/pub/compiler/conda/latest/lib/python3.12/shutil.py", line 750, in onexc
    return onerror(func, path, exc_info)
           ^^^^^^^^^^^^^^^^^^^^^^^^^^^^^
  File "/opt/ohpc/pub/compiler/conda/latest/lib/python3.12/shutil.py", line 700, in _rmtree_safe_fd
    onexc(os.unlink, fullname, err)
  File "/opt/ohpc/pub/compiler/conda/latest/lib/python3.12/shutil.py", line 750, in onexc
    return onerror(func, path, exc_info)
           ^^^^^^^^^^^^^^^^^^^^^^^^^^^^^
  File "/opt/ohpc/pub/compiler/conda/latest/lib/python3.12/shutil.py", line 698, in _rmtree_safe_fd
    os.unlink(entry.name, dir_fd=topfd)
OSError: [Errno 16] Device or resource busy: '/tmp/pymp-vsdpp4ki'
Traceback (most recent call last):
Traceback (most recent call last):
Traceback (most recent call last):
  File "/opt/ohpc/pub/compiler/conda/latest/lib/python3.12/multiprocessing/util.py", line 303, in _run_finalizers
    finalizer()
  File "/opt/ohpc/pub/compiler/conda/latest/lib/python3.12/multiprocessing/util.py", line 227, in __call__
    res = self._callback(*self._args, **self._kwargs)
          ^^^^^^^^^^^^^^^^^^^^^^^^^^^^^^^^^^^^^^^^^^^
  File "/opt/ohpc/pub/compiler/conda/latest/lib/python3.12/multiprocessing/util.py", line 136, in _remove_temp_dir
    rmtree(tempdir, onerror=onerror)
  File "/opt/ohpc/pub/compiler/conda/latest/lib/python3.12/shutil.py", line 759, in rmtree
    _rmtree_safe_fd(stack, onexc)
  File "/opt/ohpc/pub/compiler/conda/latest/lib/python3.12/shutil.py", line 703, in _rmtree_safe_fd
    onexc(func, path, err)
  File "/opt/ohpc/pub/compiler/conda/latest/lib/python3.12/shutil.py", line 750, in onexc
    return onerror(func, path, exc_info)
           ^^^^^^^^^^^^^^^^^^^^^^^^^^^^^
  File "/opt/ohpc/pub/compiler/conda/latest/lib/python3.12/shutil.py", line 700, in _rmtree_safe_fd
    onexc(os.unlink, fullname, err)
  File "/opt/ohpc/pub/compiler/conda/latest/lib/python3.12/shutil.py", line 750, in onexc
    return onerror(func, path, exc_info)
           ^^^^^^^^^^^^^^^^^^^^^^^^^^^^^
  File "/opt/ohpc/pub/compiler/conda/latest/lib/python3.12/shutil.py", line 698, in _rmtree_safe_fd
    os.unlink(entry.name, dir_fd=topfd)
OSError: [Errno 16] Device or resource busy: '/tmp/pymp-x9dyp_eh'
  File "/opt/ohpc/pub/compiler/conda/latest/lib/python3.12/multiprocessing/util.py", line 303, in _run_finalizers
    finalizer()
  File "/opt/ohpc/pub/compiler/conda/latest/lib/python3.12/multiprocessing/util.py", line 227, in __call__
    res = self._callback(*self._args, **self._kwargs)
          ^^^^^^^^^^^^^^^^^^^^^^^^^^^^^^^^^^^^^^^^^^^
  File "/opt/ohpc/pub/compiler/conda/latest/lib/python3.12/multiprocessing/util.py", line 136, in _remove_temp_dir
    rmtree(tempdir, onerror=onerror)
  File "/opt/ohpc/pub/compiler/conda/latest/lib/python3.12/shutil.py", line 759, in rmtree
    _rmtree_safe_fd(stack, onexc)
  File "/opt/ohpc/pub/compiler/conda/latest/lib/python3.12/shutil.py", line 703, in _rmtree_safe_fd
    onexc(func, path, err)
  File "/opt/ohpc/pub/compiler/conda/latest/lib/python3.12/shutil.py", line 750, in onexc
    return onerror(func, path, exc_info)
           ^^^^^^^^^^^^^^^^^^^^^^^^^^^^^
  File "/opt/ohpc/pub/compiler/conda/latest/lib/python3.12/shutil.py", line 700, in _rmtree_safe_fd
    onexc(os.unlink, fullname, err)
  File "/opt/ohpc/pub/compiler/conda/latest/lib/python3.12/shutil.py", line 750, in onexc
    return onerror(func, path, exc_info)
           ^^^^^^^^^^^^^^^^^^^^^^^^^^^^^
  File "/opt/ohpc/pub/compiler/conda/latest/lib/python3.12/shutil.py", line 698, in _rmtree_safe_fd
    os.unlink(entry.name, dir_fd=topfd)
OSError: [Errno 16] Device or resource busy: '/tmp/pymp-lvddfv7v'
Traceback (most recent call last):
  File "/opt/ohpc/pub/compiler/conda/latest/lib/python3.12/multiprocessing/util.py", line 303, in _run_finalizers
    finalizer()
  File "/opt/ohpc/pub/compiler/conda/latest/lib/python3.12/multiprocessing/util.py", line 227, in __call__
    res = self._callback(*self._args, **self._kwargs)
          ^^^^^^^^^^^^^^^^^^^^^^^^^^^^^^^^^^^^^^^^^^^
  File "/opt/ohpc/pub/compiler/conda/latest/lib/python3.12/multiprocessing/util.py", line 136, in _remove_temp_dir
    rmtree(tempdir, onerror=onerror)
Traceback (most recent call last):
  File "/opt/ohpc/pub/compiler/conda/latest/lib/python3.12/shutil.py", line 759, in rmtree
    _rmtree_safe_fd(stack, onexc)
  File "/opt/ohpc/pub/compiler/conda/latest/lib/python3.12/shutil.py", line 703, in _rmtree_safe_fd
    onexc(func, path, err)
  File "/opt/ohpc/pub/compiler/conda/latest/lib/python3.12/shutil.py", line 750, in onexc
    return onerror(func, path, exc_info)
           ^^^^^^^^^^^^^^^^^^^^^^^^^^^^^
  File "/opt/ohpc/pub/compiler/conda/latest/lib/python3.12/shutil.py", line 700, in _rmtree_safe_fd
    onexc(os.unlink, fullname, err)
  File "/opt/ohpc/pub/compiler/conda/latest/lib/python3.12/shutil.py", line 750, in onexc
    return onerror(func, path, exc_info)
           ^^^^^^^^^^^^^^^^^^^^^^^^^^^^^
  File "/opt/ohpc/pub/compiler/conda/latest/lib/python3.12/shutil.py", line 698, in _rmtree_safe_fd
    os.unlink(entry.name, dir_fd=topfd)
OSError: [Errno 16] Device or resource busy: '/tmp/pymp-_lk2923r'
  File "/opt/ohpc/pub/compiler/conda/latest/lib/python3.12/multiprocessing/util.py", line 303, in _run_finalizers
    finalizer()
  File "/opt/ohpc/pub/compiler/conda/latest/lib/python3.12/multiprocessing/util.py", line 227, in __call__
    res = self._callback(*self._args, **self._kwargs)
          ^^^^^^^^^^^^^^^^^^^^^^^^^^^^^^^^^^^^^^^^^^^
  File "/opt/ohpc/pub/compiler/conda/latest/lib/python3.12/multiprocessing/util.py", line 136, in _remove_temp_dir
    rmtree(tempdir, onerror=onerror)
  File "/opt/ohpc/pub/compiler/conda/latest/lib/python3.12/shutil.py", line 759, in rmtree
    _rmtree_safe_fd(stack, onexc)
  File "/opt/ohpc/pub/compiler/conda/latest/lib/python3.12/shutil.py", line 703, in _rmtree_safe_fd
    onexc(func, path, err)
  File "/opt/ohpc/pub/compiler/conda/latest/lib/python3.12/shutil.py", line 750, in onexc
    return onerror(func, path, exc_info)
           ^^^^^^^^^^^^^^^^^^^^^^^^^^^^^
  File "/opt/ohpc/pub/compiler/conda/latest/lib/python3.12/shutil.py", line 700, in _rmtree_safe_fd
    onexc(os.unlink, fullname, err)
  File "/opt/ohpc/pub/compiler/conda/latest/lib/python3.12/shutil.py", line 750, in onexc
    return onerror(func, path, exc_info)
           ^^^^^^^^^^^^^^^^^^^^^^^^^^^^^
  File "/opt/ohpc/pub/compiler/conda/latest/lib/python3.12/shutil.py", line 698, in _rmtree_safe_fd
    os.unlink(entry.name, dir_fd=topfd)
OSError: [Errno 16] Device or resource busy: '/tmp/pymp-36pd05ts'
  File "/opt/ohpc/pub/compiler/conda/latest/lib/python3.12/multiprocessing/util.py", line 303, in _run_finalizers
    finalizer()
  File "/opt/ohpc/pub/compiler/conda/latest/lib/python3.12/multiprocessing/util.py", line 227, in __call__
    res = self._callback(*self._args, **self._kwargs)
          ^^^^^^^^^^^^^^^^^^^^^^^^^^^^^^^^^^^^^^^^^^^
  File "/opt/ohpc/pub/compiler/conda/latest/lib/python3.12/multiprocessing/util.py", line 136, in _remove_temp_dir
    rmtree(tempdir, onerror=onerror)
  File "/opt/ohpc/pub/compiler/conda/latest/lib/python3.12/shutil.py", line 759, in rmtree
    _rmtree_safe_fd(stack, onexc)
  File "/opt/ohpc/pub/compiler/conda/latest/lib/python3.12/shutil.py", line 703, in _rmtree_safe_fd
    onexc(func, path, err)
  File "/opt/ohpc/pub/compiler/conda/latest/lib/python3.12/shutil.py", line 750, in onexc
    return onerror(func, path, exc_info)
           ^^^^^^^^^^^^^^^^^^^^^^^^^^^^^
  File "/opt/ohpc/pub/compiler/conda/latest/lib/python3.12/shutil.py", line 700, in _rmtree_safe_fd
    onexc(os.unlink, fullname, err)
  File "/opt/ohpc/pub/compiler/conda/latest/lib/python3.12/shutil.py", line 750, in onexc
    return onerror(func, path, exc_info)
           ^^^^^^^^^^^^^^^^^^^^^^^^^^^^^
  File "/opt/ohpc/pub/compiler/conda/latest/lib/python3.12/shutil.py", line 698, in _rmtree_safe_fd
    os.unlink(entry.name, dir_fd=topfd)
OSError: [Errno 16] Device or resource busy: '/tmp/pymp-cfitzri1'
Traceback (most recent call last):
  File "/opt/ohpc/pub/compiler/conda/latest/lib/python3.12/multiprocessing/util.py", line 303, in _run_finalizers
    finalizer()
  File "/opt/ohpc/pub/compiler/conda/latest/lib/python3.12/multiprocessing/util.py", line 227, in __call__
    res = self._callback(*self._args, **self._kwargs)
          ^^^^^^^^^^^^^^^^^^^^^^^^^^^^^^^^^^^^^^^^^^^
  File "/opt/ohpc/pub/compiler/conda/latest/lib/python3.12/multiprocessing/util.py", line 136, in _remove_temp_dir
    rmtree(tempdir, onerror=onerror)
  File "/opt/ohpc/pub/compiler/conda/latest/lib/python3.12/shutil.py", line 759, in rmtree
    _rmtree_safe_fd(stack, onexc)
  File "/opt/ohpc/pub/compiler/conda/latest/lib/python3.12/shutil.py", line 703, in _rmtree_safe_fd
    onexc(func, path, err)
  File "/opt/ohpc/pub/compiler/conda/latest/lib/python3.12/shutil.py", line 750, in onexc
    return onerror(func, path, exc_info)
           ^^^^^^^^^^^^^^^^^^^^^^^^^^^^^
  File "/opt/ohpc/pub/compiler/conda/latest/lib/python3.12/shutil.py", line 700, in _rmtree_safe_fd
    onexc(os.unlink, fullname, err)
  File "/opt/ohpc/pub/compiler/conda/latest/lib/python3.12/shutil.py", line 750, in onexc
    return onerror(func, path, exc_info)
           ^^^^^^^^^^^^^^^^^^^^^^^^^^^^^
  File "/opt/ohpc/pub/compiler/conda/latest/lib/python3.12/shutil.py", line 698, in _rmtree_safe_fd
    os.unlink(entry.name, dir_fd=topfd)
OSError: [Errno 16] Device or resource busy: '/tmp/pymp-ekwo43fb'
Traceback (most recent call last):
Traceback (most recent call last):
  File "/opt/ohpc/pub/compiler/conda/latest/lib/python3.12/multiprocessing/util.py", line 303, in _run_finalizers
    finalizer()
  File "/opt/ohpc/pub/compiler/conda/latest/lib/python3.12/multiprocessing/util.py", line 227, in __call__
    res = self._callback(*self._args, **self._kwargs)
          ^^^^^^^^^^^^^^^^^^^^^^^^^^^^^^^^^^^^^^^^^^^
  File "/opt/ohpc/pub/compiler/conda/latest/lib/python3.12/multiprocessing/util.py", line 136, in _remove_temp_dir
    rmtree(tempdir, onerror=onerror)
  File "/opt/ohpc/pub/compiler/conda/latest/lib/python3.12/shutil.py", line 759, in rmtree
    _rmtree_safe_fd(stack, onexc)
  File "/opt/ohpc/pub/compiler/conda/latest/lib/python3.12/shutil.py", line 703, in _rmtree_safe_fd
    onexc(func, path, err)
  File "/opt/ohpc/pub/compiler/conda/latest/lib/python3.12/shutil.py", line 750, in onexc
    return onerror(func, path, exc_info)
           ^^^^^^^^^^^^^^^^^^^^^^^^^^^^^
  File "/opt/ohpc/pub/compiler/conda/latest/lib/python3.12/shutil.py", line 700, in _rmtree_safe_fd
    onexc(os.unlink, fullname, err)
  File "/opt/ohpc/pub/compiler/conda/latest/lib/python3.12/shutil.py", line 750, in onexc
    return onerror(func, path, exc_info)
           ^^^^^^^^^^^^^^^^^^^^^^^^^^^^^
  File "/opt/ohpc/pub/compiler/conda/latest/lib/python3.12/shutil.py", line 698, in _rmtree_safe_fd
    os.unlink(entry.name, dir_fd=topfd)
OSError: [Errno 16] Device or resource busy: '/tmp/pymp-zypi6ymw'
  File "/opt/ohpc/pub/compiler/conda/latest/lib/python3.12/multiprocessing/util.py", line 303, in _run_finalizers
    finalizer()
  File "/opt/ohpc/pub/compiler/conda/latest/lib/python3.12/multiprocessing/util.py", line 227, in __call__
    res = self._callback(*self._args, **self._kwargs)
          ^^^^^^^^^^^^^^^^^^^^^^^^^^^^^^^^^^^^^^^^^^^
  File "/opt/ohpc/pub/compiler/conda/latest/lib/python3.12/multiprocessing/util.py", line 136, in _remove_temp_dir
    rmtree(tempdir, onerror=onerror)
  File "/opt/ohpc/pub/compiler/conda/latest/lib/python3.12/shutil.py", line 759, in rmtree
    _rmtree_safe_fd(stack, onexc)
  File "/opt/ohpc/pub/compiler/conda/latest/lib/python3.12/shutil.py", line 703, in _rmtree_safe_fd
    onexc(func, path, err)
  File "/opt/ohpc/pub/compiler/conda/latest/lib/python3.12/shutil.py", line 750, in onexc
    return onerror(func, path, exc_info)
           ^^^^^^^^^^^^^^^^^^^^^^^^^^^^^
  File "/opt/ohpc/pub/compiler/conda/latest/lib/python3.12/shutil.py", line 700, in _rmtree_safe_fd
    onexc(os.unlink, fullname, err)
  File "/opt/ohpc/pub/compiler/conda/latest/lib/python3.12/shutil.py", line 750, in onexc
    return onerror(func, path, exc_info)
           ^^^^^^^^^^^^^^^^^^^^^^^^^^^^^
  File "/opt/ohpc/pub/compiler/conda/latest/lib/python3.12/shutil.py", line 698, in _rmtree_safe_fd
    os.unlink(entry.name, dir_fd=topfd)
OSError: [Errno 16] Device or resource busy: '/tmp/pymp-wi0rk7di'
Traceback (most recent call last):
  File "/opt/ohpc/pub/compiler/conda/latest/lib/python3.12/multiprocessing/util.py", line 303, in _run_finalizers
    finalizer()
  File "/opt/ohpc/pub/compiler/conda/latest/lib/python3.12/multiprocessing/util.py", line 227, in __call__
    res = self._callback(*self._args, **self._kwargs)
          ^^^^^^^^^^^^^^^^^^^^^^^^^^^^^^^^^^^^^^^^^^^
  File "/opt/ohpc/pub/compiler/conda/latest/lib/python3.12/multiprocessing/util.py", line 136, in _remove_temp_dir
    rmtree(tempdir, onerror=onerror)
  File "/opt/ohpc/pub/compiler/conda/latest/lib/python3.12/shutil.py", line 759, in rmtree
    _rmtree_safe_fd(stack, onexc)
  File "/opt/ohpc/pub/compiler/conda/latest/lib/python3.12/shutil.py", line 703, in _rmtree_safe_fd
    onexc(func, path, err)
  File "/opt/ohpc/pub/compiler/conda/latest/lib/python3.12/shutil.py", line 750, in onexc
    return onerror(func, path, exc_info)
           ^^^^^^^^^^^^^^^^^^^^^^^^^^^^^
  File "/opt/ohpc/pub/compiler/conda/latest/lib/python3.12/shutil.py", line 700, in _rmtree_safe_fd
    onexc(os.unlink, fullname, err)
  File "/opt/ohpc/pub/compiler/conda/latest/lib/python3.12/shutil.py", line 750, in onexc
    return onerror(func, path, exc_info)
           ^^^^^^^^^^^^^^^^^^^^^^^^^^^^^
  File "/opt/ohpc/pub/compiler/conda/latest/lib/python3.12/shutil.py", line 698, in _rmtree_safe_fd
    os.unlink(entry.name, dir_fd=topfd)
OSError: [Errno 16] Device or resource busy: '/tmp/pymp-dlo2ljs8'
Traceback (most recent call last):
  File "/opt/ohpc/pub/compiler/conda/latest/lib/python3.12/multiprocessing/util.py", line 303, in _run_finalizers
    finalizer()
  File "/opt/ohpc/pub/compiler/conda/latest/lib/python3.12/multiprocessing/util.py", line 227, in __call__
    res = self._callback(*self._args, **self._kwargs)
          ^^^^^^^^^^^^^^^^^^^^^^^^^^^^^^^^^^^^^^^^^^^
  File "/opt/ohpc/pub/compiler/conda/latest/lib/python3.12/multiprocessing/util.py", line 136, in _remove_temp_dir
    rmtree(tempdir, onerror=onerror)
  File "/opt/ohpc/pub/compiler/conda/latest/lib/python3.12/shutil.py", line 759, in rmtree
    _rmtree_safe_fd(stack, onexc)
  File "/opt/ohpc/pub/compiler/conda/latest/lib/python3.12/shutil.py", line 703, in _rmtree_safe_fd
    onexc(func, path, err)
  File "/opt/ohpc/pub/compiler/conda/latest/lib/python3.12/shutil.py", line 750, in onexc
    return onerror(func, path, exc_info)
           ^^^^^^^^^^^^^^^^^^^^^^^^^^^^^
  File "/opt/ohpc/pub/compiler/conda/latest/lib/python3.12/shutil.py", line 700, in _rmtree_safe_fd
    onexc(os.unlink, fullname, err)
  File "/opt/ohpc/pub/compiler/conda/latest/lib/python3.12/shutil.py", line 750, in onexc
    return onerror(func, path, exc_info)
           ^^^^^^^^^^^^^^^^^^^^^^^^^^^^^
  File "/opt/ohpc/pub/compiler/conda/latest/lib/python3.12/shutil.py", line 698, in _rmtree_safe_fd
    os.unlink(entry.name, dir_fd=topfd)
OSError: [Errno 16] Device or resource busy: '/tmp/pymp-rhzv0mk9'
[val 003] loss=-0.0859 z_std=0.0479 rankme=74.359 lidar=40.678 areq=1.367 pr=2.27 align=0.5335 unif=-1.606 converged=False collapsed=False
  e004 it0000/62 lr=0.0013 loss=-0.0926 z_std=0.0641
  e004 it0010/62 lr=0.0013 loss=-0.0959 z_std=0.0641
  e004 it0020/62 lr=0.0014 loss=-0.0965 z_std=0.0641
  e004 it0030/62 lr=0.0014 loss=-0.1024 z_std=0.0641
  e004 it0040/62 lr=0.0015 loss=-0.1072 z_std=0.0641
  e004 it0050/62 lr=0.0015 loss=-0.1094 z_std=0.0641
  e004 it0060/62 lr=0.0016 loss=-0.1105 z_std=0.0640
[epoch 004] loss=-0.1103 z_std=0.0640 (healthy~0.0625) time=177.2s
Traceback (most recent call last):
Traceback (most recent call last):
Traceback (most recent call last):
Traceback (most recent call last):
  File "/opt/ohpc/pub/compiler/conda/latest/lib/python3.12/multiprocessing/util.py", line 303, in _run_finalizers
    finalizer()
  File "/opt/ohpc/pub/compiler/conda/latest/lib/python3.12/multiprocessing/util.py", line 227, in __call__
    res = self._callback(*self._args, **self._kwargs)
          ^^^^^^^^^^^^^^^^^^^^^^^^^^^^^^^^^^^^^^^^^^^
  File "/opt/ohpc/pub/compiler/conda/latest/lib/python3.12/multiprocessing/util.py", line 136, in _remove_temp_dir
    rmtree(tempdir, onerror=onerror)
  File "/opt/ohpc/pub/compiler/conda/latest/lib/python3.12/shutil.py", line 759, in rmtree
    _rmtree_safe_fd(stack, onexc)
  File "/opt/ohpc/pub/compiler/conda/latest/lib/python3.12/shutil.py", line 703, in _rmtree_safe_fd
    onexc(func, path, err)
  File "/opt/ohpc/pub/compiler/conda/latest/lib/python3.12/shutil.py", line 750, in onexc
    return onerror(func, path, exc_info)
           ^^^^^^^^^^^^^^^^^^^^^^^^^^^^^
  File "/opt/ohpc/pub/compiler/conda/latest/lib/python3.12/shutil.py", line 700, in _rmtree_safe_fd
    onexc(os.unlink, fullname, err)
  File "/opt/ohpc/pub/compiler/conda/latest/lib/python3.12/shutil.py", line 750, in onexc
    return onerror(func, path, exc_info)
           ^^^^^^^^^^^^^^^^^^^^^^^^^^^^^
  File "/opt/ohpc/pub/compiler/conda/latest/lib/python3.12/shutil.py", line 698, in _rmtree_safe_fd
    os.unlink(entry.name, dir_fd=topfd)
Traceback (most recent call last):
OSError: [Errno 16] Device or resource busy: '/tmp/pymp-59l1w1iw'
  File "/opt/ohpc/pub/compiler/conda/latest/lib/python3.12/multiprocessing/util.py", line 303, in _run_finalizers
    finalizer()
  File "/opt/ohpc/pub/compiler/conda/latest/lib/python3.12/multiprocessing/util.py", line 303, in _run_finalizers
    finalizer()
  File "/opt/ohpc/pub/compiler/conda/latest/lib/python3.12/multiprocessing/util.py", line 227, in __call__
    res = self._callback(*self._args, **self._kwargs)
          ^^^^^^^^^^^^^^^^^^^^^^^^^^^^^^^^^^^^^^^^^^^
  File "/opt/ohpc/pub/compiler/conda/latest/lib/python3.12/multiprocessing/util.py", line 136, in _remove_temp_dir
    rmtree(tempdir, onerror=onerror)
  File "/opt/ohpc/pub/compiler/conda/latest/lib/python3.12/shutil.py", line 759, in rmtree
    _rmtree_safe_fd(stack, onexc)
  File "/opt/ohpc/pub/compiler/conda/latest/lib/python3.12/shutil.py", line 703, in _rmtree_safe_fd
    onexc(func, path, err)
  File "/opt/ohpc/pub/compiler/conda/latest/lib/python3.12/shutil.py", line 750, in onexc
    return onerror(func, path, exc_info)
           ^^^^^^^^^^^^^^^^^^^^^^^^^^^^^
  File "/opt/ohpc/pub/compiler/conda/latest/lib/python3.12/shutil.py", line 700, in _rmtree_safe_fd
    onexc(os.unlink, fullname, err)
  File "/opt/ohpc/pub/compiler/conda/latest/lib/python3.12/multiprocessing/util.py", line 227, in __call__
    res = self._callback(*self._args, **self._kwargs)
          ^^^^^^^^^^^^^^^^^^^^^^^^^^^^^^^^^^^^^^^^^^^
  File "/opt/ohpc/pub/compiler/conda/latest/lib/python3.12/shutil.py", line 750, in onexc
    return onerror(func, path, exc_info)
           ^^^^^^^^^^^^^^^^^^^^^^^^^^^^^
  File "/opt/ohpc/pub/compiler/conda/latest/lib/python3.12/multiprocessing/util.py", line 136, in _remove_temp_dir
    rmtree(tempdir, onerror=onerror)
  File "/opt/ohpc/pub/compiler/conda/latest/lib/python3.12/shutil.py", line 698, in _rmtree_safe_fd
    os.unlink(entry.name, dir_fd=topfd)
  File "/opt/ohpc/pub/compiler/conda/latest/lib/python3.12/shutil.py", line 759, in rmtree
    _rmtree_safe_fd(stack, onexc)
  File "/opt/ohpc/pub/compiler/conda/latest/lib/python3.12/shutil.py", line 703, in _rmtree_safe_fd
    onexc(func, path, err)
  File "/opt/ohpc/pub/compiler/conda/latest/lib/python3.12/multiprocessing/util.py", line 303, in _run_finalizers
    finalizer()
  File "/opt/ohpc/pub/compiler/conda/latest/lib/python3.12/shutil.py", line 750, in onexc
    return onerror(func, path, exc_info)
           ^^^^^^^^^^^^^^^^^^^^^^^^^^^^^
  File "/opt/ohpc/pub/compiler/conda/latest/lib/python3.12/shutil.py", line 700, in _rmtree_safe_fd
    onexc(os.unlink, fullname, err)
  File "/opt/ohpc/pub/compiler/conda/latest/lib/python3.12/multiprocessing/util.py", line 227, in __call__
    res = self._callback(*self._args, **self._kwargs)
          ^^^^^^^^^^^^^^^^^^^^^^^^^^^^^^^^^^^^^^^^^^^
  File "/opt/ohpc/pub/compiler/conda/latest/lib/python3.12/shutil.py", line 750, in onexc
    return onerror(func, path, exc_info)
           ^^^^^^^^^^^^^^^^^^^^^^^^^^^^^
OSError: [Errno 16] Device or resource busy: '/tmp/pymp-p7mcgzij'
  File "/opt/ohpc/pub/compiler/conda/latest/lib/python3.12/shutil.py", line 698, in _rmtree_safe_fd
    os.unlink(entry.name, dir_fd=topfd)
  File "/opt/ohpc/pub/compiler/conda/latest/lib/python3.12/multiprocessing/util.py", line 136, in _remove_temp_dir
    rmtree(tempdir, onerror=onerror)
  File "/opt/ohpc/pub/compiler/conda/latest/lib/python3.12/shutil.py", line 759, in rmtree
    _rmtree_safe_fd(stack, onexc)
  File "/opt/ohpc/pub/compiler/conda/latest/lib/python3.12/shutil.py", line 703, in _rmtree_safe_fd
    onexc(func, path, err)
  File "/opt/ohpc/pub/compiler/conda/latest/lib/python3.12/shutil.py", line 750, in onexc
    return onerror(func, path, exc_info)
           ^^^^^^^^^^^^^^^^^^^^^^^^^^^^^
  File "/opt/ohpc/pub/compiler/conda/latest/lib/python3.12/shutil.py", line 700, in _rmtree_safe_fd
    onexc(os.unlink, fullname, err)
  File "/opt/ohpc/pub/compiler/conda/latest/lib/python3.12/shutil.py", line 750, in onexc
    return onerror(func, path, exc_info)
           ^^^^^^^^^^^^^^^^^^^^^^^^^^^^^
OSError: [Errno 16] Device or resource busy: '/tmp/pymp-fcm6vae_'
  File "/opt/ohpc/pub/compiler/conda/latest/lib/python3.12/shutil.py", line 698, in _rmtree_safe_fd
    os.unlink(entry.name, dir_fd=topfd)
Traceback (most recent call last):
OSError: [Errno 16] Device or resource busy: '/tmp/pymp-x07pmldj'
Traceback (most recent call last):
Traceback (most recent call last):
  File "/opt/ohpc/pub/compiler/conda/latest/lib/python3.12/multiprocessing/util.py", line 303, in _run_finalizers
    finalizer()
  File "/opt/ohpc/pub/compiler/conda/latest/lib/python3.12/multiprocessing/util.py", line 227, in __call__
    res = self._callback(*self._args, **self._kwargs)
          ^^^^^^^^^^^^^^^^^^^^^^^^^^^^^^^^^^^^^^^^^^^
  File "/opt/ohpc/pub/compiler/conda/latest/lib/python3.12/multiprocessing/util.py", line 136, in _remove_temp_dir
    rmtree(tempdir, onerror=onerror)
  File "/opt/ohpc/pub/compiler/conda/latest/lib/python3.12/shutil.py", line 759, in rmtree
    _rmtree_safe_fd(stack, onexc)
  File "/opt/ohpc/pub/compiler/conda/latest/lib/python3.12/shutil.py", line 703, in _rmtree_safe_fd
    onexc(func, path, err)
  File "/opt/ohpc/pub/compiler/conda/latest/lib/python3.12/shutil.py", line 750, in onexc
    return onerror(func, path, exc_info)
           ^^^^^^^^^^^^^^^^^^^^^^^^^^^^^
  File "/opt/ohpc/pub/compiler/conda/latest/lib/python3.12/shutil.py", line 700, in _rmtree_safe_fd
    onexc(os.unlink, fullname, err)
  File "/opt/ohpc/pub/compiler/conda/latest/lib/python3.12/shutil.py", line 750, in onexc
    return onerror(func, path, exc_info)
           ^^^^^^^^^^^^^^^^^^^^^^^^^^^^^
  File "/opt/ohpc/pub/compiler/conda/latest/lib/python3.12/shutil.py", line 698, in _rmtree_safe_fd
    os.unlink(entry.name, dir_fd=topfd)
OSError: [Errno 16] Device or resource busy: '/tmp/pymp-qjku7zhg'
Traceback (most recent call last):
  File "/opt/ohpc/pub/compiler/conda/latest/lib/python3.12/multiprocessing/util.py", line 303, in _run_finalizers
    finalizer()
  File "/opt/ohpc/pub/compiler/conda/latest/lib/python3.12/multiprocessing/util.py", line 227, in __call__
    res = self._callback(*self._args, **self._kwargs)
          ^^^^^^^^^^^^^^^^^^^^^^^^^^^^^^^^^^^^^^^^^^^
  File "/opt/ohpc/pub/compiler/conda/latest/lib/python3.12/multiprocessing/util.py", line 136, in _remove_temp_dir
    rmtree(tempdir, onerror=onerror)
  File "/opt/ohpc/pub/compiler/conda/latest/lib/python3.12/shutil.py", line 759, in rmtree
    _rmtree_safe_fd(stack, onexc)
  File "/opt/ohpc/pub/compiler/conda/latest/lib/python3.12/shutil.py", line 703, in _rmtree_safe_fd
    onexc(func, path, err)
  File "/opt/ohpc/pub/compiler/conda/latest/lib/python3.12/shutil.py", line 750, in onexc
    return onerror(func, path, exc_info)
           ^^^^^^^^^^^^^^^^^^^^^^^^^^^^^
  File "/opt/ohpc/pub/compiler/conda/latest/lib/python3.12/shutil.py", line 700, in _rmtree_safe_fd
    onexc(os.unlink, fullname, err)
  File "/opt/ohpc/pub/compiler/conda/latest/lib/python3.12/shutil.py", line 750, in onexc
    return onerror(func, path, exc_info)
           ^^^^^^^^^^^^^^^^^^^^^^^^^^^^^
  File "/opt/ohpc/pub/compiler/conda/latest/lib/python3.12/shutil.py", line 698, in _rmtree_safe_fd
    os.unlink(entry.name, dir_fd=topfd)
OSError: [Errno 16] Device or resource busy: '/tmp/pymp-ycpzlr5l'
  File "/opt/ohpc/pub/compiler/conda/latest/lib/python3.12/multiprocessing/util.py", line 303, in _run_finalizers
    finalizer()
  File "/opt/ohpc/pub/compiler/conda/latest/lib/python3.12/multiprocessing/util.py", line 227, in __call__
    res = self._callback(*self._args, **self._kwargs)
          ^^^^^^^^^^^^^^^^^^^^^^^^^^^^^^^^^^^^^^^^^^^
  File "/opt/ohpc/pub/compiler/conda/latest/lib/python3.12/multiprocessing/util.py", line 136, in _remove_temp_dir
    rmtree(tempdir, onerror=onerror)
  File "/opt/ohpc/pub/compiler/conda/latest/lib/python3.12/shutil.py", line 759, in rmtree
    _rmtree_safe_fd(stack, onexc)
  File "/opt/ohpc/pub/compiler/conda/latest/lib/python3.12/shutil.py", line 703, in _rmtree_safe_fd
    onexc(func, path, err)
  File "/opt/ohpc/pub/compiler/conda/latest/lib/python3.12/shutil.py", line 750, in onexc
    return onerror(func, path, exc_info)
           ^^^^^^^^^^^^^^^^^^^^^^^^^^^^^
  File "/opt/ohpc/pub/compiler/conda/latest/lib/python3.12/shutil.py", line 700, in _rmtree_safe_fd
    onexc(os.unlink, fullname, err)
  File "/opt/ohpc/pub/compiler/conda/latest/lib/python3.12/shutil.py", line 750, in onexc
    return onerror(func, path, exc_info)
           ^^^^^^^^^^^^^^^^^^^^^^^^^^^^^
  File "/opt/ohpc/pub/compiler/conda/latest/lib/python3.12/shutil.py", line 698, in _rmtree_safe_fd
    os.unlink(entry.name, dir_fd=topfd)
OSError: [Errno 16] Device or resource busy: '/tmp/pymp-6d2mrz4k'
Traceback (most recent call last):
  File "/opt/ohpc/pub/compiler/conda/latest/lib/python3.12/multiprocessing/util.py", line 303, in _run_finalizers
    finalizer()
  File "/opt/ohpc/pub/compiler/conda/latest/lib/python3.12/multiprocessing/util.py", line 227, in __call__
    res = self._callback(*self._args, **self._kwargs)
          ^^^^^^^^^^^^^^^^^^^^^^^^^^^^^^^^^^^^^^^^^^^
  File "/opt/ohpc/pub/compiler/conda/latest/lib/python3.12/multiprocessing/util.py", line 136, in _remove_temp_dir
    rmtree(tempdir, onerror=onerror)
  File "/opt/ohpc/pub/compiler/conda/latest/lib/python3.12/shutil.py", line 759, in rmtree
    _rmtree_safe_fd(stack, onexc)
  File "/opt/ohpc/pub/compiler/conda/latest/lib/python3.12/shutil.py", line 703, in _rmtree_safe_fd
    onexc(func, path, err)
  File "/opt/ohpc/pub/compiler/conda/latest/lib/python3.12/shutil.py", line 750, in onexc
    return onerror(func, path, exc_info)
           ^^^^^^^^^^^^^^^^^^^^^^^^^^^^^
  File "/opt/ohpc/pub/compiler/conda/latest/lib/python3.12/shutil.py", line 700, in _rmtree_safe_fd
    onexc(os.unlink, fullname, err)
  File "/opt/ohpc/pub/compiler/conda/latest/lib/python3.12/shutil.py", line 750, in onexc
    return onerror(func, path, exc_info)
           ^^^^^^^^^^^^^^^^^^^^^^^^^^^^^
  File "/opt/ohpc/pub/compiler/conda/latest/lib/python3.12/shutil.py", line 698, in _rmtree_safe_fd
    os.unlink(entry.name, dir_fd=topfd)
OSError: [Errno 16] Device or resource busy: '/tmp/pymp-r3kopgut'
  File "/opt/ohpc/pub/compiler/conda/latest/lib/python3.12/multiprocessing/util.py", line 303, in _run_finalizers
    finalizer()
  File "/opt/ohpc/pub/compiler/conda/latest/lib/python3.12/multiprocessing/util.py", line 227, in __call__
    res = self._callback(*self._args, **self._kwargs)
          ^^^^^^^^^^^^^^^^^^^^^^^^^^^^^^^^^^^^^^^^^^^
  File "/opt/ohpc/pub/compiler/conda/latest/lib/python3.12/multiprocessing/util.py", line 136, in _remove_temp_dir
    rmtree(tempdir, onerror=onerror)
  File "/opt/ohpc/pub/compiler/conda/latest/lib/python3.12/shutil.py", line 759, in rmtree
    _rmtree_safe_fd(stack, onexc)
  File "/opt/ohpc/pub/compiler/conda/latest/lib/python3.12/shutil.py", line 703, in _rmtree_safe_fd
    onexc(func, path, err)
  File "/opt/ohpc/pub/compiler/conda/latest/lib/python3.12/shutil.py", line 750, in onexc
    return onerror(func, path, exc_info)
           ^^^^^^^^^^^^^^^^^^^^^^^^^^^^^
  File "/opt/ohpc/pub/compiler/conda/latest/lib/python3.12/shutil.py", line 700, in _rmtree_safe_fd
    onexc(os.unlink, fullname, err)
  File "/opt/ohpc/pub/compiler/conda/latest/lib/python3.12/shutil.py", line 750, in onexc
    return onerror(func, path, exc_info)
           ^^^^^^^^^^^^^^^^^^^^^^^^^^^^^
  File "/opt/ohpc/pub/compiler/conda/latest/lib/python3.12/shutil.py", line 698, in _rmtree_safe_fd
    os.unlink(entry.name, dir_fd=topfd)
OSError: [Errno 16] Device or resource busy: '/tmp/pymp-y_klrt1_'
  File "/opt/ohpc/pub/compiler/conda/latest/lib/python3.12/multiprocessing/util.py", line 303, in _run_finalizers
    finalizer()
  File "/opt/ohpc/pub/compiler/conda/latest/lib/python3.12/multiprocessing/util.py", line 227, in __call__
    res = self._callback(*self._args, **self._kwargs)
          ^^^^^^^^^^^^^^^^^^^^^^^^^^^^^^^^^^^^^^^^^^^
  File "/opt/ohpc/pub/compiler/conda/latest/lib/python3.12/multiprocessing/util.py", line 136, in _remove_temp_dir
    rmtree(tempdir, onerror=onerror)
  File "/opt/ohpc/pub/compiler/conda/latest/lib/python3.12/shutil.py", line 759, in rmtree
    _rmtree_safe_fd(stack, onexc)
  File "/opt/ohpc/pub/compiler/conda/latest/lib/python3.12/shutil.py", line 703, in _rmtree_safe_fd
    onexc(func, path, err)
  File "/opt/ohpc/pub/compiler/conda/latest/lib/python3.12/shutil.py", line 750, in onexc
    return onerror(func, path, exc_info)
           ^^^^^^^^^^^^^^^^^^^^^^^^^^^^^
  File "/opt/ohpc/pub/compiler/conda/latest/lib/python3.12/shutil.py", line 700, in _rmtree_safe_fd
    onexc(os.unlink, fullname, err)
  File "/opt/ohpc/pub/compiler/conda/latest/lib/python3.12/shutil.py", line 750, in onexc
    return onerror(func, path, exc_info)
           ^^^^^^^^^^^^^^^^^^^^^^^^^^^^^
  File "/opt/ohpc/pub/compiler/conda/latest/lib/python3.12/shutil.py", line 698, in _rmtree_safe_fd
    os.unlink(entry.name, dir_fd=topfd)
OSError: [Errno 16] Device or resource busy: '/tmp/pymp-9aua_vy2'
Traceback (most recent call last):
Traceback (most recent call last):
Traceback (most recent call last):
Traceback (most recent call last):
Traceback (most recent call last):
Traceback (most recent call last):
Traceback (most recent call last):
Traceback (most recent call last):
Traceback (most recent call last):
Traceback (most recent call last):
  File "/opt/ohpc/pub/compiler/conda/latest/lib/python3.12/multiprocessing/util.py", line 303, in _run_finalizers
    finalizer()
  File "/opt/ohpc/pub/compiler/conda/latest/lib/python3.12/multiprocessing/util.py", line 303, in _run_finalizers
    finalizer()
  File "/opt/ohpc/pub/compiler/conda/latest/lib/python3.12/multiprocessing/util.py", line 303, in _run_finalizers
    finalizer()
  File "/opt/ohpc/pub/compiler/conda/latest/lib/python3.12/multiprocessing/util.py", line 227, in __call__
    res = self._callback(*self._args, **self._kwargs)
          ^^^^^^^^^^^^^^^^^^^^^^^^^^^^^^^^^^^^^^^^^^^
  File "/opt/ohpc/pub/compiler/conda/latest/lib/python3.12/multiprocessing/util.py", line 227, in __call__
    res = self._callback(*self._args, **self._kwargs)
          ^^^^^^^^^^^^^^^^^^^^^^^^^^^^^^^^^^^^^^^^^^^
  File "/opt/ohpc/pub/compiler/conda/latest/lib/python3.12/multiprocessing/util.py", line 227, in __call__
    res = self._callback(*self._args, **self._kwargs)
          ^^^^^^^^^^^^^^^^^^^^^^^^^^^^^^^^^^^^^^^^^^^
  File "/opt/ohpc/pub/compiler/conda/latest/lib/python3.12/multiprocessing/util.py", line 136, in _remove_temp_dir
    rmtree(tempdir, onerror=onerror)
  File "/opt/ohpc/pub/compiler/conda/latest/lib/python3.12/multiprocessing/util.py", line 136, in _remove_temp_dir
    rmtree(tempdir, onerror=onerror)
  File "/opt/ohpc/pub/compiler/conda/latest/lib/python3.12/multiprocessing/util.py", line 136, in _remove_temp_dir
    rmtree(tempdir, onerror=onerror)
  File "/opt/ohpc/pub/compiler/conda/latest/lib/python3.12/shutil.py", line 759, in rmtree
    _rmtree_safe_fd(stack, onexc)
  File "/opt/ohpc/pub/compiler/conda/latest/lib/python3.12/shutil.py", line 759, in rmtree
    _rmtree_safe_fd(stack, onexc)
  File "/opt/ohpc/pub/compiler/conda/latest/lib/python3.12/shutil.py", line 703, in _rmtree_safe_fd
    onexc(func, path, err)
  File "/opt/ohpc/pub/compiler/conda/latest/lib/python3.12/shutil.py", line 759, in rmtree
    _rmtree_safe_fd(stack, onexc)
  File "/opt/ohpc/pub/compiler/conda/latest/lib/python3.12/shutil.py", line 703, in _rmtree_safe_fd
    onexc(func, path, err)
  File "/opt/ohpc/pub/compiler/conda/latest/lib/python3.12/multiprocessing/util.py", line 303, in _run_finalizers
    finalizer()
  File "/opt/ohpc/pub/compiler/conda/latest/lib/python3.12/shutil.py", line 750, in onexc
    return onerror(func, path, exc_info)
           ^^^^^^^^^^^^^^^^^^^^^^^^^^^^^
  File "/opt/ohpc/pub/compiler/conda/latest/lib/python3.12/shutil.py", line 703, in _rmtree_safe_fd
    onexc(func, path, err)
  File "/opt/ohpc/pub/compiler/conda/latest/lib/python3.12/shutil.py", line 750, in onexc
    return onerror(func, path, exc_info)
           ^^^^^^^^^^^^^^^^^^^^^^^^^^^^^
  File "/opt/ohpc/pub/compiler/conda/latest/lib/python3.12/shutil.py", line 700, in _rmtree_safe_fd
    onexc(os.unlink, fullname, err)
  File "/opt/ohpc/pub/compiler/conda/latest/lib/python3.12/shutil.py", line 750, in onexc
    return onerror(func, path, exc_info)
           ^^^^^^^^^^^^^^^^^^^^^^^^^^^^^
  File "/opt/ohpc/pub/compiler/conda/latest/lib/python3.12/shutil.py", line 700, in _rmtree_safe_fd
    onexc(os.unlink, fullname, err)
  File "/opt/ohpc/pub/compiler/conda/latest/lib/python3.12/multiprocessing/util.py", line 227, in __call__
    res = self._callback(*self._args, **self._kwargs)
          ^^^^^^^^^^^^^^^^^^^^^^^^^^^^^^^^^^^^^^^^^^^
  File "/opt/ohpc/pub/compiler/conda/latest/lib/python3.12/shutil.py", line 750, in onexc
    return onerror(func, path, exc_info)
           ^^^^^^^^^^^^^^^^^^^^^^^^^^^^^
  File "/opt/ohpc/pub/compiler/conda/latest/lib/python3.12/shutil.py", line 700, in _rmtree_safe_fd
    onexc(os.unlink, fullname, err)
  File "/opt/ohpc/pub/compiler/conda/latest/lib/python3.12/shutil.py", line 750, in onexc
    return onerror(func, path, exc_info)
           ^^^^^^^^^^^^^^^^^^^^^^^^^^^^^
  File "/opt/ohpc/pub/compiler/conda/latest/lib/python3.12/shutil.py", line 698, in _rmtree_safe_fd
    os.unlink(entry.name, dir_fd=topfd)
  File "/opt/ohpc/pub/compiler/conda/latest/lib/python3.12/multiprocessing/util.py", line 136, in _remove_temp_dir
    rmtree(tempdir, onerror=onerror)
  File "/opt/ohpc/pub/compiler/conda/latest/lib/python3.12/shutil.py", line 750, in onexc
    return onerror(func, path, exc_info)
           ^^^^^^^^^^^^^^^^^^^^^^^^^^^^^
  File "/opt/ohpc/pub/compiler/conda/latest/lib/python3.12/shutil.py", line 698, in _rmtree_safe_fd
    os.unlink(entry.name, dir_fd=topfd)
  File "/opt/ohpc/pub/compiler/conda/latest/lib/python3.12/shutil.py", line 759, in rmtree
    _rmtree_safe_fd(stack, onexc)
  File "/opt/ohpc/pub/compiler/conda/latest/lib/python3.12/shutil.py", line 698, in _rmtree_safe_fd
    os.unlink(entry.name, dir_fd=topfd)
  File "/opt/ohpc/pub/compiler/conda/latest/lib/python3.12/shutil.py", line 703, in _rmtree_safe_fd
    onexc(func, path, err)
  File "/opt/ohpc/pub/compiler/conda/latest/lib/python3.12/shutil.py", line 750, in onexc
    return onerror(func, path, exc_info)
           ^^^^^^^^^^^^^^^^^^^^^^^^^^^^^
  File "/opt/ohpc/pub/compiler/conda/latest/lib/python3.12/shutil.py", line 700, in _rmtree_safe_fd
    onexc(os.unlink, fullname, err)
  File "/opt/ohpc/pub/compiler/conda/latest/lib/python3.12/multiprocessing/util.py", line 303, in _run_finalizers
    finalizer()
  File "/opt/ohpc/pub/compiler/conda/latest/lib/python3.12/shutil.py", line 750, in onexc
    return onerror(func, path, exc_info)
           ^^^^^^^^^^^^^^^^^^^^^^^^^^^^^
OSError: [Errno 16] Device or resource busy: '/tmp/pymp-phm5i55s'
OSError: [Errno 16] Device or resource busy: '/tmp/pymp-_xtzl0w5'
  File "/opt/ohpc/pub/compiler/conda/latest/lib/python3.12/shutil.py", line 698, in _rmtree_safe_fd
    os.unlink(entry.name, dir_fd=topfd)
OSError: [Errno 16] Device or resource busy: '/tmp/pymp-8_oiqjmn'
  File "/opt/ohpc/pub/compiler/conda/latest/lib/python3.12/multiprocessing/util.py", line 227, in __call__
    res = self._callback(*self._args, **self._kwargs)
          ^^^^^^^^^^^^^^^^^^^^^^^^^^^^^^^^^^^^^^^^^^^
  File "/opt/ohpc/pub/compiler/conda/latest/lib/python3.12/multiprocessing/util.py", line 136, in _remove_temp_dir
    rmtree(tempdir, onerror=onerror)
  File "/opt/ohpc/pub/compiler/conda/latest/lib/python3.12/shutil.py", line 759, in rmtree
    _rmtree_safe_fd(stack, onexc)
  File "/opt/ohpc/pub/compiler/conda/latest/lib/python3.12/shutil.py", line 703, in _rmtree_safe_fd
    onexc(func, path, err)
OSError: [Errno 16] Device or resource busy: '/tmp/pymp-njosckpw'
  File "/opt/ohpc/pub/compiler/conda/latest/lib/python3.12/multiprocessing/util.py", line 303, in _run_finalizers
    finalizer()
  File "/opt/ohpc/pub/compiler/conda/latest/lib/python3.12/shutil.py", line 750, in onexc
    return onerror(func, path, exc_info)
           ^^^^^^^^^^^^^^^^^^^^^^^^^^^^^
  File "/opt/ohpc/pub/compiler/conda/latest/lib/python3.12/shutil.py", line 700, in _rmtree_safe_fd
    onexc(os.unlink, fullname, err)
  File "/opt/ohpc/pub/compiler/conda/latest/lib/python3.12/shutil.py", line 750, in onexc
    return onerror(func, path, exc_info)
           ^^^^^^^^^^^^^^^^^^^^^^^^^^^^^
  File "/opt/ohpc/pub/compiler/conda/latest/lib/python3.12/multiprocessing/util.py", line 227, in __call__
    res = self._callback(*self._args, **self._kwargs)
          ^^^^^^^^^^^^^^^^^^^^^^^^^^^^^^^^^^^^^^^^^^^
  File "/opt/ohpc/pub/compiler/conda/latest/lib/python3.12/shutil.py", line 698, in _rmtree_safe_fd
    os.unlink(entry.name, dir_fd=topfd)
  File "/opt/ohpc/pub/compiler/conda/latest/lib/python3.12/multiprocessing/util.py", line 136, in _remove_temp_dir
    rmtree(tempdir, onerror=onerror)
  File "/opt/ohpc/pub/compiler/conda/latest/lib/python3.12/shutil.py", line 759, in rmtree
    _rmtree_safe_fd(stack, onexc)
  File "/opt/ohpc/pub/compiler/conda/latest/lib/python3.12/shutil.py", line 703, in _rmtree_safe_fd
    onexc(func, path, err)
  File "/opt/ohpc/pub/compiler/conda/latest/lib/python3.12/shutil.py", line 750, in onexc
    return onerror(func, path, exc_info)
           ^^^^^^^^^^^^^^^^^^^^^^^^^^^^^
  File "/opt/ohpc/pub/compiler/conda/latest/lib/python3.12/shutil.py", line 700, in _rmtree_safe_fd
    onexc(os.unlink, fullname, err)
OSError: [Errno 16] Device or resource busy: '/tmp/pymp-wrayz2px'
  File "/opt/ohpc/pub/compiler/conda/latest/lib/python3.12/shutil.py", line 750, in onexc
    return onerror(func, path, exc_info)
           ^^^^^^^^^^^^^^^^^^^^^^^^^^^^^
  File "/opt/ohpc/pub/compiler/conda/latest/lib/python3.12/shutil.py", line 698, in _rmtree_safe_fd
    os.unlink(entry.name, dir_fd=topfd)
OSError: [Errno 16] Device or resource busy: '/tmp/pymp-sx2x0aoi'
  File "/opt/ohpc/pub/compiler/conda/latest/lib/python3.12/multiprocessing/util.py", line 303, in _run_finalizers
    finalizer()
  File "/opt/ohpc/pub/compiler/conda/latest/lib/python3.12/multiprocessing/util.py", line 227, in __call__
    res = self._callback(*self._args, **self._kwargs)
          ^^^^^^^^^^^^^^^^^^^^^^^^^^^^^^^^^^^^^^^^^^^
  File "/opt/ohpc/pub/compiler/conda/latest/lib/python3.12/multiprocessing/util.py", line 303, in _run_finalizers
    finalizer()
  File "/opt/ohpc/pub/compiler/conda/latest/lib/python3.12/multiprocessing/util.py", line 136, in _remove_temp_dir
    rmtree(tempdir, onerror=onerror)
  File "/opt/ohpc/pub/compiler/conda/latest/lib/python3.12/shutil.py", line 759, in rmtree
    _rmtree_safe_fd(stack, onexc)
  File "/opt/ohpc/pub/compiler/conda/latest/lib/python3.12/shutil.py", line 703, in _rmtree_safe_fd
    onexc(func, path, err)
  File "/opt/ohpc/pub/compiler/conda/latest/lib/python3.12/multiprocessing/util.py", line 227, in __call__
    res = self._callback(*self._args, **self._kwargs)
          ^^^^^^^^^^^^^^^^^^^^^^^^^^^^^^^^^^^^^^^^^^^
  File "/opt/ohpc/pub/compiler/conda/latest/lib/python3.12/shutil.py", line 750, in onexc
    return onerror(func, path, exc_info)
           ^^^^^^^^^^^^^^^^^^^^^^^^^^^^^
  File "/opt/ohpc/pub/compiler/conda/latest/lib/python3.12/multiprocessing/util.py", line 136, in _remove_temp_dir
    rmtree(tempdir, onerror=onerror)
  File "/opt/ohpc/pub/compiler/conda/latest/lib/python3.12/shutil.py", line 700, in _rmtree_safe_fd
    onexc(os.unlink, fullname, err)
  File "/opt/ohpc/pub/compiler/conda/latest/lib/python3.12/shutil.py", line 759, in rmtree
    _rmtree_safe_fd(stack, onexc)
  File "/opt/ohpc/pub/compiler/conda/latest/lib/python3.12/shutil.py", line 750, in onexc
    return onerror(func, path, exc_info)
           ^^^^^^^^^^^^^^^^^^^^^^^^^^^^^
  File "/opt/ohpc/pub/compiler/conda/latest/lib/python3.12/shutil.py", line 703, in _rmtree_safe_fd
    onexc(func, path, err)
  File "/opt/ohpc/pub/compiler/conda/latest/lib/python3.12/multiprocessing/util.py", line 303, in _run_finalizers
    finalizer()
  File "/opt/ohpc/pub/compiler/conda/latest/lib/python3.12/shutil.py", line 698, in _rmtree_safe_fd
    os.unlink(entry.name, dir_fd=topfd)
  File "/opt/ohpc/pub/compiler/conda/latest/lib/python3.12/shutil.py", line 750, in onexc
    return onerror(func, path, exc_info)
           ^^^^^^^^^^^^^^^^^^^^^^^^^^^^^
  File "/opt/ohpc/pub/compiler/conda/latest/lib/python3.12/shutil.py", line 700, in _rmtree_safe_fd
    onexc(os.unlink, fullname, err)
  File "/opt/ohpc/pub/compiler/conda/latest/lib/python3.12/shutil.py", line 750, in onexc
    return onerror(func, path, exc_info)
           ^^^^^^^^^^^^^^^^^^^^^^^^^^^^^
  File "/opt/ohpc/pub/compiler/conda/latest/lib/python3.12/multiprocessing/util.py", line 227, in __call__
    res = self._callback(*self._args, **self._kwargs)
          ^^^^^^^^^^^^^^^^^^^^^^^^^^^^^^^^^^^^^^^^^^^
  File "/opt/ohpc/pub/compiler/conda/latest/lib/python3.12/shutil.py", line 698, in _rmtree_safe_fd
    os.unlink(entry.name, dir_fd=topfd)
  File "/opt/ohpc/pub/compiler/conda/latest/lib/python3.12/multiprocessing/util.py", line 136, in _remove_temp_dir
    rmtree(tempdir, onerror=onerror)
  File "/opt/ohpc/pub/compiler/conda/latest/lib/python3.12/shutil.py", line 759, in rmtree
    _rmtree_safe_fd(stack, onexc)
OSError: [Errno 16] Device or resource busy: '/tmp/pymp-_4f24mbg'
  File "/opt/ohpc/pub/compiler/conda/latest/lib/python3.12/shutil.py", line 703, in _rmtree_safe_fd
    onexc(func, path, err)
  File "/opt/ohpc/pub/compiler/conda/latest/lib/python3.12/shutil.py", line 750, in onexc
    return onerror(func, path, exc_info)
           ^^^^^^^^^^^^^^^^^^^^^^^^^^^^^
OSError: [Errno 16] Device or resource busy: '/tmp/pymp-f59euamb'
  File "/opt/ohpc/pub/compiler/conda/latest/lib/python3.12/shutil.py", line 700, in _rmtree_safe_fd
    onexc(os.unlink, fullname, err)
  File "/opt/ohpc/pub/compiler/conda/latest/lib/python3.12/shutil.py", line 750, in onexc
    return onerror(func, path, exc_info)
           ^^^^^^^^^^^^^^^^^^^^^^^^^^^^^
  File "/opt/ohpc/pub/compiler/conda/latest/lib/python3.12/shutil.py", line 698, in _rmtree_safe_fd
    os.unlink(entry.name, dir_fd=topfd)
OSError: [Errno 16] Device or resource busy: '/tmp/pymp-57rhav9t'
  File "/opt/ohpc/pub/compiler/conda/latest/lib/python3.12/multiprocessing/util.py", line 303, in _run_finalizers
    finalizer()
  File "/opt/ohpc/pub/compiler/conda/latest/lib/python3.12/multiprocessing/util.py", line 227, in __call__
    res = self._callback(*self._args, **self._kwargs)
          ^^^^^^^^^^^^^^^^^^^^^^^^^^^^^^^^^^^^^^^^^^^
  File "/opt/ohpc/pub/compiler/conda/latest/lib/python3.12/multiprocessing/util.py", line 136, in _remove_temp_dir
    rmtree(tempdir, onerror=onerror)
  File "/opt/ohpc/pub/compiler/conda/latest/lib/python3.12/shutil.py", line 759, in rmtree
    _rmtree_safe_fd(stack, onexc)
  File "/opt/ohpc/pub/compiler/conda/latest/lib/python3.12/shutil.py", line 703, in _rmtree_safe_fd
    onexc(func, path, err)
  File "/opt/ohpc/pub/compiler/conda/latest/lib/python3.12/shutil.py", line 750, in onexc
    return onerror(func, path, exc_info)
           ^^^^^^^^^^^^^^^^^^^^^^^^^^^^^
  File "/opt/ohpc/pub/compiler/conda/latest/lib/python3.12/shutil.py", line 700, in _rmtree_safe_fd
    onexc(os.unlink, fullname, err)
  File "/opt/ohpc/pub/compiler/conda/latest/lib/python3.12/shutil.py", line 750, in onexc
    return onerror(func, path, exc_info)
           ^^^^^^^^^^^^^^^^^^^^^^^^^^^^^
  File "/opt/ohpc/pub/compiler/conda/latest/lib/python3.12/shutil.py", line 698, in _rmtree_safe_fd
    os.unlink(entry.name, dir_fd=topfd)
OSError: [Errno 16] Device or resource busy: '/tmp/pymp-ygmhrk0t'
Traceback (most recent call last):
Traceback (most recent call last):
Traceback (most recent call last):
  File "/opt/ohpc/pub/compiler/conda/latest/lib/python3.12/multiprocessing/util.py", line 303, in _run_finalizers
    finalizer()
  File "/opt/ohpc/pub/compiler/conda/latest/lib/python3.12/multiprocessing/util.py", line 227, in __call__
    res = self._callback(*self._args, **self._kwargs)
          ^^^^^^^^^^^^^^^^^^^^^^^^^^^^^^^^^^^^^^^^^^^
  File "/opt/ohpc/pub/compiler/conda/latest/lib/python3.12/multiprocessing/util.py", line 136, in _remove_temp_dir
    rmtree(tempdir, onerror=onerror)
  File "/opt/ohpc/pub/compiler/conda/latest/lib/python3.12/shutil.py", line 759, in rmtree
    _rmtree_safe_fd(stack, onexc)
  File "/opt/ohpc/pub/compiler/conda/latest/lib/python3.12/shutil.py", line 703, in _rmtree_safe_fd
    onexc(func, path, err)
  File "/opt/ohpc/pub/compiler/conda/latest/lib/python3.12/shutil.py", line 750, in onexc
    return onerror(func, path, exc_info)
           ^^^^^^^^^^^^^^^^^^^^^^^^^^^^^
  File "/opt/ohpc/pub/compiler/conda/latest/lib/python3.12/shutil.py", line 700, in _rmtree_safe_fd
    onexc(os.unlink, fullname, err)
  File "/opt/ohpc/pub/compiler/conda/latest/lib/python3.12/shutil.py", line 750, in onexc
    return onerror(func, path, exc_info)
           ^^^^^^^^^^^^^^^^^^^^^^^^^^^^^
  File "/opt/ohpc/pub/compiler/conda/latest/lib/python3.12/shutil.py", line 698, in _rmtree_safe_fd
    os.unlink(entry.name, dir_fd=topfd)
OSError: [Errno 16] Device or resource busy: '/tmp/pymp-az_ta9zx'
Traceback (most recent call last):
  File "/opt/ohpc/pub/compiler/conda/latest/lib/python3.12/multiprocessing/util.py", line 303, in _run_finalizers
    finalizer()
Traceback (most recent call last):
  File "/opt/ohpc/pub/compiler/conda/latest/lib/python3.12/multiprocessing/util.py", line 303, in _run_finalizers
    finalizer()
  File "/opt/ohpc/pub/compiler/conda/latest/lib/python3.12/multiprocessing/util.py", line 227, in __call__
    res = self._callback(*self._args, **self._kwargs)
          ^^^^^^^^^^^^^^^^^^^^^^^^^^^^^^^^^^^^^^^^^^^
  File "/opt/ohpc/pub/compiler/conda/latest/lib/python3.12/multiprocessing/util.py", line 136, in _remove_temp_dir
    rmtree(tempdir, onerror=onerror)
  File "/opt/ohpc/pub/compiler/conda/latest/lib/python3.12/shutil.py", line 759, in rmtree
    _rmtree_safe_fd(stack, onexc)
  File "/opt/ohpc/pub/compiler/conda/latest/lib/python3.12/shutil.py", line 703, in _rmtree_safe_fd
    onexc(func, path, err)
  File "/opt/ohpc/pub/compiler/conda/latest/lib/python3.12/shutil.py", line 750, in onexc
    return onerror(func, path, exc_info)
           ^^^^^^^^^^^^^^^^^^^^^^^^^^^^^
  File "/opt/ohpc/pub/compiler/conda/latest/lib/python3.12/shutil.py", line 700, in _rmtree_safe_fd
    onexc(os.unlink, fullname, err)
  File "/opt/ohpc/pub/compiler/conda/latest/lib/python3.12/shutil.py", line 750, in onexc
    return onerror(func, path, exc_info)
           ^^^^^^^^^^^^^^^^^^^^^^^^^^^^^
  File "/opt/ohpc/pub/compiler/conda/latest/lib/python3.12/shutil.py", line 698, in _rmtree_safe_fd
    os.unlink(entry.name, dir_fd=topfd)
OSError: [Errno 16] Device or resource busy: '/tmp/pymp-e6zkzwa2'
Traceback (most recent call last):
  File "/opt/ohpc/pub/compiler/conda/latest/lib/python3.12/multiprocessing/util.py", line 303, in _run_finalizers
    finalizer()
  File "/opt/ohpc/pub/compiler/conda/latest/lib/python3.12/multiprocessing/util.py", line 227, in __call__
    res = self._callback(*self._args, **self._kwargs)
          ^^^^^^^^^^^^^^^^^^^^^^^^^^^^^^^^^^^^^^^^^^^
  File "/opt/ohpc/pub/compiler/conda/latest/lib/python3.12/multiprocessing/util.py", line 136, in _remove_temp_dir
    rmtree(tempdir, onerror=onerror)
  File "/opt/ohpc/pub/compiler/conda/latest/lib/python3.12/shutil.py", line 759, in rmtree
    _rmtree_safe_fd(stack, onexc)
  File "/opt/ohpc/pub/compiler/conda/latest/lib/python3.12/shutil.py", line 703, in _rmtree_safe_fd
    onexc(func, path, err)
  File "/opt/ohpc/pub/compiler/conda/latest/lib/python3.12/shutil.py", line 750, in onexc
    return onerror(func, path, exc_info)
           ^^^^^^^^^^^^^^^^^^^^^^^^^^^^^
  File "/opt/ohpc/pub/compiler/conda/latest/lib/python3.12/shutil.py", line 700, in _rmtree_safe_fd
    onexc(os.unlink, fullname, err)
  File "/opt/ohpc/pub/compiler/conda/latest/lib/python3.12/shutil.py", line 750, in onexc
    return onerror(func, path, exc_info)
           ^^^^^^^^^^^^^^^^^^^^^^^^^^^^^
  File "/opt/ohpc/pub/compiler/conda/latest/lib/python3.12/shutil.py", line 698, in _rmtree_safe_fd
    os.unlink(entry.name, dir_fd=topfd)
OSError: [Errno 16] Device or resource busy: '/tmp/pymp-ldzve1sv'
Traceback (most recent call last):
  File "/opt/ohpc/pub/compiler/conda/latest/lib/python3.12/multiprocessing/util.py", line 303, in _run_finalizers
    finalizer()
  File "/opt/ohpc/pub/compiler/conda/latest/lib/python3.12/multiprocessing/util.py", line 227, in __call__
    res = self._callback(*self._args, **self._kwargs)
          ^^^^^^^^^^^^^^^^^^^^^^^^^^^^^^^^^^^^^^^^^^^
  File "/opt/ohpc/pub/compiler/conda/latest/lib/python3.12/multiprocessing/util.py", line 136, in _remove_temp_dir
    rmtree(tempdir, onerror=onerror)
  File "/opt/ohpc/pub/compiler/conda/latest/lib/python3.12/shutil.py", line 759, in rmtree
    _rmtree_safe_fd(stack, onexc)
  File "/opt/ohpc/pub/compiler/conda/latest/lib/python3.12/shutil.py", line 703, in _rmtree_safe_fd
    onexc(func, path, err)
  File "/opt/ohpc/pub/compiler/conda/latest/lib/python3.12/shutil.py", line 750, in onexc
    return onerror(func, path, exc_info)
           ^^^^^^^^^^^^^^^^^^^^^^^^^^^^^
  File "/opt/ohpc/pub/compiler/conda/latest/lib/python3.12/shutil.py", line 700, in _rmtree_safe_fd
    onexc(os.unlink, fullname, err)
  File "/opt/ohpc/pub/compiler/conda/latest/lib/python3.12/shutil.py", line 750, in onexc
    return onerror(func, path, exc_info)
           ^^^^^^^^^^^^^^^^^^^^^^^^^^^^^
  File "/opt/ohpc/pub/compiler/conda/latest/lib/python3.12/shutil.py", line 698, in _rmtree_safe_fd
    os.unlink(entry.name, dir_fd=topfd)
OSError: [Errno 16] Device or resource busy: '/tmp/pymp-a5n8nh8y'
  File "/opt/ohpc/pub/compiler/conda/latest/lib/python3.12/multiprocessing/util.py", line 303, in _run_finalizers
    finalizer()
  File "/opt/ohpc/pub/compiler/conda/latest/lib/python3.12/multiprocessing/util.py", line 227, in __call__
    res = self._callback(*self._args, **self._kwargs)
          ^^^^^^^^^^^^^^^^^^^^^^^^^^^^^^^^^^^^^^^^^^^
  File "/opt/ohpc/pub/compiler/conda/latest/lib/python3.12/multiprocessing/util.py", line 136, in _remove_temp_dir
    rmtree(tempdir, onerror=onerror)
  File "/opt/ohpc/pub/compiler/conda/latest/lib/python3.12/shutil.py", line 759, in rmtree
    _rmtree_safe_fd(stack, onexc)
  File "/opt/ohpc/pub/compiler/conda/latest/lib/python3.12/shutil.py", line 703, in _rmtree_safe_fd
    onexc(func, path, err)
  File "/opt/ohpc/pub/compiler/conda/latest/lib/python3.12/shutil.py", line 750, in onexc
    return onerror(func, path, exc_info)
           ^^^^^^^^^^^^^^^^^^^^^^^^^^^^^
  File "/opt/ohpc/pub/compiler/conda/latest/lib/python3.12/shutil.py", line 700, in _rmtree_safe_fd
    onexc(os.unlink, fullname, err)
  File "/opt/ohpc/pub/compiler/conda/latest/lib/python3.12/shutil.py", line 750, in onexc
    return onerror(func, path, exc_info)
           ^^^^^^^^^^^^^^^^^^^^^^^^^^^^^
  File "/opt/ohpc/pub/compiler/conda/latest/lib/python3.12/shutil.py", line 698, in _rmtree_safe_fd
    os.unlink(entry.name, dir_fd=topfd)
OSError: [Errno 16] Device or resource busy: '/tmp/pymp-yh3i08ki'
Traceback (most recent call last):
  File "/opt/ohpc/pub/compiler/conda/latest/lib/python3.12/multiprocessing/util.py", line 303, in _run_finalizers
    finalizer()
  File "/opt/ohpc/pub/compiler/conda/latest/lib/python3.12/multiprocessing/util.py", line 227, in __call__
    res = self._callback(*self._args, **self._kwargs)
          ^^^^^^^^^^^^^^^^^^^^^^^^^^^^^^^^^^^^^^^^^^^
  File "/opt/ohpc/pub/compiler/conda/latest/lib/python3.12/multiprocessing/util.py", line 136, in _remove_temp_dir
    rmtree(tempdir, onerror=onerror)
  File "/opt/ohpc/pub/compiler/conda/latest/lib/python3.12/shutil.py", line 759, in rmtree
    _rmtree_safe_fd(stack, onexc)
  File "/opt/ohpc/pub/compiler/conda/latest/lib/python3.12/shutil.py", line 703, in _rmtree_safe_fd
    onexc(func, path, err)
  File "/opt/ohpc/pub/compiler/conda/latest/lib/python3.12/shutil.py", line 750, in onexc
    return onerror(func, path, exc_info)
           ^^^^^^^^^^^^^^^^^^^^^^^^^^^^^
  File "/opt/ohpc/pub/compiler/conda/latest/lib/python3.12/shutil.py", line 700, in _rmtree_safe_fd
    onexc(os.unlink, fullname, err)
  File "/opt/ohpc/pub/compiler/conda/latest/lib/python3.12/shutil.py", line 750, in onexc
    return onerror(func, path, exc_info)
           ^^^^^^^^^^^^^^^^^^^^^^^^^^^^^
  File "/opt/ohpc/pub/compiler/conda/latest/lib/python3.12/shutil.py", line 698, in _rmtree_safe_fd
    os.unlink(entry.name, dir_fd=topfd)
OSError: [Errno 16] Device or resource busy: '/tmp/pymp-wogmgqr3'
Traceback (most recent call last):
  File "/opt/ohpc/pub/compiler/conda/latest/lib/python3.12/multiprocessing/util.py", line 303, in _run_finalizers
    finalizer()
  File "/opt/ohpc/pub/compiler/conda/latest/lib/python3.12/multiprocessing/util.py", line 227, in __call__
    res = self._callback(*self._args, **self._kwargs)
          ^^^^^^^^^^^^^^^^^^^^^^^^^^^^^^^^^^^^^^^^^^^
  File "/opt/ohpc/pub/compiler/conda/latest/lib/python3.12/multiprocessing/util.py", line 136, in _remove_temp_dir
    rmtree(tempdir, onerror=onerror)
  File "/opt/ohpc/pub/compiler/conda/latest/lib/python3.12/shutil.py", line 759, in rmtree
    _rmtree_safe_fd(stack, onexc)
  File "/opt/ohpc/pub/compiler/conda/latest/lib/python3.12/shutil.py", line 703, in _rmtree_safe_fd
    onexc(func, path, err)
  File "/opt/ohpc/pub/compiler/conda/latest/lib/python3.12/shutil.py", line 750, in onexc
    return onerror(func, path, exc_info)
           ^^^^^^^^^^^^^^^^^^^^^^^^^^^^^
  File "/opt/ohpc/pub/compiler/conda/latest/lib/python3.12/shutil.py", line 700, in _rmtree_safe_fd
    onexc(os.unlink, fullname, err)
  File "/opt/ohpc/pub/compiler/conda/latest/lib/python3.12/shutil.py", line 750, in onexc
    return onerror(func, path, exc_info)
           ^^^^^^^^^^^^^^^^^^^^^^^^^^^^^
  File "/opt/ohpc/pub/compiler/conda/latest/lib/python3.12/shutil.py", line 698, in _rmtree_safe_fd
    os.unlink(entry.name, dir_fd=topfd)
OSError: [Errno 16] Device or resource busy: '/tmp/pymp-vb1e7wf7'
  File "/opt/ohpc/pub/compiler/conda/latest/lib/python3.12/multiprocessing/util.py", line 227, in __call__
    res = self._callback(*self._args, **self._kwargs)
          ^^^^^^^^^^^^^^^^^^^^^^^^^^^^^^^^^^^^^^^^^^^
  File "/opt/ohpc/pub/compiler/conda/latest/lib/python3.12/multiprocessing/util.py", line 136, in _remove_temp_dir
    rmtree(tempdir, onerror=onerror)
  File "/opt/ohpc/pub/compiler/conda/latest/lib/python3.12/shutil.py", line 759, in rmtree
    _rmtree_safe_fd(stack, onexc)
  File "/opt/ohpc/pub/compiler/conda/latest/lib/python3.12/shutil.py", line 703, in _rmtree_safe_fd
    onexc(func, path, err)
  File "/opt/ohpc/pub/compiler/conda/latest/lib/python3.12/shutil.py", line 750, in onexc
    return onerror(func, path, exc_info)
           ^^^^^^^^^^^^^^^^^^^^^^^^^^^^^
  File "/opt/ohpc/pub/compiler/conda/latest/lib/python3.12/shutil.py", line 700, in _rmtree_safe_fd
    onexc(os.unlink, fullname, err)
  File "/opt/ohpc/pub/compiler/conda/latest/lib/python3.12/shutil.py", line 750, in onexc
    return onerror(func, path, exc_info)
           ^^^^^^^^^^^^^^^^^^^^^^^^^^^^^
  File "/opt/ohpc/pub/compiler/conda/latest/lib/python3.12/shutil.py", line 698, in _rmtree_safe_fd
    os.unlink(entry.name, dir_fd=topfd)
OSError: [Errno 16] Device or resource busy: '/tmp/pymp-kbfgr5fb'
  File "/opt/ohpc/pub/compiler/conda/latest/lib/python3.12/multiprocessing/util.py", line 303, in _run_finalizers
    finalizer()
  File "/opt/ohpc/pub/compiler/conda/latest/lib/python3.12/multiprocessing/util.py", line 227, in __call__
    res = self._callback(*self._args, **self._kwargs)
          ^^^^^^^^^^^^^^^^^^^^^^^^^^^^^^^^^^^^^^^^^^^
  File "/opt/ohpc/pub/compiler/conda/latest/lib/python3.12/multiprocessing/util.py", line 136, in _remove_temp_dir
    rmtree(tempdir, onerror=onerror)
  File "/opt/ohpc/pub/compiler/conda/latest/lib/python3.12/shutil.py", line 759, in rmtree
    _rmtree_safe_fd(stack, onexc)
  File "/opt/ohpc/pub/compiler/conda/latest/lib/python3.12/shutil.py", line 703, in _rmtree_safe_fd
    onexc(func, path, err)
  File "/opt/ohpc/pub/compiler/conda/latest/lib/python3.12/shutil.py", line 750, in onexc
    return onerror(func, path, exc_info)
           ^^^^^^^^^^^^^^^^^^^^^^^^^^^^^
  File "/opt/ohpc/pub/compiler/conda/latest/lib/python3.12/shutil.py", line 700, in _rmtree_safe_fd
    onexc(os.unlink, fullname, err)
  File "/opt/ohpc/pub/compiler/conda/latest/lib/python3.12/shutil.py", line 750, in onexc
    return onerror(func, path, exc_info)
           ^^^^^^^^^^^^^^^^^^^^^^^^^^^^^
  File "/opt/ohpc/pub/compiler/conda/latest/lib/python3.12/shutil.py", line 698, in _rmtree_safe_fd
    os.unlink(entry.name, dir_fd=topfd)
OSError: [Errno 16] Device or resource busy: '/tmp/pymp-0pnhphop'
Traceback (most recent call last):
  File "/opt/ohpc/pub/compiler/conda/latest/lib/python3.12/multiprocessing/util.py", line 303, in _run_finalizers
    finalizer()
  File "/opt/ohpc/pub/compiler/conda/latest/lib/python3.12/multiprocessing/util.py", line 227, in __call__
    res = self._callback(*self._args, **self._kwargs)
          ^^^^^^^^^^^^^^^^^^^^^^^^^^^^^^^^^^^^^^^^^^^
  File "/opt/ohpc/pub/compiler/conda/latest/lib/python3.12/multiprocessing/util.py", line 136, in _remove_temp_dir
    rmtree(tempdir, onerror=onerror)
  File "/opt/ohpc/pub/compiler/conda/latest/lib/python3.12/shutil.py", line 759, in rmtree
    _rmtree_safe_fd(stack, onexc)
  File "/opt/ohpc/pub/compiler/conda/latest/lib/python3.12/shutil.py", line 703, in _rmtree_safe_fd
    onexc(func, path, err)
  File "/opt/ohpc/pub/compiler/conda/latest/lib/python3.12/shutil.py", line 750, in onexc
    return onerror(func, path, exc_info)
           ^^^^^^^^^^^^^^^^^^^^^^^^^^^^^
  File "/opt/ohpc/pub/compiler/conda/latest/lib/python3.12/shutil.py", line 700, in _rmtree_safe_fd
    onexc(os.unlink, fullname, err)
  File "/opt/ohpc/pub/compiler/conda/latest/lib/python3.12/shutil.py", line 750, in onexc
    return onerror(func, path, exc_info)
           ^^^^^^^^^^^^^^^^^^^^^^^^^^^^^
  File "/opt/ohpc/pub/compiler/conda/latest/lib/python3.12/shutil.py", line 698, in _rmtree_safe_fd
    os.unlink(entry.name, dir_fd=topfd)
OSError: [Errno 16] Device or resource busy: '/tmp/pymp-lfrx8h3p'
[val 004] loss=-0.1405 z_std=0.0476 rankme=66.874 lidar=38.791 areq=1.453 pr=2.10 align=0.5028 unif=-1.503 converged=False collapsed=False
  e005 it0000/62 lr=0.0016 loss=-0.1013 z_std=0.0640
  e005 it0010/62 lr=0.0016 loss=-0.1411 z_std=0.0641
  e005 it0020/62 lr=0.0017 loss=-0.1473 z_std=0.0641
  e005 it0030/62 lr=0.0017 loss=-0.1508 z_std=0.0640
  e005 it0040/62 lr=0.0018 loss=-0.1570 z_std=0.0640
  e005 it0050/62 lr=0.0018 loss=-0.1635 z_std=0.0640
  e005 it0060/62 lr=0.0019 loss=-0.1694 z_std=0.0640
[epoch 005] loss=-0.1700 z_std=0.0640 (healthy~0.0625) time=177.6s
Traceback (most recent call last):
Traceback (most recent call last):
Traceback (most recent call last):
Traceback (most recent call last):
Traceback (most recent call last):
Traceback (most recent call last):
  File "/opt/ohpc/pub/compiler/conda/latest/lib/python3.12/multiprocessing/util.py", line 303, in _run_finalizers
    finalizer()
Traceback (most recent call last):
  File "/opt/ohpc/pub/compiler/conda/latest/lib/python3.12/multiprocessing/util.py", line 227, in __call__
    res = self._callback(*self._args, **self._kwargs)
          ^^^^^^^^^^^^^^^^^^^^^^^^^^^^^^^^^^^^^^^^^^^
Traceback (most recent call last):
  File "/opt/ohpc/pub/compiler/conda/latest/lib/python3.12/multiprocessing/util.py", line 136, in _remove_temp_dir
    rmtree(tempdir, onerror=onerror)
Traceback (most recent call last):
  File "/opt/ohpc/pub/compiler/conda/latest/lib/python3.12/shutil.py", line 759, in rmtree
    _rmtree_safe_fd(stack, onexc)
  File "/opt/ohpc/pub/compiler/conda/latest/lib/python3.12/shutil.py", line 703, in _rmtree_safe_fd
    onexc(func, path, err)
  File "/opt/ohpc/pub/compiler/conda/latest/lib/python3.12/shutil.py", line 750, in onexc
    return onerror(func, path, exc_info)
           ^^^^^^^^^^^^^^^^^^^^^^^^^^^^^
  File "/opt/ohpc/pub/compiler/conda/latest/lib/python3.12/shutil.py", line 700, in _rmtree_safe_fd
    onexc(os.unlink, fullname, err)
  File "/opt/ohpc/pub/compiler/conda/latest/lib/python3.12/shutil.py", line 750, in onexc
    return onerror(func, path, exc_info)
           ^^^^^^^^^^^^^^^^^^^^^^^^^^^^^
  File "/opt/ohpc/pub/compiler/conda/latest/lib/python3.12/shutil.py", line 698, in _rmtree_safe_fd
    os.unlink(entry.name, dir_fd=topfd)
OSError: [Errno 16] Device or resource busy: '/tmp/pymp-a7w1uqou'
  File "/opt/ohpc/pub/compiler/conda/latest/lib/python3.12/multiprocessing/util.py", line 303, in _run_finalizers
    finalizer()
  File "/opt/ohpc/pub/compiler/conda/latest/lib/python3.12/multiprocessing/util.py", line 227, in __call__
    res = self._callback(*self._args, **self._kwargs)
          ^^^^^^^^^^^^^^^^^^^^^^^^^^^^^^^^^^^^^^^^^^^
  File "/opt/ohpc/pub/compiler/conda/latest/lib/python3.12/multiprocessing/util.py", line 136, in _remove_temp_dir
    rmtree(tempdir, onerror=onerror)
  File "/opt/ohpc/pub/compiler/conda/latest/lib/python3.12/shutil.py", line 759, in rmtree
    _rmtree_safe_fd(stack, onexc)
  File "/opt/ohpc/pub/compiler/conda/latest/lib/python3.12/shutil.py", line 703, in _rmtree_safe_fd
    onexc(func, path, err)
  File "/opt/ohpc/pub/compiler/conda/latest/lib/python3.12/multiprocessing/util.py", line 303, in _run_finalizers
    finalizer()
  File "/opt/ohpc/pub/compiler/conda/latest/lib/python3.12/shutil.py", line 750, in onexc
    return onerror(func, path, exc_info)
           ^^^^^^^^^^^^^^^^^^^^^^^^^^^^^
  File "/opt/ohpc/pub/compiler/conda/latest/lib/python3.12/shutil.py", line 700, in _rmtree_safe_fd
    onexc(os.unlink, fullname, err)
  File "/opt/ohpc/pub/compiler/conda/latest/lib/python3.12/shutil.py", line 750, in onexc
    return onerror(func, path, exc_info)
           ^^^^^^^^^^^^^^^^^^^^^^^^^^^^^
  File "/opt/ohpc/pub/compiler/conda/latest/lib/python3.12/multiprocessing/util.py", line 227, in __call__
    res = self._callback(*self._args, **self._kwargs)
          ^^^^^^^^^^^^^^^^^^^^^^^^^^^^^^^^^^^^^^^^^^^
  File "/opt/ohpc/pub/compiler/conda/latest/lib/python3.12/shutil.py", line 698, in _rmtree_safe_fd
    os.unlink(entry.name, dir_fd=topfd)
  File "/opt/ohpc/pub/compiler/conda/latest/lib/python3.12/multiprocessing/util.py", line 136, in _remove_temp_dir
    rmtree(tempdir, onerror=onerror)
  File "/opt/ohpc/pub/compiler/conda/latest/lib/python3.12/shutil.py", line 759, in rmtree
    _rmtree_safe_fd(stack, onexc)
  File "/opt/ohpc/pub/compiler/conda/latest/lib/python3.12/shutil.py", line 703, in _rmtree_safe_fd
    onexc(func, path, err)
  File "/opt/ohpc/pub/compiler/conda/latest/lib/python3.12/shutil.py", line 750, in onexc
    return onerror(func, path, exc_info)
           ^^^^^^^^^^^^^^^^^^^^^^^^^^^^^
  File "/opt/ohpc/pub/compiler/conda/latest/lib/python3.12/shutil.py", line 700, in _rmtree_safe_fd
    onexc(os.unlink, fullname, err)
  File "/opt/ohpc/pub/compiler/conda/latest/lib/python3.12/shutil.py", line 750, in onexc
    return onerror(func, path, exc_info)
           ^^^^^^^^^^^^^^^^^^^^^^^^^^^^^
OSError: [Errno 16] Device or resource busy: '/tmp/pymp-sff0pvw2'
  File "/opt/ohpc/pub/compiler/conda/latest/lib/python3.12/shutil.py", line 698, in _rmtree_safe_fd
    os.unlink(entry.name, dir_fd=topfd)
OSError: [Errno 16] Device or resource busy: '/tmp/pymp-ntp2tqvt'
  File "/opt/ohpc/pub/compiler/conda/latest/lib/python3.12/multiprocessing/util.py", line 303, in _run_finalizers
    finalizer()
  File "/opt/ohpc/pub/compiler/conda/latest/lib/python3.12/multiprocessing/util.py", line 227, in __call__
    res = self._callback(*self._args, **self._kwargs)
          ^^^^^^^^^^^^^^^^^^^^^^^^^^^^^^^^^^^^^^^^^^^
  File "/opt/ohpc/pub/compiler/conda/latest/lib/python3.12/multiprocessing/util.py", line 136, in _remove_temp_dir
    rmtree(tempdir, onerror=onerror)
  File "/opt/ohpc/pub/compiler/conda/latest/lib/python3.12/shutil.py", line 759, in rmtree
    _rmtree_safe_fd(stack, onexc)
  File "/opt/ohpc/pub/compiler/conda/latest/lib/python3.12/shutil.py", line 703, in _rmtree_safe_fd
    onexc(func, path, err)
  File "/opt/ohpc/pub/compiler/conda/latest/lib/python3.12/shutil.py", line 750, in onexc
    return onerror(func, path, exc_info)
           ^^^^^^^^^^^^^^^^^^^^^^^^^^^^^
  File "/opt/ohpc/pub/compiler/conda/latest/lib/python3.12/shutil.py", line 700, in _rmtree_safe_fd
    onexc(os.unlink, fullname, err)
  File "/opt/ohpc/pub/compiler/conda/latest/lib/python3.12/shutil.py", line 750, in onexc
    return onerror(func, path, exc_info)
           ^^^^^^^^^^^^^^^^^^^^^^^^^^^^^
  File "/opt/ohpc/pub/compiler/conda/latest/lib/python3.12/shutil.py", line 698, in _rmtree_safe_fd
    os.unlink(entry.name, dir_fd=topfd)
OSError: [Errno 16] Device or resource busy: '/tmp/pymp-ao2kyg5u'
  File "/opt/ohpc/pub/compiler/conda/latest/lib/python3.12/multiprocessing/util.py", line 303, in _run_finalizers
    finalizer()
  File "/opt/ohpc/pub/compiler/conda/latest/lib/python3.12/multiprocessing/util.py", line 227, in __call__
    res = self._callback(*self._args, **self._kwargs)
          ^^^^^^^^^^^^^^^^^^^^^^^^^^^^^^^^^^^^^^^^^^^
  File "/opt/ohpc/pub/compiler/conda/latest/lib/python3.12/multiprocessing/util.py", line 136, in _remove_temp_dir
    rmtree(tempdir, onerror=onerror)
  File "/opt/ohpc/pub/compiler/conda/latest/lib/python3.12/multiprocessing/util.py", line 303, in _run_finalizers
    finalizer()
  File "/opt/ohpc/pub/compiler/conda/latest/lib/python3.12/shutil.py", line 759, in rmtree
    _rmtree_safe_fd(stack, onexc)
  File "/opt/ohpc/pub/compiler/conda/latest/lib/python3.12/shutil.py", line 703, in _rmtree_safe_fd
    onexc(func, path, err)
  File "/opt/ohpc/pub/compiler/conda/latest/lib/python3.12/multiprocessing/util.py", line 303, in _run_finalizers
    finalizer()
  File "/opt/ohpc/pub/compiler/conda/latest/lib/python3.12/multiprocessing/util.py", line 303, in _run_finalizers
    finalizer()
  File "/opt/ohpc/pub/compiler/conda/latest/lib/python3.12/shutil.py", line 750, in onexc
    return onerror(func, path, exc_info)
           ^^^^^^^^^^^^^^^^^^^^^^^^^^^^^
  File "/opt/ohpc/pub/compiler/conda/latest/lib/python3.12/multiprocessing/util.py", line 227, in __call__
    res = self._callback(*self._args, **self._kwargs)
          ^^^^^^^^^^^^^^^^^^^^^^^^^^^^^^^^^^^^^^^^^^^
  File "/opt/ohpc/pub/compiler/conda/latest/lib/python3.12/shutil.py", line 700, in _rmtree_safe_fd
    onexc(os.unlink, fullname, err)
  File "/opt/ohpc/pub/compiler/conda/latest/lib/python3.12/multiprocessing/util.py", line 136, in _remove_temp_dir
    rmtree(tempdir, onerror=onerror)
  File "/opt/ohpc/pub/compiler/conda/latest/lib/python3.12/shutil.py", line 750, in onexc
    return onerror(func, path, exc_info)
           ^^^^^^^^^^^^^^^^^^^^^^^^^^^^^
  File "/opt/ohpc/pub/compiler/conda/latest/lib/python3.12/shutil.py", line 759, in rmtree
    _rmtree_safe_fd(stack, onexc)
  File "/opt/ohpc/pub/compiler/conda/latest/lib/python3.12/multiprocessing/util.py", line 227, in __call__
    res = self._callback(*self._args, **self._kwargs)
          ^^^^^^^^^^^^^^^^^^^^^^^^^^^^^^^^^^^^^^^^^^^
  File "/opt/ohpc/pub/compiler/conda/latest/lib/python3.12/shutil.py", line 698, in _rmtree_safe_fd
    os.unlink(entry.name, dir_fd=topfd)
  File "/opt/ohpc/pub/compiler/conda/latest/lib/python3.12/shutil.py", line 703, in _rmtree_safe_fd
    onexc(func, path, err)
  File "/opt/ohpc/pub/compiler/conda/latest/lib/python3.12/multiprocessing/util.py", line 136, in _remove_temp_dir
    rmtree(tempdir, onerror=onerror)
  File "/opt/ohpc/pub/compiler/conda/latest/lib/python3.12/multiprocessing/util.py", line 303, in _run_finalizers
    finalizer()
  File "/opt/ohpc/pub/compiler/conda/latest/lib/python3.12/shutil.py", line 750, in onexc
    return onerror(func, path, exc_info)
           ^^^^^^^^^^^^^^^^^^^^^^^^^^^^^
  File "/opt/ohpc/pub/compiler/conda/latest/lib/python3.12/shutil.py", line 759, in rmtree
    _rmtree_safe_fd(stack, onexc)
  File "/opt/ohpc/pub/compiler/conda/latest/lib/python3.12/shutil.py", line 700, in _rmtree_safe_fd
    onexc(os.unlink, fullname, err)
  File "/opt/ohpc/pub/compiler/conda/latest/lib/python3.12/shutil.py", line 703, in _rmtree_safe_fd
    onexc(func, path, err)
  File "/opt/ohpc/pub/compiler/conda/latest/lib/python3.12/shutil.py", line 750, in onexc
    return onerror(func, path, exc_info)
           ^^^^^^^^^^^^^^^^^^^^^^^^^^^^^
  File "/opt/ohpc/pub/compiler/conda/latest/lib/python3.12/multiprocessing/util.py", line 227, in __call__
    res = self._callback(*self._args, **self._kwargs)
          ^^^^^^^^^^^^^^^^^^^^^^^^^^^^^^^^^^^^^^^^^^^
  File "/opt/ohpc/pub/compiler/conda/latest/lib/python3.12/shutil.py", line 750, in onexc
    return onerror(func, path, exc_info)
           ^^^^^^^^^^^^^^^^^^^^^^^^^^^^^
  File "/opt/ohpc/pub/compiler/conda/latest/lib/python3.12/multiprocessing/util.py", line 227, in __call__
    res = self._callback(*self._args, **self._kwargs)
          ^^^^^^^^^^^^^^^^^^^^^^^^^^^^^^^^^^^^^^^^^^^
  File "/opt/ohpc/pub/compiler/conda/latest/lib/python3.12/shutil.py", line 698, in _rmtree_safe_fd
    os.unlink(entry.name, dir_fd=topfd)
OSError: [Errno 16] Device or resource busy: '/tmp/pymp-gm00olki'
  File "/opt/ohpc/pub/compiler/conda/latest/lib/python3.12/multiprocessing/util.py", line 136, in _remove_temp_dir
    rmtree(tempdir, onerror=onerror)
  File "/opt/ohpc/pub/compiler/conda/latest/lib/python3.12/shutil.py", line 700, in _rmtree_safe_fd
    onexc(os.unlink, fullname, err)
  File "/opt/ohpc/pub/compiler/conda/latest/lib/python3.12/multiprocessing/util.py", line 136, in _remove_temp_dir
    rmtree(tempdir, onerror=onerror)
  File "/opt/ohpc/pub/compiler/conda/latest/lib/python3.12/shutil.py", line 759, in rmtree
    _rmtree_safe_fd(stack, onexc)
  File "/opt/ohpc/pub/compiler/conda/latest/lib/python3.12/shutil.py", line 750, in onexc
    return onerror(func, path, exc_info)
           ^^^^^^^^^^^^^^^^^^^^^^^^^^^^^
  File "/opt/ohpc/pub/compiler/conda/latest/lib/python3.12/shutil.py", line 759, in rmtree
    _rmtree_safe_fd(stack, onexc)
  File "/opt/ohpc/pub/compiler/conda/latest/lib/python3.12/shutil.py", line 703, in _rmtree_safe_fd
    onexc(func, path, err)
  File "/opt/ohpc/pub/compiler/conda/latest/lib/python3.12/shutil.py", line 698, in _rmtree_safe_fd
    os.unlink(entry.name, dir_fd=topfd)
  File "/opt/ohpc/pub/compiler/conda/latest/lib/python3.12/shutil.py", line 703, in _rmtree_safe_fd
    onexc(func, path, err)
  File "/opt/ohpc/pub/compiler/conda/latest/lib/python3.12/shutil.py", line 750, in onexc
    return onerror(func, path, exc_info)
           ^^^^^^^^^^^^^^^^^^^^^^^^^^^^^
  File "/opt/ohpc/pub/compiler/conda/latest/lib/python3.12/shutil.py", line 750, in onexc
    return onerror(func, path, exc_info)
           ^^^^^^^^^^^^^^^^^^^^^^^^^^^^^
OSError: [Errno 16] Device or resource busy: '/tmp/pymp-hhxp_pd3'
  File "/opt/ohpc/pub/compiler/conda/latest/lib/python3.12/shutil.py", line 700, in _rmtree_safe_fd
    onexc(os.unlink, fullname, err)
  File "/opt/ohpc/pub/compiler/conda/latest/lib/python3.12/shutil.py", line 700, in _rmtree_safe_fd
    onexc(os.unlink, fullname, err)
  File "/opt/ohpc/pub/compiler/conda/latest/lib/python3.12/shutil.py", line 750, in onexc
    return onerror(func, path, exc_info)
           ^^^^^^^^^^^^^^^^^^^^^^^^^^^^^
  File "/opt/ohpc/pub/compiler/conda/latest/lib/python3.12/shutil.py", line 750, in onexc
    return onerror(func, path, exc_info)
           ^^^^^^^^^^^^^^^^^^^^^^^^^^^^^
  File "/opt/ohpc/pub/compiler/conda/latest/lib/python3.12/shutil.py", line 698, in _rmtree_safe_fd
    os.unlink(entry.name, dir_fd=topfd)
  File "/opt/ohpc/pub/compiler/conda/latest/lib/python3.12/shutil.py", line 698, in _rmtree_safe_fd
    os.unlink(entry.name, dir_fd=topfd)
OSError: [Errno 16] Device or resource busy: '/tmp/pymp-e2u3j_3k'
OSError: [Errno 16] Device or resource busy: '/tmp/pymp-d4_nstvw'
OSError: [Errno 16] Device or resource busy: '/tmp/pymp-e04n8yuk'
Traceback (most recent call last):
  File "/opt/ohpc/pub/compiler/conda/latest/lib/python3.12/multiprocessing/util.py", line 303, in _run_finalizers
    finalizer()
  File "/opt/ohpc/pub/compiler/conda/latest/lib/python3.12/multiprocessing/util.py", line 227, in __call__
    res = self._callback(*self._args, **self._kwargs)
          ^^^^^^^^^^^^^^^^^^^^^^^^^^^^^^^^^^^^^^^^^^^
  File "/opt/ohpc/pub/compiler/conda/latest/lib/python3.12/multiprocessing/util.py", line 136, in _remove_temp_dir
    rmtree(tempdir, onerror=onerror)
  File "/opt/ohpc/pub/compiler/conda/latest/lib/python3.12/shutil.py", line 759, in rmtree
    _rmtree_safe_fd(stack, onexc)
  File "/opt/ohpc/pub/compiler/conda/latest/lib/python3.12/shutil.py", line 703, in _rmtree_safe_fd
    onexc(func, path, err)
  File "/opt/ohpc/pub/compiler/conda/latest/lib/python3.12/shutil.py", line 750, in onexc
    return onerror(func, path, exc_info)
           ^^^^^^^^^^^^^^^^^^^^^^^^^^^^^
  File "/opt/ohpc/pub/compiler/conda/latest/lib/python3.12/shutil.py", line 700, in _rmtree_safe_fd
    onexc(os.unlink, fullname, err)
  File "/opt/ohpc/pub/compiler/conda/latest/lib/python3.12/shutil.py", line 750, in onexc
    return onerror(func, path, exc_info)
           ^^^^^^^^^^^^^^^^^^^^^^^^^^^^^
  File "/opt/ohpc/pub/compiler/conda/latest/lib/python3.12/shutil.py", line 698, in _rmtree_safe_fd
    os.unlink(entry.name, dir_fd=topfd)
OSError: [Errno 16] Device or resource busy: '/tmp/pymp-yt64m9zv'
Traceback (most recent call last):
Traceback (most recent call last):
Traceback (most recent call last):
Traceback (most recent call last):
Traceback (most recent call last):
Traceback (most recent call last):
Traceback (most recent call last):
  File "/opt/ohpc/pub/compiler/conda/latest/lib/python3.12/multiprocessing/util.py", line 303, in _run_finalizers
    finalizer()
  File "/opt/ohpc/pub/compiler/conda/latest/lib/python3.12/multiprocessing/util.py", line 303, in _run_finalizers
    finalizer()
  File "/opt/ohpc/pub/compiler/conda/latest/lib/python3.12/multiprocessing/util.py", line 303, in _run_finalizers
    finalizer()
  File "/opt/ohpc/pub/compiler/conda/latest/lib/python3.12/multiprocessing/util.py", line 227, in __call__
    res = self._callback(*self._args, **self._kwargs)
          ^^^^^^^^^^^^^^^^^^^^^^^^^^^^^^^^^^^^^^^^^^^
  File "/opt/ohpc/pub/compiler/conda/latest/lib/python3.12/multiprocessing/util.py", line 227, in __call__
    res = self._callback(*self._args, **self._kwargs)
          ^^^^^^^^^^^^^^^^^^^^^^^^^^^^^^^^^^^^^^^^^^^
  File "/opt/ohpc/pub/compiler/conda/latest/lib/python3.12/multiprocessing/util.py", line 136, in _remove_temp_dir
    rmtree(tempdir, onerror=onerror)
  File "/opt/ohpc/pub/compiler/conda/latest/lib/python3.12/multiprocessing/util.py", line 136, in _remove_temp_dir
    rmtree(tempdir, onerror=onerror)
  File "/opt/ohpc/pub/compiler/conda/latest/lib/python3.12/shutil.py", line 759, in rmtree
    _rmtree_safe_fd(stack, onexc)
  File "/opt/ohpc/pub/compiler/conda/latest/lib/python3.12/shutil.py", line 759, in rmtree
    _rmtree_safe_fd(stack, onexc)
  File "/opt/ohpc/pub/compiler/conda/latest/lib/python3.12/shutil.py", line 703, in _rmtree_safe_fd
    onexc(func, path, err)
  File "/opt/ohpc/pub/compiler/conda/latest/lib/python3.12/shutil.py", line 703, in _rmtree_safe_fd
    onexc(func, path, err)
  File "/opt/ohpc/pub/compiler/conda/latest/lib/python3.12/shutil.py", line 750, in onexc
    return onerror(func, path, exc_info)
           ^^^^^^^^^^^^^^^^^^^^^^^^^^^^^
  File "/opt/ohpc/pub/compiler/conda/latest/lib/python3.12/multiprocessing/util.py", line 227, in __call__
    res = self._callback(*self._args, **self._kwargs)
          ^^^^^^^^^^^^^^^^^^^^^^^^^^^^^^^^^^^^^^^^^^^
  File "/opt/ohpc/pub/compiler/conda/latest/lib/python3.12/shutil.py", line 750, in onexc
    return onerror(func, path, exc_info)
           ^^^^^^^^^^^^^^^^^^^^^^^^^^^^^
  File "/opt/ohpc/pub/compiler/conda/latest/lib/python3.12/shutil.py", line 700, in _rmtree_safe_fd
    onexc(os.unlink, fullname, err)
  File "/opt/ohpc/pub/compiler/conda/latest/lib/python3.12/shutil.py", line 700, in _rmtree_safe_fd
    onexc(os.unlink, fullname, err)
  File "/opt/ohpc/pub/compiler/conda/latest/lib/python3.12/multiprocessing/util.py", line 136, in _remove_temp_dir
    rmtree(tempdir, onerror=onerror)
  File "/opt/ohpc/pub/compiler/conda/latest/lib/python3.12/shutil.py", line 750, in onexc
    return onerror(func, path, exc_info)
           ^^^^^^^^^^^^^^^^^^^^^^^^^^^^^
  File "/opt/ohpc/pub/compiler/conda/latest/lib/python3.12/shutil.py", line 750, in onexc
    return onerror(func, path, exc_info)
           ^^^^^^^^^^^^^^^^^^^^^^^^^^^^^
  File "/opt/ohpc/pub/compiler/conda/latest/lib/python3.12/shutil.py", line 698, in _rmtree_safe_fd
    os.unlink(entry.name, dir_fd=topfd)
  File "/opt/ohpc/pub/compiler/conda/latest/lib/python3.12/shutil.py", line 759, in rmtree
    _rmtree_safe_fd(stack, onexc)
  File "/opt/ohpc/pub/compiler/conda/latest/lib/python3.12/shutil.py", line 698, in _rmtree_safe_fd
    os.unlink(entry.name, dir_fd=topfd)
Traceback (most recent call last):
  File "/opt/ohpc/pub/compiler/conda/latest/lib/python3.12/shutil.py", line 703, in _rmtree_safe_fd
    onexc(func, path, err)
  File "/opt/ohpc/pub/compiler/conda/latest/lib/python3.12/shutil.py", line 750, in onexc
    return onerror(func, path, exc_info)
           ^^^^^^^^^^^^^^^^^^^^^^^^^^^^^
  File "/opt/ohpc/pub/compiler/conda/latest/lib/python3.12/shutil.py", line 700, in _rmtree_safe_fd
    onexc(os.unlink, fullname, err)
  File "/opt/ohpc/pub/compiler/conda/latest/lib/python3.12/shutil.py", line 750, in onexc
    return onerror(func, path, exc_info)
           ^^^^^^^^^^^^^^^^^^^^^^^^^^^^^
  File "/opt/ohpc/pub/compiler/conda/latest/lib/python3.12/shutil.py", line 698, in _rmtree_safe_fd
    os.unlink(entry.name, dir_fd=topfd)
OSError: [Errno 16] Device or resource busy: '/tmp/pymp-0bb7xokq'
OSError: [Errno 16] Device or resource busy: '/tmp/pymp-ln327rj1'
OSError: [Errno 16] Device or resource busy: '/tmp/pymp-nxdq64g5'
  File "/opt/ohpc/pub/compiler/conda/latest/lib/python3.12/multiprocessing/util.py", line 303, in _run_finalizers
    finalizer()
  File "/opt/ohpc/pub/compiler/conda/latest/lib/python3.12/multiprocessing/util.py", line 303, in _run_finalizers
    finalizer()
  File "/opt/ohpc/pub/compiler/conda/latest/lib/python3.12/multiprocessing/util.py", line 227, in __call__
    res = self._callback(*self._args, **self._kwargs)
          ^^^^^^^^^^^^^^^^^^^^^^^^^^^^^^^^^^^^^^^^^^^
  File "/opt/ohpc/pub/compiler/conda/latest/lib/python3.12/multiprocessing/util.py", line 303, in _run_finalizers
    finalizer()
  File "/opt/ohpc/pub/compiler/conda/latest/lib/python3.12/multiprocessing/util.py", line 227, in __call__
    res = self._callback(*self._args, **self._kwargs)
          ^^^^^^^^^^^^^^^^^^^^^^^^^^^^^^^^^^^^^^^^^^^
  File "/opt/ohpc/pub/compiler/conda/latest/lib/python3.12/multiprocessing/util.py", line 136, in _remove_temp_dir
    rmtree(tempdir, onerror=onerror)
  File "/opt/ohpc/pub/compiler/conda/latest/lib/python3.12/multiprocessing/util.py", line 136, in _remove_temp_dir
    rmtree(tempdir, onerror=onerror)
  File "/opt/ohpc/pub/compiler/conda/latest/lib/python3.12/shutil.py", line 759, in rmtree
    _rmtree_safe_fd(stack, onexc)
  File "/opt/ohpc/pub/compiler/conda/latest/lib/python3.12/shutil.py", line 703, in _rmtree_safe_fd
    onexc(func, path, err)
  File "/opt/ohpc/pub/compiler/conda/latest/lib/python3.12/shutil.py", line 759, in rmtree
    _rmtree_safe_fd(stack, onexc)
  File "/opt/ohpc/pub/compiler/conda/latest/lib/python3.12/shutil.py", line 750, in onexc
    return onerror(func, path, exc_info)
           ^^^^^^^^^^^^^^^^^^^^^^^^^^^^^
  File "/opt/ohpc/pub/compiler/conda/latest/lib/python3.12/shutil.py", line 703, in _rmtree_safe_fd
    onexc(func, path, err)
  File "/opt/ohpc/pub/compiler/conda/latest/lib/python3.12/shutil.py", line 700, in _rmtree_safe_fd
    onexc(os.unlink, fullname, err)
  File "/opt/ohpc/pub/compiler/conda/latest/lib/python3.12/shutil.py", line 750, in onexc
    return onerror(func, path, exc_info)
           ^^^^^^^^^^^^^^^^^^^^^^^^^^^^^
  File "/opt/ohpc/pub/compiler/conda/latest/lib/python3.12/multiprocessing/util.py", line 227, in __call__
    res = self._callback(*self._args, **self._kwargs)
          ^^^^^^^^^^^^^^^^^^^^^^^^^^^^^^^^^^^^^^^^^^^
  File "/opt/ohpc/pub/compiler/conda/latest/lib/python3.12/shutil.py", line 750, in onexc
    return onerror(func, path, exc_info)
           ^^^^^^^^^^^^^^^^^^^^^^^^^^^^^
  File "/opt/ohpc/pub/compiler/conda/latest/lib/python3.12/shutil.py", line 700, in _rmtree_safe_fd
    onexc(os.unlink, fullname, err)
  File "/opt/ohpc/pub/compiler/conda/latest/lib/python3.12/shutil.py", line 698, in _rmtree_safe_fd
    os.unlink(entry.name, dir_fd=topfd)
  File "/opt/ohpc/pub/compiler/conda/latest/lib/python3.12/multiprocessing/util.py", line 136, in _remove_temp_dir
    rmtree(tempdir, onerror=onerror)
  File "/opt/ohpc/pub/compiler/conda/latest/lib/python3.12/shutil.py", line 750, in onexc
    return onerror(func, path, exc_info)
           ^^^^^^^^^^^^^^^^^^^^^^^^^^^^^
  File "/opt/ohpc/pub/compiler/conda/latest/lib/python3.12/shutil.py", line 698, in _rmtree_safe_fd
    os.unlink(entry.name, dir_fd=topfd)
  File "/opt/ohpc/pub/compiler/conda/latest/lib/python3.12/shutil.py", line 759, in rmtree
    _rmtree_safe_fd(stack, onexc)
  File "/opt/ohpc/pub/compiler/conda/latest/lib/python3.12/shutil.py", line 703, in _rmtree_safe_fd
    onexc(func, path, err)
  File "/opt/ohpc/pub/compiler/conda/latest/lib/python3.12/shutil.py", line 750, in onexc
    return onerror(func, path, exc_info)
           ^^^^^^^^^^^^^^^^^^^^^^^^^^^^^
  File "/opt/ohpc/pub/compiler/conda/latest/lib/python3.12/shutil.py", line 700, in _rmtree_safe_fd
    onexc(os.unlink, fullname, err)
OSError: [Errno 16] Device or resource busy: '/tmp/pymp-6n1h6ikv'
  File "/opt/ohpc/pub/compiler/conda/latest/lib/python3.12/shutil.py", line 750, in onexc
    return onerror(func, path, exc_info)
           ^^^^^^^^^^^^^^^^^^^^^^^^^^^^^
OSError: [Errno 16] Device or resource busy: '/tmp/pymp-600jqk_m'
  File "/opt/ohpc/pub/compiler/conda/latest/lib/python3.12/shutil.py", line 698, in _rmtree_safe_fd
    os.unlink(entry.name, dir_fd=topfd)
OSError: [Errno 16] Device or resource busy: '/tmp/pymp-bgk8rszj'
Traceback (most recent call last):
Traceback (most recent call last):
  File "/opt/ohpc/pub/compiler/conda/latest/lib/python3.12/multiprocessing/util.py", line 303, in _run_finalizers
    finalizer()
  File "/opt/ohpc/pub/compiler/conda/latest/lib/python3.12/multiprocessing/util.py", line 227, in __call__
    res = self._callback(*self._args, **self._kwargs)
          ^^^^^^^^^^^^^^^^^^^^^^^^^^^^^^^^^^^^^^^^^^^
  File "/opt/ohpc/pub/compiler/conda/latest/lib/python3.12/multiprocessing/util.py", line 136, in _remove_temp_dir
    rmtree(tempdir, onerror=onerror)
  File "/opt/ohpc/pub/compiler/conda/latest/lib/python3.12/shutil.py", line 759, in rmtree
    _rmtree_safe_fd(stack, onexc)
  File "/opt/ohpc/pub/compiler/conda/latest/lib/python3.12/shutil.py", line 703, in _rmtree_safe_fd
    onexc(func, path, err)
  File "/opt/ohpc/pub/compiler/conda/latest/lib/python3.12/shutil.py", line 750, in onexc
    return onerror(func, path, exc_info)
           ^^^^^^^^^^^^^^^^^^^^^^^^^^^^^
  File "/opt/ohpc/pub/compiler/conda/latest/lib/python3.12/shutil.py", line 700, in _rmtree_safe_fd
    onexc(os.unlink, fullname, err)
  File "/opt/ohpc/pub/compiler/conda/latest/lib/python3.12/shutil.py", line 750, in onexc
    return onerror(func, path, exc_info)
           ^^^^^^^^^^^^^^^^^^^^^^^^^^^^^
  File "/opt/ohpc/pub/compiler/conda/latest/lib/python3.12/shutil.py", line 698, in _rmtree_safe_fd
    os.unlink(entry.name, dir_fd=topfd)
OSError: [Errno 16] Device or resource busy: '/tmp/pymp-bkw9pgwp'
  File "/opt/ohpc/pub/compiler/conda/latest/lib/python3.12/multiprocessing/util.py", line 303, in _run_finalizers
    finalizer()
  File "/opt/ohpc/pub/compiler/conda/latest/lib/python3.12/multiprocessing/util.py", line 227, in __call__
    res = self._callback(*self._args, **self._kwargs)
          ^^^^^^^^^^^^^^^^^^^^^^^^^^^^^^^^^^^^^^^^^^^
  File "/opt/ohpc/pub/compiler/conda/latest/lib/python3.12/multiprocessing/util.py", line 136, in _remove_temp_dir
    rmtree(tempdir, onerror=onerror)
  File "/opt/ohpc/pub/compiler/conda/latest/lib/python3.12/shutil.py", line 759, in rmtree
    _rmtree_safe_fd(stack, onexc)
  File "/opt/ohpc/pub/compiler/conda/latest/lib/python3.12/shutil.py", line 703, in _rmtree_safe_fd
    onexc(func, path, err)
  File "/opt/ohpc/pub/compiler/conda/latest/lib/python3.12/shutil.py", line 750, in onexc
    return onerror(func, path, exc_info)
           ^^^^^^^^^^^^^^^^^^^^^^^^^^^^^
  File "/opt/ohpc/pub/compiler/conda/latest/lib/python3.12/shutil.py", line 700, in _rmtree_safe_fd
    onexc(os.unlink, fullname, err)
  File "/opt/ohpc/pub/compiler/conda/latest/lib/python3.12/shutil.py", line 750, in onexc
    return onerror(func, path, exc_info)
           ^^^^^^^^^^^^^^^^^^^^^^^^^^^^^
  File "/opt/ohpc/pub/compiler/conda/latest/lib/python3.12/shutil.py", line 698, in _rmtree_safe_fd
    os.unlink(entry.name, dir_fd=topfd)
OSError: [Errno 16] Device or resource busy: '/tmp/pymp-ll32evli'
  File "/opt/ohpc/pub/compiler/conda/latest/lib/python3.12/multiprocessing/util.py", line 303, in _run_finalizers
    finalizer()
  File "/opt/ohpc/pub/compiler/conda/latest/lib/python3.12/multiprocessing/util.py", line 227, in __call__
    res = self._callback(*self._args, **self._kwargs)
          ^^^^^^^^^^^^^^^^^^^^^^^^^^^^^^^^^^^^^^^^^^^
  File "/opt/ohpc/pub/compiler/conda/latest/lib/python3.12/multiprocessing/util.py", line 136, in _remove_temp_dir
    rmtree(tempdir, onerror=onerror)
  File "/opt/ohpc/pub/compiler/conda/latest/lib/python3.12/shutil.py", line 759, in rmtree
    _rmtree_safe_fd(stack, onexc)
  File "/opt/ohpc/pub/compiler/conda/latest/lib/python3.12/shutil.py", line 703, in _rmtree_safe_fd
    onexc(func, path, err)
  File "/opt/ohpc/pub/compiler/conda/latest/lib/python3.12/shutil.py", line 750, in onexc
    return onerror(func, path, exc_info)
           ^^^^^^^^^^^^^^^^^^^^^^^^^^^^^
  File "/opt/ohpc/pub/compiler/conda/latest/lib/python3.12/shutil.py", line 700, in _rmtree_safe_fd
    onexc(os.unlink, fullname, err)
  File "/opt/ohpc/pub/compiler/conda/latest/lib/python3.12/shutil.py", line 750, in onexc
    return onerror(func, path, exc_info)
           ^^^^^^^^^^^^^^^^^^^^^^^^^^^^^
  File "/opt/ohpc/pub/compiler/conda/latest/lib/python3.12/shutil.py", line 698, in _rmtree_safe_fd
    os.unlink(entry.name, dir_fd=topfd)
OSError: [Errno 16] Device or resource busy: '/tmp/pymp-5ishphck'
  File "/opt/ohpc/pub/compiler/conda/latest/lib/python3.12/multiprocessing/util.py", line 303, in _run_finalizers
    finalizer()
  File "/opt/ohpc/pub/compiler/conda/latest/lib/python3.12/multiprocessing/util.py", line 227, in __call__
    res = self._callback(*self._args, **self._kwargs)
          ^^^^^^^^^^^^^^^^^^^^^^^^^^^^^^^^^^^^^^^^^^^
  File "/opt/ohpc/pub/compiler/conda/latest/lib/python3.12/multiprocessing/util.py", line 136, in _remove_temp_dir
    rmtree(tempdir, onerror=onerror)
  File "/opt/ohpc/pub/compiler/conda/latest/lib/python3.12/shutil.py", line 759, in rmtree
    _rmtree_safe_fd(stack, onexc)
  File "/opt/ohpc/pub/compiler/conda/latest/lib/python3.12/shutil.py", line 703, in _rmtree_safe_fd
    onexc(func, path, err)
  File "/opt/ohpc/pub/compiler/conda/latest/lib/python3.12/shutil.py", line 750, in onexc
    return onerror(func, path, exc_info)
           ^^^^^^^^^^^^^^^^^^^^^^^^^^^^^
  File "/opt/ohpc/pub/compiler/conda/latest/lib/python3.12/shutil.py", line 700, in _rmtree_safe_fd
    onexc(os.unlink, fullname, err)
  File "/opt/ohpc/pub/compiler/conda/latest/lib/python3.12/shutil.py", line 750, in onexc
    return onerror(func, path, exc_info)
           ^^^^^^^^^^^^^^^^^^^^^^^^^^^^^
  File "/opt/ohpc/pub/compiler/conda/latest/lib/python3.12/shutil.py", line 698, in _rmtree_safe_fd
    os.unlink(entry.name, dir_fd=topfd)
OSError: [Errno 16] Device or resource busy: '/tmp/pymp-49z5df1_'
Traceback (most recent call last):
Traceback (most recent call last):
  File "/opt/ohpc/pub/compiler/conda/latest/lib/python3.12/multiprocessing/util.py", line 303, in _run_finalizers
    finalizer()
  File "/opt/ohpc/pub/compiler/conda/latest/lib/python3.12/multiprocessing/util.py", line 227, in __call__
    res = self._callback(*self._args, **self._kwargs)
          ^^^^^^^^^^^^^^^^^^^^^^^^^^^^^^^^^^^^^^^^^^^
  File "/opt/ohpc/pub/compiler/conda/latest/lib/python3.12/multiprocessing/util.py", line 136, in _remove_temp_dir
    rmtree(tempdir, onerror=onerror)
  File "/opt/ohpc/pub/compiler/conda/latest/lib/python3.12/shutil.py", line 759, in rmtree
    _rmtree_safe_fd(stack, onexc)
  File "/opt/ohpc/pub/compiler/conda/latest/lib/python3.12/shutil.py", line 703, in _rmtree_safe_fd
    onexc(func, path, err)
  File "/opt/ohpc/pub/compiler/conda/latest/lib/python3.12/shutil.py", line 750, in onexc
    return onerror(func, path, exc_info)
           ^^^^^^^^^^^^^^^^^^^^^^^^^^^^^
  File "/opt/ohpc/pub/compiler/conda/latest/lib/python3.12/shutil.py", line 700, in _rmtree_safe_fd
    onexc(os.unlink, fullname, err)
  File "/opt/ohpc/pub/compiler/conda/latest/lib/python3.12/shutil.py", line 750, in onexc
    return onerror(func, path, exc_info)
           ^^^^^^^^^^^^^^^^^^^^^^^^^^^^^
  File "/opt/ohpc/pub/compiler/conda/latest/lib/python3.12/shutil.py", line 698, in _rmtree_safe_fd
    os.unlink(entry.name, dir_fd=topfd)
OSError: [Errno 16] Device or resource busy: '/tmp/pymp-furv1kv8'
  File "/opt/ohpc/pub/compiler/conda/latest/lib/python3.12/multiprocessing/util.py", line 303, in _run_finalizers
    finalizer()
  File "/opt/ohpc/pub/compiler/conda/latest/lib/python3.12/multiprocessing/util.py", line 227, in __call__
    res = self._callback(*self._args, **self._kwargs)
          ^^^^^^^^^^^^^^^^^^^^^^^^^^^^^^^^^^^^^^^^^^^
  File "/opt/ohpc/pub/compiler/conda/latest/lib/python3.12/multiprocessing/util.py", line 136, in _remove_temp_dir
    rmtree(tempdir, onerror=onerror)
  File "/opt/ohpc/pub/compiler/conda/latest/lib/python3.12/shutil.py", line 759, in rmtree
    _rmtree_safe_fd(stack, onexc)
  File "/opt/ohpc/pub/compiler/conda/latest/lib/python3.12/shutil.py", line 703, in _rmtree_safe_fd
    onexc(func, path, err)
  File "/opt/ohpc/pub/compiler/conda/latest/lib/python3.12/shutil.py", line 750, in onexc
    return onerror(func, path, exc_info)
           ^^^^^^^^^^^^^^^^^^^^^^^^^^^^^
  File "/opt/ohpc/pub/compiler/conda/latest/lib/python3.12/shutil.py", line 700, in _rmtree_safe_fd
    onexc(os.unlink, fullname, err)
  File "/opt/ohpc/pub/compiler/conda/latest/lib/python3.12/shutil.py", line 750, in onexc
    return onerror(func, path, exc_info)
           ^^^^^^^^^^^^^^^^^^^^^^^^^^^^^
  File "/opt/ohpc/pub/compiler/conda/latest/lib/python3.12/shutil.py", line 698, in _rmtree_safe_fd
    os.unlink(entry.name, dir_fd=topfd)
OSError: [Errno 16] Device or resource busy: '/tmp/pymp-ix4pa2hi'
Traceback (most recent call last):
Traceback (most recent call last):
  File "/opt/ohpc/pub/compiler/conda/latest/lib/python3.12/multiprocessing/util.py", line 303, in _run_finalizers
    finalizer()
  File "/opt/ohpc/pub/compiler/conda/latest/lib/python3.12/multiprocessing/util.py", line 227, in __call__
    res = self._callback(*self._args, **self._kwargs)
          ^^^^^^^^^^^^^^^^^^^^^^^^^^^^^^^^^^^^^^^^^^^
  File "/opt/ohpc/pub/compiler/conda/latest/lib/python3.12/multiprocessing/util.py", line 136, in _remove_temp_dir
    rmtree(tempdir, onerror=onerror)
  File "/opt/ohpc/pub/compiler/conda/latest/lib/python3.12/shutil.py", line 759, in rmtree
    _rmtree_safe_fd(stack, onexc)
  File "/opt/ohpc/pub/compiler/conda/latest/lib/python3.12/shutil.py", line 703, in _rmtree_safe_fd
    onexc(func, path, err)
  File "/opt/ohpc/pub/compiler/conda/latest/lib/python3.12/shutil.py", line 750, in onexc
    return onerror(func, path, exc_info)
           ^^^^^^^^^^^^^^^^^^^^^^^^^^^^^
  File "/opt/ohpc/pub/compiler/conda/latest/lib/python3.12/shutil.py", line 700, in _rmtree_safe_fd
    onexc(os.unlink, fullname, err)
  File "/opt/ohpc/pub/compiler/conda/latest/lib/python3.12/shutil.py", line 750, in onexc
    return onerror(func, path, exc_info)
           ^^^^^^^^^^^^^^^^^^^^^^^^^^^^^
  File "/opt/ohpc/pub/compiler/conda/latest/lib/python3.12/shutil.py", line 698, in _rmtree_safe_fd
    os.unlink(entry.name, dir_fd=topfd)
OSError: [Errno 16] Device or resource busy: '/tmp/pymp-svs4aa94'
Traceback (most recent call last):
Traceback (most recent call last):
  File "/opt/ohpc/pub/compiler/conda/latest/lib/python3.12/multiprocessing/util.py", line 303, in _run_finalizers
    finalizer()
  File "/opt/ohpc/pub/compiler/conda/latest/lib/python3.12/multiprocessing/util.py", line 227, in __call__
    res = self._callback(*self._args, **self._kwargs)
          ^^^^^^^^^^^^^^^^^^^^^^^^^^^^^^^^^^^^^^^^^^^
  File "/opt/ohpc/pub/compiler/conda/latest/lib/python3.12/multiprocessing/util.py", line 136, in _remove_temp_dir
    rmtree(tempdir, onerror=onerror)
  File "/opt/ohpc/pub/compiler/conda/latest/lib/python3.12/shutil.py", line 759, in rmtree
    _rmtree_safe_fd(stack, onexc)
  File "/opt/ohpc/pub/compiler/conda/latest/lib/python3.12/shutil.py", line 703, in _rmtree_safe_fd
    onexc(func, path, err)
  File "/opt/ohpc/pub/compiler/conda/latest/lib/python3.12/shutil.py", line 750, in onexc
    return onerror(func, path, exc_info)
           ^^^^^^^^^^^^^^^^^^^^^^^^^^^^^
  File "/opt/ohpc/pub/compiler/conda/latest/lib/python3.12/shutil.py", line 700, in _rmtree_safe_fd
    onexc(os.unlink, fullname, err)
  File "/opt/ohpc/pub/compiler/conda/latest/lib/python3.12/shutil.py", line 750, in onexc
    return onerror(func, path, exc_info)
           ^^^^^^^^^^^^^^^^^^^^^^^^^^^^^
  File "/opt/ohpc/pub/compiler/conda/latest/lib/python3.12/shutil.py", line 698, in _rmtree_safe_fd
    os.unlink(entry.name, dir_fd=topfd)
OSError: [Errno 16] Device or resource busy: '/tmp/pymp-nayzaayg'
  File "/opt/ohpc/pub/compiler/conda/latest/lib/python3.12/multiprocessing/util.py", line 303, in _run_finalizers
    finalizer()
  File "/opt/ohpc/pub/compiler/conda/latest/lib/python3.12/multiprocessing/util.py", line 303, in _run_finalizers
    finalizer()
  File "/opt/ohpc/pub/compiler/conda/latest/lib/python3.12/multiprocessing/util.py", line 227, in __call__
    res = self._callback(*self._args, **self._kwargs)
          ^^^^^^^^^^^^^^^^^^^^^^^^^^^^^^^^^^^^^^^^^^^
  File "/opt/ohpc/pub/compiler/conda/latest/lib/python3.12/multiprocessing/util.py", line 136, in _remove_temp_dir
    rmtree(tempdir, onerror=onerror)
  File "/opt/ohpc/pub/compiler/conda/latest/lib/python3.12/shutil.py", line 759, in rmtree
    _rmtree_safe_fd(stack, onexc)
  File "/opt/ohpc/pub/compiler/conda/latest/lib/python3.12/shutil.py", line 703, in _rmtree_safe_fd
    onexc(func, path, err)
  File "/opt/ohpc/pub/compiler/conda/latest/lib/python3.12/shutil.py", line 750, in onexc
    return onerror(func, path, exc_info)
           ^^^^^^^^^^^^^^^^^^^^^^^^^^^^^
  File "/opt/ohpc/pub/compiler/conda/latest/lib/python3.12/shutil.py", line 700, in _rmtree_safe_fd
    onexc(os.unlink, fullname, err)
  File "/opt/ohpc/pub/compiler/conda/latest/lib/python3.12/multiprocessing/util.py", line 227, in __call__
    res = self._callback(*self._args, **self._kwargs)
          ^^^^^^^^^^^^^^^^^^^^^^^^^^^^^^^^^^^^^^^^^^^
  File "/opt/ohpc/pub/compiler/conda/latest/lib/python3.12/shutil.py", line 750, in onexc
    return onerror(func, path, exc_info)
           ^^^^^^^^^^^^^^^^^^^^^^^^^^^^^
  File "/opt/ohpc/pub/compiler/conda/latest/lib/python3.12/multiprocessing/util.py", line 136, in _remove_temp_dir
    rmtree(tempdir, onerror=onerror)
  File "/opt/ohpc/pub/compiler/conda/latest/lib/python3.12/shutil.py", line 698, in _rmtree_safe_fd
    os.unlink(entry.name, dir_fd=topfd)
  File "/opt/ohpc/pub/compiler/conda/latest/lib/python3.12/shutil.py", line 759, in rmtree
    _rmtree_safe_fd(stack, onexc)
  File "/opt/ohpc/pub/compiler/conda/latest/lib/python3.12/shutil.py", line 703, in _rmtree_safe_fd
    onexc(func, path, err)
  File "/opt/ohpc/pub/compiler/conda/latest/lib/python3.12/shutil.py", line 750, in onexc
    return onerror(func, path, exc_info)
           ^^^^^^^^^^^^^^^^^^^^^^^^^^^^^
  File "/opt/ohpc/pub/compiler/conda/latest/lib/python3.12/shutil.py", line 700, in _rmtree_safe_fd
    onexc(os.unlink, fullname, err)
OSError: [Errno 16] Device or resource busy: '/tmp/pymp-li9ye8u2'
  File "/opt/ohpc/pub/compiler/conda/latest/lib/python3.12/shutil.py", line 750, in onexc
    return onerror(func, path, exc_info)
           ^^^^^^^^^^^^^^^^^^^^^^^^^^^^^
  File "/opt/ohpc/pub/compiler/conda/latest/lib/python3.12/shutil.py", line 698, in _rmtree_safe_fd
    os.unlink(entry.name, dir_fd=topfd)
OSError: [Errno 16] Device or resource busy: '/tmp/pymp-l8v23_d5'
Traceback (most recent call last):
Traceback (most recent call last):
Traceback (most recent call last):
  File "/opt/ohpc/pub/compiler/conda/latest/lib/python3.12/multiprocessing/util.py", line 303, in _run_finalizers
    finalizer()
  File "/opt/ohpc/pub/compiler/conda/latest/lib/python3.12/multiprocessing/util.py", line 227, in __call__
    res = self._callback(*self._args, **self._kwargs)
          ^^^^^^^^^^^^^^^^^^^^^^^^^^^^^^^^^^^^^^^^^^^
  File "/opt/ohpc/pub/compiler/conda/latest/lib/python3.12/multiprocessing/util.py", line 136, in _remove_temp_dir
    rmtree(tempdir, onerror=onerror)
  File "/opt/ohpc/pub/compiler/conda/latest/lib/python3.12/shutil.py", line 759, in rmtree
    _rmtree_safe_fd(stack, onexc)
  File "/opt/ohpc/pub/compiler/conda/latest/lib/python3.12/shutil.py", line 703, in _rmtree_safe_fd
    onexc(func, path, err)
  File "/opt/ohpc/pub/compiler/conda/latest/lib/python3.12/shutil.py", line 750, in onexc
    return onerror(func, path, exc_info)
           ^^^^^^^^^^^^^^^^^^^^^^^^^^^^^
  File "/opt/ohpc/pub/compiler/conda/latest/lib/python3.12/shutil.py", line 700, in _rmtree_safe_fd
    onexc(os.unlink, fullname, err)
  File "/opt/ohpc/pub/compiler/conda/latest/lib/python3.12/shutil.py", line 750, in onexc
    return onerror(func, path, exc_info)
           ^^^^^^^^^^^^^^^^^^^^^^^^^^^^^
  File "/opt/ohpc/pub/compiler/conda/latest/lib/python3.12/shutil.py", line 698, in _rmtree_safe_fd
    os.unlink(entry.name, dir_fd=topfd)
  File "/opt/ohpc/pub/compiler/conda/latest/lib/python3.12/multiprocessing/util.py", line 303, in _run_finalizers
    finalizer()
OSError: [Errno 16] Device or resource busy: '/tmp/pymp-i57naoop'
  File "/opt/ohpc/pub/compiler/conda/latest/lib/python3.12/multiprocessing/util.py", line 227, in __call__
    res = self._callback(*self._args, **self._kwargs)
          ^^^^^^^^^^^^^^^^^^^^^^^^^^^^^^^^^^^^^^^^^^^
  File "/opt/ohpc/pub/compiler/conda/latest/lib/python3.12/multiprocessing/util.py", line 136, in _remove_temp_dir
    rmtree(tempdir, onerror=onerror)
  File "/opt/ohpc/pub/compiler/conda/latest/lib/python3.12/shutil.py", line 759, in rmtree
    _rmtree_safe_fd(stack, onexc)
  File "/opt/ohpc/pub/compiler/conda/latest/lib/python3.12/shutil.py", line 703, in _rmtree_safe_fd
    onexc(func, path, err)
  File "/opt/ohpc/pub/compiler/conda/latest/lib/python3.12/shutil.py", line 750, in onexc
    return onerror(func, path, exc_info)
           ^^^^^^^^^^^^^^^^^^^^^^^^^^^^^
  File "/opt/ohpc/pub/compiler/conda/latest/lib/python3.12/shutil.py", line 700, in _rmtree_safe_fd
    onexc(os.unlink, fullname, err)
  File "/opt/ohpc/pub/compiler/conda/latest/lib/python3.12/shutil.py", line 750, in onexc
    return onerror(func, path, exc_info)
           ^^^^^^^^^^^^^^^^^^^^^^^^^^^^^
  File "/opt/ohpc/pub/compiler/conda/latest/lib/python3.12/shutil.py", line 698, in _rmtree_safe_fd
    os.unlink(entry.name, dir_fd=topfd)
OSError: [Errno 16] Device or resource busy: '/tmp/pymp-wcmyr93z'
Traceback (most recent call last):
  File "/opt/ohpc/pub/compiler/conda/latest/lib/python3.12/multiprocessing/util.py", line 303, in _run_finalizers
    finalizer()
  File "/opt/ohpc/pub/compiler/conda/latest/lib/python3.12/multiprocessing/util.py", line 227, in __call__
    res = self._callback(*self._args, **self._kwargs)
          ^^^^^^^^^^^^^^^^^^^^^^^^^^^^^^^^^^^^^^^^^^^
  File "/opt/ohpc/pub/compiler/conda/latest/lib/python3.12/multiprocessing/util.py", line 136, in _remove_temp_dir
    rmtree(tempdir, onerror=onerror)
  File "/opt/ohpc/pub/compiler/conda/latest/lib/python3.12/shutil.py", line 759, in rmtree
    _rmtree_safe_fd(stack, onexc)
  File "/opt/ohpc/pub/compiler/conda/latest/lib/python3.12/shutil.py", line 703, in _rmtree_safe_fd
    onexc(func, path, err)
  File "/opt/ohpc/pub/compiler/conda/latest/lib/python3.12/shutil.py", line 750, in onexc
    return onerror(func, path, exc_info)
           ^^^^^^^^^^^^^^^^^^^^^^^^^^^^^
  File "/opt/ohpc/pub/compiler/conda/latest/lib/python3.12/shutil.py", line 700, in _rmtree_safe_fd
    onexc(os.unlink, fullname, err)
  File "/opt/ohpc/pub/compiler/conda/latest/lib/python3.12/shutil.py", line 750, in onexc
    return onerror(func, path, exc_info)
           ^^^^^^^^^^^^^^^^^^^^^^^^^^^^^
  File "/opt/ohpc/pub/compiler/conda/latest/lib/python3.12/shutil.py", line 698, in _rmtree_safe_fd
    os.unlink(entry.name, dir_fd=topfd)
OSError: [Errno 16] Device or resource busy: '/tmp/pymp-y5e3a7zx'
  File "/opt/ohpc/pub/compiler/conda/latest/lib/python3.12/multiprocessing/util.py", line 303, in _run_finalizers
    finalizer()
  File "/opt/ohpc/pub/compiler/conda/latest/lib/python3.12/multiprocessing/util.py", line 227, in __call__
    res = self._callback(*self._args, **self._kwargs)
          ^^^^^^^^^^^^^^^^^^^^^^^^^^^^^^^^^^^^^^^^^^^
  File "/opt/ohpc/pub/compiler/conda/latest/lib/python3.12/multiprocessing/util.py", line 136, in _remove_temp_dir
    rmtree(tempdir, onerror=onerror)
  File "/opt/ohpc/pub/compiler/conda/latest/lib/python3.12/shutil.py", line 759, in rmtree
    _rmtree_safe_fd(stack, onexc)
  File "/opt/ohpc/pub/compiler/conda/latest/lib/python3.12/shutil.py", line 703, in _rmtree_safe_fd
    onexc(func, path, err)
  File "/opt/ohpc/pub/compiler/conda/latest/lib/python3.12/shutil.py", line 750, in onexc
    return onerror(func, path, exc_info)
           ^^^^^^^^^^^^^^^^^^^^^^^^^^^^^
  File "/opt/ohpc/pub/compiler/conda/latest/lib/python3.12/shutil.py", line 700, in _rmtree_safe_fd
    onexc(os.unlink, fullname, err)
  File "/opt/ohpc/pub/compiler/conda/latest/lib/python3.12/shutil.py", line 750, in onexc
    return onerror(func, path, exc_info)
           ^^^^^^^^^^^^^^^^^^^^^^^^^^^^^
  File "/opt/ohpc/pub/compiler/conda/latest/lib/python3.12/shutil.py", line 698, in _rmtree_safe_fd
    os.unlink(entry.name, dir_fd=topfd)
OSError: [Errno 16] Device or resource busy: '/tmp/pymp-vo5hcx48'
[val 005] loss=-0.2019 z_std=0.0472 rankme=58.658 lidar=32.763 areq=1.541 pr=1.94 align=0.3912 unif=-1.385 converged=False collapsed=False
  e006 it0000/62 lr=0.0019 loss=-0.1597 z_std=0.0638
  e006 it0010/62 lr=0.0019 loss=-0.2167 z_std=0.0639
  e006 it0020/62 lr=0.0020 loss=-0.2253 z_std=0.0638
  e006 it0030/62 lr=0.0020 loss=-0.2354 z_std=0.0637
  e006 it0040/62 lr=0.0021 loss=-0.2391 z_std=0.0637
  e006 it0050/62 lr=0.0021 loss=-0.2515 z_std=0.0637
  e006 it0060/62 lr=0.0022 loss=-0.2642 z_std=0.0637
[epoch 006] loss=-0.2649 z_std=0.0637 (healthy~0.0625) time=186.4s
Traceback (most recent call last):
Traceback (most recent call last):
Traceback (most recent call last):
Traceback (most recent call last):
Traceback (most recent call last):
Traceback (most recent call last):
Traceback (most recent call last):
Traceback (most recent call last):
Traceback (most recent call last):
Traceback (most recent call last):
  File "/opt/ohpc/pub/compiler/conda/latest/lib/python3.12/multiprocessing/util.py", line 303, in _run_finalizers
    finalizer()
  File "/opt/ohpc/pub/compiler/conda/latest/lib/python3.12/multiprocessing/util.py", line 303, in _run_finalizers
    finalizer()
  File "/opt/ohpc/pub/compiler/conda/latest/lib/python3.12/multiprocessing/util.py", line 303, in _run_finalizers
    finalizer()
  File "/opt/ohpc/pub/compiler/conda/latest/lib/python3.12/multiprocessing/util.py", line 227, in __call__
    res = self._callback(*self._args, **self._kwargs)
          ^^^^^^^^^^^^^^^^^^^^^^^^^^^^^^^^^^^^^^^^^^^
  File "/opt/ohpc/pub/compiler/conda/latest/lib/python3.12/multiprocessing/util.py", line 303, in _run_finalizers
    finalizer()
  File "/opt/ohpc/pub/compiler/conda/latest/lib/python3.12/multiprocessing/util.py", line 136, in _remove_temp_dir
    rmtree(tempdir, onerror=onerror)
  File "/opt/ohpc/pub/compiler/conda/latest/lib/python3.12/multiprocessing/util.py", line 227, in __call__
    res = self._callback(*self._args, **self._kwargs)
          ^^^^^^^^^^^^^^^^^^^^^^^^^^^^^^^^^^^^^^^^^^^
  File "/opt/ohpc/pub/compiler/conda/latest/lib/python3.12/multiprocessing/util.py", line 227, in __call__
    res = self._callback(*self._args, **self._kwargs)
          ^^^^^^^^^^^^^^^^^^^^^^^^^^^^^^^^^^^^^^^^^^^
  File "/opt/ohpc/pub/compiler/conda/latest/lib/python3.12/shutil.py", line 759, in rmtree
    _rmtree_safe_fd(stack, onexc)
  File "/opt/ohpc/pub/compiler/conda/latest/lib/python3.12/multiprocessing/util.py", line 136, in _remove_temp_dir
    rmtree(tempdir, onerror=onerror)
  File "/opt/ohpc/pub/compiler/conda/latest/lib/python3.12/multiprocessing/util.py", line 136, in _remove_temp_dir
    rmtree(tempdir, onerror=onerror)
  File "/opt/ohpc/pub/compiler/conda/latest/lib/python3.12/multiprocessing/util.py", line 227, in __call__
    res = self._callback(*self._args, **self._kwargs)
          ^^^^^^^^^^^^^^^^^^^^^^^^^^^^^^^^^^^^^^^^^^^
  File "/opt/ohpc/pub/compiler/conda/latest/lib/python3.12/shutil.py", line 703, in _rmtree_safe_fd
    onexc(func, path, err)
  File "/opt/ohpc/pub/compiler/conda/latest/lib/python3.12/shutil.py", line 759, in rmtree
    _rmtree_safe_fd(stack, onexc)
  File "/opt/ohpc/pub/compiler/conda/latest/lib/python3.12/shutil.py", line 759, in rmtree
    _rmtree_safe_fd(stack, onexc)
  File "/opt/ohpc/pub/compiler/conda/latest/lib/python3.12/shutil.py", line 703, in _rmtree_safe_fd
    onexc(func, path, err)
  File "/opt/ohpc/pub/compiler/conda/latest/lib/python3.12/multiprocessing/util.py", line 303, in _run_finalizers
    finalizer()
  File "/opt/ohpc/pub/compiler/conda/latest/lib/python3.12/multiprocessing/util.py", line 136, in _remove_temp_dir
    rmtree(tempdir, onerror=onerror)
  File "/opt/ohpc/pub/compiler/conda/latest/lib/python3.12/shutil.py", line 750, in onexc
    return onerror(func, path, exc_info)
           ^^^^^^^^^^^^^^^^^^^^^^^^^^^^^
  File "/opt/ohpc/pub/compiler/conda/latest/lib/python3.12/shutil.py", line 750, in onexc
    return onerror(func, path, exc_info)
           ^^^^^^^^^^^^^^^^^^^^^^^^^^^^^
  File "/opt/ohpc/pub/compiler/conda/latest/lib/python3.12/shutil.py", line 703, in _rmtree_safe_fd
    onexc(func, path, err)
  File "/opt/ohpc/pub/compiler/conda/latest/lib/python3.12/shutil.py", line 759, in rmtree
    _rmtree_safe_fd(stack, onexc)
  File "/opt/ohpc/pub/compiler/conda/latest/lib/python3.12/shutil.py", line 700, in _rmtree_safe_fd
    onexc(os.unlink, fullname, err)
  File "/opt/ohpc/pub/compiler/conda/latest/lib/python3.12/shutil.py", line 750, in onexc
    return onerror(func, path, exc_info)
           ^^^^^^^^^^^^^^^^^^^^^^^^^^^^^
  File "/opt/ohpc/pub/compiler/conda/latest/lib/python3.12/shutil.py", line 700, in _rmtree_safe_fd
    onexc(os.unlink, fullname, err)
  File "/opt/ohpc/pub/compiler/conda/latest/lib/python3.12/multiprocessing/util.py", line 227, in __call__
    res = self._callback(*self._args, **self._kwargs)
          ^^^^^^^^^^^^^^^^^^^^^^^^^^^^^^^^^^^^^^^^^^^
  File "/opt/ohpc/pub/compiler/conda/latest/lib/python3.12/shutil.py", line 703, in _rmtree_safe_fd
    onexc(func, path, err)
  File "/opt/ohpc/pub/compiler/conda/latest/lib/python3.12/shutil.py", line 750, in onexc
    return onerror(func, path, exc_info)
           ^^^^^^^^^^^^^^^^^^^^^^^^^^^^^
  File "/opt/ohpc/pub/compiler/conda/latest/lib/python3.12/shutil.py", line 700, in _rmtree_safe_fd
    onexc(os.unlink, fullname, err)
  File "/opt/ohpc/pub/compiler/conda/latest/lib/python3.12/shutil.py", line 750, in onexc
    return onerror(func, path, exc_info)
           ^^^^^^^^^^^^^^^^^^^^^^^^^^^^^
  File "/opt/ohpc/pub/compiler/conda/latest/lib/python3.12/shutil.py", line 750, in onexc
    return onerror(func, path, exc_info)
           ^^^^^^^^^^^^^^^^^^^^^^^^^^^^^
  File "/opt/ohpc/pub/compiler/conda/latest/lib/python3.12/multiprocessing/util.py", line 136, in _remove_temp_dir
    rmtree(tempdir, onerror=onerror)
  File "/opt/ohpc/pub/compiler/conda/latest/lib/python3.12/shutil.py", line 698, in _rmtree_safe_fd
    os.unlink(entry.name, dir_fd=topfd)
  File "/opt/ohpc/pub/compiler/conda/latest/lib/python3.12/shutil.py", line 698, in _rmtree_safe_fd
    os.unlink(entry.name, dir_fd=topfd)
  File "/opt/ohpc/pub/compiler/conda/latest/lib/python3.12/shutil.py", line 750, in onexc
    return onerror(func, path, exc_info)
           ^^^^^^^^^^^^^^^^^^^^^^^^^^^^^
  File "/opt/ohpc/pub/compiler/conda/latest/lib/python3.12/shutil.py", line 700, in _rmtree_safe_fd
    onexc(os.unlink, fullname, err)
  File "/opt/ohpc/pub/compiler/conda/latest/lib/python3.12/shutil.py", line 759, in rmtree
    _rmtree_safe_fd(stack, onexc)
  File "/opt/ohpc/pub/compiler/conda/latest/lib/python3.12/shutil.py", line 698, in _rmtree_safe_fd
    os.unlink(entry.name, dir_fd=topfd)
  File "/opt/ohpc/pub/compiler/conda/latest/lib/python3.12/shutil.py", line 703, in _rmtree_safe_fd
    onexc(func, path, err)
  File "/opt/ohpc/pub/compiler/conda/latest/lib/python3.12/shutil.py", line 750, in onexc
    return onerror(func, path, exc_info)
           ^^^^^^^^^^^^^^^^^^^^^^^^^^^^^
  File "/opt/ohpc/pub/compiler/conda/latest/lib/python3.12/shutil.py", line 698, in _rmtree_safe_fd
    os.unlink(entry.name, dir_fd=topfd)
  File "/opt/ohpc/pub/compiler/conda/latest/lib/python3.12/shutil.py", line 750, in onexc
    return onerror(func, path, exc_info)
           ^^^^^^^^^^^^^^^^^^^^^^^^^^^^^
  File "/opt/ohpc/pub/compiler/conda/latest/lib/python3.12/shutil.py", line 700, in _rmtree_safe_fd
    onexc(os.unlink, fullname, err)
OSError: [Errno 16] Device or resource busy: '/tmp/pymp-68p031ee'
  File "/opt/ohpc/pub/compiler/conda/latest/lib/python3.12/shutil.py", line 750, in onexc
    return onerror(func, path, exc_info)
           ^^^^^^^^^^^^^^^^^^^^^^^^^^^^^
OSError: [Errno 16] Device or resource busy: '/tmp/pymp-h_30h7yf'
OSError: [Errno 16] Device or resource busy: '/tmp/pymp-hyzjgix_'
  File "/opt/ohpc/pub/compiler/conda/latest/lib/python3.12/shutil.py", line 698, in _rmtree_safe_fd
    os.unlink(entry.name, dir_fd=topfd)
OSError: [Errno 16] Device or resource busy: '/tmp/pymp-fpeuiq3e'
  File "/opt/ohpc/pub/compiler/conda/latest/lib/python3.12/multiprocessing/util.py", line 303, in _run_finalizers
    finalizer()
  File "/opt/ohpc/pub/compiler/conda/latest/lib/python3.12/multiprocessing/util.py", line 227, in __call__
    res = self._callback(*self._args, **self._kwargs)
          ^^^^^^^^^^^^^^^^^^^^^^^^^^^^^^^^^^^^^^^^^^^
OSError: [Errno 16] Device or resource busy: '/tmp/pymp-l9jjleiv'
  File "/opt/ohpc/pub/compiler/conda/latest/lib/python3.12/multiprocessing/util.py", line 136, in _remove_temp_dir
    rmtree(tempdir, onerror=onerror)
  File "/opt/ohpc/pub/compiler/conda/latest/lib/python3.12/shutil.py", line 759, in rmtree
    _rmtree_safe_fd(stack, onexc)
  File "/opt/ohpc/pub/compiler/conda/latest/lib/python3.12/shutil.py", line 703, in _rmtree_safe_fd
    onexc(func, path, err)
  File "/opt/ohpc/pub/compiler/conda/latest/lib/python3.12/shutil.py", line 750, in onexc
    return onerror(func, path, exc_info)
           ^^^^^^^^^^^^^^^^^^^^^^^^^^^^^
  File "/opt/ohpc/pub/compiler/conda/latest/lib/python3.12/shutil.py", line 700, in _rmtree_safe_fd
    onexc(os.unlink, fullname, err)
  File "/opt/ohpc/pub/compiler/conda/latest/lib/python3.12/shutil.py", line 750, in onexc
    return onerror(func, path, exc_info)
           ^^^^^^^^^^^^^^^^^^^^^^^^^^^^^
  File "/opt/ohpc/pub/compiler/conda/latest/lib/python3.12/multiprocessing/util.py", line 303, in _run_finalizers
    finalizer()
  File "/opt/ohpc/pub/compiler/conda/latest/lib/python3.12/shutil.py", line 698, in _rmtree_safe_fd
    os.unlink(entry.name, dir_fd=topfd)
  File "/opt/ohpc/pub/compiler/conda/latest/lib/python3.12/multiprocessing/util.py", line 227, in __call__
    res = self._callback(*self._args, **self._kwargs)
          ^^^^^^^^^^^^^^^^^^^^^^^^^^^^^^^^^^^^^^^^^^^
  File "/opt/ohpc/pub/compiler/conda/latest/lib/python3.12/multiprocessing/util.py", line 136, in _remove_temp_dir
    rmtree(tempdir, onerror=onerror)
  File "/opt/ohpc/pub/compiler/conda/latest/lib/python3.12/shutil.py", line 759, in rmtree
    _rmtree_safe_fd(stack, onexc)
OSError: [Errno 16] Device or resource busy: '/tmp/pymp-fnp2cx6b'
  File "/opt/ohpc/pub/compiler/conda/latest/lib/python3.12/multiprocessing/util.py", line 303, in _run_finalizers
    finalizer()
  File "/opt/ohpc/pub/compiler/conda/latest/lib/python3.12/shutil.py", line 703, in _rmtree_safe_fd
    onexc(func, path, err)
  File "/opt/ohpc/pub/compiler/conda/latest/lib/python3.12/shutil.py", line 750, in onexc
    return onerror(func, path, exc_info)
           ^^^^^^^^^^^^^^^^^^^^^^^^^^^^^
  File "/opt/ohpc/pub/compiler/conda/latest/lib/python3.12/shutil.py", line 700, in _rmtree_safe_fd
    onexc(os.unlink, fullname, err)
  File "/opt/ohpc/pub/compiler/conda/latest/lib/python3.12/multiprocessing/util.py", line 227, in __call__
    res = self._callback(*self._args, **self._kwargs)
          ^^^^^^^^^^^^^^^^^^^^^^^^^^^^^^^^^^^^^^^^^^^
  File "/opt/ohpc/pub/compiler/conda/latest/lib/python3.12/shutil.py", line 750, in onexc
    return onerror(func, path, exc_info)
           ^^^^^^^^^^^^^^^^^^^^^^^^^^^^^
  File "/opt/ohpc/pub/compiler/conda/latest/lib/python3.12/shutil.py", line 698, in _rmtree_safe_fd
    os.unlink(entry.name, dir_fd=topfd)
  File "/opt/ohpc/pub/compiler/conda/latest/lib/python3.12/multiprocessing/util.py", line 136, in _remove_temp_dir
    rmtree(tempdir, onerror=onerror)
  File "/opt/ohpc/pub/compiler/conda/latest/lib/python3.12/shutil.py", line 759, in rmtree
    _rmtree_safe_fd(stack, onexc)
  File "/opt/ohpc/pub/compiler/conda/latest/lib/python3.12/shutil.py", line 703, in _rmtree_safe_fd
    onexc(func, path, err)
  File "/opt/ohpc/pub/compiler/conda/latest/lib/python3.12/shutil.py", line 750, in onexc
    return onerror(func, path, exc_info)
           ^^^^^^^^^^^^^^^^^^^^^^^^^^^^^
  File "/opt/ohpc/pub/compiler/conda/latest/lib/python3.12/shutil.py", line 700, in _rmtree_safe_fd
    onexc(os.unlink, fullname, err)
  File "/opt/ohpc/pub/compiler/conda/latest/lib/python3.12/shutil.py", line 750, in onexc
    return onerror(func, path, exc_info)
           ^^^^^^^^^^^^^^^^^^^^^^^^^^^^^
OSError: [Errno 16] Device or resource busy: '/tmp/pymp-flcq9dqm'
  File "/opt/ohpc/pub/compiler/conda/latest/lib/python3.12/shutil.py", line 698, in _rmtree_safe_fd
    os.unlink(entry.name, dir_fd=topfd)
OSError: [Errno 16] Device or resource busy: '/tmp/pymp-z0c3cp9q'
  File "/opt/ohpc/pub/compiler/conda/latest/lib/python3.12/multiprocessing/util.py", line 303, in _run_finalizers
    finalizer()
  File "/opt/ohpc/pub/compiler/conda/latest/lib/python3.12/multiprocessing/util.py", line 227, in __call__
    res = self._callback(*self._args, **self._kwargs)
          ^^^^^^^^^^^^^^^^^^^^^^^^^^^^^^^^^^^^^^^^^^^
  File "/opt/ohpc/pub/compiler/conda/latest/lib/python3.12/multiprocessing/util.py", line 136, in _remove_temp_dir
    rmtree(tempdir, onerror=onerror)
  File "/opt/ohpc/pub/compiler/conda/latest/lib/python3.12/shutil.py", line 759, in rmtree
    _rmtree_safe_fd(stack, onexc)
  File "/opt/ohpc/pub/compiler/conda/latest/lib/python3.12/shutil.py", line 703, in _rmtree_safe_fd
    onexc(func, path, err)
  File "/opt/ohpc/pub/compiler/conda/latest/lib/python3.12/shutil.py", line 750, in onexc
    return onerror(func, path, exc_info)
           ^^^^^^^^^^^^^^^^^^^^^^^^^^^^^
  File "/opt/ohpc/pub/compiler/conda/latest/lib/python3.12/shutil.py", line 700, in _rmtree_safe_fd
    onexc(os.unlink, fullname, err)
  File "/opt/ohpc/pub/compiler/conda/latest/lib/python3.12/multiprocessing/util.py", line 303, in _run_finalizers
    finalizer()
  File "/opt/ohpc/pub/compiler/conda/latest/lib/python3.12/shutil.py", line 750, in onexc
    return onerror(func, path, exc_info)
           ^^^^^^^^^^^^^^^^^^^^^^^^^^^^^
  File "/opt/ohpc/pub/compiler/conda/latest/lib/python3.12/shutil.py", line 698, in _rmtree_safe_fd
    os.unlink(entry.name, dir_fd=topfd)
  File "/opt/ohpc/pub/compiler/conda/latest/lib/python3.12/multiprocessing/util.py", line 227, in __call__
    res = self._callback(*self._args, **self._kwargs)
          ^^^^^^^^^^^^^^^^^^^^^^^^^^^^^^^^^^^^^^^^^^^
  File "/opt/ohpc/pub/compiler/conda/latest/lib/python3.12/multiprocessing/util.py", line 136, in _remove_temp_dir
    rmtree(tempdir, onerror=onerror)
  File "/opt/ohpc/pub/compiler/conda/latest/lib/python3.12/shutil.py", line 759, in rmtree
    _rmtree_safe_fd(stack, onexc)
  File "/opt/ohpc/pub/compiler/conda/latest/lib/python3.12/shutil.py", line 703, in _rmtree_safe_fd
    onexc(func, path, err)
  File "/opt/ohpc/pub/compiler/conda/latest/lib/python3.12/shutil.py", line 750, in onexc
    return onerror(func, path, exc_info)
           ^^^^^^^^^^^^^^^^^^^^^^^^^^^^^
OSError: [Errno 16] Device or resource busy: '/tmp/pymp-uc5lqc6q'
  File "/opt/ohpc/pub/compiler/conda/latest/lib/python3.12/shutil.py", line 700, in _rmtree_safe_fd
    onexc(os.unlink, fullname, err)
  File "/opt/ohpc/pub/compiler/conda/latest/lib/python3.12/shutil.py", line 750, in onexc
    return onerror(func, path, exc_info)
           ^^^^^^^^^^^^^^^^^^^^^^^^^^^^^
  File "/opt/ohpc/pub/compiler/conda/latest/lib/python3.12/shutil.py", line 698, in _rmtree_safe_fd
    os.unlink(entry.name, dir_fd=topfd)
OSError: [Errno 16] Device or resource busy: '/tmp/pymp-3uvh5uv_'
Traceback (most recent call last):
Traceback (most recent call last):
Traceback (most recent call last):
Traceback (most recent call last):
Traceback (most recent call last):
Traceback (most recent call last):
  File "/opt/ohpc/pub/compiler/conda/latest/lib/python3.12/multiprocessing/util.py", line 303, in _run_finalizers
    finalizer()
  File "/opt/ohpc/pub/compiler/conda/latest/lib/python3.12/multiprocessing/util.py", line 227, in __call__
    res = self._callback(*self._args, **self._kwargs)
          ^^^^^^^^^^^^^^^^^^^^^^^^^^^^^^^^^^^^^^^^^^^
  File "/opt/ohpc/pub/compiler/conda/latest/lib/python3.12/multiprocessing/util.py", line 136, in _remove_temp_dir
    rmtree(tempdir, onerror=onerror)
  File "/opt/ohpc/pub/compiler/conda/latest/lib/python3.12/shutil.py", line 759, in rmtree
    _rmtree_safe_fd(stack, onexc)
  File "/opt/ohpc/pub/compiler/conda/latest/lib/python3.12/shutil.py", line 703, in _rmtree_safe_fd
    onexc(func, path, err)
  File "/opt/ohpc/pub/compiler/conda/latest/lib/python3.12/shutil.py", line 750, in onexc
    return onerror(func, path, exc_info)
           ^^^^^^^^^^^^^^^^^^^^^^^^^^^^^
  File "/opt/ohpc/pub/compiler/conda/latest/lib/python3.12/multiprocessing/util.py", line 303, in _run_finalizers
    finalizer()
  File "/opt/ohpc/pub/compiler/conda/latest/lib/python3.12/shutil.py", line 700, in _rmtree_safe_fd
    onexc(os.unlink, fullname, err)
  File "/opt/ohpc/pub/compiler/conda/latest/lib/python3.12/shutil.py", line 750, in onexc
    return onerror(func, path, exc_info)
           ^^^^^^^^^^^^^^^^^^^^^^^^^^^^^
  File "/opt/ohpc/pub/compiler/conda/latest/lib/python3.12/shutil.py", line 698, in _rmtree_safe_fd
    os.unlink(entry.name, dir_fd=topfd)
  File "/opt/ohpc/pub/compiler/conda/latest/lib/python3.12/multiprocessing/util.py", line 227, in __call__
    res = self._callback(*self._args, **self._kwargs)
          ^^^^^^^^^^^^^^^^^^^^^^^^^^^^^^^^^^^^^^^^^^^
  File "/opt/ohpc/pub/compiler/conda/latest/lib/python3.12/multiprocessing/util.py", line 136, in _remove_temp_dir
    rmtree(tempdir, onerror=onerror)
  File "/opt/ohpc/pub/compiler/conda/latest/lib/python3.12/shutil.py", line 759, in rmtree
    _rmtree_safe_fd(stack, onexc)
  File "/opt/ohpc/pub/compiler/conda/latest/lib/python3.12/shutil.py", line 703, in _rmtree_safe_fd
    onexc(func, path, err)
  File "/opt/ohpc/pub/compiler/conda/latest/lib/python3.12/shutil.py", line 750, in onexc
    return onerror(func, path, exc_info)
           ^^^^^^^^^^^^^^^^^^^^^^^^^^^^^
OSError: [Errno 16] Device or resource busy: '/tmp/pymp-z303yi2d'
  File "/opt/ohpc/pub/compiler/conda/latest/lib/python3.12/shutil.py", line 700, in _rmtree_safe_fd
    onexc(os.unlink, fullname, err)
  File "/opt/ohpc/pub/compiler/conda/latest/lib/python3.12/shutil.py", line 750, in onexc
    return onerror(func, path, exc_info)
           ^^^^^^^^^^^^^^^^^^^^^^^^^^^^^
  File "/opt/ohpc/pub/compiler/conda/latest/lib/python3.12/shutil.py", line 698, in _rmtree_safe_fd
    os.unlink(entry.name, dir_fd=topfd)
OSError: [Errno 16] Device or resource busy: '/tmp/pymp-5148pbz2'
  File "/opt/ohpc/pub/compiler/conda/latest/lib/python3.12/multiprocessing/util.py", line 303, in _run_finalizers
    finalizer()
Traceback (most recent call last):
  File "/opt/ohpc/pub/compiler/conda/latest/lib/python3.12/multiprocessing/util.py", line 227, in __call__
    res = self._callback(*self._args, **self._kwargs)
          ^^^^^^^^^^^^^^^^^^^^^^^^^^^^^^^^^^^^^^^^^^^
  File "/opt/ohpc/pub/compiler/conda/latest/lib/python3.12/multiprocessing/util.py", line 136, in _remove_temp_dir
    rmtree(tempdir, onerror=onerror)
  File "/opt/ohpc/pub/compiler/conda/latest/lib/python3.12/shutil.py", line 759, in rmtree
    _rmtree_safe_fd(stack, onexc)
  File "/opt/ohpc/pub/compiler/conda/latest/lib/python3.12/shutil.py", line 703, in _rmtree_safe_fd
    onexc(func, path, err)
  File "/opt/ohpc/pub/compiler/conda/latest/lib/python3.12/shutil.py", line 750, in onexc
    return onerror(func, path, exc_info)
           ^^^^^^^^^^^^^^^^^^^^^^^^^^^^^
  File "/opt/ohpc/pub/compiler/conda/latest/lib/python3.12/shutil.py", line 700, in _rmtree_safe_fd
    onexc(os.unlink, fullname, err)
  File "/opt/ohpc/pub/compiler/conda/latest/lib/python3.12/shutil.py", line 750, in onexc
    return onerror(func, path, exc_info)
           ^^^^^^^^^^^^^^^^^^^^^^^^^^^^^
  File "/opt/ohpc/pub/compiler/conda/latest/lib/python3.12/shutil.py", line 698, in _rmtree_safe_fd
    os.unlink(entry.name, dir_fd=topfd)
  File "/opt/ohpc/pub/compiler/conda/latest/lib/python3.12/multiprocessing/util.py", line 303, in _run_finalizers
    finalizer()
OSError: [Errno 16] Device or resource busy: '/tmp/pymp-anj6pomg'
  File "/opt/ohpc/pub/compiler/conda/latest/lib/python3.12/multiprocessing/util.py", line 227, in __call__
    res = self._callback(*self._args, **self._kwargs)
          ^^^^^^^^^^^^^^^^^^^^^^^^^^^^^^^^^^^^^^^^^^^
  File "/opt/ohpc/pub/compiler/conda/latest/lib/python3.12/multiprocessing/util.py", line 136, in _remove_temp_dir
    rmtree(tempdir, onerror=onerror)
  File "/opt/ohpc/pub/compiler/conda/latest/lib/python3.12/shutil.py", line 759, in rmtree
    _rmtree_safe_fd(stack, onexc)
  File "/opt/ohpc/pub/compiler/conda/latest/lib/python3.12/shutil.py", line 703, in _rmtree_safe_fd
    onexc(func, path, err)
  File "/opt/ohpc/pub/compiler/conda/latest/lib/python3.12/shutil.py", line 750, in onexc
    return onerror(func, path, exc_info)
           ^^^^^^^^^^^^^^^^^^^^^^^^^^^^^
  File "/opt/ohpc/pub/compiler/conda/latest/lib/python3.12/shutil.py", line 700, in _rmtree_safe_fd
    onexc(os.unlink, fullname, err)
  File "/opt/ohpc/pub/compiler/conda/latest/lib/python3.12/shutil.py", line 750, in onexc
    return onerror(func, path, exc_info)
           ^^^^^^^^^^^^^^^^^^^^^^^^^^^^^
  File "/opt/ohpc/pub/compiler/conda/latest/lib/python3.12/shutil.py", line 698, in _rmtree_safe_fd
    os.unlink(entry.name, dir_fd=topfd)
OSError: [Errno 16] Device or resource busy: '/tmp/pymp-hq_91fvp'
  File "/opt/ohpc/pub/compiler/conda/latest/lib/python3.12/multiprocessing/util.py", line 303, in _run_finalizers
    finalizer()
  File "/opt/ohpc/pub/compiler/conda/latest/lib/python3.12/multiprocessing/util.py", line 227, in __call__
    res = self._callback(*self._args, **self._kwargs)
          ^^^^^^^^^^^^^^^^^^^^^^^^^^^^^^^^^^^^^^^^^^^
  File "/opt/ohpc/pub/compiler/conda/latest/lib/python3.12/multiprocessing/util.py", line 303, in _run_finalizers
    finalizer()
  File "/opt/ohpc/pub/compiler/conda/latest/lib/python3.12/multiprocessing/util.py", line 136, in _remove_temp_dir
    rmtree(tempdir, onerror=onerror)
  File "/opt/ohpc/pub/compiler/conda/latest/lib/python3.12/shutil.py", line 759, in rmtree
    _rmtree_safe_fd(stack, onexc)
  File "/opt/ohpc/pub/compiler/conda/latest/lib/python3.12/shutil.py", line 703, in _rmtree_safe_fd
    onexc(func, path, err)
  File "/opt/ohpc/pub/compiler/conda/latest/lib/python3.12/multiprocessing/util.py", line 227, in __call__
    res = self._callback(*self._args, **self._kwargs)
          ^^^^^^^^^^^^^^^^^^^^^^^^^^^^^^^^^^^^^^^^^^^
  File "/opt/ohpc/pub/compiler/conda/latest/lib/python3.12/shutil.py", line 750, in onexc
    return onerror(func, path, exc_info)
           ^^^^^^^^^^^^^^^^^^^^^^^^^^^^^
  File "/opt/ohpc/pub/compiler/conda/latest/lib/python3.12/multiprocessing/util.py", line 136, in _remove_temp_dir
    rmtree(tempdir, onerror=onerror)
  File "/opt/ohpc/pub/compiler/conda/latest/lib/python3.12/shutil.py", line 700, in _rmtree_safe_fd
    onexc(os.unlink, fullname, err)
  File "/opt/ohpc/pub/compiler/conda/latest/lib/python3.12/shutil.py", line 759, in rmtree
    _rmtree_safe_fd(stack, onexc)
  File "/opt/ohpc/pub/compiler/conda/latest/lib/python3.12/shutil.py", line 750, in onexc
    return onerror(func, path, exc_info)
           ^^^^^^^^^^^^^^^^^^^^^^^^^^^^^
  File "/opt/ohpc/pub/compiler/conda/latest/lib/python3.12/shutil.py", line 703, in _rmtree_safe_fd
    onexc(func, path, err)
  File "/opt/ohpc/pub/compiler/conda/latest/lib/python3.12/shutil.py", line 698, in _rmtree_safe_fd
    os.unlink(entry.name, dir_fd=topfd)
  File "/opt/ohpc/pub/compiler/conda/latest/lib/python3.12/shutil.py", line 750, in onexc
    return onerror(func, path, exc_info)
           ^^^^^^^^^^^^^^^^^^^^^^^^^^^^^
  File "/opt/ohpc/pub/compiler/conda/latest/lib/python3.12/shutil.py", line 700, in _rmtree_safe_fd
    onexc(os.unlink, fullname, err)
  File "/opt/ohpc/pub/compiler/conda/latest/lib/python3.12/shutil.py", line 750, in onexc
    return onerror(func, path, exc_info)
           ^^^^^^^^^^^^^^^^^^^^^^^^^^^^^
  File "/opt/ohpc/pub/compiler/conda/latest/lib/python3.12/shutil.py", line 698, in _rmtree_safe_fd
    os.unlink(entry.name, dir_fd=topfd)
OSError: [Errno 16] Device or resource busy: '/tmp/pymp-w0_08614'
OSError: [Errno 16] Device or resource busy: '/tmp/pymp-tw_gwhzr'
  File "/opt/ohpc/pub/compiler/conda/latest/lib/python3.12/multiprocessing/util.py", line 303, in _run_finalizers
    finalizer()
  File "/opt/ohpc/pub/compiler/conda/latest/lib/python3.12/multiprocessing/util.py", line 227, in __call__
    res = self._callback(*self._args, **self._kwargs)
          ^^^^^^^^^^^^^^^^^^^^^^^^^^^^^^^^^^^^^^^^^^^
  File "/opt/ohpc/pub/compiler/conda/latest/lib/python3.12/multiprocessing/util.py", line 136, in _remove_temp_dir
    rmtree(tempdir, onerror=onerror)
Traceback (most recent call last):
  File "/opt/ohpc/pub/compiler/conda/latest/lib/python3.12/shutil.py", line 759, in rmtree
    _rmtree_safe_fd(stack, onexc)
  File "/opt/ohpc/pub/compiler/conda/latest/lib/python3.12/shutil.py", line 703, in _rmtree_safe_fd
    onexc(func, path, err)
  File "/opt/ohpc/pub/compiler/conda/latest/lib/python3.12/shutil.py", line 750, in onexc
    return onerror(func, path, exc_info)
           ^^^^^^^^^^^^^^^^^^^^^^^^^^^^^
  File "/opt/ohpc/pub/compiler/conda/latest/lib/python3.12/shutil.py", line 700, in _rmtree_safe_fd
    onexc(os.unlink, fullname, err)
  File "/opt/ohpc/pub/compiler/conda/latest/lib/python3.12/shutil.py", line 750, in onexc
    return onerror(func, path, exc_info)
           ^^^^^^^^^^^^^^^^^^^^^^^^^^^^^
  File "/opt/ohpc/pub/compiler/conda/latest/lib/python3.12/shutil.py", line 698, in _rmtree_safe_fd
    os.unlink(entry.name, dir_fd=topfd)
OSError: [Errno 16] Device or resource busy: '/tmp/pymp-s24h5mt3'
  File "/opt/ohpc/pub/compiler/conda/latest/lib/python3.12/multiprocessing/util.py", line 303, in _run_finalizers
    finalizer()
Traceback (most recent call last):
  File "/opt/ohpc/pub/compiler/conda/latest/lib/python3.12/multiprocessing/util.py", line 227, in __call__
    res = self._callback(*self._args, **self._kwargs)
          ^^^^^^^^^^^^^^^^^^^^^^^^^^^^^^^^^^^^^^^^^^^
  File "/opt/ohpc/pub/compiler/conda/latest/lib/python3.12/multiprocessing/util.py", line 136, in _remove_temp_dir
    rmtree(tempdir, onerror=onerror)
  File "/opt/ohpc/pub/compiler/conda/latest/lib/python3.12/shutil.py", line 759, in rmtree
    _rmtree_safe_fd(stack, onexc)
  File "/opt/ohpc/pub/compiler/conda/latest/lib/python3.12/shutil.py", line 703, in _rmtree_safe_fd
    onexc(func, path, err)
  File "/opt/ohpc/pub/compiler/conda/latest/lib/python3.12/shutil.py", line 750, in onexc
    return onerror(func, path, exc_info)
           ^^^^^^^^^^^^^^^^^^^^^^^^^^^^^
  File "/opt/ohpc/pub/compiler/conda/latest/lib/python3.12/shutil.py", line 700, in _rmtree_safe_fd
    onexc(os.unlink, fullname, err)
  File "/opt/ohpc/pub/compiler/conda/latest/lib/python3.12/shutil.py", line 750, in onexc
    return onerror(func, path, exc_info)
           ^^^^^^^^^^^^^^^^^^^^^^^^^^^^^
  File "/opt/ohpc/pub/compiler/conda/latest/lib/python3.12/shutil.py", line 698, in _rmtree_safe_fd
    os.unlink(entry.name, dir_fd=topfd)
OSError: [Errno 16] Device or resource busy: '/tmp/pymp-xe8vvgqd'
Traceback (most recent call last):
  File "/opt/ohpc/pub/compiler/conda/latest/lib/python3.12/multiprocessing/util.py", line 303, in _run_finalizers
    finalizer()
  File "/opt/ohpc/pub/compiler/conda/latest/lib/python3.12/multiprocessing/util.py", line 227, in __call__
    res = self._callback(*self._args, **self._kwargs)
          ^^^^^^^^^^^^^^^^^^^^^^^^^^^^^^^^^^^^^^^^^^^
  File "/opt/ohpc/pub/compiler/conda/latest/lib/python3.12/multiprocessing/util.py", line 136, in _remove_temp_dir
    rmtree(tempdir, onerror=onerror)
  File "/opt/ohpc/pub/compiler/conda/latest/lib/python3.12/shutil.py", line 759, in rmtree
    _rmtree_safe_fd(stack, onexc)
  File "/opt/ohpc/pub/compiler/conda/latest/lib/python3.12/shutil.py", line 703, in _rmtree_safe_fd
    onexc(func, path, err)
  File "/opt/ohpc/pub/compiler/conda/latest/lib/python3.12/shutil.py", line 750, in onexc
    return onerror(func, path, exc_info)
           ^^^^^^^^^^^^^^^^^^^^^^^^^^^^^
  File "/opt/ohpc/pub/compiler/conda/latest/lib/python3.12/shutil.py", line 700, in _rmtree_safe_fd
    onexc(os.unlink, fullname, err)
  File "/opt/ohpc/pub/compiler/conda/latest/lib/python3.12/shutil.py", line 750, in onexc
    return onerror(func, path, exc_info)
           ^^^^^^^^^^^^^^^^^^^^^^^^^^^^^
  File "/opt/ohpc/pub/compiler/conda/latest/lib/python3.12/shutil.py", line 698, in _rmtree_safe_fd
    os.unlink(entry.name, dir_fd=topfd)
OSError: [Errno 16] Device or resource busy: '/tmp/pymp-wj4_ypqr'
  File "/opt/ohpc/pub/compiler/conda/latest/lib/python3.12/multiprocessing/util.py", line 303, in _run_finalizers
    finalizer()
  File "/opt/ohpc/pub/compiler/conda/latest/lib/python3.12/multiprocessing/util.py", line 227, in __call__
    res = self._callback(*self._args, **self._kwargs)
          ^^^^^^^^^^^^^^^^^^^^^^^^^^^^^^^^^^^^^^^^^^^
  File "/opt/ohpc/pub/compiler/conda/latest/lib/python3.12/multiprocessing/util.py", line 136, in _remove_temp_dir
    rmtree(tempdir, onerror=onerror)
  File "/opt/ohpc/pub/compiler/conda/latest/lib/python3.12/shutil.py", line 759, in rmtree
    _rmtree_safe_fd(stack, onexc)
  File "/opt/ohpc/pub/compiler/conda/latest/lib/python3.12/shutil.py", line 703, in _rmtree_safe_fd
    onexc(func, path, err)
  File "/opt/ohpc/pub/compiler/conda/latest/lib/python3.12/shutil.py", line 750, in onexc
    return onerror(func, path, exc_info)
           ^^^^^^^^^^^^^^^^^^^^^^^^^^^^^
  File "/opt/ohpc/pub/compiler/conda/latest/lib/python3.12/shutil.py", line 700, in _rmtree_safe_fd
    onexc(os.unlink, fullname, err)
  File "/opt/ohpc/pub/compiler/conda/latest/lib/python3.12/shutil.py", line 750, in onexc
    return onerror(func, path, exc_info)
           ^^^^^^^^^^^^^^^^^^^^^^^^^^^^^
  File "/opt/ohpc/pub/compiler/conda/latest/lib/python3.12/shutil.py", line 698, in _rmtree_safe_fd
    os.unlink(entry.name, dir_fd=topfd)
OSError: [Errno 16] Device or resource busy: '/tmp/pymp-z88n5wjb'
Traceback (most recent call last):
  File "/opt/ohpc/pub/compiler/conda/latest/lib/python3.12/multiprocessing/util.py", line 303, in _run_finalizers
    finalizer()
  File "/opt/ohpc/pub/compiler/conda/latest/lib/python3.12/multiprocessing/util.py", line 227, in __call__
    res = self._callback(*self._args, **self._kwargs)
          ^^^^^^^^^^^^^^^^^^^^^^^^^^^^^^^^^^^^^^^^^^^
  File "/opt/ohpc/pub/compiler/conda/latest/lib/python3.12/multiprocessing/util.py", line 136, in _remove_temp_dir
    rmtree(tempdir, onerror=onerror)
  File "/opt/ohpc/pub/compiler/conda/latest/lib/python3.12/shutil.py", line 759, in rmtree
    _rmtree_safe_fd(stack, onexc)
  File "/opt/ohpc/pub/compiler/conda/latest/lib/python3.12/shutil.py", line 703, in _rmtree_safe_fd
    onexc(func, path, err)
  File "/opt/ohpc/pub/compiler/conda/latest/lib/python3.12/shutil.py", line 750, in onexc
    return onerror(func, path, exc_info)
           ^^^^^^^^^^^^^^^^^^^^^^^^^^^^^
  File "/opt/ohpc/pub/compiler/conda/latest/lib/python3.12/shutil.py", line 700, in _rmtree_safe_fd
    onexc(os.unlink, fullname, err)
  File "/opt/ohpc/pub/compiler/conda/latest/lib/python3.12/shutil.py", line 750, in onexc
    return onerror(func, path, exc_info)
           ^^^^^^^^^^^^^^^^^^^^^^^^^^^^^
  File "/opt/ohpc/pub/compiler/conda/latest/lib/python3.12/shutil.py", line 698, in _rmtree_safe_fd
    os.unlink(entry.name, dir_fd=topfd)
OSError: [Errno 16] Device or resource busy: '/tmp/pymp-jkc9oexg'
Traceback (most recent call last):
  File "/opt/ohpc/pub/compiler/conda/latest/lib/python3.12/multiprocessing/util.py", line 303, in _run_finalizers
    finalizer()
  File "/opt/ohpc/pub/compiler/conda/latest/lib/python3.12/multiprocessing/util.py", line 227, in __call__
    res = self._callback(*self._args, **self._kwargs)
          ^^^^^^^^^^^^^^^^^^^^^^^^^^^^^^^^^^^^^^^^^^^
  File "/opt/ohpc/pub/compiler/conda/latest/lib/python3.12/multiprocessing/util.py", line 136, in _remove_temp_dir
    rmtree(tempdir, onerror=onerror)
  File "/opt/ohpc/pub/compiler/conda/latest/lib/python3.12/shutil.py", line 759, in rmtree
    _rmtree_safe_fd(stack, onexc)
  File "/opt/ohpc/pub/compiler/conda/latest/lib/python3.12/shutil.py", line 703, in _rmtree_safe_fd
    onexc(func, path, err)
  File "/opt/ohpc/pub/compiler/conda/latest/lib/python3.12/shutil.py", line 750, in onexc
    return onerror(func, path, exc_info)
           ^^^^^^^^^^^^^^^^^^^^^^^^^^^^^
  File "/opt/ohpc/pub/compiler/conda/latest/lib/python3.12/shutil.py", line 700, in _rmtree_safe_fd
    onexc(os.unlink, fullname, err)
  File "/opt/ohpc/pub/compiler/conda/latest/lib/python3.12/shutil.py", line 750, in onexc
    return onerror(func, path, exc_info)
           ^^^^^^^^^^^^^^^^^^^^^^^^^^^^^
  File "/opt/ohpc/pub/compiler/conda/latest/lib/python3.12/shutil.py", line 698, in _rmtree_safe_fd
    os.unlink(entry.name, dir_fd=topfd)
OSError: [Errno 16] Device or resource busy: '/tmp/pymp-q6u_d95v'
Traceback (most recent call last):
Traceback (most recent call last):
Traceback (most recent call last):
Traceback (most recent call last):
Traceback (most recent call last):
  File "/opt/ohpc/pub/compiler/conda/latest/lib/python3.12/multiprocessing/util.py", line 303, in _run_finalizers
    finalizer()
  File "/opt/ohpc/pub/compiler/conda/latest/lib/python3.12/multiprocessing/util.py", line 303, in _run_finalizers
    finalizer()
  File "/opt/ohpc/pub/compiler/conda/latest/lib/python3.12/multiprocessing/util.py", line 303, in _run_finalizers
    finalizer()
  File "/opt/ohpc/pub/compiler/conda/latest/lib/python3.12/multiprocessing/util.py", line 227, in __call__
    res = self._callback(*self._args, **self._kwargs)
          ^^^^^^^^^^^^^^^^^^^^^^^^^^^^^^^^^^^^^^^^^^^
  File "/opt/ohpc/pub/compiler/conda/latest/lib/python3.12/multiprocessing/util.py", line 227, in __call__
    res = self._callback(*self._args, **self._kwargs)
          ^^^^^^^^^^^^^^^^^^^^^^^^^^^^^^^^^^^^^^^^^^^
  File "/opt/ohpc/pub/compiler/conda/latest/lib/python3.12/multiprocessing/util.py", line 136, in _remove_temp_dir
    rmtree(tempdir, onerror=onerror)
  File "/opt/ohpc/pub/compiler/conda/latest/lib/python3.12/multiprocessing/util.py", line 227, in __call__
    res = self._callback(*self._args, **self._kwargs)
          ^^^^^^^^^^^^^^^^^^^^^^^^^^^^^^^^^^^^^^^^^^^
  File "/opt/ohpc/pub/compiler/conda/latest/lib/python3.12/shutil.py", line 759, in rmtree
    _rmtree_safe_fd(stack, onexc)
  File "/opt/ohpc/pub/compiler/conda/latest/lib/python3.12/multiprocessing/util.py", line 136, in _remove_temp_dir
    rmtree(tempdir, onerror=onerror)
  File "/opt/ohpc/pub/compiler/conda/latest/lib/python3.12/multiprocessing/util.py", line 136, in _remove_temp_dir
    rmtree(tempdir, onerror=onerror)
  File "/opt/ohpc/pub/compiler/conda/latest/lib/python3.12/multiprocessing/util.py", line 303, in _run_finalizers
    finalizer()
  File "/opt/ohpc/pub/compiler/conda/latest/lib/python3.12/shutil.py", line 703, in _rmtree_safe_fd
    onexc(func, path, err)
  File "/opt/ohpc/pub/compiler/conda/latest/lib/python3.12/shutil.py", line 759, in rmtree
    _rmtree_safe_fd(stack, onexc)
  File "/opt/ohpc/pub/compiler/conda/latest/lib/python3.12/shutil.py", line 759, in rmtree
    _rmtree_safe_fd(stack, onexc)
  File "/opt/ohpc/pub/compiler/conda/latest/lib/python3.12/shutil.py", line 703, in _rmtree_safe_fd
    onexc(func, path, err)
  File "/opt/ohpc/pub/compiler/conda/latest/lib/python3.12/shutil.py", line 750, in onexc
    return onerror(func, path, exc_info)
           ^^^^^^^^^^^^^^^^^^^^^^^^^^^^^
  File "/opt/ohpc/pub/compiler/conda/latest/lib/python3.12/shutil.py", line 703, in _rmtree_safe_fd
    onexc(func, path, err)
  File "/opt/ohpc/pub/compiler/conda/latest/lib/python3.12/shutil.py", line 750, in onexc
    return onerror(func, path, exc_info)
           ^^^^^^^^^^^^^^^^^^^^^^^^^^^^^
  File "/opt/ohpc/pub/compiler/conda/latest/lib/python3.12/multiprocessing/util.py", line 227, in __call__
    res = self._callback(*self._args, **self._kwargs)
          ^^^^^^^^^^^^^^^^^^^^^^^^^^^^^^^^^^^^^^^^^^^
  File "/opt/ohpc/pub/compiler/conda/latest/lib/python3.12/shutil.py", line 700, in _rmtree_safe_fd
    onexc(os.unlink, fullname, err)
  File "/opt/ohpc/pub/compiler/conda/latest/lib/python3.12/shutil.py", line 750, in onexc
    return onerror(func, path, exc_info)
           ^^^^^^^^^^^^^^^^^^^^^^^^^^^^^
  File "/opt/ohpc/pub/compiler/conda/latest/lib/python3.12/shutil.py", line 700, in _rmtree_safe_fd
    onexc(os.unlink, fullname, err)
  File "/opt/ohpc/pub/compiler/conda/latest/lib/python3.12/multiprocessing/util.py", line 136, in _remove_temp_dir
    rmtree(tempdir, onerror=onerror)
  File "/opt/ohpc/pub/compiler/conda/latest/lib/python3.12/shutil.py", line 750, in onexc
    return onerror(func, path, exc_info)
           ^^^^^^^^^^^^^^^^^^^^^^^^^^^^^
  File "/opt/ohpc/pub/compiler/conda/latest/lib/python3.12/shutil.py", line 700, in _rmtree_safe_fd
    onexc(os.unlink, fullname, err)
  File "/opt/ohpc/pub/compiler/conda/latest/lib/python3.12/shutil.py", line 750, in onexc
    return onerror(func, path, exc_info)
           ^^^^^^^^^^^^^^^^^^^^^^^^^^^^^
  File "/opt/ohpc/pub/compiler/conda/latest/lib/python3.12/shutil.py", line 698, in _rmtree_safe_fd
    os.unlink(entry.name, dir_fd=topfd)
  File "/opt/ohpc/pub/compiler/conda/latest/lib/python3.12/shutil.py", line 759, in rmtree
    _rmtree_safe_fd(stack, onexc)
  File "/opt/ohpc/pub/compiler/conda/latest/lib/python3.12/shutil.py", line 750, in onexc
    return onerror(func, path, exc_info)
           ^^^^^^^^^^^^^^^^^^^^^^^^^^^^^
  File "/opt/ohpc/pub/compiler/conda/latest/lib/python3.12/shutil.py", line 698, in _rmtree_safe_fd
    os.unlink(entry.name, dir_fd=topfd)
  File "/opt/ohpc/pub/compiler/conda/latest/lib/python3.12/shutil.py", line 703, in _rmtree_safe_fd
    onexc(func, path, err)
  File "/opt/ohpc/pub/compiler/conda/latest/lib/python3.12/shutil.py", line 698, in _rmtree_safe_fd
    os.unlink(entry.name, dir_fd=topfd)
  File "/opt/ohpc/pub/compiler/conda/latest/lib/python3.12/shutil.py", line 750, in onexc
    return onerror(func, path, exc_info)
           ^^^^^^^^^^^^^^^^^^^^^^^^^^^^^
  File "/opt/ohpc/pub/compiler/conda/latest/lib/python3.12/shutil.py", line 700, in _rmtree_safe_fd
    onexc(os.unlink, fullname, err)
  File "/opt/ohpc/pub/compiler/conda/latest/lib/python3.12/shutil.py", line 750, in onexc
    return onerror(func, path, exc_info)
           ^^^^^^^^^^^^^^^^^^^^^^^^^^^^^
OSError: [Errno 16] Device or resource busy: '/tmp/pymp-awc02t8q'
  File "/opt/ohpc/pub/compiler/conda/latest/lib/python3.12/shutil.py", line 698, in _rmtree_safe_fd
    os.unlink(entry.name, dir_fd=topfd)
OSError: [Errno 16] Device or resource busy: '/tmp/pymp-w8ltwyer'
OSError: [Errno 16] Device or resource busy: '/tmp/pymp-b0gz9za1'
OSError: [Errno 16] Device or resource busy: '/tmp/pymp-2f_62qia'
Traceback (most recent call last):
  File "/opt/ohpc/pub/compiler/conda/latest/lib/python3.12/multiprocessing/util.py", line 303, in _run_finalizers
    finalizer()
  File "/opt/ohpc/pub/compiler/conda/latest/lib/python3.12/multiprocessing/util.py", line 227, in __call__
    res = self._callback(*self._args, **self._kwargs)
          ^^^^^^^^^^^^^^^^^^^^^^^^^^^^^^^^^^^^^^^^^^^
  File "/opt/ohpc/pub/compiler/conda/latest/lib/python3.12/multiprocessing/util.py", line 136, in _remove_temp_dir
    rmtree(tempdir, onerror=onerror)
  File "/opt/ohpc/pub/compiler/conda/latest/lib/python3.12/shutil.py", line 759, in rmtree
    _rmtree_safe_fd(stack, onexc)
  File "/opt/ohpc/pub/compiler/conda/latest/lib/python3.12/shutil.py", line 703, in _rmtree_safe_fd
    onexc(func, path, err)
  File "/opt/ohpc/pub/compiler/conda/latest/lib/python3.12/shutil.py", line 750, in onexc
    return onerror(func, path, exc_info)
           ^^^^^^^^^^^^^^^^^^^^^^^^^^^^^
  File "/opt/ohpc/pub/compiler/conda/latest/lib/python3.12/shutil.py", line 700, in _rmtree_safe_fd
    onexc(os.unlink, fullname, err)
  File "/opt/ohpc/pub/compiler/conda/latest/lib/python3.12/shutil.py", line 750, in onexc
    return onerror(func, path, exc_info)
           ^^^^^^^^^^^^^^^^^^^^^^^^^^^^^
  File "/opt/ohpc/pub/compiler/conda/latest/lib/python3.12/shutil.py", line 698, in _rmtree_safe_fd
    os.unlink(entry.name, dir_fd=topfd)
OSError: [Errno 16] Device or resource busy: '/tmp/pymp-2835ocl6'
Traceback (most recent call last):
Traceback (most recent call last):
  File "/opt/ohpc/pub/compiler/conda/latest/lib/python3.12/multiprocessing/util.py", line 303, in _run_finalizers
    finalizer()
  File "/opt/ohpc/pub/compiler/conda/latest/lib/python3.12/multiprocessing/util.py", line 227, in __call__
    res = self._callback(*self._args, **self._kwargs)
          ^^^^^^^^^^^^^^^^^^^^^^^^^^^^^^^^^^^^^^^^^^^
  File "/opt/ohpc/pub/compiler/conda/latest/lib/python3.12/multiprocessing/util.py", line 136, in _remove_temp_dir
    rmtree(tempdir, onerror=onerror)
  File "/opt/ohpc/pub/compiler/conda/latest/lib/python3.12/shutil.py", line 759, in rmtree
    _rmtree_safe_fd(stack, onexc)
  File "/opt/ohpc/pub/compiler/conda/latest/lib/python3.12/shutil.py", line 703, in _rmtree_safe_fd
    onexc(func, path, err)
  File "/opt/ohpc/pub/compiler/conda/latest/lib/python3.12/shutil.py", line 750, in onexc
    return onerror(func, path, exc_info)
           ^^^^^^^^^^^^^^^^^^^^^^^^^^^^^
  File "/opt/ohpc/pub/compiler/conda/latest/lib/python3.12/shutil.py", line 700, in _rmtree_safe_fd
    onexc(os.unlink, fullname, err)
  File "/opt/ohpc/pub/compiler/conda/latest/lib/python3.12/shutil.py", line 750, in onexc
    return onerror(func, path, exc_info)
           ^^^^^^^^^^^^^^^^^^^^^^^^^^^^^
  File "/opt/ohpc/pub/compiler/conda/latest/lib/python3.12/shutil.py", line 698, in _rmtree_safe_fd
    os.unlink(entry.name, dir_fd=topfd)
OSError: [Errno 16] Device or resource busy: '/tmp/pymp-mvziao5i'
  File "/opt/ohpc/pub/compiler/conda/latest/lib/python3.12/multiprocessing/util.py", line 303, in _run_finalizers
    finalizer()
  File "/opt/ohpc/pub/compiler/conda/latest/lib/python3.12/multiprocessing/util.py", line 227, in __call__
    res = self._callback(*self._args, **self._kwargs)
          ^^^^^^^^^^^^^^^^^^^^^^^^^^^^^^^^^^^^^^^^^^^
  File "/opt/ohpc/pub/compiler/conda/latest/lib/python3.12/multiprocessing/util.py", line 136, in _remove_temp_dir
    rmtree(tempdir, onerror=onerror)
  File "/opt/ohpc/pub/compiler/conda/latest/lib/python3.12/shutil.py", line 759, in rmtree
    _rmtree_safe_fd(stack, onexc)
  File "/opt/ohpc/pub/compiler/conda/latest/lib/python3.12/shutil.py", line 703, in _rmtree_safe_fd
    onexc(func, path, err)
  File "/opt/ohpc/pub/compiler/conda/latest/lib/python3.12/multiprocessing/util.py", line 303, in _run_finalizers
    finalizer()
  File "/opt/ohpc/pub/compiler/conda/latest/lib/python3.12/shutil.py", line 750, in onexc
    return onerror(func, path, exc_info)
           ^^^^^^^^^^^^^^^^^^^^^^^^^^^^^
  File "/opt/ohpc/pub/compiler/conda/latest/lib/python3.12/shutil.py", line 700, in _rmtree_safe_fd
    onexc(os.unlink, fullname, err)
  File "/opt/ohpc/pub/compiler/conda/latest/lib/python3.12/shutil.py", line 750, in onexc
    return onerror(func, path, exc_info)
           ^^^^^^^^^^^^^^^^^^^^^^^^^^^^^
  File "/opt/ohpc/pub/compiler/conda/latest/lib/python3.12/multiprocessing/util.py", line 227, in __call__
    res = self._callback(*self._args, **self._kwargs)
          ^^^^^^^^^^^^^^^^^^^^^^^^^^^^^^^^^^^^^^^^^^^
  File "/opt/ohpc/pub/compiler/conda/latest/lib/python3.12/shutil.py", line 698, in _rmtree_safe_fd
    os.unlink(entry.name, dir_fd=topfd)
  File "/opt/ohpc/pub/compiler/conda/latest/lib/python3.12/multiprocessing/util.py", line 136, in _remove_temp_dir
    rmtree(tempdir, onerror=onerror)
  File "/opt/ohpc/pub/compiler/conda/latest/lib/python3.12/shutil.py", line 759, in rmtree
    _rmtree_safe_fd(stack, onexc)
  File "/opt/ohpc/pub/compiler/conda/latest/lib/python3.12/shutil.py", line 703, in _rmtree_safe_fd
    onexc(func, path, err)
  File "/opt/ohpc/pub/compiler/conda/latest/lib/python3.12/shutil.py", line 750, in onexc
    return onerror(func, path, exc_info)
           ^^^^^^^^^^^^^^^^^^^^^^^^^^^^^
  File "/opt/ohpc/pub/compiler/conda/latest/lib/python3.12/shutil.py", line 700, in _rmtree_safe_fd
    onexc(os.unlink, fullname, err)
OSError: [Errno 16] Device or resource busy: '/tmp/pymp-yzosriys'
  File "/opt/ohpc/pub/compiler/conda/latest/lib/python3.12/shutil.py", line 750, in onexc
    return onerror(func, path, exc_info)
           ^^^^^^^^^^^^^^^^^^^^^^^^^^^^^
  File "/opt/ohpc/pub/compiler/conda/latest/lib/python3.12/shutil.py", line 698, in _rmtree_safe_fd
    os.unlink(entry.name, dir_fd=topfd)
OSError: [Errno 16] Device or resource busy: '/tmp/pymp-g5fwcy78'
[val 006] loss=-0.3290 z_std=0.0467 rankme=47.654 lidar=21.602 areq=1.627 pr=1.78 align=0.2917 unif=-1.242 converged=False collapsed=False
  e007 it0000/62 lr=0.0022 loss=-0.3598 z_std=0.0628
  e007 it0010/62 lr=0.0022 loss=-0.3614 z_std=0.0634
  e007 it0020/62 lr=0.0023 loss=-0.3686 z_std=0.0633
  e007 it0030/62 lr=0.0023 loss=-0.3794 z_std=0.0634
  e007 it0040/62 lr=0.0024 loss=-0.3979 z_std=0.0633
  e007 it0050/62 lr=0.0024 loss=-0.4179 z_std=0.0634
  e007 it0060/62 lr=0.0025 loss=-0.4359 z_std=0.0634
[epoch 007] loss=-0.4384 z_std=0.0634 (healthy~0.0625) time=191.5s
Traceback (most recent call last):
Traceback (most recent call last):
Traceback (most recent call last):
Traceback (most recent call last):
Traceback (most recent call last):
  File "/opt/ohpc/pub/compiler/conda/latest/lib/python3.12/multiprocessing/util.py", line 303, in _run_finalizers
    finalizer()
  File "/opt/ohpc/pub/compiler/conda/latest/lib/python3.12/multiprocessing/util.py", line 227, in __call__
    res = self._callback(*self._args, **self._kwargs)
          ^^^^^^^^^^^^^^^^^^^^^^^^^^^^^^^^^^^^^^^^^^^
  File "/opt/ohpc/pub/compiler/conda/latest/lib/python3.12/multiprocessing/util.py", line 303, in _run_finalizers
    finalizer()
  File "/opt/ohpc/pub/compiler/conda/latest/lib/python3.12/multiprocessing/util.py", line 136, in _remove_temp_dir
    rmtree(tempdir, onerror=onerror)
  File "/opt/ohpc/pub/compiler/conda/latest/lib/python3.12/shutil.py", line 759, in rmtree
    _rmtree_safe_fd(stack, onexc)
  File "/opt/ohpc/pub/compiler/conda/latest/lib/python3.12/multiprocessing/util.py", line 303, in _run_finalizers
    finalizer()
  File "/opt/ohpc/pub/compiler/conda/latest/lib/python3.12/shutil.py", line 703, in _rmtree_safe_fd
    onexc(func, path, err)
  File "/opt/ohpc/pub/compiler/conda/latest/lib/python3.12/multiprocessing/util.py", line 227, in __call__
    res = self._callback(*self._args, **self._kwargs)
          ^^^^^^^^^^^^^^^^^^^^^^^^^^^^^^^^^^^^^^^^^^^
  File "/opt/ohpc/pub/compiler/conda/latest/lib/python3.12/multiprocessing/util.py", line 303, in _run_finalizers
    finalizer()
  File "/opt/ohpc/pub/compiler/conda/latest/lib/python3.12/shutil.py", line 750, in onexc
    return onerror(func, path, exc_info)
           ^^^^^^^^^^^^^^^^^^^^^^^^^^^^^
  File "/opt/ohpc/pub/compiler/conda/latest/lib/python3.12/multiprocessing/util.py", line 136, in _remove_temp_dir
    rmtree(tempdir, onerror=onerror)
  File "/opt/ohpc/pub/compiler/conda/latest/lib/python3.12/multiprocessing/util.py", line 227, in __call__
    res = self._callback(*self._args, **self._kwargs)
          ^^^^^^^^^^^^^^^^^^^^^^^^^^^^^^^^^^^^^^^^^^^
  File "/opt/ohpc/pub/compiler/conda/latest/lib/python3.12/shutil.py", line 759, in rmtree
    _rmtree_safe_fd(stack, onexc)
  File "/opt/ohpc/pub/compiler/conda/latest/lib/python3.12/shutil.py", line 700, in _rmtree_safe_fd
    onexc(os.unlink, fullname, err)
  File "/opt/ohpc/pub/compiler/conda/latest/lib/python3.12/multiprocessing/util.py", line 136, in _remove_temp_dir
    rmtree(tempdir, onerror=onerror)
  File "/opt/ohpc/pub/compiler/conda/latest/lib/python3.12/shutil.py", line 703, in _rmtree_safe_fd
    onexc(func, path, err)
  File "/opt/ohpc/pub/compiler/conda/latest/lib/python3.12/multiprocessing/util.py", line 227, in __call__
    res = self._callback(*self._args, **self._kwargs)
          ^^^^^^^^^^^^^^^^^^^^^^^^^^^^^^^^^^^^^^^^^^^
  File "/opt/ohpc/pub/compiler/conda/latest/lib/python3.12/shutil.py", line 750, in onexc
    return onerror(func, path, exc_info)
           ^^^^^^^^^^^^^^^^^^^^^^^^^^^^^
  File "/opt/ohpc/pub/compiler/conda/latest/lib/python3.12/shutil.py", line 759, in rmtree
    _rmtree_safe_fd(stack, onexc)
  File "/opt/ohpc/pub/compiler/conda/latest/lib/python3.12/shutil.py", line 750, in onexc
    return onerror(func, path, exc_info)
           ^^^^^^^^^^^^^^^^^^^^^^^^^^^^^
  File "/opt/ohpc/pub/compiler/conda/latest/lib/python3.12/shutil.py", line 698, in _rmtree_safe_fd
    os.unlink(entry.name, dir_fd=topfd)
  File "/opt/ohpc/pub/compiler/conda/latest/lib/python3.12/multiprocessing/util.py", line 136, in _remove_temp_dir
    rmtree(tempdir, onerror=onerror)
  File "/opt/ohpc/pub/compiler/conda/latest/lib/python3.12/shutil.py", line 703, in _rmtree_safe_fd
    onexc(func, path, err)
  File "/opt/ohpc/pub/compiler/conda/latest/lib/python3.12/shutil.py", line 700, in _rmtree_safe_fd
    onexc(os.unlink, fullname, err)
  File "/opt/ohpc/pub/compiler/conda/latest/lib/python3.12/shutil.py", line 759, in rmtree
    _rmtree_safe_fd(stack, onexc)
  File "/opt/ohpc/pub/compiler/conda/latest/lib/python3.12/shutil.py", line 750, in onexc
    return onerror(func, path, exc_info)
           ^^^^^^^^^^^^^^^^^^^^^^^^^^^^^
  File "/opt/ohpc/pub/compiler/conda/latest/lib/python3.12/shutil.py", line 750, in onexc
    return onerror(func, path, exc_info)
           ^^^^^^^^^^^^^^^^^^^^^^^^^^^^^
  File "/opt/ohpc/pub/compiler/conda/latest/lib/python3.12/shutil.py", line 703, in _rmtree_safe_fd
    onexc(func, path, err)
  File "/opt/ohpc/pub/compiler/conda/latest/lib/python3.12/shutil.py", line 700, in _rmtree_safe_fd
    onexc(os.unlink, fullname, err)
  File "/opt/ohpc/pub/compiler/conda/latest/lib/python3.12/shutil.py", line 698, in _rmtree_safe_fd
    os.unlink(entry.name, dir_fd=topfd)
  File "/opt/ohpc/pub/compiler/conda/latest/lib/python3.12/shutil.py", line 750, in onexc
    return onerror(func, path, exc_info)
           ^^^^^^^^^^^^^^^^^^^^^^^^^^^^^
  File "/opt/ohpc/pub/compiler/conda/latest/lib/python3.12/shutil.py", line 750, in onexc
    return onerror(func, path, exc_info)
           ^^^^^^^^^^^^^^^^^^^^^^^^^^^^^
  File "/opt/ohpc/pub/compiler/conda/latest/lib/python3.12/shutil.py", line 700, in _rmtree_safe_fd
    onexc(os.unlink, fullname, err)
  File "/opt/ohpc/pub/compiler/conda/latest/lib/python3.12/shutil.py", line 698, in _rmtree_safe_fd
    os.unlink(entry.name, dir_fd=topfd)
OSError: [Errno 16] Device or resource busy: '/tmp/pymp-amswbdbr'
  File "/opt/ohpc/pub/compiler/conda/latest/lib/python3.12/shutil.py", line 750, in onexc
    return onerror(func, path, exc_info)
           ^^^^^^^^^^^^^^^^^^^^^^^^^^^^^
  File "/opt/ohpc/pub/compiler/conda/latest/lib/python3.12/shutil.py", line 698, in _rmtree_safe_fd
    os.unlink(entry.name, dir_fd=topfd)
OSError: [Errno 16] Device or resource busy: '/tmp/pymp-m8s4t0ui'
OSError: [Errno 16] Device or resource busy: '/tmp/pymp-4fwdimiz'
OSError: [Errno 16] Device or resource busy: '/tmp/pymp-g477bpzo'
Traceback (most recent call last):
  File "/opt/ohpc/pub/compiler/conda/latest/lib/python3.12/multiprocessing/util.py", line 303, in _run_finalizers
    finalizer()
  File "/opt/ohpc/pub/compiler/conda/latest/lib/python3.12/multiprocessing/util.py", line 227, in __call__
    res = self._callback(*self._args, **self._kwargs)
          ^^^^^^^^^^^^^^^^^^^^^^^^^^^^^^^^^^^^^^^^^^^
Traceback (most recent call last):
  File "/opt/ohpc/pub/compiler/conda/latest/lib/python3.12/multiprocessing/util.py", line 136, in _remove_temp_dir
    rmtree(tempdir, onerror=onerror)
  File "/opt/ohpc/pub/compiler/conda/latest/lib/python3.12/shutil.py", line 759, in rmtree
    _rmtree_safe_fd(stack, onexc)
  File "/opt/ohpc/pub/compiler/conda/latest/lib/python3.12/shutil.py", line 703, in _rmtree_safe_fd
    onexc(func, path, err)
  File "/opt/ohpc/pub/compiler/conda/latest/lib/python3.12/shutil.py", line 750, in onexc
    return onerror(func, path, exc_info)
           ^^^^^^^^^^^^^^^^^^^^^^^^^^^^^
  File "/opt/ohpc/pub/compiler/conda/latest/lib/python3.12/shutil.py", line 700, in _rmtree_safe_fd
    onexc(os.unlink, fullname, err)
  File "/opt/ohpc/pub/compiler/conda/latest/lib/python3.12/shutil.py", line 750, in onexc
    return onerror(func, path, exc_info)
           ^^^^^^^^^^^^^^^^^^^^^^^^^^^^^
  File "/opt/ohpc/pub/compiler/conda/latest/lib/python3.12/shutil.py", line 698, in _rmtree_safe_fd
    os.unlink(entry.name, dir_fd=topfd)
OSError: [Errno 16] Device or resource busy: '/tmp/pymp-x964gjyb'
  File "/opt/ohpc/pub/compiler/conda/latest/lib/python3.12/multiprocessing/util.py", line 303, in _run_finalizers
    finalizer()
  File "/opt/ohpc/pub/compiler/conda/latest/lib/python3.12/multiprocessing/util.py", line 227, in __call__
    res = self._callback(*self._args, **self._kwargs)
          ^^^^^^^^^^^^^^^^^^^^^^^^^^^^^^^^^^^^^^^^^^^
  File "/opt/ohpc/pub/compiler/conda/latest/lib/python3.12/multiprocessing/util.py", line 136, in _remove_temp_dir
    rmtree(tempdir, onerror=onerror)
  File "/opt/ohpc/pub/compiler/conda/latest/lib/python3.12/shutil.py", line 759, in rmtree
    _rmtree_safe_fd(stack, onexc)
  File "/opt/ohpc/pub/compiler/conda/latest/lib/python3.12/shutil.py", line 703, in _rmtree_safe_fd
    onexc(func, path, err)
  File "/opt/ohpc/pub/compiler/conda/latest/lib/python3.12/shutil.py", line 750, in onexc
    return onerror(func, path, exc_info)
           ^^^^^^^^^^^^^^^^^^^^^^^^^^^^^
  File "/opt/ohpc/pub/compiler/conda/latest/lib/python3.12/shutil.py", line 700, in _rmtree_safe_fd
    onexc(os.unlink, fullname, err)
  File "/opt/ohpc/pub/compiler/conda/latest/lib/python3.12/shutil.py", line 750, in onexc
    return onerror(func, path, exc_info)
           ^^^^^^^^^^^^^^^^^^^^^^^^^^^^^
  File "/opt/ohpc/pub/compiler/conda/latest/lib/python3.12/shutil.py", line 698, in _rmtree_safe_fd
    os.unlink(entry.name, dir_fd=topfd)
OSError: [Errno 16] Device or resource busy: '/tmp/pymp-w5dda9j2'
Traceback (most recent call last):
Traceback (most recent call last):
  File "/opt/ohpc/pub/compiler/conda/latest/lib/python3.12/multiprocessing/util.py", line 303, in _run_finalizers
    finalizer()
  File "/opt/ohpc/pub/compiler/conda/latest/lib/python3.12/multiprocessing/util.py", line 227, in __call__
    res = self._callback(*self._args, **self._kwargs)
          ^^^^^^^^^^^^^^^^^^^^^^^^^^^^^^^^^^^^^^^^^^^
  File "/opt/ohpc/pub/compiler/conda/latest/lib/python3.12/multiprocessing/util.py", line 136, in _remove_temp_dir
    rmtree(tempdir, onerror=onerror)
  File "/opt/ohpc/pub/compiler/conda/latest/lib/python3.12/shutil.py", line 759, in rmtree
    _rmtree_safe_fd(stack, onexc)
  File "/opt/ohpc/pub/compiler/conda/latest/lib/python3.12/shutil.py", line 703, in _rmtree_safe_fd
    onexc(func, path, err)
  File "/opt/ohpc/pub/compiler/conda/latest/lib/python3.12/shutil.py", line 750, in onexc
    return onerror(func, path, exc_info)
           ^^^^^^^^^^^^^^^^^^^^^^^^^^^^^
  File "/opt/ohpc/pub/compiler/conda/latest/lib/python3.12/shutil.py", line 700, in _rmtree_safe_fd
    onexc(os.unlink, fullname, err)
  File "/opt/ohpc/pub/compiler/conda/latest/lib/python3.12/shutil.py", line 750, in onexc
    return onerror(func, path, exc_info)
           ^^^^^^^^^^^^^^^^^^^^^^^^^^^^^
  File "/opt/ohpc/pub/compiler/conda/latest/lib/python3.12/shutil.py", line 698, in _rmtree_safe_fd
    os.unlink(entry.name, dir_fd=topfd)
OSError: [Errno 16] Device or resource busy: '/tmp/pymp-4ppqktzq'
  File "/opt/ohpc/pub/compiler/conda/latest/lib/python3.12/multiprocessing/util.py", line 303, in _run_finalizers
    finalizer()
  File "/opt/ohpc/pub/compiler/conda/latest/lib/python3.12/multiprocessing/util.py", line 303, in _run_finalizers
    finalizer()
  File "/opt/ohpc/pub/compiler/conda/latest/lib/python3.12/multiprocessing/util.py", line 227, in __call__
    res = self._callback(*self._args, **self._kwargs)
          ^^^^^^^^^^^^^^^^^^^^^^^^^^^^^^^^^^^^^^^^^^^
  File "/opt/ohpc/pub/compiler/conda/latest/lib/python3.12/multiprocessing/util.py", line 136, in _remove_temp_dir
    rmtree(tempdir, onerror=onerror)
  File "/opt/ohpc/pub/compiler/conda/latest/lib/python3.12/multiprocessing/util.py", line 227, in __call__
    res = self._callback(*self._args, **self._kwargs)
          ^^^^^^^^^^^^^^^^^^^^^^^^^^^^^^^^^^^^^^^^^^^
  File "/opt/ohpc/pub/compiler/conda/latest/lib/python3.12/shutil.py", line 759, in rmtree
    _rmtree_safe_fd(stack, onexc)
  File "/opt/ohpc/pub/compiler/conda/latest/lib/python3.12/multiprocessing/util.py", line 136, in _remove_temp_dir
    rmtree(tempdir, onerror=onerror)
  File "/opt/ohpc/pub/compiler/conda/latest/lib/python3.12/shutil.py", line 703, in _rmtree_safe_fd
    onexc(func, path, err)
  File "/opt/ohpc/pub/compiler/conda/latest/lib/python3.12/shutil.py", line 759, in rmtree
    _rmtree_safe_fd(stack, onexc)
  File "/opt/ohpc/pub/compiler/conda/latest/lib/python3.12/shutil.py", line 750, in onexc
    return onerror(func, path, exc_info)
           ^^^^^^^^^^^^^^^^^^^^^^^^^^^^^
  File "/opt/ohpc/pub/compiler/conda/latest/lib/python3.12/shutil.py", line 703, in _rmtree_safe_fd
    onexc(func, path, err)
  File "/opt/ohpc/pub/compiler/conda/latest/lib/python3.12/shutil.py", line 700, in _rmtree_safe_fd
    onexc(os.unlink, fullname, err)
  File "/opt/ohpc/pub/compiler/conda/latest/lib/python3.12/shutil.py", line 750, in onexc
    return onerror(func, path, exc_info)
           ^^^^^^^^^^^^^^^^^^^^^^^^^^^^^
  File "/opt/ohpc/pub/compiler/conda/latest/lib/python3.12/shutil.py", line 750, in onexc
    return onerror(func, path, exc_info)
           ^^^^^^^^^^^^^^^^^^^^^^^^^^^^^
  File "/opt/ohpc/pub/compiler/conda/latest/lib/python3.12/shutil.py", line 700, in _rmtree_safe_fd
    onexc(os.unlink, fullname, err)
  File "/opt/ohpc/pub/compiler/conda/latest/lib/python3.12/shutil.py", line 698, in _rmtree_safe_fd
    os.unlink(entry.name, dir_fd=topfd)
  File "/opt/ohpc/pub/compiler/conda/latest/lib/python3.12/shutil.py", line 750, in onexc
    return onerror(func, path, exc_info)
           ^^^^^^^^^^^^^^^^^^^^^^^^^^^^^
  File "/opt/ohpc/pub/compiler/conda/latest/lib/python3.12/shutil.py", line 698, in _rmtree_safe_fd
    os.unlink(entry.name, dir_fd=topfd)
OSError: [Errno 16] Device or resource busy: '/tmp/pymp-tio_pats'
OSError: [Errno 16] Device or resource busy: '/tmp/pymp-q_zotz1e'
Traceback (most recent call last):
  File "/opt/ohpc/pub/compiler/conda/latest/lib/python3.12/multiprocessing/util.py", line 303, in _run_finalizers
    finalizer()
  File "/opt/ohpc/pub/compiler/conda/latest/lib/python3.12/multiprocessing/util.py", line 227, in __call__
    res = self._callback(*self._args, **self._kwargs)
          ^^^^^^^^^^^^^^^^^^^^^^^^^^^^^^^^^^^^^^^^^^^
  File "/opt/ohpc/pub/compiler/conda/latest/lib/python3.12/multiprocessing/util.py", line 136, in _remove_temp_dir
    rmtree(tempdir, onerror=onerror)
  File "/opt/ohpc/pub/compiler/conda/latest/lib/python3.12/shutil.py", line 759, in rmtree
    _rmtree_safe_fd(stack, onexc)
  File "/opt/ohpc/pub/compiler/conda/latest/lib/python3.12/shutil.py", line 703, in _rmtree_safe_fd
    onexc(func, path, err)
  File "/opt/ohpc/pub/compiler/conda/latest/lib/python3.12/shutil.py", line 750, in onexc
    return onerror(func, path, exc_info)
           ^^^^^^^^^^^^^^^^^^^^^^^^^^^^^
  File "/opt/ohpc/pub/compiler/conda/latest/lib/python3.12/shutil.py", line 700, in _rmtree_safe_fd
    onexc(os.unlink, fullname, err)
  File "/opt/ohpc/pub/compiler/conda/latest/lib/python3.12/shutil.py", line 750, in onexc
    return onerror(func, path, exc_info)
           ^^^^^^^^^^^^^^^^^^^^^^^^^^^^^
  File "/opt/ohpc/pub/compiler/conda/latest/lib/python3.12/shutil.py", line 698, in _rmtree_safe_fd
    os.unlink(entry.name, dir_fd=topfd)
OSError: [Errno 16] Device or resource busy: '/tmp/pymp-t2p200nj'
Traceback (most recent call last):
Traceback (most recent call last):
Traceback (most recent call last):
Traceback (most recent call last):
Traceback (most recent call last):
Traceback (most recent call last):
Traceback (most recent call last):
Traceback (most recent call last):
  File "/opt/ohpc/pub/compiler/conda/latest/lib/python3.12/multiprocessing/util.py", line 303, in _run_finalizers
    finalizer()
  File "/opt/ohpc/pub/compiler/conda/latest/lib/python3.12/multiprocessing/util.py", line 227, in __call__
    res = self._callback(*self._args, **self._kwargs)
          ^^^^^^^^^^^^^^^^^^^^^^^^^^^^^^^^^^^^^^^^^^^
  File "/opt/ohpc/pub/compiler/conda/latest/lib/python3.12/multiprocessing/util.py", line 303, in _run_finalizers
    finalizer()
  File "/opt/ohpc/pub/compiler/conda/latest/lib/python3.12/multiprocessing/util.py", line 303, in _run_finalizers
    finalizer()
  File "/opt/ohpc/pub/compiler/conda/latest/lib/python3.12/multiprocessing/util.py", line 136, in _remove_temp_dir
    rmtree(tempdir, onerror=onerror)
  File "/opt/ohpc/pub/compiler/conda/latest/lib/python3.12/shutil.py", line 759, in rmtree
    _rmtree_safe_fd(stack, onexc)
  File "/opt/ohpc/pub/compiler/conda/latest/lib/python3.12/shutil.py", line 703, in _rmtree_safe_fd
    onexc(func, path, err)
  File "/opt/ohpc/pub/compiler/conda/latest/lib/python3.12/multiprocessing/util.py", line 227, in __call__
    res = self._callback(*self._args, **self._kwargs)
          ^^^^^^^^^^^^^^^^^^^^^^^^^^^^^^^^^^^^^^^^^^^
  File "/opt/ohpc/pub/compiler/conda/latest/lib/python3.12/multiprocessing/util.py", line 227, in __call__
    res = self._callback(*self._args, **self._kwargs)
          ^^^^^^^^^^^^^^^^^^^^^^^^^^^^^^^^^^^^^^^^^^^
  File "/opt/ohpc/pub/compiler/conda/latest/lib/python3.12/shutil.py", line 750, in onexc
    return onerror(func, path, exc_info)
           ^^^^^^^^^^^^^^^^^^^^^^^^^^^^^
  File "/opt/ohpc/pub/compiler/conda/latest/lib/python3.12/multiprocessing/util.py", line 136, in _remove_temp_dir
    rmtree(tempdir, onerror=onerror)
  File "/opt/ohpc/pub/compiler/conda/latest/lib/python3.12/multiprocessing/util.py", line 136, in _remove_temp_dir
    rmtree(tempdir, onerror=onerror)
  File "/opt/ohpc/pub/compiler/conda/latest/lib/python3.12/shutil.py", line 700, in _rmtree_safe_fd
    onexc(os.unlink, fullname, err)
  File "/opt/ohpc/pub/compiler/conda/latest/lib/python3.12/shutil.py", line 759, in rmtree
    _rmtree_safe_fd(stack, onexc)
  File "/opt/ohpc/pub/compiler/conda/latest/lib/python3.12/shutil.py", line 759, in rmtree
    _rmtree_safe_fd(stack, onexc)
  File "/opt/ohpc/pub/compiler/conda/latest/lib/python3.12/shutil.py", line 750, in onexc
    return onerror(func, path, exc_info)
           ^^^^^^^^^^^^^^^^^^^^^^^^^^^^^
  File "/opt/ohpc/pub/compiler/conda/latest/lib/python3.12/shutil.py", line 703, in _rmtree_safe_fd
    onexc(func, path, err)
  File "/opt/ohpc/pub/compiler/conda/latest/lib/python3.12/shutil.py", line 703, in _rmtree_safe_fd
    onexc(func, path, err)
  File "/opt/ohpc/pub/compiler/conda/latest/lib/python3.12/shutil.py", line 698, in _rmtree_safe_fd
    os.unlink(entry.name, dir_fd=topfd)
  File "/opt/ohpc/pub/compiler/conda/latest/lib/python3.12/shutil.py", line 750, in onexc
    return onerror(func, path, exc_info)
           ^^^^^^^^^^^^^^^^^^^^^^^^^^^^^
  File "/opt/ohpc/pub/compiler/conda/latest/lib/python3.12/shutil.py", line 750, in onexc
    return onerror(func, path, exc_info)
           ^^^^^^^^^^^^^^^^^^^^^^^^^^^^^
  File "/opt/ohpc/pub/compiler/conda/latest/lib/python3.12/shutil.py", line 700, in _rmtree_safe_fd
    onexc(os.unlink, fullname, err)
  File "/opt/ohpc/pub/compiler/conda/latest/lib/python3.12/shutil.py", line 700, in _rmtree_safe_fd
    onexc(os.unlink, fullname, err)
  File "/opt/ohpc/pub/compiler/conda/latest/lib/python3.12/shutil.py", line 750, in onexc
    return onerror(func, path, exc_info)
           ^^^^^^^^^^^^^^^^^^^^^^^^^^^^^
  File "/opt/ohpc/pub/compiler/conda/latest/lib/python3.12/shutil.py", line 750, in onexc
    return onerror(func, path, exc_info)
           ^^^^^^^^^^^^^^^^^^^^^^^^^^^^^
  File "/opt/ohpc/pub/compiler/conda/latest/lib/python3.12/shutil.py", line 698, in _rmtree_safe_fd
    os.unlink(entry.name, dir_fd=topfd)
  File "/opt/ohpc/pub/compiler/conda/latest/lib/python3.12/shutil.py", line 698, in _rmtree_safe_fd
    os.unlink(entry.name, dir_fd=topfd)
OSError: [Errno 16] Device or resource busy: '/tmp/pymp-l8rvp3zi'
Traceback (most recent call last):
OSError: [Errno 16] Device or resource busy: '/tmp/pymp-vl58hmqm'
OSError: [Errno 16] Device or resource busy: '/tmp/pymp-jmtuf14t'
Traceback (most recent call last):
  File "/opt/ohpc/pub/compiler/conda/latest/lib/python3.12/multiprocessing/util.py", line 303, in _run_finalizers
    finalizer()
  File "/opt/ohpc/pub/compiler/conda/latest/lib/python3.12/multiprocessing/util.py", line 227, in __call__
    res = self._callback(*self._args, **self._kwargs)
          ^^^^^^^^^^^^^^^^^^^^^^^^^^^^^^^^^^^^^^^^^^^
  File "/opt/ohpc/pub/compiler/conda/latest/lib/python3.12/multiprocessing/util.py", line 136, in _remove_temp_dir
    rmtree(tempdir, onerror=onerror)
  File "/opt/ohpc/pub/compiler/conda/latest/lib/python3.12/shutil.py", line 759, in rmtree
    _rmtree_safe_fd(stack, onexc)
  File "/opt/ohpc/pub/compiler/conda/latest/lib/python3.12/shutil.py", line 703, in _rmtree_safe_fd
    onexc(func, path, err)
  File "/opt/ohpc/pub/compiler/conda/latest/lib/python3.12/shutil.py", line 750, in onexc
    return onerror(func, path, exc_info)
           ^^^^^^^^^^^^^^^^^^^^^^^^^^^^^
  File "/opt/ohpc/pub/compiler/conda/latest/lib/python3.12/shutil.py", line 700, in _rmtree_safe_fd
    onexc(os.unlink, fullname, err)
  File "/opt/ohpc/pub/compiler/conda/latest/lib/python3.12/shutil.py", line 750, in onexc
    return onerror(func, path, exc_info)
           ^^^^^^^^^^^^^^^^^^^^^^^^^^^^^
  File "/opt/ohpc/pub/compiler/conda/latest/lib/python3.12/shutil.py", line 698, in _rmtree_safe_fd
    os.unlink(entry.name, dir_fd=topfd)
OSError: [Errno 16] Device or resource busy: '/tmp/pymp-v9had9pm'
  File "/opt/ohpc/pub/compiler/conda/latest/lib/python3.12/multiprocessing/util.py", line 303, in _run_finalizers
    finalizer()
  File "/opt/ohpc/pub/compiler/conda/latest/lib/python3.12/multiprocessing/util.py", line 227, in __call__
    res = self._callback(*self._args, **self._kwargs)
          ^^^^^^^^^^^^^^^^^^^^^^^^^^^^^^^^^^^^^^^^^^^
  File "/opt/ohpc/pub/compiler/conda/latest/lib/python3.12/multiprocessing/util.py", line 136, in _remove_temp_dir
    rmtree(tempdir, onerror=onerror)
  File "/opt/ohpc/pub/compiler/conda/latest/lib/python3.12/multiprocessing/util.py", line 303, in _run_finalizers
    finalizer()
  File "/opt/ohpc/pub/compiler/conda/latest/lib/python3.12/shutil.py", line 759, in rmtree
    _rmtree_safe_fd(stack, onexc)
  File "/opt/ohpc/pub/compiler/conda/latest/lib/python3.12/shutil.py", line 703, in _rmtree_safe_fd
    onexc(func, path, err)
  File "/opt/ohpc/pub/compiler/conda/latest/lib/python3.12/shutil.py", line 750, in onexc
    return onerror(func, path, exc_info)
           ^^^^^^^^^^^^^^^^^^^^^^^^^^^^^
  File "/opt/ohpc/pub/compiler/conda/latest/lib/python3.12/multiprocessing/util.py", line 227, in __call__
    res = self._callback(*self._args, **self._kwargs)
          ^^^^^^^^^^^^^^^^^^^^^^^^^^^^^^^^^^^^^^^^^^^
  File "/opt/ohpc/pub/compiler/conda/latest/lib/python3.12/shutil.py", line 700, in _rmtree_safe_fd
    onexc(os.unlink, fullname, err)
  File "/opt/ohpc/pub/compiler/conda/latest/lib/python3.12/multiprocessing/util.py", line 136, in _remove_temp_dir
    rmtree(tempdir, onerror=onerror)
  File "/opt/ohpc/pub/compiler/conda/latest/lib/python3.12/shutil.py", line 750, in onexc
    return onerror(func, path, exc_info)
           ^^^^^^^^^^^^^^^^^^^^^^^^^^^^^
  File "/opt/ohpc/pub/compiler/conda/latest/lib/python3.12/shutil.py", line 759, in rmtree
    _rmtree_safe_fd(stack, onexc)
  File "/opt/ohpc/pub/compiler/conda/latest/lib/python3.12/shutil.py", line 698, in _rmtree_safe_fd
    os.unlink(entry.name, dir_fd=topfd)
  File "/opt/ohpc/pub/compiler/conda/latest/lib/python3.12/shutil.py", line 703, in _rmtree_safe_fd
    onexc(func, path, err)
  File "/opt/ohpc/pub/compiler/conda/latest/lib/python3.12/shutil.py", line 750, in onexc
    return onerror(func, path, exc_info)
           ^^^^^^^^^^^^^^^^^^^^^^^^^^^^^
  File "/opt/ohpc/pub/compiler/conda/latest/lib/python3.12/shutil.py", line 700, in _rmtree_safe_fd
    onexc(os.unlink, fullname, err)
  File "/opt/ohpc/pub/compiler/conda/latest/lib/python3.12/shutil.py", line 750, in onexc
    return onerror(func, path, exc_info)
           ^^^^^^^^^^^^^^^^^^^^^^^^^^^^^
  File "/opt/ohpc/pub/compiler/conda/latest/lib/python3.12/shutil.py", line 698, in _rmtree_safe_fd
    os.unlink(entry.name, dir_fd=topfd)
OSError: [Errno 16] Device or resource busy: '/tmp/pymp-i2kl62yj'
OSError: [Errno 16] Device or resource busy: '/tmp/pymp-6mhq0g67'
  File "/opt/ohpc/pub/compiler/conda/latest/lib/python3.12/multiprocessing/util.py", line 303, in _run_finalizers
    finalizer()
  File "/opt/ohpc/pub/compiler/conda/latest/lib/python3.12/multiprocessing/util.py", line 227, in __call__
    res = self._callback(*self._args, **self._kwargs)
          ^^^^^^^^^^^^^^^^^^^^^^^^^^^^^^^^^^^^^^^^^^^
  File "/opt/ohpc/pub/compiler/conda/latest/lib/python3.12/multiprocessing/util.py", line 136, in _remove_temp_dir
    rmtree(tempdir, onerror=onerror)
  File "/opt/ohpc/pub/compiler/conda/latest/lib/python3.12/shutil.py", line 759, in rmtree
    _rmtree_safe_fd(stack, onexc)
  File "/opt/ohpc/pub/compiler/conda/latest/lib/python3.12/shutil.py", line 703, in _rmtree_safe_fd
    onexc(func, path, err)
  File "/opt/ohpc/pub/compiler/conda/latest/lib/python3.12/shutil.py", line 750, in onexc
    return onerror(func, path, exc_info)
           ^^^^^^^^^^^^^^^^^^^^^^^^^^^^^
  File "/opt/ohpc/pub/compiler/conda/latest/lib/python3.12/shutil.py", line 700, in _rmtree_safe_fd
    onexc(os.unlink, fullname, err)
  File "/opt/ohpc/pub/compiler/conda/latest/lib/python3.12/shutil.py", line 750, in onexc
    return onerror(func, path, exc_info)
           ^^^^^^^^^^^^^^^^^^^^^^^^^^^^^
  File "/opt/ohpc/pub/compiler/conda/latest/lib/python3.12/shutil.py", line 698, in _rmtree_safe_fd
    os.unlink(entry.name, dir_fd=topfd)
OSError: [Errno 16] Device or resource busy: '/tmp/pymp-qlj7yto2'
  File "/opt/ohpc/pub/compiler/conda/latest/lib/python3.12/multiprocessing/util.py", line 303, in _run_finalizers
    finalizer()
  File "/opt/ohpc/pub/compiler/conda/latest/lib/python3.12/multiprocessing/util.py", line 227, in __call__
    res = self._callback(*self._args, **self._kwargs)
          ^^^^^^^^^^^^^^^^^^^^^^^^^^^^^^^^^^^^^^^^^^^
  File "/opt/ohpc/pub/compiler/conda/latest/lib/python3.12/multiprocessing/util.py", line 136, in _remove_temp_dir
    rmtree(tempdir, onerror=onerror)
  File "/opt/ohpc/pub/compiler/conda/latest/lib/python3.12/shutil.py", line 759, in rmtree
    _rmtree_safe_fd(stack, onexc)
  File "/opt/ohpc/pub/compiler/conda/latest/lib/python3.12/shutil.py", line 703, in _rmtree_safe_fd
    onexc(func, path, err)
  File "/opt/ohpc/pub/compiler/conda/latest/lib/python3.12/shutil.py", line 750, in onexc
    return onerror(func, path, exc_info)
           ^^^^^^^^^^^^^^^^^^^^^^^^^^^^^
  File "/opt/ohpc/pub/compiler/conda/latest/lib/python3.12/shutil.py", line 700, in _rmtree_safe_fd
    onexc(os.unlink, fullname, err)
  File "/opt/ohpc/pub/compiler/conda/latest/lib/python3.12/shutil.py", line 750, in onexc
    return onerror(func, path, exc_info)
           ^^^^^^^^^^^^^^^^^^^^^^^^^^^^^
  File "/opt/ohpc/pub/compiler/conda/latest/lib/python3.12/shutil.py", line 698, in _rmtree_safe_fd
    os.unlink(entry.name, dir_fd=topfd)
OSError: [Errno 16] Device or resource busy: '/tmp/pymp-bjy4owi0'
  File "/opt/ohpc/pub/compiler/conda/latest/lib/python3.12/multiprocessing/util.py", line 303, in _run_finalizers
    finalizer()
  File "/opt/ohpc/pub/compiler/conda/latest/lib/python3.12/multiprocessing/util.py", line 303, in _run_finalizers
    finalizer()
  File "/opt/ohpc/pub/compiler/conda/latest/lib/python3.12/multiprocessing/util.py", line 227, in __call__
    res = self._callback(*self._args, **self._kwargs)
          ^^^^^^^^^^^^^^^^^^^^^^^^^^^^^^^^^^^^^^^^^^^
  File "/opt/ohpc/pub/compiler/conda/latest/lib/python3.12/multiprocessing/util.py", line 227, in __call__
    res = self._callback(*self._args, **self._kwargs)
          ^^^^^^^^^^^^^^^^^^^^^^^^^^^^^^^^^^^^^^^^^^^
  File "/opt/ohpc/pub/compiler/conda/latest/lib/python3.12/multiprocessing/util.py", line 136, in _remove_temp_dir
    rmtree(tempdir, onerror=onerror)
  File "/opt/ohpc/pub/compiler/conda/latest/lib/python3.12/multiprocessing/util.py", line 136, in _remove_temp_dir
    rmtree(tempdir, onerror=onerror)
  File "/opt/ohpc/pub/compiler/conda/latest/lib/python3.12/shutil.py", line 759, in rmtree
    _rmtree_safe_fd(stack, onexc)
  File "/opt/ohpc/pub/compiler/conda/latest/lib/python3.12/shutil.py", line 759, in rmtree
    _rmtree_safe_fd(stack, onexc)
  File "/opt/ohpc/pub/compiler/conda/latest/lib/python3.12/shutil.py", line 703, in _rmtree_safe_fd
    onexc(func, path, err)
  File "/opt/ohpc/pub/compiler/conda/latest/lib/python3.12/shutil.py", line 703, in _rmtree_safe_fd
    onexc(func, path, err)
  File "/opt/ohpc/pub/compiler/conda/latest/lib/python3.12/shutil.py", line 750, in onexc
    return onerror(func, path, exc_info)
           ^^^^^^^^^^^^^^^^^^^^^^^^^^^^^
  File "/opt/ohpc/pub/compiler/conda/latest/lib/python3.12/shutil.py", line 750, in onexc
    return onerror(func, path, exc_info)
           ^^^^^^^^^^^^^^^^^^^^^^^^^^^^^
  File "/opt/ohpc/pub/compiler/conda/latest/lib/python3.12/shutil.py", line 700, in _rmtree_safe_fd
    onexc(os.unlink, fullname, err)
  File "/opt/ohpc/pub/compiler/conda/latest/lib/python3.12/shutil.py", line 700, in _rmtree_safe_fd
    onexc(os.unlink, fullname, err)
  File "/opt/ohpc/pub/compiler/conda/latest/lib/python3.12/shutil.py", line 750, in onexc
    return onerror(func, path, exc_info)
           ^^^^^^^^^^^^^^^^^^^^^^^^^^^^^
  File "/opt/ohpc/pub/compiler/conda/latest/lib/python3.12/shutil.py", line 698, in _rmtree_safe_fd
    os.unlink(entry.name, dir_fd=topfd)
  File "/opt/ohpc/pub/compiler/conda/latest/lib/python3.12/shutil.py", line 750, in onexc
    return onerror(func, path, exc_info)
           ^^^^^^^^^^^^^^^^^^^^^^^^^^^^^
  File "/opt/ohpc/pub/compiler/conda/latest/lib/python3.12/shutil.py", line 698, in _rmtree_safe_fd
    os.unlink(entry.name, dir_fd=topfd)
OSError: [Errno 16] Device or resource busy: '/tmp/pymp-tu_0_yjl'
OSError: [Errno 16] Device or resource busy: '/tmp/pymp-imz9lfth'
Traceback (most recent call last):
Traceback (most recent call last):
Traceback (most recent call last):
  File "/opt/ohpc/pub/compiler/conda/latest/lib/python3.12/multiprocessing/util.py", line 303, in _run_finalizers
    finalizer()
  File "/opt/ohpc/pub/compiler/conda/latest/lib/python3.12/multiprocessing/util.py", line 227, in __call__
    res = self._callback(*self._args, **self._kwargs)
          ^^^^^^^^^^^^^^^^^^^^^^^^^^^^^^^^^^^^^^^^^^^
Traceback (most recent call last):
  File "/opt/ohpc/pub/compiler/conda/latest/lib/python3.12/multiprocessing/util.py", line 136, in _remove_temp_dir
    rmtree(tempdir, onerror=onerror)
  File "/opt/ohpc/pub/compiler/conda/latest/lib/python3.12/shutil.py", line 759, in rmtree
    _rmtree_safe_fd(stack, onexc)
  File "/opt/ohpc/pub/compiler/conda/latest/lib/python3.12/shutil.py", line 703, in _rmtree_safe_fd
    onexc(func, path, err)
  File "/opt/ohpc/pub/compiler/conda/latest/lib/python3.12/shutil.py", line 750, in onexc
    return onerror(func, path, exc_info)
           ^^^^^^^^^^^^^^^^^^^^^^^^^^^^^
  File "/opt/ohpc/pub/compiler/conda/latest/lib/python3.12/shutil.py", line 700, in _rmtree_safe_fd
    onexc(os.unlink, fullname, err)
  File "/opt/ohpc/pub/compiler/conda/latest/lib/python3.12/shutil.py", line 750, in onexc
    return onerror(func, path, exc_info)
           ^^^^^^^^^^^^^^^^^^^^^^^^^^^^^
  File "/opt/ohpc/pub/compiler/conda/latest/lib/python3.12/shutil.py", line 698, in _rmtree_safe_fd
    os.unlink(entry.name, dir_fd=topfd)
OSError: [Errno 16] Device or resource busy: '/tmp/pymp-lzgh6bel'
  File "/opt/ohpc/pub/compiler/conda/latest/lib/python3.12/multiprocessing/util.py", line 303, in _run_finalizers
    finalizer()
  File "/opt/ohpc/pub/compiler/conda/latest/lib/python3.12/multiprocessing/util.py", line 227, in __call__
    res = self._callback(*self._args, **self._kwargs)
          ^^^^^^^^^^^^^^^^^^^^^^^^^^^^^^^^^^^^^^^^^^^
  File "/opt/ohpc/pub/compiler/conda/latest/lib/python3.12/multiprocessing/util.py", line 136, in _remove_temp_dir
    rmtree(tempdir, onerror=onerror)
  File "/opt/ohpc/pub/compiler/conda/latest/lib/python3.12/shutil.py", line 759, in rmtree
    _rmtree_safe_fd(stack, onexc)
  File "/opt/ohpc/pub/compiler/conda/latest/lib/python3.12/shutil.py", line 703, in _rmtree_safe_fd
    onexc(func, path, err)
  File "/opt/ohpc/pub/compiler/conda/latest/lib/python3.12/shutil.py", line 750, in onexc
    return onerror(func, path, exc_info)
           ^^^^^^^^^^^^^^^^^^^^^^^^^^^^^
  File "/opt/ohpc/pub/compiler/conda/latest/lib/python3.12/shutil.py", line 700, in _rmtree_safe_fd
    onexc(os.unlink, fullname, err)
  File "/opt/ohpc/pub/compiler/conda/latest/lib/python3.12/shutil.py", line 750, in onexc
    return onerror(func, path, exc_info)
           ^^^^^^^^^^^^^^^^^^^^^^^^^^^^^
  File "/opt/ohpc/pub/compiler/conda/latest/lib/python3.12/shutil.py", line 698, in _rmtree_safe_fd
    os.unlink(entry.name, dir_fd=topfd)
  File "/opt/ohpc/pub/compiler/conda/latest/lib/python3.12/multiprocessing/util.py", line 303, in _run_finalizers
    finalizer()
  File "/opt/ohpc/pub/compiler/conda/latest/lib/python3.12/multiprocessing/util.py", line 227, in __call__
    res = self._callback(*self._args, **self._kwargs)
          ^^^^^^^^^^^^^^^^^^^^^^^^^^^^^^^^^^^^^^^^^^^
  File "/opt/ohpc/pub/compiler/conda/latest/lib/python3.12/multiprocessing/util.py", line 136, in _remove_temp_dir
    rmtree(tempdir, onerror=onerror)
OSError: [Errno 16] Device or resource busy: '/tmp/pymp-tc5eqr1c'
  File "/opt/ohpc/pub/compiler/conda/latest/lib/python3.12/shutil.py", line 759, in rmtree
    _rmtree_safe_fd(stack, onexc)
  File "/opt/ohpc/pub/compiler/conda/latest/lib/python3.12/shutil.py", line 703, in _rmtree_safe_fd
    onexc(func, path, err)
  File "/opt/ohpc/pub/compiler/conda/latest/lib/python3.12/shutil.py", line 750, in onexc
    return onerror(func, path, exc_info)
           ^^^^^^^^^^^^^^^^^^^^^^^^^^^^^
  File "/opt/ohpc/pub/compiler/conda/latest/lib/python3.12/shutil.py", line 700, in _rmtree_safe_fd
    onexc(os.unlink, fullname, err)
  File "/opt/ohpc/pub/compiler/conda/latest/lib/python3.12/shutil.py", line 750, in onexc
    return onerror(func, path, exc_info)
           ^^^^^^^^^^^^^^^^^^^^^^^^^^^^^
  File "/opt/ohpc/pub/compiler/conda/latest/lib/python3.12/shutil.py", line 698, in _rmtree_safe_fd
    os.unlink(entry.name, dir_fd=topfd)
Traceback (most recent call last):
OSError: [Errno 16] Device or resource busy: '/tmp/pymp-fbimyqtp'
  File "/opt/ohpc/pub/compiler/conda/latest/lib/python3.12/multiprocessing/util.py", line 303, in _run_finalizers
    finalizer()
  File "/opt/ohpc/pub/compiler/conda/latest/lib/python3.12/multiprocessing/util.py", line 227, in __call__
    res = self._callback(*self._args, **self._kwargs)
          ^^^^^^^^^^^^^^^^^^^^^^^^^^^^^^^^^^^^^^^^^^^
  File "/opt/ohpc/pub/compiler/conda/latest/lib/python3.12/multiprocessing/util.py", line 136, in _remove_temp_dir
    rmtree(tempdir, onerror=onerror)
  File "/opt/ohpc/pub/compiler/conda/latest/lib/python3.12/shutil.py", line 759, in rmtree
    _rmtree_safe_fd(stack, onexc)
  File "/opt/ohpc/pub/compiler/conda/latest/lib/python3.12/shutil.py", line 703, in _rmtree_safe_fd
    onexc(func, path, err)
  File "/opt/ohpc/pub/compiler/conda/latest/lib/python3.12/shutil.py", line 750, in onexc
    return onerror(func, path, exc_info)
           ^^^^^^^^^^^^^^^^^^^^^^^^^^^^^
  File "/opt/ohpc/pub/compiler/conda/latest/lib/python3.12/shutil.py", line 700, in _rmtree_safe_fd
    onexc(os.unlink, fullname, err)
Traceback (most recent call last):
  File "/opt/ohpc/pub/compiler/conda/latest/lib/python3.12/shutil.py", line 750, in onexc
    return onerror(func, path, exc_info)
           ^^^^^^^^^^^^^^^^^^^^^^^^^^^^^
Traceback (most recent call last):
  File "/opt/ohpc/pub/compiler/conda/latest/lib/python3.12/shutil.py", line 698, in _rmtree_safe_fd
    os.unlink(entry.name, dir_fd=topfd)
OSError: [Errno 16] Device or resource busy: '/tmp/pymp-tqar6w5f'
  File "/opt/ohpc/pub/compiler/conda/latest/lib/python3.12/multiprocessing/util.py", line 303, in _run_finalizers
    finalizer()
  File "/opt/ohpc/pub/compiler/conda/latest/lib/python3.12/multiprocessing/util.py", line 227, in __call__
    res = self._callback(*self._args, **self._kwargs)
          ^^^^^^^^^^^^^^^^^^^^^^^^^^^^^^^^^^^^^^^^^^^
  File "/opt/ohpc/pub/compiler/conda/latest/lib/python3.12/multiprocessing/util.py", line 136, in _remove_temp_dir
    rmtree(tempdir, onerror=onerror)
  File "/opt/ohpc/pub/compiler/conda/latest/lib/python3.12/shutil.py", line 759, in rmtree
    _rmtree_safe_fd(stack, onexc)
  File "/opt/ohpc/pub/compiler/conda/latest/lib/python3.12/shutil.py", line 703, in _rmtree_safe_fd
    onexc(func, path, err)
  File "/opt/ohpc/pub/compiler/conda/latest/lib/python3.12/shutil.py", line 750, in onexc
    return onerror(func, path, exc_info)
           ^^^^^^^^^^^^^^^^^^^^^^^^^^^^^
  File "/opt/ohpc/pub/compiler/conda/latest/lib/python3.12/shutil.py", line 700, in _rmtree_safe_fd
    onexc(os.unlink, fullname, err)
  File "/opt/ohpc/pub/compiler/conda/latest/lib/python3.12/shutil.py", line 750, in onexc
    return onerror(func, path, exc_info)
           ^^^^^^^^^^^^^^^^^^^^^^^^^^^^^
  File "/opt/ohpc/pub/compiler/conda/latest/lib/python3.12/multiprocessing/util.py", line 303, in _run_finalizers
    finalizer()
  File "/opt/ohpc/pub/compiler/conda/latest/lib/python3.12/shutil.py", line 698, in _rmtree_safe_fd
    os.unlink(entry.name, dir_fd=topfd)
  File "/opt/ohpc/pub/compiler/conda/latest/lib/python3.12/multiprocessing/util.py", line 227, in __call__
    res = self._callback(*self._args, **self._kwargs)
          ^^^^^^^^^^^^^^^^^^^^^^^^^^^^^^^^^^^^^^^^^^^
OSError: [Errno 16] Device or resource busy: '/tmp/pymp-qe0bdxw6'
  File "/opt/ohpc/pub/compiler/conda/latest/lib/python3.12/multiprocessing/util.py", line 303, in _run_finalizers
    finalizer()
  File "/opt/ohpc/pub/compiler/conda/latest/lib/python3.12/multiprocessing/util.py", line 136, in _remove_temp_dir
    rmtree(tempdir, onerror=onerror)
  File "/opt/ohpc/pub/compiler/conda/latest/lib/python3.12/shutil.py", line 759, in rmtree
    _rmtree_safe_fd(stack, onexc)
  File "/opt/ohpc/pub/compiler/conda/latest/lib/python3.12/shutil.py", line 703, in _rmtree_safe_fd
    onexc(func, path, err)
  File "/opt/ohpc/pub/compiler/conda/latest/lib/python3.12/multiprocessing/util.py", line 227, in __call__
    res = self._callback(*self._args, **self._kwargs)
          ^^^^^^^^^^^^^^^^^^^^^^^^^^^^^^^^^^^^^^^^^^^
  File "/opt/ohpc/pub/compiler/conda/latest/lib/python3.12/shutil.py", line 750, in onexc
    return onerror(func, path, exc_info)
           ^^^^^^^^^^^^^^^^^^^^^^^^^^^^^
  File "/opt/ohpc/pub/compiler/conda/latest/lib/python3.12/multiprocessing/util.py", line 136, in _remove_temp_dir
    rmtree(tempdir, onerror=onerror)
  File "/opt/ohpc/pub/compiler/conda/latest/lib/python3.12/shutil.py", line 700, in _rmtree_safe_fd
    onexc(os.unlink, fullname, err)
  File "/opt/ohpc/pub/compiler/conda/latest/lib/python3.12/shutil.py", line 759, in rmtree
    _rmtree_safe_fd(stack, onexc)
  File "/opt/ohpc/pub/compiler/conda/latest/lib/python3.12/shutil.py", line 750, in onexc
    return onerror(func, path, exc_info)
           ^^^^^^^^^^^^^^^^^^^^^^^^^^^^^
  File "/opt/ohpc/pub/compiler/conda/latest/lib/python3.12/shutil.py", line 703, in _rmtree_safe_fd
    onexc(func, path, err)
  File "/opt/ohpc/pub/compiler/conda/latest/lib/python3.12/shutil.py", line 698, in _rmtree_safe_fd
    os.unlink(entry.name, dir_fd=topfd)
  File "/opt/ohpc/pub/compiler/conda/latest/lib/python3.12/shutil.py", line 750, in onexc
    return onerror(func, path, exc_info)
           ^^^^^^^^^^^^^^^^^^^^^^^^^^^^^
  File "/opt/ohpc/pub/compiler/conda/latest/lib/python3.12/shutil.py", line 700, in _rmtree_safe_fd
    onexc(os.unlink, fullname, err)
  File "/opt/ohpc/pub/compiler/conda/latest/lib/python3.12/shutil.py", line 750, in onexc
    return onerror(func, path, exc_info)
           ^^^^^^^^^^^^^^^^^^^^^^^^^^^^^
  File "/opt/ohpc/pub/compiler/conda/latest/lib/python3.12/shutil.py", line 698, in _rmtree_safe_fd
    os.unlink(entry.name, dir_fd=topfd)
OSError: [Errno 16] Device or resource busy: '/tmp/pymp-or5ob9bk'
Traceback (most recent call last):
OSError: [Errno 16] Device or resource busy: '/tmp/pymp-e7ysf_gf'
Traceback (most recent call last):
  File "/opt/ohpc/pub/compiler/conda/latest/lib/python3.12/multiprocessing/util.py", line 303, in _run_finalizers
    finalizer()
  File "/opt/ohpc/pub/compiler/conda/latest/lib/python3.12/multiprocessing/util.py", line 227, in __call__
    res = self._callback(*self._args, **self._kwargs)
          ^^^^^^^^^^^^^^^^^^^^^^^^^^^^^^^^^^^^^^^^^^^
  File "/opt/ohpc/pub/compiler/conda/latest/lib/python3.12/multiprocessing/util.py", line 136, in _remove_temp_dir
    rmtree(tempdir, onerror=onerror)
  File "/opt/ohpc/pub/compiler/conda/latest/lib/python3.12/shutil.py", line 759, in rmtree
    _rmtree_safe_fd(stack, onexc)
  File "/opt/ohpc/pub/compiler/conda/latest/lib/python3.12/shutil.py", line 703, in _rmtree_safe_fd
    onexc(func, path, err)
  File "/opt/ohpc/pub/compiler/conda/latest/lib/python3.12/shutil.py", line 750, in onexc
    return onerror(func, path, exc_info)
           ^^^^^^^^^^^^^^^^^^^^^^^^^^^^^
  File "/opt/ohpc/pub/compiler/conda/latest/lib/python3.12/multiprocessing/util.py", line 303, in _run_finalizers
    finalizer()
  File "/opt/ohpc/pub/compiler/conda/latest/lib/python3.12/shutil.py", line 700, in _rmtree_safe_fd
    onexc(os.unlink, fullname, err)
  File "/opt/ohpc/pub/compiler/conda/latest/lib/python3.12/shutil.py", line 750, in onexc
    return onerror(func, path, exc_info)
           ^^^^^^^^^^^^^^^^^^^^^^^^^^^^^
  File "/opt/ohpc/pub/compiler/conda/latest/lib/python3.12/shutil.py", line 698, in _rmtree_safe_fd
    os.unlink(entry.name, dir_fd=topfd)
  File "/opt/ohpc/pub/compiler/conda/latest/lib/python3.12/multiprocessing/util.py", line 227, in __call__
    res = self._callback(*self._args, **self._kwargs)
          ^^^^^^^^^^^^^^^^^^^^^^^^^^^^^^^^^^^^^^^^^^^
  File "/opt/ohpc/pub/compiler/conda/latest/lib/python3.12/multiprocessing/util.py", line 136, in _remove_temp_dir
    rmtree(tempdir, onerror=onerror)
  File "/opt/ohpc/pub/compiler/conda/latest/lib/python3.12/shutil.py", line 759, in rmtree
    _rmtree_safe_fd(stack, onexc)
  File "/opt/ohpc/pub/compiler/conda/latest/lib/python3.12/shutil.py", line 703, in _rmtree_safe_fd
    onexc(func, path, err)
OSError: [Errno 16] Device or resource busy: '/tmp/pymp-nfglogai'
  File "/opt/ohpc/pub/compiler/conda/latest/lib/python3.12/shutil.py", line 750, in onexc
    return onerror(func, path, exc_info)
           ^^^^^^^^^^^^^^^^^^^^^^^^^^^^^
  File "/opt/ohpc/pub/compiler/conda/latest/lib/python3.12/shutil.py", line 700, in _rmtree_safe_fd
    onexc(os.unlink, fullname, err)
  File "/opt/ohpc/pub/compiler/conda/latest/lib/python3.12/shutil.py", line 750, in onexc
    return onerror(func, path, exc_info)
           ^^^^^^^^^^^^^^^^^^^^^^^^^^^^^
  File "/opt/ohpc/pub/compiler/conda/latest/lib/python3.12/shutil.py", line 698, in _rmtree_safe_fd
    os.unlink(entry.name, dir_fd=topfd)
OSError: [Errno 16] Device or resource busy: '/tmp/pymp-o26wah7y'
Traceback (most recent call last):
  File "/opt/ohpc/pub/compiler/conda/latest/lib/python3.12/multiprocessing/util.py", line 303, in _run_finalizers
    finalizer()
  File "/opt/ohpc/pub/compiler/conda/latest/lib/python3.12/multiprocessing/util.py", line 227, in __call__
    res = self._callback(*self._args, **self._kwargs)
          ^^^^^^^^^^^^^^^^^^^^^^^^^^^^^^^^^^^^^^^^^^^
  File "/opt/ohpc/pub/compiler/conda/latest/lib/python3.12/multiprocessing/util.py", line 136, in _remove_temp_dir
    rmtree(tempdir, onerror=onerror)
  File "/opt/ohpc/pub/compiler/conda/latest/lib/python3.12/shutil.py", line 759, in rmtree
    _rmtree_safe_fd(stack, onexc)
  File "/opt/ohpc/pub/compiler/conda/latest/lib/python3.12/shutil.py", line 703, in _rmtree_safe_fd
    onexc(func, path, err)
  File "/opt/ohpc/pub/compiler/conda/latest/lib/python3.12/shutil.py", line 750, in onexc
    return onerror(func, path, exc_info)
           ^^^^^^^^^^^^^^^^^^^^^^^^^^^^^
  File "/opt/ohpc/pub/compiler/conda/latest/lib/python3.12/shutil.py", line 700, in _rmtree_safe_fd
    onexc(os.unlink, fullname, err)
  File "/opt/ohpc/pub/compiler/conda/latest/lib/python3.12/shutil.py", line 750, in onexc
    return onerror(func, path, exc_info)
           ^^^^^^^^^^^^^^^^^^^^^^^^^^^^^
  File "/opt/ohpc/pub/compiler/conda/latest/lib/python3.12/shutil.py", line 698, in _rmtree_safe_fd
    os.unlink(entry.name, dir_fd=topfd)
OSError: [Errno 16] Device or resource busy: '/tmp/pymp-d_461uyp'
[val 007] loss=-0.5466 z_std=0.0460 rankme=32.397 lidar=10.170 areq=1.762 pr=1.62 align=0.2317 unif=-1.089 converged=False collapsed=False
  e008 it0000/62 lr=0.0025 loss=-0.5745 z_std=0.0634
  e008 it0010/62 lr=0.0026 loss=-0.5787 z_std=0.0634
  e008 it0020/62 lr=0.0026 loss=-0.5955 z_std=0.0632
  e008 it0030/62 lr=0.0027 loss=-0.6193 z_std=0.0630
  e008 it0040/62 lr=0.0027 loss=-0.6416 z_std=0.0630
  e008 it0050/62 lr=0.0028 loss=-0.6600 z_std=0.0630
  e008 it0060/62 lr=0.0028 loss=-0.6770 z_std=0.0631
[epoch 008] loss=-0.6784 z_std=0.0630 (healthy~0.0625) time=197.7s
Traceback (most recent call last):
Traceback (most recent call last):
Traceback (most recent call last):
  File "/opt/ohpc/pub/compiler/conda/latest/lib/python3.12/multiprocessing/util.py", line 303, in _run_finalizers
    finalizer()
  File "/opt/ohpc/pub/compiler/conda/latest/lib/python3.12/multiprocessing/util.py", line 227, in __call__
    res = self._callback(*self._args, **self._kwargs)
          ^^^^^^^^^^^^^^^^^^^^^^^^^^^^^^^^^^^^^^^^^^^
  File "/opt/ohpc/pub/compiler/conda/latest/lib/python3.12/multiprocessing/util.py", line 136, in _remove_temp_dir
    rmtree(tempdir, onerror=onerror)
  File "/opt/ohpc/pub/compiler/conda/latest/lib/python3.12/shutil.py", line 759, in rmtree
    _rmtree_safe_fd(stack, onexc)
  File "/opt/ohpc/pub/compiler/conda/latest/lib/python3.12/shutil.py", line 703, in _rmtree_safe_fd
    onexc(func, path, err)
  File "/opt/ohpc/pub/compiler/conda/latest/lib/python3.12/shutil.py", line 750, in onexc
    return onerror(func, path, exc_info)
           ^^^^^^^^^^^^^^^^^^^^^^^^^^^^^
  File "/opt/ohpc/pub/compiler/conda/latest/lib/python3.12/shutil.py", line 700, in _rmtree_safe_fd
    onexc(os.unlink, fullname, err)
  File "/opt/ohpc/pub/compiler/conda/latest/lib/python3.12/shutil.py", line 750, in onexc
    return onerror(func, path, exc_info)
           ^^^^^^^^^^^^^^^^^^^^^^^^^^^^^
  File "/opt/ohpc/pub/compiler/conda/latest/lib/python3.12/shutil.py", line 698, in _rmtree_safe_fd
    os.unlink(entry.name, dir_fd=topfd)
OSError: [Errno 16] Device or resource busy: '/tmp/pymp-4zp4yhm4'
  File "/opt/ohpc/pub/compiler/conda/latest/lib/python3.12/multiprocessing/util.py", line 303, in _run_finalizers
    finalizer()
  File "/opt/ohpc/pub/compiler/conda/latest/lib/python3.12/multiprocessing/util.py", line 303, in _run_finalizers
    finalizer()
  File "/opt/ohpc/pub/compiler/conda/latest/lib/python3.12/multiprocessing/util.py", line 227, in __call__
    res = self._callback(*self._args, **self._kwargs)
          ^^^^^^^^^^^^^^^^^^^^^^^^^^^^^^^^^^^^^^^^^^^
  File "/opt/ohpc/pub/compiler/conda/latest/lib/python3.12/multiprocessing/util.py", line 136, in _remove_temp_dir
    rmtree(tempdir, onerror=onerror)
  File "/opt/ohpc/pub/compiler/conda/latest/lib/python3.12/multiprocessing/util.py", line 227, in __call__
    res = self._callback(*self._args, **self._kwargs)
          ^^^^^^^^^^^^^^^^^^^^^^^^^^^^^^^^^^^^^^^^^^^
  File "/opt/ohpc/pub/compiler/conda/latest/lib/python3.12/shutil.py", line 759, in rmtree
    _rmtree_safe_fd(stack, onexc)
  File "/opt/ohpc/pub/compiler/conda/latest/lib/python3.12/multiprocessing/util.py", line 136, in _remove_temp_dir
    rmtree(tempdir, onerror=onerror)
  File "/opt/ohpc/pub/compiler/conda/latest/lib/python3.12/shutil.py", line 703, in _rmtree_safe_fd
    onexc(func, path, err)
  File "/opt/ohpc/pub/compiler/conda/latest/lib/python3.12/shutil.py", line 759, in rmtree
    _rmtree_safe_fd(stack, onexc)
  File "/opt/ohpc/pub/compiler/conda/latest/lib/python3.12/shutil.py", line 750, in onexc
    return onerror(func, path, exc_info)
           ^^^^^^^^^^^^^^^^^^^^^^^^^^^^^
  File "/opt/ohpc/pub/compiler/conda/latest/lib/python3.12/shutil.py", line 703, in _rmtree_safe_fd
    onexc(func, path, err)
  File "/opt/ohpc/pub/compiler/conda/latest/lib/python3.12/shutil.py", line 700, in _rmtree_safe_fd
    onexc(os.unlink, fullname, err)
  File "/opt/ohpc/pub/compiler/conda/latest/lib/python3.12/shutil.py", line 750, in onexc
    return onerror(func, path, exc_info)
           ^^^^^^^^^^^^^^^^^^^^^^^^^^^^^
  File "/opt/ohpc/pub/compiler/conda/latest/lib/python3.12/shutil.py", line 750, in onexc
    return onerror(func, path, exc_info)
           ^^^^^^^^^^^^^^^^^^^^^^^^^^^^^
  File "/opt/ohpc/pub/compiler/conda/latest/lib/python3.12/shutil.py", line 700, in _rmtree_safe_fd
    onexc(os.unlink, fullname, err)
  File "/opt/ohpc/pub/compiler/conda/latest/lib/python3.12/shutil.py", line 698, in _rmtree_safe_fd
    os.unlink(entry.name, dir_fd=topfd)
  File "/opt/ohpc/pub/compiler/conda/latest/lib/python3.12/shutil.py", line 750, in onexc
    return onerror(func, path, exc_info)
           ^^^^^^^^^^^^^^^^^^^^^^^^^^^^^
  File "/opt/ohpc/pub/compiler/conda/latest/lib/python3.12/shutil.py", line 698, in _rmtree_safe_fd
    os.unlink(entry.name, dir_fd=topfd)
OSError: [Errno 16] Device or resource busy: '/tmp/pymp-408_44ev'
OSError: [Errno 16] Device or resource busy: '/tmp/pymp-81ufagos'
Traceback (most recent call last):
Traceback (most recent call last):
Traceback (most recent call last):
Traceback (most recent call last):
  File "/opt/ohpc/pub/compiler/conda/latest/lib/python3.12/multiprocessing/util.py", line 303, in _run_finalizers
    finalizer()
  File "/opt/ohpc/pub/compiler/conda/latest/lib/python3.12/multiprocessing/util.py", line 227, in __call__
    res = self._callback(*self._args, **self._kwargs)
          ^^^^^^^^^^^^^^^^^^^^^^^^^^^^^^^^^^^^^^^^^^^
  File "/opt/ohpc/pub/compiler/conda/latest/lib/python3.12/multiprocessing/util.py", line 136, in _remove_temp_dir
    rmtree(tempdir, onerror=onerror)
  File "/opt/ohpc/pub/compiler/conda/latest/lib/python3.12/shutil.py", line 759, in rmtree
    _rmtree_safe_fd(stack, onexc)
  File "/opt/ohpc/pub/compiler/conda/latest/lib/python3.12/shutil.py", line 703, in _rmtree_safe_fd
    onexc(func, path, err)
  File "/opt/ohpc/pub/compiler/conda/latest/lib/python3.12/shutil.py", line 750, in onexc
    return onerror(func, path, exc_info)
           ^^^^^^^^^^^^^^^^^^^^^^^^^^^^^
  File "/opt/ohpc/pub/compiler/conda/latest/lib/python3.12/shutil.py", line 700, in _rmtree_safe_fd
    onexc(os.unlink, fullname, err)
  File "/opt/ohpc/pub/compiler/conda/latest/lib/python3.12/shutil.py", line 750, in onexc
    return onerror(func, path, exc_info)
           ^^^^^^^^^^^^^^^^^^^^^^^^^^^^^
  File "/opt/ohpc/pub/compiler/conda/latest/lib/python3.12/shutil.py", line 698, in _rmtree_safe_fd
    os.unlink(entry.name, dir_fd=topfd)
Traceback (most recent call last):
OSError: [Errno 16] Device or resource busy: '/tmp/pymp-4laf3_4n'
  File "/opt/ohpc/pub/compiler/conda/latest/lib/python3.12/multiprocessing/util.py", line 303, in _run_finalizers
    finalizer()
  File "/opt/ohpc/pub/compiler/conda/latest/lib/python3.12/multiprocessing/util.py", line 227, in __call__
    res = self._callback(*self._args, **self._kwargs)
          ^^^^^^^^^^^^^^^^^^^^^^^^^^^^^^^^^^^^^^^^^^^
  File "/opt/ohpc/pub/compiler/conda/latest/lib/python3.12/multiprocessing/util.py", line 136, in _remove_temp_dir
    rmtree(tempdir, onerror=onerror)
  File "/opt/ohpc/pub/compiler/conda/latest/lib/python3.12/shutil.py", line 759, in rmtree
    _rmtree_safe_fd(stack, onexc)
  File "/opt/ohpc/pub/compiler/conda/latest/lib/python3.12/shutil.py", line 703, in _rmtree_safe_fd
    onexc(func, path, err)
  File "/opt/ohpc/pub/compiler/conda/latest/lib/python3.12/shutil.py", line 750, in onexc
    return onerror(func, path, exc_info)
           ^^^^^^^^^^^^^^^^^^^^^^^^^^^^^
  File "/opt/ohpc/pub/compiler/conda/latest/lib/python3.12/shutil.py", line 700, in _rmtree_safe_fd
    onexc(os.unlink, fullname, err)
  File "/opt/ohpc/pub/compiler/conda/latest/lib/python3.12/shutil.py", line 750, in onexc
    return onerror(func, path, exc_info)
           ^^^^^^^^^^^^^^^^^^^^^^^^^^^^^
  File "/opt/ohpc/pub/compiler/conda/latest/lib/python3.12/shutil.py", line 698, in _rmtree_safe_fd
    os.unlink(entry.name, dir_fd=topfd)
  File "/opt/ohpc/pub/compiler/conda/latest/lib/python3.12/multiprocessing/util.py", line 303, in _run_finalizers
    finalizer()
OSError: [Errno 16] Device or resource busy: '/tmp/pymp-fqm1je4y'
  File "/opt/ohpc/pub/compiler/conda/latest/lib/python3.12/multiprocessing/util.py", line 227, in __call__
    res = self._callback(*self._args, **self._kwargs)
          ^^^^^^^^^^^^^^^^^^^^^^^^^^^^^^^^^^^^^^^^^^^
  File "/opt/ohpc/pub/compiler/conda/latest/lib/python3.12/multiprocessing/util.py", line 136, in _remove_temp_dir
    rmtree(tempdir, onerror=onerror)
  File "/opt/ohpc/pub/compiler/conda/latest/lib/python3.12/shutil.py", line 759, in rmtree
    _rmtree_safe_fd(stack, onexc)
  File "/opt/ohpc/pub/compiler/conda/latest/lib/python3.12/shutil.py", line 703, in _rmtree_safe_fd
    onexc(func, path, err)
  File "/opt/ohpc/pub/compiler/conda/latest/lib/python3.12/shutil.py", line 750, in onexc
    return onerror(func, path, exc_info)
           ^^^^^^^^^^^^^^^^^^^^^^^^^^^^^
  File "/opt/ohpc/pub/compiler/conda/latest/lib/python3.12/shutil.py", line 700, in _rmtree_safe_fd
    onexc(os.unlink, fullname, err)
  File "/opt/ohpc/pub/compiler/conda/latest/lib/python3.12/shutil.py", line 750, in onexc
    return onerror(func, path, exc_info)
           ^^^^^^^^^^^^^^^^^^^^^^^^^^^^^
  File "/opt/ohpc/pub/compiler/conda/latest/lib/python3.12/shutil.py", line 698, in _rmtree_safe_fd
    os.unlink(entry.name, dir_fd=topfd)
OSError: [Errno 16] Device or resource busy: '/tmp/pymp-wfpiahuw'
  File "/opt/ohpc/pub/compiler/conda/latest/lib/python3.12/multiprocessing/util.py", line 303, in _run_finalizers
    finalizer()
  File "/opt/ohpc/pub/compiler/conda/latest/lib/python3.12/multiprocessing/util.py", line 227, in __call__
    res = self._callback(*self._args, **self._kwargs)
          ^^^^^^^^^^^^^^^^^^^^^^^^^^^^^^^^^^^^^^^^^^^
  File "/opt/ohpc/pub/compiler/conda/latest/lib/python3.12/multiprocessing/util.py", line 136, in _remove_temp_dir
    rmtree(tempdir, onerror=onerror)
  File "/opt/ohpc/pub/compiler/conda/latest/lib/python3.12/shutil.py", line 759, in rmtree
    _rmtree_safe_fd(stack, onexc)
  File "/opt/ohpc/pub/compiler/conda/latest/lib/python3.12/shutil.py", line 703, in _rmtree_safe_fd
    onexc(func, path, err)
  File "/opt/ohpc/pub/compiler/conda/latest/lib/python3.12/shutil.py", line 750, in onexc
    return onerror(func, path, exc_info)
           ^^^^^^^^^^^^^^^^^^^^^^^^^^^^^
  File "/opt/ohpc/pub/compiler/conda/latest/lib/python3.12/shutil.py", line 700, in _rmtree_safe_fd
    onexc(os.unlink, fullname, err)
  File "/opt/ohpc/pub/compiler/conda/latest/lib/python3.12/shutil.py", line 750, in onexc
    return onerror(func, path, exc_info)
           ^^^^^^^^^^^^^^^^^^^^^^^^^^^^^
  File "/opt/ohpc/pub/compiler/conda/latest/lib/python3.12/shutil.py", line 698, in _rmtree_safe_fd
    os.unlink(entry.name, dir_fd=topfd)
OSError: [Errno 16] Device or resource busy: '/tmp/pymp-e4o7vonp'
  File "/opt/ohpc/pub/compiler/conda/latest/lib/python3.12/multiprocessing/util.py", line 303, in _run_finalizers
    finalizer()
  File "/opt/ohpc/pub/compiler/conda/latest/lib/python3.12/multiprocessing/util.py", line 227, in __call__
    res = self._callback(*self._args, **self._kwargs)
          ^^^^^^^^^^^^^^^^^^^^^^^^^^^^^^^^^^^^^^^^^^^
  File "/opt/ohpc/pub/compiler/conda/latest/lib/python3.12/multiprocessing/util.py", line 136, in _remove_temp_dir
    rmtree(tempdir, onerror=onerror)
  File "/opt/ohpc/pub/compiler/conda/latest/lib/python3.12/shutil.py", line 759, in rmtree
    _rmtree_safe_fd(stack, onexc)
  File "/opt/ohpc/pub/compiler/conda/latest/lib/python3.12/shutil.py", line 703, in _rmtree_safe_fd
    onexc(func, path, err)
  File "/opt/ohpc/pub/compiler/conda/latest/lib/python3.12/shutil.py", line 750, in onexc
    return onerror(func, path, exc_info)
           ^^^^^^^^^^^^^^^^^^^^^^^^^^^^^
  File "/opt/ohpc/pub/compiler/conda/latest/lib/python3.12/shutil.py", line 700, in _rmtree_safe_fd
    onexc(os.unlink, fullname, err)
  File "/opt/ohpc/pub/compiler/conda/latest/lib/python3.12/shutil.py", line 750, in onexc
    return onerror(func, path, exc_info)
           ^^^^^^^^^^^^^^^^^^^^^^^^^^^^^
  File "/opt/ohpc/pub/compiler/conda/latest/lib/python3.12/shutil.py", line 698, in _rmtree_safe_fd
    os.unlink(entry.name, dir_fd=topfd)
OSError: [Errno 16] Device or resource busy: '/tmp/pymp-bw0v4v7_'
Traceback (most recent call last):
Traceback (most recent call last):
  File "/opt/ohpc/pub/compiler/conda/latest/lib/python3.12/multiprocessing/util.py", line 303, in _run_finalizers
    finalizer()
  File "/opt/ohpc/pub/compiler/conda/latest/lib/python3.12/multiprocessing/util.py", line 303, in _run_finalizers
    finalizer()
  File "/opt/ohpc/pub/compiler/conda/latest/lib/python3.12/multiprocessing/util.py", line 227, in __call__
    res = self._callback(*self._args, **self._kwargs)
          ^^^^^^^^^^^^^^^^^^^^^^^^^^^^^^^^^^^^^^^^^^^
  File "/opt/ohpc/pub/compiler/conda/latest/lib/python3.12/multiprocessing/util.py", line 136, in _remove_temp_dir
    rmtree(tempdir, onerror=onerror)
  File "/opt/ohpc/pub/compiler/conda/latest/lib/python3.12/shutil.py", line 759, in rmtree
    _rmtree_safe_fd(stack, onexc)
  File "/opt/ohpc/pub/compiler/conda/latest/lib/python3.12/multiprocessing/util.py", line 227, in __call__
    res = self._callback(*self._args, **self._kwargs)
          ^^^^^^^^^^^^^^^^^^^^^^^^^^^^^^^^^^^^^^^^^^^
  File "/opt/ohpc/pub/compiler/conda/latest/lib/python3.12/shutil.py", line 703, in _rmtree_safe_fd
    onexc(func, path, err)
  File "/opt/ohpc/pub/compiler/conda/latest/lib/python3.12/multiprocessing/util.py", line 136, in _remove_temp_dir
    rmtree(tempdir, onerror=onerror)
  File "/opt/ohpc/pub/compiler/conda/latest/lib/python3.12/shutil.py", line 750, in onexc
    return onerror(func, path, exc_info)
           ^^^^^^^^^^^^^^^^^^^^^^^^^^^^^
  File "/opt/ohpc/pub/compiler/conda/latest/lib/python3.12/shutil.py", line 759, in rmtree
    _rmtree_safe_fd(stack, onexc)
  File "/opt/ohpc/pub/compiler/conda/latest/lib/python3.12/shutil.py", line 700, in _rmtree_safe_fd
    onexc(os.unlink, fullname, err)
  File "/opt/ohpc/pub/compiler/conda/latest/lib/python3.12/shutil.py", line 703, in _rmtree_safe_fd
    onexc(func, path, err)
  File "/opt/ohpc/pub/compiler/conda/latest/lib/python3.12/shutil.py", line 750, in onexc
    return onerror(func, path, exc_info)
           ^^^^^^^^^^^^^^^^^^^^^^^^^^^^^
  File "/opt/ohpc/pub/compiler/conda/latest/lib/python3.12/shutil.py", line 698, in _rmtree_safe_fd
    os.unlink(entry.name, dir_fd=topfd)
  File "/opt/ohpc/pub/compiler/conda/latest/lib/python3.12/shutil.py", line 750, in onexc
    return onerror(func, path, exc_info)
           ^^^^^^^^^^^^^^^^^^^^^^^^^^^^^
  File "/opt/ohpc/pub/compiler/conda/latest/lib/python3.12/shutil.py", line 700, in _rmtree_safe_fd
    onexc(os.unlink, fullname, err)
  File "/opt/ohpc/pub/compiler/conda/latest/lib/python3.12/shutil.py", line 750, in onexc
    return onerror(func, path, exc_info)
           ^^^^^^^^^^^^^^^^^^^^^^^^^^^^^
  File "/opt/ohpc/pub/compiler/conda/latest/lib/python3.12/shutil.py", line 698, in _rmtree_safe_fd
    os.unlink(entry.name, dir_fd=topfd)
OSError: [Errno 16] Device or resource busy: '/tmp/pymp-dtuob3_5'
OSError: [Errno 16] Device or resource busy: '/tmp/pymp-75cch80y'
Traceback (most recent call last):
Traceback (most recent call last):
Traceback (most recent call last):
Traceback (most recent call last):
  File "/opt/ohpc/pub/compiler/conda/latest/lib/python3.12/multiprocessing/util.py", line 303, in _run_finalizers
    finalizer()
  File "/opt/ohpc/pub/compiler/conda/latest/lib/python3.12/multiprocessing/util.py", line 303, in _run_finalizers
    finalizer()
  File "/opt/ohpc/pub/compiler/conda/latest/lib/python3.12/multiprocessing/util.py", line 227, in __call__
    res = self._callback(*self._args, **self._kwargs)
          ^^^^^^^^^^^^^^^^^^^^^^^^^^^^^^^^^^^^^^^^^^^
  File "/opt/ohpc/pub/compiler/conda/latest/lib/python3.12/multiprocessing/util.py", line 227, in __call__
    res = self._callback(*self._args, **self._kwargs)
          ^^^^^^^^^^^^^^^^^^^^^^^^^^^^^^^^^^^^^^^^^^^
  File "/opt/ohpc/pub/compiler/conda/latest/lib/python3.12/multiprocessing/util.py", line 136, in _remove_temp_dir
    rmtree(tempdir, onerror=onerror)
  File "/opt/ohpc/pub/compiler/conda/latest/lib/python3.12/multiprocessing/util.py", line 136, in _remove_temp_dir
    rmtree(tempdir, onerror=onerror)
  File "/opt/ohpc/pub/compiler/conda/latest/lib/python3.12/shutil.py", line 759, in rmtree
    _rmtree_safe_fd(stack, onexc)
  File "/opt/ohpc/pub/compiler/conda/latest/lib/python3.12/shutil.py", line 759, in rmtree
    _rmtree_safe_fd(stack, onexc)
  File "/opt/ohpc/pub/compiler/conda/latest/lib/python3.12/shutil.py", line 703, in _rmtree_safe_fd
    onexc(func, path, err)
  File "/opt/ohpc/pub/compiler/conda/latest/lib/python3.12/shutil.py", line 703, in _rmtree_safe_fd
    onexc(func, path, err)
  File "/opt/ohpc/pub/compiler/conda/latest/lib/python3.12/shutil.py", line 750, in onexc
    return onerror(func, path, exc_info)
           ^^^^^^^^^^^^^^^^^^^^^^^^^^^^^
  File "/opt/ohpc/pub/compiler/conda/latest/lib/python3.12/shutil.py", line 750, in onexc
    return onerror(func, path, exc_info)
           ^^^^^^^^^^^^^^^^^^^^^^^^^^^^^
  File "/opt/ohpc/pub/compiler/conda/latest/lib/python3.12/shutil.py", line 700, in _rmtree_safe_fd
    onexc(os.unlink, fullname, err)
  File "/opt/ohpc/pub/compiler/conda/latest/lib/python3.12/shutil.py", line 700, in _rmtree_safe_fd
    onexc(os.unlink, fullname, err)
  File "/opt/ohpc/pub/compiler/conda/latest/lib/python3.12/shutil.py", line 750, in onexc
    return onerror(func, path, exc_info)
           ^^^^^^^^^^^^^^^^^^^^^^^^^^^^^
  File "/opt/ohpc/pub/compiler/conda/latest/lib/python3.12/shutil.py", line 750, in onexc
    return onerror(func, path, exc_info)
           ^^^^^^^^^^^^^^^^^^^^^^^^^^^^^
  File "/opt/ohpc/pub/compiler/conda/latest/lib/python3.12/shutil.py", line 698, in _rmtree_safe_fd
    os.unlink(entry.name, dir_fd=topfd)
Traceback (most recent call last):
  File "/opt/ohpc/pub/compiler/conda/latest/lib/python3.12/shutil.py", line 698, in _rmtree_safe_fd
    os.unlink(entry.name, dir_fd=topfd)
  File "/opt/ohpc/pub/compiler/conda/latest/lib/python3.12/multiprocessing/util.py", line 303, in _run_finalizers
    finalizer()
OSError: [Errno 16] Device or resource busy: '/tmp/pymp-b_rj2pn3'
OSError: [Errno 16] Device or resource busy: '/tmp/pymp-qtlqjsle'
  File "/opt/ohpc/pub/compiler/conda/latest/lib/python3.12/multiprocessing/util.py", line 227, in __call__
    res = self._callback(*self._args, **self._kwargs)
          ^^^^^^^^^^^^^^^^^^^^^^^^^^^^^^^^^^^^^^^^^^^
  File "/opt/ohpc/pub/compiler/conda/latest/lib/python3.12/multiprocessing/util.py", line 136, in _remove_temp_dir
    rmtree(tempdir, onerror=onerror)
  File "/opt/ohpc/pub/compiler/conda/latest/lib/python3.12/shutil.py", line 759, in rmtree
    _rmtree_safe_fd(stack, onexc)
  File "/opt/ohpc/pub/compiler/conda/latest/lib/python3.12/shutil.py", line 703, in _rmtree_safe_fd
    onexc(func, path, err)
  File "/opt/ohpc/pub/compiler/conda/latest/lib/python3.12/shutil.py", line 750, in onexc
    return onerror(func, path, exc_info)
           ^^^^^^^^^^^^^^^^^^^^^^^^^^^^^
  File "/opt/ohpc/pub/compiler/conda/latest/lib/python3.12/shutil.py", line 700, in _rmtree_safe_fd
    onexc(os.unlink, fullname, err)
  File "/opt/ohpc/pub/compiler/conda/latest/lib/python3.12/shutil.py", line 750, in onexc
    return onerror(func, path, exc_info)
           ^^^^^^^^^^^^^^^^^^^^^^^^^^^^^
  File "/opt/ohpc/pub/compiler/conda/latest/lib/python3.12/shutil.py", line 698, in _rmtree_safe_fd
    os.unlink(entry.name, dir_fd=topfd)
OSError: [Errno 16] Device or resource busy: '/tmp/pymp-amltg7i7'
Traceback (most recent call last):
Traceback (most recent call last):
Traceback (most recent call last):
  File "/opt/ohpc/pub/compiler/conda/latest/lib/python3.12/multiprocessing/util.py", line 303, in _run_finalizers
    finalizer()
  File "/opt/ohpc/pub/compiler/conda/latest/lib/python3.12/multiprocessing/util.py", line 227, in __call__
    res = self._callback(*self._args, **self._kwargs)
          ^^^^^^^^^^^^^^^^^^^^^^^^^^^^^^^^^^^^^^^^^^^
  File "/opt/ohpc/pub/compiler/conda/latest/lib/python3.12/multiprocessing/util.py", line 136, in _remove_temp_dir
    rmtree(tempdir, onerror=onerror)
  File "/opt/ohpc/pub/compiler/conda/latest/lib/python3.12/shutil.py", line 759, in rmtree
    _rmtree_safe_fd(stack, onexc)
  File "/opt/ohpc/pub/compiler/conda/latest/lib/python3.12/shutil.py", line 703, in _rmtree_safe_fd
    onexc(func, path, err)
  File "/opt/ohpc/pub/compiler/conda/latest/lib/python3.12/shutil.py", line 750, in onexc
    return onerror(func, path, exc_info)
           ^^^^^^^^^^^^^^^^^^^^^^^^^^^^^
  File "/opt/ohpc/pub/compiler/conda/latest/lib/python3.12/shutil.py", line 700, in _rmtree_safe_fd
    onexc(os.unlink, fullname, err)
  File "/opt/ohpc/pub/compiler/conda/latest/lib/python3.12/shutil.py", line 750, in onexc
    return onerror(func, path, exc_info)
           ^^^^^^^^^^^^^^^^^^^^^^^^^^^^^
  File "/opt/ohpc/pub/compiler/conda/latest/lib/python3.12/shutil.py", line 698, in _rmtree_safe_fd
    os.unlink(entry.name, dir_fd=topfd)
OSError: [Errno 16] Device or resource busy: '/tmp/pymp-ogvo11qc'
  File "/opt/ohpc/pub/compiler/conda/latest/lib/python3.12/multiprocessing/util.py", line 303, in _run_finalizers
    finalizer()
  File "/opt/ohpc/pub/compiler/conda/latest/lib/python3.12/multiprocessing/util.py", line 227, in __call__
    res = self._callback(*self._args, **self._kwargs)
          ^^^^^^^^^^^^^^^^^^^^^^^^^^^^^^^^^^^^^^^^^^^
  File "/opt/ohpc/pub/compiler/conda/latest/lib/python3.12/multiprocessing/util.py", line 136, in _remove_temp_dir
    rmtree(tempdir, onerror=onerror)
  File "/opt/ohpc/pub/compiler/conda/latest/lib/python3.12/shutil.py", line 759, in rmtree
    _rmtree_safe_fd(stack, onexc)
  File "/opt/ohpc/pub/compiler/conda/latest/lib/python3.12/shutil.py", line 703, in _rmtree_safe_fd
    onexc(func, path, err)
  File "/opt/ohpc/pub/compiler/conda/latest/lib/python3.12/shutil.py", line 750, in onexc
    return onerror(func, path, exc_info)
           ^^^^^^^^^^^^^^^^^^^^^^^^^^^^^
  File "/opt/ohpc/pub/compiler/conda/latest/lib/python3.12/shutil.py", line 700, in _rmtree_safe_fd
    onexc(os.unlink, fullname, err)
  File "/opt/ohpc/pub/compiler/conda/latest/lib/python3.12/shutil.py", line 750, in onexc
    return onerror(func, path, exc_info)
           ^^^^^^^^^^^^^^^^^^^^^^^^^^^^^
  File "/opt/ohpc/pub/compiler/conda/latest/lib/python3.12/shutil.py", line 698, in _rmtree_safe_fd
    os.unlink(entry.name, dir_fd=topfd)
OSError: [Errno 16] Device or resource busy: '/tmp/pymp-rnzfawvg'
  File "/opt/ohpc/pub/compiler/conda/latest/lib/python3.12/multiprocessing/util.py", line 303, in _run_finalizers
    finalizer()
  File "/opt/ohpc/pub/compiler/conda/latest/lib/python3.12/multiprocessing/util.py", line 227, in __call__
    res = self._callback(*self._args, **self._kwargs)
          ^^^^^^^^^^^^^^^^^^^^^^^^^^^^^^^^^^^^^^^^^^^
  File "/opt/ohpc/pub/compiler/conda/latest/lib/python3.12/multiprocessing/util.py", line 136, in _remove_temp_dir
    rmtree(tempdir, onerror=onerror)
  File "/opt/ohpc/pub/compiler/conda/latest/lib/python3.12/shutil.py", line 759, in rmtree
    _rmtree_safe_fd(stack, onexc)
  File "/opt/ohpc/pub/compiler/conda/latest/lib/python3.12/shutil.py", line 703, in _rmtree_safe_fd
    onexc(func, path, err)
  File "/opt/ohpc/pub/compiler/conda/latest/lib/python3.12/shutil.py", line 750, in onexc
    return onerror(func, path, exc_info)
           ^^^^^^^^^^^^^^^^^^^^^^^^^^^^^
  File "/opt/ohpc/pub/compiler/conda/latest/lib/python3.12/shutil.py", line 700, in _rmtree_safe_fd
    onexc(os.unlink, fullname, err)
  File "/opt/ohpc/pub/compiler/conda/latest/lib/python3.12/shutil.py", line 750, in onexc
    return onerror(func, path, exc_info)
           ^^^^^^^^^^^^^^^^^^^^^^^^^^^^^
  File "/opt/ohpc/pub/compiler/conda/latest/lib/python3.12/shutil.py", line 698, in _rmtree_safe_fd
    os.unlink(entry.name, dir_fd=topfd)
  File "/opt/ohpc/pub/compiler/conda/latest/lib/python3.12/multiprocessing/util.py", line 303, in _run_finalizers
    finalizer()
OSError: [Errno 16] Device or resource busy: '/tmp/pymp-513sye75'
  File "/opt/ohpc/pub/compiler/conda/latest/lib/python3.12/multiprocessing/util.py", line 227, in __call__
    res = self._callback(*self._args, **self._kwargs)
          ^^^^^^^^^^^^^^^^^^^^^^^^^^^^^^^^^^^^^^^^^^^
  File "/opt/ohpc/pub/compiler/conda/latest/lib/python3.12/multiprocessing/util.py", line 136, in _remove_temp_dir
    rmtree(tempdir, onerror=onerror)
  File "/opt/ohpc/pub/compiler/conda/latest/lib/python3.12/shutil.py", line 759, in rmtree
    _rmtree_safe_fd(stack, onexc)
  File "/opt/ohpc/pub/compiler/conda/latest/lib/python3.12/shutil.py", line 703, in _rmtree_safe_fd
    onexc(func, path, err)
  File "/opt/ohpc/pub/compiler/conda/latest/lib/python3.12/shutil.py", line 750, in onexc
    return onerror(func, path, exc_info)
           ^^^^^^^^^^^^^^^^^^^^^^^^^^^^^
  File "/opt/ohpc/pub/compiler/conda/latest/lib/python3.12/shutil.py", line 700, in _rmtree_safe_fd
    onexc(os.unlink, fullname, err)
  File "/opt/ohpc/pub/compiler/conda/latest/lib/python3.12/shutil.py", line 750, in onexc
    return onerror(func, path, exc_info)
           ^^^^^^^^^^^^^^^^^^^^^^^^^^^^^
  File "/opt/ohpc/pub/compiler/conda/latest/lib/python3.12/shutil.py", line 698, in _rmtree_safe_fd
    os.unlink(entry.name, dir_fd=topfd)
OSError: [Errno 16] Device or resource busy: '/tmp/pymp-qoqk7g8h'
  File "/opt/ohpc/pub/compiler/conda/latest/lib/python3.12/multiprocessing/util.py", line 303, in _run_finalizers
    finalizer()
Traceback (most recent call last):
  File "/opt/ohpc/pub/compiler/conda/latest/lib/python3.12/multiprocessing/util.py", line 227, in __call__
    res = self._callback(*self._args, **self._kwargs)
          ^^^^^^^^^^^^^^^^^^^^^^^^^^^^^^^^^^^^^^^^^^^
  File "/opt/ohpc/pub/compiler/conda/latest/lib/python3.12/multiprocessing/util.py", line 136, in _remove_temp_dir
    rmtree(tempdir, onerror=onerror)
  File "/opt/ohpc/pub/compiler/conda/latest/lib/python3.12/shutil.py", line 759, in rmtree
    _rmtree_safe_fd(stack, onexc)
  File "/opt/ohpc/pub/compiler/conda/latest/lib/python3.12/shutil.py", line 703, in _rmtree_safe_fd
    onexc(func, path, err)
  File "/opt/ohpc/pub/compiler/conda/latest/lib/python3.12/shutil.py", line 750, in onexc
    return onerror(func, path, exc_info)
           ^^^^^^^^^^^^^^^^^^^^^^^^^^^^^
  File "/opt/ohpc/pub/compiler/conda/latest/lib/python3.12/shutil.py", line 700, in _rmtree_safe_fd
    onexc(os.unlink, fullname, err)
  File "/opt/ohpc/pub/compiler/conda/latest/lib/python3.12/shutil.py", line 750, in onexc
    return onerror(func, path, exc_info)
           ^^^^^^^^^^^^^^^^^^^^^^^^^^^^^
  File "/opt/ohpc/pub/compiler/conda/latest/lib/python3.12/shutil.py", line 698, in _rmtree_safe_fd
    os.unlink(entry.name, dir_fd=topfd)
OSError: [Errno 16] Device or resource busy: '/tmp/pymp-esm5yj3e'
  File "/opt/ohpc/pub/compiler/conda/latest/lib/python3.12/multiprocessing/util.py", line 303, in _run_finalizers
    finalizer()
  File "/opt/ohpc/pub/compiler/conda/latest/lib/python3.12/multiprocessing/util.py", line 227, in __call__
    res = self._callback(*self._args, **self._kwargs)
          ^^^^^^^^^^^^^^^^^^^^^^^^^^^^^^^^^^^^^^^^^^^
  File "/opt/ohpc/pub/compiler/conda/latest/lib/python3.12/multiprocessing/util.py", line 136, in _remove_temp_dir
    rmtree(tempdir, onerror=onerror)
  File "/opt/ohpc/pub/compiler/conda/latest/lib/python3.12/shutil.py", line 759, in rmtree
    _rmtree_safe_fd(stack, onexc)
  File "/opt/ohpc/pub/compiler/conda/latest/lib/python3.12/shutil.py", line 703, in _rmtree_safe_fd
    onexc(func, path, err)
  File "/opt/ohpc/pub/compiler/conda/latest/lib/python3.12/shutil.py", line 750, in onexc
    return onerror(func, path, exc_info)
           ^^^^^^^^^^^^^^^^^^^^^^^^^^^^^
  File "/opt/ohpc/pub/compiler/conda/latest/lib/python3.12/shutil.py", line 700, in _rmtree_safe_fd
    onexc(os.unlink, fullname, err)
  File "/opt/ohpc/pub/compiler/conda/latest/lib/python3.12/shutil.py", line 750, in onexc
    return onerror(func, path, exc_info)
           ^^^^^^^^^^^^^^^^^^^^^^^^^^^^^
  File "/opt/ohpc/pub/compiler/conda/latest/lib/python3.12/shutil.py", line 698, in _rmtree_safe_fd
    os.unlink(entry.name, dir_fd=topfd)
OSError: [Errno 16] Device or resource busy: '/tmp/pymp-znmczl_v'
Traceback (most recent call last):
  File "/opt/ohpc/pub/compiler/conda/latest/lib/python3.12/multiprocessing/util.py", line 303, in _run_finalizers
    finalizer()
  File "/opt/ohpc/pub/compiler/conda/latest/lib/python3.12/multiprocessing/util.py", line 227, in __call__
    res = self._callback(*self._args, **self._kwargs)
          ^^^^^^^^^^^^^^^^^^^^^^^^^^^^^^^^^^^^^^^^^^^
  File "/opt/ohpc/pub/compiler/conda/latest/lib/python3.12/multiprocessing/util.py", line 136, in _remove_temp_dir
    rmtree(tempdir, onerror=onerror)
  File "/opt/ohpc/pub/compiler/conda/latest/lib/python3.12/shutil.py", line 759, in rmtree
    _rmtree_safe_fd(stack, onexc)
  File "/opt/ohpc/pub/compiler/conda/latest/lib/python3.12/shutil.py", line 703, in _rmtree_safe_fd
    onexc(func, path, err)
  File "/opt/ohpc/pub/compiler/conda/latest/lib/python3.12/shutil.py", line 750, in onexc
    return onerror(func, path, exc_info)
           ^^^^^^^^^^^^^^^^^^^^^^^^^^^^^
  File "/opt/ohpc/pub/compiler/conda/latest/lib/python3.12/shutil.py", line 700, in _rmtree_safe_fd
    onexc(os.unlink, fullname, err)
  File "/opt/ohpc/pub/compiler/conda/latest/lib/python3.12/shutil.py", line 750, in onexc
    return onerror(func, path, exc_info)
           ^^^^^^^^^^^^^^^^^^^^^^^^^^^^^
  File "/opt/ohpc/pub/compiler/conda/latest/lib/python3.12/shutil.py", line 698, in _rmtree_safe_fd
    os.unlink(entry.name, dir_fd=topfd)
OSError: [Errno 16] Device or resource busy: '/tmp/pymp-oz4555s3'
Traceback (most recent call last):
Traceback (most recent call last):
Traceback (most recent call last):
  File "/opt/ohpc/pub/compiler/conda/latest/lib/python3.12/multiprocessing/util.py", line 303, in _run_finalizers
    finalizer()
  File "/opt/ohpc/pub/compiler/conda/latest/lib/python3.12/multiprocessing/util.py", line 227, in __call__
    res = self._callback(*self._args, **self._kwargs)
          ^^^^^^^^^^^^^^^^^^^^^^^^^^^^^^^^^^^^^^^^^^^
  File "/opt/ohpc/pub/compiler/conda/latest/lib/python3.12/multiprocessing/util.py", line 136, in _remove_temp_dir
    rmtree(tempdir, onerror=onerror)
  File "/opt/ohpc/pub/compiler/conda/latest/lib/python3.12/shutil.py", line 759, in rmtree
    _rmtree_safe_fd(stack, onexc)
  File "/opt/ohpc/pub/compiler/conda/latest/lib/python3.12/multiprocessing/util.py", line 303, in _run_finalizers
    finalizer()
  File "/opt/ohpc/pub/compiler/conda/latest/lib/python3.12/shutil.py", line 703, in _rmtree_safe_fd
    onexc(func, path, err)
  File "/opt/ohpc/pub/compiler/conda/latest/lib/python3.12/shutil.py", line 750, in onexc
    return onerror(func, path, exc_info)
           ^^^^^^^^^^^^^^^^^^^^^^^^^^^^^
  File "/opt/ohpc/pub/compiler/conda/latest/lib/python3.12/shutil.py", line 700, in _rmtree_safe_fd
    onexc(os.unlink, fullname, err)
  File "/opt/ohpc/pub/compiler/conda/latest/lib/python3.12/multiprocessing/util.py", line 227, in __call__
    res = self._callback(*self._args, **self._kwargs)
          ^^^^^^^^^^^^^^^^^^^^^^^^^^^^^^^^^^^^^^^^^^^
  File "/opt/ohpc/pub/compiler/conda/latest/lib/python3.12/shutil.py", line 750, in onexc
    return onerror(func, path, exc_info)
           ^^^^^^^^^^^^^^^^^^^^^^^^^^^^^
  File "/opt/ohpc/pub/compiler/conda/latest/lib/python3.12/multiprocessing/util.py", line 136, in _remove_temp_dir
    rmtree(tempdir, onerror=onerror)
  File "/opt/ohpc/pub/compiler/conda/latest/lib/python3.12/shutil.py", line 698, in _rmtree_safe_fd
    os.unlink(entry.name, dir_fd=topfd)
  File "/opt/ohpc/pub/compiler/conda/latest/lib/python3.12/shutil.py", line 759, in rmtree
    _rmtree_safe_fd(stack, onexc)
  File "/opt/ohpc/pub/compiler/conda/latest/lib/python3.12/shutil.py", line 703, in _rmtree_safe_fd
    onexc(func, path, err)
  File "/opt/ohpc/pub/compiler/conda/latest/lib/python3.12/shutil.py", line 750, in onexc
    return onerror(func, path, exc_info)
           ^^^^^^^^^^^^^^^^^^^^^^^^^^^^^
  File "/opt/ohpc/pub/compiler/conda/latest/lib/python3.12/shutil.py", line 700, in _rmtree_safe_fd
    onexc(os.unlink, fullname, err)
  File "/opt/ohpc/pub/compiler/conda/latest/lib/python3.12/shutil.py", line 750, in onexc
    return onerror(func, path, exc_info)
           ^^^^^^^^^^^^^^^^^^^^^^^^^^^^^
OSError: [Errno 16] Device or resource busy: '/tmp/pymp-nspis8yl'
  File "/opt/ohpc/pub/compiler/conda/latest/lib/python3.12/shutil.py", line 698, in _rmtree_safe_fd
    os.unlink(entry.name, dir_fd=topfd)
OSError: [Errno 16] Device or resource busy: '/tmp/pymp-0lwfllip'
  File "/opt/ohpc/pub/compiler/conda/latest/lib/python3.12/multiprocessing/util.py", line 303, in _run_finalizers
    finalizer()
  File "/opt/ohpc/pub/compiler/conda/latest/lib/python3.12/multiprocessing/util.py", line 227, in __call__
    res = self._callback(*self._args, **self._kwargs)
          ^^^^^^^^^^^^^^^^^^^^^^^^^^^^^^^^^^^^^^^^^^^
  File "/opt/ohpc/pub/compiler/conda/latest/lib/python3.12/multiprocessing/util.py", line 136, in _remove_temp_dir
    rmtree(tempdir, onerror=onerror)
  File "/opt/ohpc/pub/compiler/conda/latest/lib/python3.12/shutil.py", line 759, in rmtree
    _rmtree_safe_fd(stack, onexc)
  File "/opt/ohpc/pub/compiler/conda/latest/lib/python3.12/shutil.py", line 703, in _rmtree_safe_fd
    onexc(func, path, err)
  File "/opt/ohpc/pub/compiler/conda/latest/lib/python3.12/shutil.py", line 750, in onexc
    return onerror(func, path, exc_info)
           ^^^^^^^^^^^^^^^^^^^^^^^^^^^^^
  File "/opt/ohpc/pub/compiler/conda/latest/lib/python3.12/shutil.py", line 700, in _rmtree_safe_fd
    onexc(os.unlink, fullname, err)
  File "/opt/ohpc/pub/compiler/conda/latest/lib/python3.12/shutil.py", line 750, in onexc
    return onerror(func, path, exc_info)
           ^^^^^^^^^^^^^^^^^^^^^^^^^^^^^
  File "/opt/ohpc/pub/compiler/conda/latest/lib/python3.12/shutil.py", line 698, in _rmtree_safe_fd
    os.unlink(entry.name, dir_fd=topfd)
OSError: [Errno 16] Device or resource busy: '/tmp/pymp-lt01_jly'
Traceback (most recent call last):
Traceback (most recent call last):
Traceback (most recent call last):
Traceback (most recent call last):
Traceback (most recent call last):
  File "/opt/ohpc/pub/compiler/conda/latest/lib/python3.12/multiprocessing/util.py", line 303, in _run_finalizers
    finalizer()
  File "/opt/ohpc/pub/compiler/conda/latest/lib/python3.12/multiprocessing/util.py", line 303, in _run_finalizers
    finalizer()
  File "/opt/ohpc/pub/compiler/conda/latest/lib/python3.12/multiprocessing/util.py", line 227, in __call__
    res = self._callback(*self._args, **self._kwargs)
          ^^^^^^^^^^^^^^^^^^^^^^^^^^^^^^^^^^^^^^^^^^^
  File "/opt/ohpc/pub/compiler/conda/latest/lib/python3.12/multiprocessing/util.py", line 136, in _remove_temp_dir
    rmtree(tempdir, onerror=onerror)
  File "/opt/ohpc/pub/compiler/conda/latest/lib/python3.12/shutil.py", line 759, in rmtree
    _rmtree_safe_fd(stack, onexc)
  File "/opt/ohpc/pub/compiler/conda/latest/lib/python3.12/shutil.py", line 703, in _rmtree_safe_fd
    onexc(func, path, err)
  File "/opt/ohpc/pub/compiler/conda/latest/lib/python3.12/multiprocessing/util.py", line 227, in __call__
    res = self._callback(*self._args, **self._kwargs)
          ^^^^^^^^^^^^^^^^^^^^^^^^^^^^^^^^^^^^^^^^^^^
  File "/opt/ohpc/pub/compiler/conda/latest/lib/python3.12/shutil.py", line 750, in onexc
    return onerror(func, path, exc_info)
           ^^^^^^^^^^^^^^^^^^^^^^^^^^^^^
  File "/opt/ohpc/pub/compiler/conda/latest/lib/python3.12/multiprocessing/util.py", line 136, in _remove_temp_dir
    rmtree(tempdir, onerror=onerror)
  File "/opt/ohpc/pub/compiler/conda/latest/lib/python3.12/shutil.py", line 700, in _rmtree_safe_fd
    onexc(os.unlink, fullname, err)
  File "/opt/ohpc/pub/compiler/conda/latest/lib/python3.12/multiprocessing/util.py", line 303, in _run_finalizers
    finalizer()
  File "/opt/ohpc/pub/compiler/conda/latest/lib/python3.12/shutil.py", line 759, in rmtree
    _rmtree_safe_fd(stack, onexc)
  File "/opt/ohpc/pub/compiler/conda/latest/lib/python3.12/shutil.py", line 750, in onexc
    return onerror(func, path, exc_info)
           ^^^^^^^^^^^^^^^^^^^^^^^^^^^^^
  File "/opt/ohpc/pub/compiler/conda/latest/lib/python3.12/shutil.py", line 698, in _rmtree_safe_fd
    os.unlink(entry.name, dir_fd=topfd)
  File "/opt/ohpc/pub/compiler/conda/latest/lib/python3.12/shutil.py", line 703, in _rmtree_safe_fd
    onexc(func, path, err)
  File "/opt/ohpc/pub/compiler/conda/latest/lib/python3.12/multiprocessing/util.py", line 227, in __call__
    res = self._callback(*self._args, **self._kwargs)
          ^^^^^^^^^^^^^^^^^^^^^^^^^^^^^^^^^^^^^^^^^^^
  File "/opt/ohpc/pub/compiler/conda/latest/lib/python3.12/shutil.py", line 750, in onexc
    return onerror(func, path, exc_info)
           ^^^^^^^^^^^^^^^^^^^^^^^^^^^^^
  File "/opt/ohpc/pub/compiler/conda/latest/lib/python3.12/shutil.py", line 700, in _rmtree_safe_fd
    onexc(os.unlink, fullname, err)
  File "/opt/ohpc/pub/compiler/conda/latest/lib/python3.12/multiprocessing/util.py", line 136, in _remove_temp_dir
    rmtree(tempdir, onerror=onerror)
  File "/opt/ohpc/pub/compiler/conda/latest/lib/python3.12/shutil.py", line 750, in onexc
    return onerror(func, path, exc_info)
           ^^^^^^^^^^^^^^^^^^^^^^^^^^^^^
  File "/opt/ohpc/pub/compiler/conda/latest/lib/python3.12/shutil.py", line 759, in rmtree
    _rmtree_safe_fd(stack, onexc)
  File "/opt/ohpc/pub/compiler/conda/latest/lib/python3.12/shutil.py", line 698, in _rmtree_safe_fd
    os.unlink(entry.name, dir_fd=topfd)
  File "/opt/ohpc/pub/compiler/conda/latest/lib/python3.12/shutil.py", line 703, in _rmtree_safe_fd
    onexc(func, path, err)
OSError: [Errno 16] Device or resource busy: '/tmp/pymp-q9y7w2tm'
  File "/opt/ohpc/pub/compiler/conda/latest/lib/python3.12/shutil.py", line 750, in onexc
    return onerror(func, path, exc_info)
           ^^^^^^^^^^^^^^^^^^^^^^^^^^^^^
  File "/opt/ohpc/pub/compiler/conda/latest/lib/python3.12/shutil.py", line 700, in _rmtree_safe_fd
    onexc(os.unlink, fullname, err)
  File "/opt/ohpc/pub/compiler/conda/latest/lib/python3.12/shutil.py", line 750, in onexc
    return onerror(func, path, exc_info)
           ^^^^^^^^^^^^^^^^^^^^^^^^^^^^^
  File "/opt/ohpc/pub/compiler/conda/latest/lib/python3.12/shutil.py", line 698, in _rmtree_safe_fd
    os.unlink(entry.name, dir_fd=topfd)
OSError: [Errno 16] Device or resource busy: '/tmp/pymp-hcawai35'
OSError: [Errno 16] Device or resource busy: '/tmp/pymp-325bgnll'
Traceback (most recent call last):
  File "/opt/ohpc/pub/compiler/conda/latest/lib/python3.12/multiprocessing/util.py", line 303, in _run_finalizers
    finalizer()
  File "/opt/ohpc/pub/compiler/conda/latest/lib/python3.12/multiprocessing/util.py", line 227, in __call__
    res = self._callback(*self._args, **self._kwargs)
          ^^^^^^^^^^^^^^^^^^^^^^^^^^^^^^^^^^^^^^^^^^^
  File "/opt/ohpc/pub/compiler/conda/latest/lib/python3.12/multiprocessing/util.py", line 136, in _remove_temp_dir
    rmtree(tempdir, onerror=onerror)
  File "/opt/ohpc/pub/compiler/conda/latest/lib/python3.12/shutil.py", line 759, in rmtree
    _rmtree_safe_fd(stack, onexc)
  File "/opt/ohpc/pub/compiler/conda/latest/lib/python3.12/shutil.py", line 703, in _rmtree_safe_fd
    onexc(func, path, err)
  File "/opt/ohpc/pub/compiler/conda/latest/lib/python3.12/shutil.py", line 750, in onexc
    return onerror(func, path, exc_info)
           ^^^^^^^^^^^^^^^^^^^^^^^^^^^^^
  File "/opt/ohpc/pub/compiler/conda/latest/lib/python3.12/shutil.py", line 700, in _rmtree_safe_fd
    onexc(os.unlink, fullname, err)
  File "/opt/ohpc/pub/compiler/conda/latest/lib/python3.12/shutil.py", line 750, in onexc
    return onerror(func, path, exc_info)
           ^^^^^^^^^^^^^^^^^^^^^^^^^^^^^
  File "/opt/ohpc/pub/compiler/conda/latest/lib/python3.12/shutil.py", line 698, in _rmtree_safe_fd
    os.unlink(entry.name, dir_fd=topfd)
  File "/opt/ohpc/pub/compiler/conda/latest/lib/python3.12/multiprocessing/util.py", line 303, in _run_finalizers
    finalizer()
  File "/opt/ohpc/pub/compiler/conda/latest/lib/python3.12/multiprocessing/util.py", line 227, in __call__
    res = self._callback(*self._args, **self._kwargs)
          ^^^^^^^^^^^^^^^^^^^^^^^^^^^^^^^^^^^^^^^^^^^
OSError: [Errno 16] Device or resource busy: '/tmp/pymp-3_v9we_m'
  File "/opt/ohpc/pub/compiler/conda/latest/lib/python3.12/multiprocessing/util.py", line 136, in _remove_temp_dir
    rmtree(tempdir, onerror=onerror)
  File "/opt/ohpc/pub/compiler/conda/latest/lib/python3.12/shutil.py", line 759, in rmtree
    _rmtree_safe_fd(stack, onexc)
  File "/opt/ohpc/pub/compiler/conda/latest/lib/python3.12/shutil.py", line 703, in _rmtree_safe_fd
    onexc(func, path, err)
  File "/opt/ohpc/pub/compiler/conda/latest/lib/python3.12/shutil.py", line 750, in onexc
    return onerror(func, path, exc_info)
           ^^^^^^^^^^^^^^^^^^^^^^^^^^^^^
  File "/opt/ohpc/pub/compiler/conda/latest/lib/python3.12/shutil.py", line 700, in _rmtree_safe_fd
    onexc(os.unlink, fullname, err)
  File "/opt/ohpc/pub/compiler/conda/latest/lib/python3.12/shutil.py", line 750, in onexc
    return onerror(func, path, exc_info)
           ^^^^^^^^^^^^^^^^^^^^^^^^^^^^^
  File "/opt/ohpc/pub/compiler/conda/latest/lib/python3.12/shutil.py", line 698, in _rmtree_safe_fd
    os.unlink(entry.name, dir_fd=topfd)
OSError: [Errno 16] Device or resource busy: '/tmp/pymp-9qe1o5em'
  File "/opt/ohpc/pub/compiler/conda/latest/lib/python3.12/multiprocessing/util.py", line 303, in _run_finalizers
    finalizer()
  File "/opt/ohpc/pub/compiler/conda/latest/lib/python3.12/multiprocessing/util.py", line 227, in __call__
    res = self._callback(*self._args, **self._kwargs)
          ^^^^^^^^^^^^^^^^^^^^^^^^^^^^^^^^^^^^^^^^^^^
  File "/opt/ohpc/pub/compiler/conda/latest/lib/python3.12/multiprocessing/util.py", line 136, in _remove_temp_dir
    rmtree(tempdir, onerror=onerror)
  File "/opt/ohpc/pub/compiler/conda/latest/lib/python3.12/shutil.py", line 759, in rmtree
    _rmtree_safe_fd(stack, onexc)
  File "/opt/ohpc/pub/compiler/conda/latest/lib/python3.12/shutil.py", line 703, in _rmtree_safe_fd
    onexc(func, path, err)
  File "/opt/ohpc/pub/compiler/conda/latest/lib/python3.12/shutil.py", line 750, in onexc
    return onerror(func, path, exc_info)
           ^^^^^^^^^^^^^^^^^^^^^^^^^^^^^
  File "/opt/ohpc/pub/compiler/conda/latest/lib/python3.12/shutil.py", line 700, in _rmtree_safe_fd
    onexc(os.unlink, fullname, err)
  File "/opt/ohpc/pub/compiler/conda/latest/lib/python3.12/shutil.py", line 750, in onexc
    return onerror(func, path, exc_info)
           ^^^^^^^^^^^^^^^^^^^^^^^^^^^^^
  File "/opt/ohpc/pub/compiler/conda/latest/lib/python3.12/shutil.py", line 698, in _rmtree_safe_fd
    os.unlink(entry.name, dir_fd=topfd)
OSError: [Errno 16] Device or resource busy: '/tmp/pymp-ux_y9ykj'
Traceback (most recent call last):
  File "/opt/ohpc/pub/compiler/conda/latest/lib/python3.12/multiprocessing/util.py", line 303, in _run_finalizers
    finalizer()
  File "/opt/ohpc/pub/compiler/conda/latest/lib/python3.12/multiprocessing/util.py", line 227, in __call__
    res = self._callback(*self._args, **self._kwargs)
          ^^^^^^^^^^^^^^^^^^^^^^^^^^^^^^^^^^^^^^^^^^^
  File "/opt/ohpc/pub/compiler/conda/latest/lib/python3.12/multiprocessing/util.py", line 136, in _remove_temp_dir
    rmtree(tempdir, onerror=onerror)
  File "/opt/ohpc/pub/compiler/conda/latest/lib/python3.12/shutil.py", line 759, in rmtree
    _rmtree_safe_fd(stack, onexc)
  File "/opt/ohpc/pub/compiler/conda/latest/lib/python3.12/shutil.py", line 703, in _rmtree_safe_fd
    onexc(func, path, err)
  File "/opt/ohpc/pub/compiler/conda/latest/lib/python3.12/shutil.py", line 750, in onexc
    return onerror(func, path, exc_info)
           ^^^^^^^^^^^^^^^^^^^^^^^^^^^^^
  File "/opt/ohpc/pub/compiler/conda/latest/lib/python3.12/shutil.py", line 700, in _rmtree_safe_fd
    onexc(os.unlink, fullname, err)
  File "/opt/ohpc/pub/compiler/conda/latest/lib/python3.12/shutil.py", line 750, in onexc
    return onerror(func, path, exc_info)
           ^^^^^^^^^^^^^^^^^^^^^^^^^^^^^
  File "/opt/ohpc/pub/compiler/conda/latest/lib/python3.12/shutil.py", line 698, in _rmtree_safe_fd
    os.unlink(entry.name, dir_fd=topfd)
OSError: [Errno 16] Device or resource busy: '/tmp/pymp-gbrphrvz'
[val 008] loss=-0.7948 z_std=0.0452 rankme=19.853 lidar=8.047 areq=1.946 pr=1.40 align=0.1975 unif=-1.026 converged=False collapsed=False
  e009 it0000/62 lr=0.0028 loss=-0.7196 z_std=0.0634
  e009 it0010/62 lr=0.0029 loss=-0.7811 z_std=0.0625
  e009 it0020/62 lr=0.0029 loss=-0.7942 z_std=0.0624
  e009 it0030/62 lr=0.0030 loss=-0.8040 z_std=0.0625
  e009 it0040/62 lr=0.0030 loss=-0.8156 z_std=0.0624
  e009 it0050/62 lr=0.0031 loss=-0.8230 z_std=0.0624
  e009 it0060/62 lr=0.0031 loss=-0.8312 z_std=0.0624
[epoch 009] loss=-0.8320 z_std=0.0624 (healthy~0.0625) time=217.1s
Traceback (most recent call last):
  File "/opt/ohpc/pub/compiler/conda/latest/lib/python3.12/multiprocessing/util.py", line 303, in _run_finalizers
    finalizer()
  File "/opt/ohpc/pub/compiler/conda/latest/lib/python3.12/multiprocessing/util.py", line 227, in __call__
    res = self._callback(*self._args, **self._kwargs)
          ^^^^^^^^^^^^^^^^^^^^^^^^^^^^^^^^^^^^^^^^^^^
  File "/opt/ohpc/pub/compiler/conda/latest/lib/python3.12/multiprocessing/util.py", line 136, in _remove_temp_dir
    rmtree(tempdir, onerror=onerror)
  File "/opt/ohpc/pub/compiler/conda/latest/lib/python3.12/shutil.py", line 759, in rmtree
    _rmtree_safe_fd(stack, onexc)
  File "/opt/ohpc/pub/compiler/conda/latest/lib/python3.12/shutil.py", line 703, in _rmtree_safe_fd
    onexc(func, path, err)
  File "/opt/ohpc/pub/compiler/conda/latest/lib/python3.12/shutil.py", line 750, in onexc
    return onerror(func, path, exc_info)
           ^^^^^^^^^^^^^^^^^^^^^^^^^^^^^
  File "/opt/ohpc/pub/compiler/conda/latest/lib/python3.12/shutil.py", line 700, in _rmtree_safe_fd
    onexc(os.unlink, fullname, err)
  File "/opt/ohpc/pub/compiler/conda/latest/lib/python3.12/shutil.py", line 750, in onexc
    return onerror(func, path, exc_info)
           ^^^^^^^^^^^^^^^^^^^^^^^^^^^^^
  File "/opt/ohpc/pub/compiler/conda/latest/lib/python3.12/shutil.py", line 698, in _rmtree_safe_fd
    os.unlink(entry.name, dir_fd=topfd)
OSError: [Errno 16] Device or resource busy: '/tmp/pymp-pb3tm31a'
Traceback (most recent call last):
  File "/opt/ohpc/pub/compiler/conda/latest/lib/python3.12/multiprocessing/util.py", line 303, in _run_finalizers
    finalizer()
  File "/opt/ohpc/pub/compiler/conda/latest/lib/python3.12/multiprocessing/util.py", line 227, in __call__
    res = self._callback(*self._args, **self._kwargs)
          ^^^^^^^^^^^^^^^^^^^^^^^^^^^^^^^^^^^^^^^^^^^
  File "/opt/ohpc/pub/compiler/conda/latest/lib/python3.12/multiprocessing/util.py", line 136, in _remove_temp_dir
    rmtree(tempdir, onerror=onerror)
  File "/opt/ohpc/pub/compiler/conda/latest/lib/python3.12/shutil.py", line 759, in rmtree
    _rmtree_safe_fd(stack, onexc)
  File "/opt/ohpc/pub/compiler/conda/latest/lib/python3.12/shutil.py", line 703, in _rmtree_safe_fd
    onexc(func, path, err)
  File "/opt/ohpc/pub/compiler/conda/latest/lib/python3.12/shutil.py", line 750, in onexc
    return onerror(func, path, exc_info)
           ^^^^^^^^^^^^^^^^^^^^^^^^^^^^^
  File "/opt/ohpc/pub/compiler/conda/latest/lib/python3.12/shutil.py", line 700, in _rmtree_safe_fd
    onexc(os.unlink, fullname, err)
  File "/opt/ohpc/pub/compiler/conda/latest/lib/python3.12/shutil.py", line 750, in onexc
    return onerror(func, path, exc_info)
           ^^^^^^^^^^^^^^^^^^^^^^^^^^^^^
  File "/opt/ohpc/pub/compiler/conda/latest/lib/python3.12/shutil.py", line 698, in _rmtree_safe_fd
    os.unlink(entry.name, dir_fd=topfd)
OSError: [Errno 16] Device or resource busy: '/tmp/pymp-iupjya0z'
Traceback (most recent call last):
Traceback (most recent call last):
  File "/opt/ohpc/pub/compiler/conda/latest/lib/python3.12/multiprocessing/util.py", line 303, in _run_finalizers
    finalizer()
  File "/opt/ohpc/pub/compiler/conda/latest/lib/python3.12/multiprocessing/util.py", line 227, in __call__
    res = self._callback(*self._args, **self._kwargs)
          ^^^^^^^^^^^^^^^^^^^^^^^^^^^^^^^^^^^^^^^^^^^
  File "/opt/ohpc/pub/compiler/conda/latest/lib/python3.12/multiprocessing/util.py", line 136, in _remove_temp_dir
    rmtree(tempdir, onerror=onerror)
  File "/opt/ohpc/pub/compiler/conda/latest/lib/python3.12/shutil.py", line 759, in rmtree
    _rmtree_safe_fd(stack, onexc)
  File "/opt/ohpc/pub/compiler/conda/latest/lib/python3.12/shutil.py", line 703, in _rmtree_safe_fd
    onexc(func, path, err)
  File "/opt/ohpc/pub/compiler/conda/latest/lib/python3.12/shutil.py", line 750, in onexc
    return onerror(func, path, exc_info)
           ^^^^^^^^^^^^^^^^^^^^^^^^^^^^^
  File "/opt/ohpc/pub/compiler/conda/latest/lib/python3.12/shutil.py", line 700, in _rmtree_safe_fd
    onexc(os.unlink, fullname, err)
  File "/opt/ohpc/pub/compiler/conda/latest/lib/python3.12/shutil.py", line 750, in onexc
    return onerror(func, path, exc_info)
           ^^^^^^^^^^^^^^^^^^^^^^^^^^^^^
  File "/opt/ohpc/pub/compiler/conda/latest/lib/python3.12/shutil.py", line 698, in _rmtree_safe_fd
    os.unlink(entry.name, dir_fd=topfd)
OSError: [Errno 16] Device or resource busy: '/tmp/pymp-13ctk_9k'
  File "/opt/ohpc/pub/compiler/conda/latest/lib/python3.12/multiprocessing/util.py", line 303, in _run_finalizers
    finalizer()
  File "/opt/ohpc/pub/compiler/conda/latest/lib/python3.12/multiprocessing/util.py", line 227, in __call__
    res = self._callback(*self._args, **self._kwargs)
          ^^^^^^^^^^^^^^^^^^^^^^^^^^^^^^^^^^^^^^^^^^^
  File "/opt/ohpc/pub/compiler/conda/latest/lib/python3.12/multiprocessing/util.py", line 136, in _remove_temp_dir
    rmtree(tempdir, onerror=onerror)
  File "/opt/ohpc/pub/compiler/conda/latest/lib/python3.12/shutil.py", line 759, in rmtree
    _rmtree_safe_fd(stack, onexc)
  File "/opt/ohpc/pub/compiler/conda/latest/lib/python3.12/shutil.py", line 703, in _rmtree_safe_fd
    onexc(func, path, err)
  File "/opt/ohpc/pub/compiler/conda/latest/lib/python3.12/shutil.py", line 750, in onexc
    return onerror(func, path, exc_info)
           ^^^^^^^^^^^^^^^^^^^^^^^^^^^^^
  File "/opt/ohpc/pub/compiler/conda/latest/lib/python3.12/shutil.py", line 700, in _rmtree_safe_fd
    onexc(os.unlink, fullname, err)
  File "/opt/ohpc/pub/compiler/conda/latest/lib/python3.12/shutil.py", line 750, in onexc
    return onerror(func, path, exc_info)
           ^^^^^^^^^^^^^^^^^^^^^^^^^^^^^
  File "/opt/ohpc/pub/compiler/conda/latest/lib/python3.12/shutil.py", line 698, in _rmtree_safe_fd
    os.unlink(entry.name, dir_fd=topfd)
OSError: [Errno 16] Device or resource busy: '/tmp/pymp-9h8jjf4l'
Traceback (most recent call last):
  File "/opt/ohpc/pub/compiler/conda/latest/lib/python3.12/multiprocessing/util.py", line 303, in _run_finalizers
    finalizer()
  File "/opt/ohpc/pub/compiler/conda/latest/lib/python3.12/multiprocessing/util.py", line 227, in __call__
    res = self._callback(*self._args, **self._kwargs)
          ^^^^^^^^^^^^^^^^^^^^^^^^^^^^^^^^^^^^^^^^^^^
  File "/opt/ohpc/pub/compiler/conda/latest/lib/python3.12/multiprocessing/util.py", line 136, in _remove_temp_dir
    rmtree(tempdir, onerror=onerror)
  File "/opt/ohpc/pub/compiler/conda/latest/lib/python3.12/shutil.py", line 759, in rmtree
    _rmtree_safe_fd(stack, onexc)
  File "/opt/ohpc/pub/compiler/conda/latest/lib/python3.12/shutil.py", line 703, in _rmtree_safe_fd
    onexc(func, path, err)
  File "/opt/ohpc/pub/compiler/conda/latest/lib/python3.12/shutil.py", line 750, in onexc
    return onerror(func, path, exc_info)
           ^^^^^^^^^^^^^^^^^^^^^^^^^^^^^
  File "/opt/ohpc/pub/compiler/conda/latest/lib/python3.12/shutil.py", line 700, in _rmtree_safe_fd
    onexc(os.unlink, fullname, err)
  File "/opt/ohpc/pub/compiler/conda/latest/lib/python3.12/shutil.py", line 750, in onexc
    return onerror(func, path, exc_info)
           ^^^^^^^^^^^^^^^^^^^^^^^^^^^^^
  File "/opt/ohpc/pub/compiler/conda/latest/lib/python3.12/shutil.py", line 698, in _rmtree_safe_fd
    os.unlink(entry.name, dir_fd=topfd)
OSError: [Errno 16] Device or resource busy: '/tmp/pymp-cbgsmtbs'
Traceback (most recent call last):
  File "/opt/ohpc/pub/compiler/conda/latest/lib/python3.12/multiprocessing/util.py", line 303, in _run_finalizers
    finalizer()
  File "/opt/ohpc/pub/compiler/conda/latest/lib/python3.12/multiprocessing/util.py", line 227, in __call__
    res = self._callback(*self._args, **self._kwargs)
          ^^^^^^^^^^^^^^^^^^^^^^^^^^^^^^^^^^^^^^^^^^^
  File "/opt/ohpc/pub/compiler/conda/latest/lib/python3.12/multiprocessing/util.py", line 136, in _remove_temp_dir
    rmtree(tempdir, onerror=onerror)
  File "/opt/ohpc/pub/compiler/conda/latest/lib/python3.12/shutil.py", line 759, in rmtree
    _rmtree_safe_fd(stack, onexc)
  File "/opt/ohpc/pub/compiler/conda/latest/lib/python3.12/shutil.py", line 703, in _rmtree_safe_fd
    onexc(func, path, err)
  File "/opt/ohpc/pub/compiler/conda/latest/lib/python3.12/shutil.py", line 750, in onexc
    return onerror(func, path, exc_info)
           ^^^^^^^^^^^^^^^^^^^^^^^^^^^^^
  File "/opt/ohpc/pub/compiler/conda/latest/lib/python3.12/shutil.py", line 700, in _rmtree_safe_fd
    onexc(os.unlink, fullname, err)
  File "/opt/ohpc/pub/compiler/conda/latest/lib/python3.12/shutil.py", line 750, in onexc
    return onerror(func, path, exc_info)
           ^^^^^^^^^^^^^^^^^^^^^^^^^^^^^
  File "/opt/ohpc/pub/compiler/conda/latest/lib/python3.12/shutil.py", line 698, in _rmtree_safe_fd
    os.unlink(entry.name, dir_fd=topfd)
OSError: [Errno 16] Device or resource busy: '/tmp/pymp-alkt3icv'
Traceback (most recent call last):
  File "/opt/ohpc/pub/compiler/conda/latest/lib/python3.12/multiprocessing/util.py", line 303, in _run_finalizers
    finalizer()
  File "/opt/ohpc/pub/compiler/conda/latest/lib/python3.12/multiprocessing/util.py", line 227, in __call__
    res = self._callback(*self._args, **self._kwargs)
          ^^^^^^^^^^^^^^^^^^^^^^^^^^^^^^^^^^^^^^^^^^^
  File "/opt/ohpc/pub/compiler/conda/latest/lib/python3.12/multiprocessing/util.py", line 136, in _remove_temp_dir
    rmtree(tempdir, onerror=onerror)
  File "/opt/ohpc/pub/compiler/conda/latest/lib/python3.12/shutil.py", line 759, in rmtree
    _rmtree_safe_fd(stack, onexc)
  File "/opt/ohpc/pub/compiler/conda/latest/lib/python3.12/shutil.py", line 703, in _rmtree_safe_fd
    onexc(func, path, err)
  File "/opt/ohpc/pub/compiler/conda/latest/lib/python3.12/shutil.py", line 750, in onexc
    return onerror(func, path, exc_info)
           ^^^^^^^^^^^^^^^^^^^^^^^^^^^^^
  File "/opt/ohpc/pub/compiler/conda/latest/lib/python3.12/shutil.py", line 700, in _rmtree_safe_fd
    onexc(os.unlink, fullname, err)
  File "/opt/ohpc/pub/compiler/conda/latest/lib/python3.12/shutil.py", line 750, in onexc
    return onerror(func, path, exc_info)
           ^^^^^^^^^^^^^^^^^^^^^^^^^^^^^
  File "/opt/ohpc/pub/compiler/conda/latest/lib/python3.12/shutil.py", line 698, in _rmtree_safe_fd
    os.unlink(entry.name, dir_fd=topfd)
OSError: [Errno 16] Device or resource busy: '/tmp/pymp-837dnclp'
Traceback (most recent call last):
  File "/opt/ohpc/pub/compiler/conda/latest/lib/python3.12/multiprocessing/util.py", line 303, in _run_finalizers
    finalizer()
  File "/opt/ohpc/pub/compiler/conda/latest/lib/python3.12/multiprocessing/util.py", line 227, in __call__
    res = self._callback(*self._args, **self._kwargs)
          ^^^^^^^^^^^^^^^^^^^^^^^^^^^^^^^^^^^^^^^^^^^
  File "/opt/ohpc/pub/compiler/conda/latest/lib/python3.12/multiprocessing/util.py", line 136, in _remove_temp_dir
    rmtree(tempdir, onerror=onerror)
  File "/opt/ohpc/pub/compiler/conda/latest/lib/python3.12/shutil.py", line 759, in rmtree
    _rmtree_safe_fd(stack, onexc)
  File "/opt/ohpc/pub/compiler/conda/latest/lib/python3.12/shutil.py", line 703, in _rmtree_safe_fd
    onexc(func, path, err)
  File "/opt/ohpc/pub/compiler/conda/latest/lib/python3.12/shutil.py", line 750, in onexc
    return onerror(func, path, exc_info)
           ^^^^^^^^^^^^^^^^^^^^^^^^^^^^^
  File "/opt/ohpc/pub/compiler/conda/latest/lib/python3.12/shutil.py", line 700, in _rmtree_safe_fd
    onexc(os.unlink, fullname, err)
  File "/opt/ohpc/pub/compiler/conda/latest/lib/python3.12/shutil.py", line 750, in onexc
    return onerror(func, path, exc_info)
           ^^^^^^^^^^^^^^^^^^^^^^^^^^^^^
  File "/opt/ohpc/pub/compiler/conda/latest/lib/python3.12/shutil.py", line 698, in _rmtree_safe_fd
    os.unlink(entry.name, dir_fd=topfd)
OSError: [Errno 16] Device or resource busy: '/tmp/pymp-bhaacwvw'
Traceback (most recent call last):
  File "/opt/ohpc/pub/compiler/conda/latest/lib/python3.12/multiprocessing/util.py", line 303, in _run_finalizers
    finalizer()
  File "/opt/ohpc/pub/compiler/conda/latest/lib/python3.12/multiprocessing/util.py", line 227, in __call__
    res = self._callback(*self._args, **self._kwargs)
          ^^^^^^^^^^^^^^^^^^^^^^^^^^^^^^^^^^^^^^^^^^^
  File "/opt/ohpc/pub/compiler/conda/latest/lib/python3.12/multiprocessing/util.py", line 136, in _remove_temp_dir
    rmtree(tempdir, onerror=onerror)
  File "/opt/ohpc/pub/compiler/conda/latest/lib/python3.12/shutil.py", line 759, in rmtree
    _rmtree_safe_fd(stack, onexc)
  File "/opt/ohpc/pub/compiler/conda/latest/lib/python3.12/shutil.py", line 703, in _rmtree_safe_fd
    onexc(func, path, err)
  File "/opt/ohpc/pub/compiler/conda/latest/lib/python3.12/shutil.py", line 750, in onexc
    return onerror(func, path, exc_info)
           ^^^^^^^^^^^^^^^^^^^^^^^^^^^^^
  File "/opt/ohpc/pub/compiler/conda/latest/lib/python3.12/shutil.py", line 700, in _rmtree_safe_fd
    onexc(os.unlink, fullname, err)
  File "/opt/ohpc/pub/compiler/conda/latest/lib/python3.12/shutil.py", line 750, in onexc
    return onerror(func, path, exc_info)
           ^^^^^^^^^^^^^^^^^^^^^^^^^^^^^
  File "/opt/ohpc/pub/compiler/conda/latest/lib/python3.12/shutil.py", line 698, in _rmtree_safe_fd
    os.unlink(entry.name, dir_fd=topfd)
OSError: [Errno 16] Device or resource busy: '/tmp/pymp-54dypw3m'
Traceback (most recent call last):
  File "/opt/ohpc/pub/compiler/conda/latest/lib/python3.12/multiprocessing/util.py", line 303, in _run_finalizers
    finalizer()
  File "/opt/ohpc/pub/compiler/conda/latest/lib/python3.12/multiprocessing/util.py", line 227, in __call__
    res = self._callback(*self._args, **self._kwargs)
          ^^^^^^^^^^^^^^^^^^^^^^^^^^^^^^^^^^^^^^^^^^^
  File "/opt/ohpc/pub/compiler/conda/latest/lib/python3.12/multiprocessing/util.py", line 136, in _remove_temp_dir
    rmtree(tempdir, onerror=onerror)
  File "/opt/ohpc/pub/compiler/conda/latest/lib/python3.12/shutil.py", line 759, in rmtree
    _rmtree_safe_fd(stack, onexc)
  File "/opt/ohpc/pub/compiler/conda/latest/lib/python3.12/shutil.py", line 703, in _rmtree_safe_fd
    onexc(func, path, err)
  File "/opt/ohpc/pub/compiler/conda/latest/lib/python3.12/shutil.py", line 750, in onexc
    return onerror(func, path, exc_info)
           ^^^^^^^^^^^^^^^^^^^^^^^^^^^^^
  File "/opt/ohpc/pub/compiler/conda/latest/lib/python3.12/shutil.py", line 700, in _rmtree_safe_fd
    onexc(os.unlink, fullname, err)
  File "/opt/ohpc/pub/compiler/conda/latest/lib/python3.12/shutil.py", line 750, in onexc
    return onerror(func, path, exc_info)
           ^^^^^^^^^^^^^^^^^^^^^^^^^^^^^
  File "/opt/ohpc/pub/compiler/conda/latest/lib/python3.12/shutil.py", line 698, in _rmtree_safe_fd
    os.unlink(entry.name, dir_fd=topfd)
OSError: [Errno 16] Device or resource busy: '/tmp/pymp-u1yocuas'
Traceback (most recent call last):
Traceback (most recent call last):
Traceback (most recent call last):
  File "/opt/ohpc/pub/compiler/conda/latest/lib/python3.12/multiprocessing/util.py", line 303, in _run_finalizers
    finalizer()
  File "/opt/ohpc/pub/compiler/conda/latest/lib/python3.12/multiprocessing/util.py", line 227, in __call__
    res = self._callback(*self._args, **self._kwargs)
          ^^^^^^^^^^^^^^^^^^^^^^^^^^^^^^^^^^^^^^^^^^^
  File "/opt/ohpc/pub/compiler/conda/latest/lib/python3.12/multiprocessing/util.py", line 136, in _remove_temp_dir
    rmtree(tempdir, onerror=onerror)
  File "/opt/ohpc/pub/compiler/conda/latest/lib/python3.12/shutil.py", line 759, in rmtree
    _rmtree_safe_fd(stack, onexc)
  File "/opt/ohpc/pub/compiler/conda/latest/lib/python3.12/shutil.py", line 703, in _rmtree_safe_fd
    onexc(func, path, err)
  File "/opt/ohpc/pub/compiler/conda/latest/lib/python3.12/shutil.py", line 750, in onexc
    return onerror(func, path, exc_info)
           ^^^^^^^^^^^^^^^^^^^^^^^^^^^^^
  File "/opt/ohpc/pub/compiler/conda/latest/lib/python3.12/shutil.py", line 700, in _rmtree_safe_fd
    onexc(os.unlink, fullname, err)
  File "/opt/ohpc/pub/compiler/conda/latest/lib/python3.12/shutil.py", line 750, in onexc
    return onerror(func, path, exc_info)
           ^^^^^^^^^^^^^^^^^^^^^^^^^^^^^
  File "/opt/ohpc/pub/compiler/conda/latest/lib/python3.12/shutil.py", line 698, in _rmtree_safe_fd
    os.unlink(entry.name, dir_fd=topfd)
OSError: [Errno 16] Device or resource busy: '/tmp/pymp-kn8p090s'
  File "/opt/ohpc/pub/compiler/conda/latest/lib/python3.12/multiprocessing/util.py", line 303, in _run_finalizers
    finalizer()
  File "/opt/ohpc/pub/compiler/conda/latest/lib/python3.12/multiprocessing/util.py", line 227, in __call__
    res = self._callback(*self._args, **self._kwargs)
          ^^^^^^^^^^^^^^^^^^^^^^^^^^^^^^^^^^^^^^^^^^^
  File "/opt/ohpc/pub/compiler/conda/latest/lib/python3.12/multiprocessing/util.py", line 136, in _remove_temp_dir
    rmtree(tempdir, onerror=onerror)
  File "/opt/ohpc/pub/compiler/conda/latest/lib/python3.12/shutil.py", line 759, in rmtree
    _rmtree_safe_fd(stack, onexc)
  File "/opt/ohpc/pub/compiler/conda/latest/lib/python3.12/shutil.py", line 703, in _rmtree_safe_fd
    onexc(func, path, err)
  File "/opt/ohpc/pub/compiler/conda/latest/lib/python3.12/shutil.py", line 750, in onexc
    return onerror(func, path, exc_info)
           ^^^^^^^^^^^^^^^^^^^^^^^^^^^^^
  File "/opt/ohpc/pub/compiler/conda/latest/lib/python3.12/shutil.py", line 700, in _rmtree_safe_fd
    onexc(os.unlink, fullname, err)
  File "/opt/ohpc/pub/compiler/conda/latest/lib/python3.12/shutil.py", line 750, in onexc
    return onerror(func, path, exc_info)
           ^^^^^^^^^^^^^^^^^^^^^^^^^^^^^
  File "/opt/ohpc/pub/compiler/conda/latest/lib/python3.12/shutil.py", line 698, in _rmtree_safe_fd
    os.unlink(entry.name, dir_fd=topfd)
OSError: [Errno 16] Device or resource busy: '/tmp/pymp-fc5q15g4'
  File "/opt/ohpc/pub/compiler/conda/latest/lib/python3.12/multiprocessing/util.py", line 303, in _run_finalizers
    finalizer()
  File "/opt/ohpc/pub/compiler/conda/latest/lib/python3.12/multiprocessing/util.py", line 227, in __call__
    res = self._callback(*self._args, **self._kwargs)
          ^^^^^^^^^^^^^^^^^^^^^^^^^^^^^^^^^^^^^^^^^^^
  File "/opt/ohpc/pub/compiler/conda/latest/lib/python3.12/multiprocessing/util.py", line 136, in _remove_temp_dir
    rmtree(tempdir, onerror=onerror)
  File "/opt/ohpc/pub/compiler/conda/latest/lib/python3.12/shutil.py", line 759, in rmtree
    _rmtree_safe_fd(stack, onexc)
  File "/opt/ohpc/pub/compiler/conda/latest/lib/python3.12/shutil.py", line 703, in _rmtree_safe_fd
    onexc(func, path, err)
  File "/opt/ohpc/pub/compiler/conda/latest/lib/python3.12/shutil.py", line 750, in onexc
    return onerror(func, path, exc_info)
           ^^^^^^^^^^^^^^^^^^^^^^^^^^^^^
  File "/opt/ohpc/pub/compiler/conda/latest/lib/python3.12/shutil.py", line 700, in _rmtree_safe_fd
    onexc(os.unlink, fullname, err)
  File "/opt/ohpc/pub/compiler/conda/latest/lib/python3.12/shutil.py", line 750, in onexc
    return onerror(func, path, exc_info)
           ^^^^^^^^^^^^^^^^^^^^^^^^^^^^^
  File "/opt/ohpc/pub/compiler/conda/latest/lib/python3.12/shutil.py", line 698, in _rmtree_safe_fd
    os.unlink(entry.name, dir_fd=topfd)
OSError: [Errno 16] Device or resource busy: '/tmp/pymp-z7uq6tqd'
Traceback (most recent call last):
  File "/opt/ohpc/pub/compiler/conda/latest/lib/python3.12/multiprocessing/util.py", line 303, in _run_finalizers
    finalizer()
  File "/opt/ohpc/pub/compiler/conda/latest/lib/python3.12/multiprocessing/util.py", line 227, in __call__
    res = self._callback(*self._args, **self._kwargs)
          ^^^^^^^^^^^^^^^^^^^^^^^^^^^^^^^^^^^^^^^^^^^
  File "/opt/ohpc/pub/compiler/conda/latest/lib/python3.12/multiprocessing/util.py", line 136, in _remove_temp_dir
    rmtree(tempdir, onerror=onerror)
  File "/opt/ohpc/pub/compiler/conda/latest/lib/python3.12/shutil.py", line 759, in rmtree
    _rmtree_safe_fd(stack, onexc)
  File "/opt/ohpc/pub/compiler/conda/latest/lib/python3.12/shutil.py", line 703, in _rmtree_safe_fd
    onexc(func, path, err)
  File "/opt/ohpc/pub/compiler/conda/latest/lib/python3.12/shutil.py", line 750, in onexc
    return onerror(func, path, exc_info)
           ^^^^^^^^^^^^^^^^^^^^^^^^^^^^^
  File "/opt/ohpc/pub/compiler/conda/latest/lib/python3.12/shutil.py", line 700, in _rmtree_safe_fd
    onexc(os.unlink, fullname, err)
  File "/opt/ohpc/pub/compiler/conda/latest/lib/python3.12/shutil.py", line 750, in onexc
    return onerror(func, path, exc_info)
           ^^^^^^^^^^^^^^^^^^^^^^^^^^^^^
  File "/opt/ohpc/pub/compiler/conda/latest/lib/python3.12/shutil.py", line 698, in _rmtree_safe_fd
    os.unlink(entry.name, dir_fd=topfd)
OSError: [Errno 16] Device or resource busy: '/tmp/pymp-marxglgz'
Traceback (most recent call last):
  File "/opt/ohpc/pub/compiler/conda/latest/lib/python3.12/multiprocessing/util.py", line 303, in _run_finalizers
    finalizer()
  File "/opt/ohpc/pub/compiler/conda/latest/lib/python3.12/multiprocessing/util.py", line 227, in __call__
    res = self._callback(*self._args, **self._kwargs)
          ^^^^^^^^^^^^^^^^^^^^^^^^^^^^^^^^^^^^^^^^^^^
  File "/opt/ohpc/pub/compiler/conda/latest/lib/python3.12/multiprocessing/util.py", line 136, in _remove_temp_dir
    rmtree(tempdir, onerror=onerror)
  File "/opt/ohpc/pub/compiler/conda/latest/lib/python3.12/shutil.py", line 759, in rmtree
    _rmtree_safe_fd(stack, onexc)
  File "/opt/ohpc/pub/compiler/conda/latest/lib/python3.12/shutil.py", line 703, in _rmtree_safe_fd
    onexc(func, path, err)
  File "/opt/ohpc/pub/compiler/conda/latest/lib/python3.12/shutil.py", line 750, in onexc
    return onerror(func, path, exc_info)
           ^^^^^^^^^^^^^^^^^^^^^^^^^^^^^
  File "/opt/ohpc/pub/compiler/conda/latest/lib/python3.12/shutil.py", line 700, in _rmtree_safe_fd
    onexc(os.unlink, fullname, err)
  File "/opt/ohpc/pub/compiler/conda/latest/lib/python3.12/shutil.py", line 750, in onexc
    return onerror(func, path, exc_info)
           ^^^^^^^^^^^^^^^^^^^^^^^^^^^^^
  File "/opt/ohpc/pub/compiler/conda/latest/lib/python3.12/shutil.py", line 698, in _rmtree_safe_fd
    os.unlink(entry.name, dir_fd=topfd)
OSError: [Errno 16] Device or resource busy: '/tmp/pymp-bq0dt1i_'
Traceback (most recent call last):
  File "/opt/ohpc/pub/compiler/conda/latest/lib/python3.12/multiprocessing/util.py", line 303, in _run_finalizers
    finalizer()
  File "/opt/ohpc/pub/compiler/conda/latest/lib/python3.12/multiprocessing/util.py", line 227, in __call__
    res = self._callback(*self._args, **self._kwargs)
          ^^^^^^^^^^^^^^^^^^^^^^^^^^^^^^^^^^^^^^^^^^^
  File "/opt/ohpc/pub/compiler/conda/latest/lib/python3.12/multiprocessing/util.py", line 136, in _remove_temp_dir
    rmtree(tempdir, onerror=onerror)
  File "/opt/ohpc/pub/compiler/conda/latest/lib/python3.12/shutil.py", line 759, in rmtree
    _rmtree_safe_fd(stack, onexc)
  File "/opt/ohpc/pub/compiler/conda/latest/lib/python3.12/shutil.py", line 703, in _rmtree_safe_fd
    onexc(func, path, err)
  File "/opt/ohpc/pub/compiler/conda/latest/lib/python3.12/shutil.py", line 750, in onexc
    return onerror(func, path, exc_info)
           ^^^^^^^^^^^^^^^^^^^^^^^^^^^^^
  File "/opt/ohpc/pub/compiler/conda/latest/lib/python3.12/shutil.py", line 700, in _rmtree_safe_fd
    onexc(os.unlink, fullname, err)
  File "/opt/ohpc/pub/compiler/conda/latest/lib/python3.12/shutil.py", line 750, in onexc
    return onerror(func, path, exc_info)
           ^^^^^^^^^^^^^^^^^^^^^^^^^^^^^
  File "/opt/ohpc/pub/compiler/conda/latest/lib/python3.12/shutil.py", line 698, in _rmtree_safe_fd
    os.unlink(entry.name, dir_fd=topfd)
OSError: [Errno 16] Device or resource busy: '/tmp/pymp-sta32opn'
Traceback (most recent call last):
  File "/opt/ohpc/pub/compiler/conda/latest/lib/python3.12/multiprocessing/util.py", line 303, in _run_finalizers
    finalizer()
  File "/opt/ohpc/pub/compiler/conda/latest/lib/python3.12/multiprocessing/util.py", line 227, in __call__
    res = self._callback(*self._args, **self._kwargs)
          ^^^^^^^^^^^^^^^^^^^^^^^^^^^^^^^^^^^^^^^^^^^
  File "/opt/ohpc/pub/compiler/conda/latest/lib/python3.12/multiprocessing/util.py", line 136, in _remove_temp_dir
    rmtree(tempdir, onerror=onerror)
  File "/opt/ohpc/pub/compiler/conda/latest/lib/python3.12/shutil.py", line 759, in rmtree
    _rmtree_safe_fd(stack, onexc)
  File "/opt/ohpc/pub/compiler/conda/latest/lib/python3.12/shutil.py", line 703, in _rmtree_safe_fd
    onexc(func, path, err)
  File "/opt/ohpc/pub/compiler/conda/latest/lib/python3.12/shutil.py", line 750, in onexc
    return onerror(func, path, exc_info)
           ^^^^^^^^^^^^^^^^^^^^^^^^^^^^^
  File "/opt/ohpc/pub/compiler/conda/latest/lib/python3.12/shutil.py", line 700, in _rmtree_safe_fd
    onexc(os.unlink, fullname, err)
  File "/opt/ohpc/pub/compiler/conda/latest/lib/python3.12/shutil.py", line 750, in onexc
    return onerror(func, path, exc_info)
           ^^^^^^^^^^^^^^^^^^^^^^^^^^^^^
  File "/opt/ohpc/pub/compiler/conda/latest/lib/python3.12/shutil.py", line 698, in _rmtree_safe_fd
    os.unlink(entry.name, dir_fd=topfd)
OSError: [Errno 16] Device or resource busy: '/tmp/pymp-h_u3a8yc'
Traceback (most recent call last):
  File "/opt/ohpc/pub/compiler/conda/latest/lib/python3.12/multiprocessing/util.py", line 303, in _run_finalizers
    finalizer()
  File "/opt/ohpc/pub/compiler/conda/latest/lib/python3.12/multiprocessing/util.py", line 227, in __call__
    res = self._callback(*self._args, **self._kwargs)
          ^^^^^^^^^^^^^^^^^^^^^^^^^^^^^^^^^^^^^^^^^^^
  File "/opt/ohpc/pub/compiler/conda/latest/lib/python3.12/multiprocessing/util.py", line 136, in _remove_temp_dir
    rmtree(tempdir, onerror=onerror)
  File "/opt/ohpc/pub/compiler/conda/latest/lib/python3.12/shutil.py", line 759, in rmtree
    _rmtree_safe_fd(stack, onexc)
  File "/opt/ohpc/pub/compiler/conda/latest/lib/python3.12/shutil.py", line 703, in _rmtree_safe_fd
    onexc(func, path, err)
  File "/opt/ohpc/pub/compiler/conda/latest/lib/python3.12/shutil.py", line 750, in onexc
    return onerror(func, path, exc_info)
           ^^^^^^^^^^^^^^^^^^^^^^^^^^^^^
  File "/opt/ohpc/pub/compiler/conda/latest/lib/python3.12/shutil.py", line 700, in _rmtree_safe_fd
    onexc(os.unlink, fullname, err)
  File "/opt/ohpc/pub/compiler/conda/latest/lib/python3.12/shutil.py", line 750, in onexc
    return onerror(func, path, exc_info)
           ^^^^^^^^^^^^^^^^^^^^^^^^^^^^^
  File "/opt/ohpc/pub/compiler/conda/latest/lib/python3.12/shutil.py", line 698, in _rmtree_safe_fd
    os.unlink(entry.name, dir_fd=topfd)
OSError: [Errno 16] Device or resource busy: '/tmp/pymp-c5ntcivu'
Traceback (most recent call last):
  File "/opt/ohpc/pub/compiler/conda/latest/lib/python3.12/multiprocessing/util.py", line 303, in _run_finalizers
    finalizer()
  File "/opt/ohpc/pub/compiler/conda/latest/lib/python3.12/multiprocessing/util.py", line 227, in __call__
    res = self._callback(*self._args, **self._kwargs)
          ^^^^^^^^^^^^^^^^^^^^^^^^^^^^^^^^^^^^^^^^^^^
  File "/opt/ohpc/pub/compiler/conda/latest/lib/python3.12/multiprocessing/util.py", line 136, in _remove_temp_dir
    rmtree(tempdir, onerror=onerror)
  File "/opt/ohpc/pub/compiler/conda/latest/lib/python3.12/shutil.py", line 759, in rmtree
    _rmtree_safe_fd(stack, onexc)
  File "/opt/ohpc/pub/compiler/conda/latest/lib/python3.12/shutil.py", line 703, in _rmtree_safe_fd
    onexc(func, path, err)
  File "/opt/ohpc/pub/compiler/conda/latest/lib/python3.12/shutil.py", line 750, in onexc
    return onerror(func, path, exc_info)
           ^^^^^^^^^^^^^^^^^^^^^^^^^^^^^
  File "/opt/ohpc/pub/compiler/conda/latest/lib/python3.12/shutil.py", line 700, in _rmtree_safe_fd
    onexc(os.unlink, fullname, err)
  File "/opt/ohpc/pub/compiler/conda/latest/lib/python3.12/shutil.py", line 750, in onexc
    return onerror(func, path, exc_info)
           ^^^^^^^^^^^^^^^^^^^^^^^^^^^^^
  File "/opt/ohpc/pub/compiler/conda/latest/lib/python3.12/shutil.py", line 698, in _rmtree_safe_fd
    os.unlink(entry.name, dir_fd=topfd)
OSError: [Errno 16] Device or resource busy: '/tmp/pymp-te284p67'
Traceback (most recent call last):
  File "/opt/ohpc/pub/compiler/conda/latest/lib/python3.12/multiprocessing/util.py", line 303, in _run_finalizers
    finalizer()
  File "/opt/ohpc/pub/compiler/conda/latest/lib/python3.12/multiprocessing/util.py", line 227, in __call__
    res = self._callback(*self._args, **self._kwargs)
          ^^^^^^^^^^^^^^^^^^^^^^^^^^^^^^^^^^^^^^^^^^^
  File "/opt/ohpc/pub/compiler/conda/latest/lib/python3.12/multiprocessing/util.py", line 136, in _remove_temp_dir
    rmtree(tempdir, onerror=onerror)
  File "/opt/ohpc/pub/compiler/conda/latest/lib/python3.12/shutil.py", line 759, in rmtree
    _rmtree_safe_fd(stack, onexc)
  File "/opt/ohpc/pub/compiler/conda/latest/lib/python3.12/shutil.py", line 703, in _rmtree_safe_fd
    onexc(func, path, err)
  File "/opt/ohpc/pub/compiler/conda/latest/lib/python3.12/shutil.py", line 750, in onexc
    return onerror(func, path, exc_info)
           ^^^^^^^^^^^^^^^^^^^^^^^^^^^^^
  File "/opt/ohpc/pub/compiler/conda/latest/lib/python3.12/shutil.py", line 700, in _rmtree_safe_fd
    onexc(os.unlink, fullname, err)
  File "/opt/ohpc/pub/compiler/conda/latest/lib/python3.12/shutil.py", line 750, in onexc
    return onerror(func, path, exc_info)
           ^^^^^^^^^^^^^^^^^^^^^^^^^^^^^
  File "/opt/ohpc/pub/compiler/conda/latest/lib/python3.12/shutil.py", line 698, in _rmtree_safe_fd
    os.unlink(entry.name, dir_fd=topfd)
OSError: [Errno 16] Device or resource busy: '/tmp/pymp-xzcxin88'
Traceback (most recent call last):
  File "/opt/ohpc/pub/compiler/conda/latest/lib/python3.12/multiprocessing/util.py", line 303, in _run_finalizers
    finalizer()
  File "/opt/ohpc/pub/compiler/conda/latest/lib/python3.12/multiprocessing/util.py", line 227, in __call__
    res = self._callback(*self._args, **self._kwargs)
          ^^^^^^^^^^^^^^^^^^^^^^^^^^^^^^^^^^^^^^^^^^^
  File "/opt/ohpc/pub/compiler/conda/latest/lib/python3.12/multiprocessing/util.py", line 136, in _remove_temp_dir
    rmtree(tempdir, onerror=onerror)
  File "/opt/ohpc/pub/compiler/conda/latest/lib/python3.12/shutil.py", line 759, in rmtree
    _rmtree_safe_fd(stack, onexc)
  File "/opt/ohpc/pub/compiler/conda/latest/lib/python3.12/shutil.py", line 703, in _rmtree_safe_fd
    onexc(func, path, err)
  File "/opt/ohpc/pub/compiler/conda/latest/lib/python3.12/shutil.py", line 750, in onexc
    return onerror(func, path, exc_info)
           ^^^^^^^^^^^^^^^^^^^^^^^^^^^^^
  File "/opt/ohpc/pub/compiler/conda/latest/lib/python3.12/shutil.py", line 700, in _rmtree_safe_fd
    onexc(os.unlink, fullname, err)
  File "/opt/ohpc/pub/compiler/conda/latest/lib/python3.12/shutil.py", line 750, in onexc
    return onerror(func, path, exc_info)
           ^^^^^^^^^^^^^^^^^^^^^^^^^^^^^
  File "/opt/ohpc/pub/compiler/conda/latest/lib/python3.12/shutil.py", line 698, in _rmtree_safe_fd
    os.unlink(entry.name, dir_fd=topfd)
OSError: [Errno 16] Device or resource busy: '/tmp/pymp-55856c10'
Traceback (most recent call last):
Traceback (most recent call last):
  File "/opt/ohpc/pub/compiler/conda/latest/lib/python3.12/multiprocessing/util.py", line 303, in _run_finalizers
    finalizer()
  File "/opt/ohpc/pub/compiler/conda/latest/lib/python3.12/multiprocessing/util.py", line 227, in __call__
    res = self._callback(*self._args, **self._kwargs)
          ^^^^^^^^^^^^^^^^^^^^^^^^^^^^^^^^^^^^^^^^^^^
  File "/opt/ohpc/pub/compiler/conda/latest/lib/python3.12/multiprocessing/util.py", line 136, in _remove_temp_dir
    rmtree(tempdir, onerror=onerror)
  File "/opt/ohpc/pub/compiler/conda/latest/lib/python3.12/shutil.py", line 759, in rmtree
    _rmtree_safe_fd(stack, onexc)
  File "/opt/ohpc/pub/compiler/conda/latest/lib/python3.12/shutil.py", line 703, in _rmtree_safe_fd
    onexc(func, path, err)
  File "/opt/ohpc/pub/compiler/conda/latest/lib/python3.12/shutil.py", line 750, in onexc
    return onerror(func, path, exc_info)
           ^^^^^^^^^^^^^^^^^^^^^^^^^^^^^
  File "/opt/ohpc/pub/compiler/conda/latest/lib/python3.12/shutil.py", line 700, in _rmtree_safe_fd
    onexc(os.unlink, fullname, err)
  File "/opt/ohpc/pub/compiler/conda/latest/lib/python3.12/shutil.py", line 750, in onexc
    return onerror(func, path, exc_info)
           ^^^^^^^^^^^^^^^^^^^^^^^^^^^^^
  File "/opt/ohpc/pub/compiler/conda/latest/lib/python3.12/shutil.py", line 698, in _rmtree_safe_fd
    os.unlink(entry.name, dir_fd=topfd)
OSError: [Errno 16] Device or resource busy: '/tmp/pymp-yrq0ued0'
Traceback (most recent call last):
Traceback (most recent call last):
  File "/opt/ohpc/pub/compiler/conda/latest/lib/python3.12/multiprocessing/util.py", line 303, in _run_finalizers
    finalizer()
  File "/opt/ohpc/pub/compiler/conda/latest/lib/python3.12/multiprocessing/util.py", line 227, in __call__
    res = self._callback(*self._args, **self._kwargs)
          ^^^^^^^^^^^^^^^^^^^^^^^^^^^^^^^^^^^^^^^^^^^
  File "/opt/ohpc/pub/compiler/conda/latest/lib/python3.12/multiprocessing/util.py", line 136, in _remove_temp_dir
    rmtree(tempdir, onerror=onerror)
  File "/opt/ohpc/pub/compiler/conda/latest/lib/python3.12/shutil.py", line 759, in rmtree
    _rmtree_safe_fd(stack, onexc)
  File "/opt/ohpc/pub/compiler/conda/latest/lib/python3.12/shutil.py", line 703, in _rmtree_safe_fd
    onexc(func, path, err)
  File "/opt/ohpc/pub/compiler/conda/latest/lib/python3.12/shutil.py", line 750, in onexc
    return onerror(func, path, exc_info)
           ^^^^^^^^^^^^^^^^^^^^^^^^^^^^^
  File "/opt/ohpc/pub/compiler/conda/latest/lib/python3.12/shutil.py", line 700, in _rmtree_safe_fd
    onexc(os.unlink, fullname, err)
  File "/opt/ohpc/pub/compiler/conda/latest/lib/python3.12/shutil.py", line 750, in onexc
    return onerror(func, path, exc_info)
           ^^^^^^^^^^^^^^^^^^^^^^^^^^^^^
  File "/opt/ohpc/pub/compiler/conda/latest/lib/python3.12/shutil.py", line 698, in _rmtree_safe_fd
    os.unlink(entry.name, dir_fd=topfd)
OSError: [Errno 16] Device or resource busy: '/tmp/pymp-uorol6g5'
  File "/opt/ohpc/pub/compiler/conda/latest/lib/python3.12/multiprocessing/util.py", line 303, in _run_finalizers
    finalizer()
Traceback (most recent call last):
  File "/opt/ohpc/pub/compiler/conda/latest/lib/python3.12/multiprocessing/util.py", line 227, in __call__
    res = self._callback(*self._args, **self._kwargs)
          ^^^^^^^^^^^^^^^^^^^^^^^^^^^^^^^^^^^^^^^^^^^
  File "/opt/ohpc/pub/compiler/conda/latest/lib/python3.12/multiprocessing/util.py", line 136, in _remove_temp_dir
    rmtree(tempdir, onerror=onerror)
  File "/opt/ohpc/pub/compiler/conda/latest/lib/python3.12/shutil.py", line 759, in rmtree
    _rmtree_safe_fd(stack, onexc)
  File "/opt/ohpc/pub/compiler/conda/latest/lib/python3.12/shutil.py", line 703, in _rmtree_safe_fd
    onexc(func, path, err)
  File "/opt/ohpc/pub/compiler/conda/latest/lib/python3.12/shutil.py", line 750, in onexc
    return onerror(func, path, exc_info)
           ^^^^^^^^^^^^^^^^^^^^^^^^^^^^^
  File "/opt/ohpc/pub/compiler/conda/latest/lib/python3.12/shutil.py", line 700, in _rmtree_safe_fd
    onexc(os.unlink, fullname, err)
  File "/opt/ohpc/pub/compiler/conda/latest/lib/python3.12/shutil.py", line 750, in onexc
    return onerror(func, path, exc_info)
           ^^^^^^^^^^^^^^^^^^^^^^^^^^^^^
  File "/opt/ohpc/pub/compiler/conda/latest/lib/python3.12/shutil.py", line 698, in _rmtree_safe_fd
    os.unlink(entry.name, dir_fd=topfd)
OSError: [Errno 16] Device or resource busy: '/tmp/pymp-nvckj2qr'
  File "/opt/ohpc/pub/compiler/conda/latest/lib/python3.12/multiprocessing/util.py", line 303, in _run_finalizers
    finalizer()
  File "/opt/ohpc/pub/compiler/conda/latest/lib/python3.12/multiprocessing/util.py", line 303, in _run_finalizers
    finalizer()
  File "/opt/ohpc/pub/compiler/conda/latest/lib/python3.12/multiprocessing/util.py", line 227, in __call__
    res = self._callback(*self._args, **self._kwargs)
          ^^^^^^^^^^^^^^^^^^^^^^^^^^^^^^^^^^^^^^^^^^^
  File "/opt/ohpc/pub/compiler/conda/latest/lib/python3.12/multiprocessing/util.py", line 136, in _remove_temp_dir
    rmtree(tempdir, onerror=onerror)
  File "/opt/ohpc/pub/compiler/conda/latest/lib/python3.12/multiprocessing/util.py", line 227, in __call__
    res = self._callback(*self._args, **self._kwargs)
          ^^^^^^^^^^^^^^^^^^^^^^^^^^^^^^^^^^^^^^^^^^^
  File "/opt/ohpc/pub/compiler/conda/latest/lib/python3.12/shutil.py", line 759, in rmtree
    _rmtree_safe_fd(stack, onexc)
  File "/opt/ohpc/pub/compiler/conda/latest/lib/python3.12/multiprocessing/util.py", line 136, in _remove_temp_dir
    rmtree(tempdir, onerror=onerror)
  File "/opt/ohpc/pub/compiler/conda/latest/lib/python3.12/shutil.py", line 703, in _rmtree_safe_fd
    onexc(func, path, err)
  File "/opt/ohpc/pub/compiler/conda/latest/lib/python3.12/shutil.py", line 759, in rmtree
    _rmtree_safe_fd(stack, onexc)
  File "/opt/ohpc/pub/compiler/conda/latest/lib/python3.12/shutil.py", line 750, in onexc
    return onerror(func, path, exc_info)
           ^^^^^^^^^^^^^^^^^^^^^^^^^^^^^
  File "/opt/ohpc/pub/compiler/conda/latest/lib/python3.12/shutil.py", line 703, in _rmtree_safe_fd
    onexc(func, path, err)
  File "/opt/ohpc/pub/compiler/conda/latest/lib/python3.12/shutil.py", line 700, in _rmtree_safe_fd
    onexc(os.unlink, fullname, err)
  File "/opt/ohpc/pub/compiler/conda/latest/lib/python3.12/shutil.py", line 750, in onexc
    return onerror(func, path, exc_info)
           ^^^^^^^^^^^^^^^^^^^^^^^^^^^^^
  File "/opt/ohpc/pub/compiler/conda/latest/lib/python3.12/shutil.py", line 750, in onexc
    return onerror(func, path, exc_info)
           ^^^^^^^^^^^^^^^^^^^^^^^^^^^^^
  File "/opt/ohpc/pub/compiler/conda/latest/lib/python3.12/shutil.py", line 700, in _rmtree_safe_fd
    onexc(os.unlink, fullname, err)
  File "/opt/ohpc/pub/compiler/conda/latest/lib/python3.12/shutil.py", line 698, in _rmtree_safe_fd
    os.unlink(entry.name, dir_fd=topfd)
  File "/opt/ohpc/pub/compiler/conda/latest/lib/python3.12/shutil.py", line 750, in onexc
    return onerror(func, path, exc_info)
           ^^^^^^^^^^^^^^^^^^^^^^^^^^^^^
  File "/opt/ohpc/pub/compiler/conda/latest/lib/python3.12/shutil.py", line 698, in _rmtree_safe_fd
    os.unlink(entry.name, dir_fd=topfd)
OSError: [Errno 16] Device or resource busy: '/tmp/pymp-2zuhiuyl'
OSError: [Errno 16] Device or resource busy: '/tmp/pymp-ig53xeny'
Traceback (most recent call last):
  File "/opt/ohpc/pub/compiler/conda/latest/lib/python3.12/multiprocessing/util.py", line 303, in _run_finalizers
    finalizer()
  File "/opt/ohpc/pub/compiler/conda/latest/lib/python3.12/multiprocessing/util.py", line 227, in __call__
    res = self._callback(*self._args, **self._kwargs)
          ^^^^^^^^^^^^^^^^^^^^^^^^^^^^^^^^^^^^^^^^^^^
  File "/opt/ohpc/pub/compiler/conda/latest/lib/python3.12/multiprocessing/util.py", line 136, in _remove_temp_dir
    rmtree(tempdir, onerror=onerror)
  File "/opt/ohpc/pub/compiler/conda/latest/lib/python3.12/shutil.py", line 759, in rmtree
    _rmtree_safe_fd(stack, onexc)
  File "/opt/ohpc/pub/compiler/conda/latest/lib/python3.12/shutil.py", line 703, in _rmtree_safe_fd
    onexc(func, path, err)
  File "/opt/ohpc/pub/compiler/conda/latest/lib/python3.12/shutil.py", line 750, in onexc
    return onerror(func, path, exc_info)
           ^^^^^^^^^^^^^^^^^^^^^^^^^^^^^
  File "/opt/ohpc/pub/compiler/conda/latest/lib/python3.12/shutil.py", line 700, in _rmtree_safe_fd
    onexc(os.unlink, fullname, err)
  File "/opt/ohpc/pub/compiler/conda/latest/lib/python3.12/shutil.py", line 750, in onexc
    return onerror(func, path, exc_info)
           ^^^^^^^^^^^^^^^^^^^^^^^^^^^^^
  File "/opt/ohpc/pub/compiler/conda/latest/lib/python3.12/shutil.py", line 698, in _rmtree_safe_fd
    os.unlink(entry.name, dir_fd=topfd)
OSError: [Errno 16] Device or resource busy: '/tmp/pymp-5y_t3syg'
Traceback (most recent call last):
  File "/opt/ohpc/pub/compiler/conda/latest/lib/python3.12/multiprocessing/util.py", line 303, in _run_finalizers
    finalizer()
  File "/opt/ohpc/pub/compiler/conda/latest/lib/python3.12/multiprocessing/util.py", line 227, in __call__
    res = self._callback(*self._args, **self._kwargs)
          ^^^^^^^^^^^^^^^^^^^^^^^^^^^^^^^^^^^^^^^^^^^
  File "/opt/ohpc/pub/compiler/conda/latest/lib/python3.12/multiprocessing/util.py", line 136, in _remove_temp_dir
    rmtree(tempdir, onerror=onerror)
  File "/opt/ohpc/pub/compiler/conda/latest/lib/python3.12/shutil.py", line 759, in rmtree
    _rmtree_safe_fd(stack, onexc)
  File "/opt/ohpc/pub/compiler/conda/latest/lib/python3.12/shutil.py", line 703, in _rmtree_safe_fd
    onexc(func, path, err)
  File "/opt/ohpc/pub/compiler/conda/latest/lib/python3.12/shutil.py", line 750, in onexc
    return onerror(func, path, exc_info)
           ^^^^^^^^^^^^^^^^^^^^^^^^^^^^^
  File "/opt/ohpc/pub/compiler/conda/latest/lib/python3.12/shutil.py", line 700, in _rmtree_safe_fd
    onexc(os.unlink, fullname, err)
  File "/opt/ohpc/pub/compiler/conda/latest/lib/python3.12/shutil.py", line 750, in onexc
    return onerror(func, path, exc_info)
           ^^^^^^^^^^^^^^^^^^^^^^^^^^^^^
  File "/opt/ohpc/pub/compiler/conda/latest/lib/python3.12/shutil.py", line 698, in _rmtree_safe_fd
    os.unlink(entry.name, dir_fd=topfd)
OSError: [Errno 16] Device or resource busy: '/tmp/pymp-4o7momqg'
Traceback (most recent call last):
  File "/opt/ohpc/pub/compiler/conda/latest/lib/python3.12/multiprocessing/util.py", line 303, in _run_finalizers
    finalizer()
  File "/opt/ohpc/pub/compiler/conda/latest/lib/python3.12/multiprocessing/util.py", line 227, in __call__
    res = self._callback(*self._args, **self._kwargs)
          ^^^^^^^^^^^^^^^^^^^^^^^^^^^^^^^^^^^^^^^^^^^
  File "/opt/ohpc/pub/compiler/conda/latest/lib/python3.12/multiprocessing/util.py", line 136, in _remove_temp_dir
    rmtree(tempdir, onerror=onerror)
  File "/opt/ohpc/pub/compiler/conda/latest/lib/python3.12/shutil.py", line 759, in rmtree
    _rmtree_safe_fd(stack, onexc)
  File "/opt/ohpc/pub/compiler/conda/latest/lib/python3.12/shutil.py", line 703, in _rmtree_safe_fd
    onexc(func, path, err)
  File "/opt/ohpc/pub/compiler/conda/latest/lib/python3.12/shutil.py", line 750, in onexc
    return onerror(func, path, exc_info)
           ^^^^^^^^^^^^^^^^^^^^^^^^^^^^^
  File "/opt/ohpc/pub/compiler/conda/latest/lib/python3.12/shutil.py", line 700, in _rmtree_safe_fd
    onexc(os.unlink, fullname, err)
  File "/opt/ohpc/pub/compiler/conda/latest/lib/python3.12/shutil.py", line 750, in onexc
    return onerror(func, path, exc_info)
           ^^^^^^^^^^^^^^^^^^^^^^^^^^^^^
  File "/opt/ohpc/pub/compiler/conda/latest/lib/python3.12/shutil.py", line 698, in _rmtree_safe_fd
    os.unlink(entry.name, dir_fd=topfd)
OSError: [Errno 16] Device or resource busy: '/tmp/pymp-0hnwhtx5'
Traceback (most recent call last):
  File "/opt/ohpc/pub/compiler/conda/latest/lib/python3.12/multiprocessing/util.py", line 303, in _run_finalizers
    finalizer()
  File "/opt/ohpc/pub/compiler/conda/latest/lib/python3.12/multiprocessing/util.py", line 227, in __call__
    res = self._callback(*self._args, **self._kwargs)
          ^^^^^^^^^^^^^^^^^^^^^^^^^^^^^^^^^^^^^^^^^^^
  File "/opt/ohpc/pub/compiler/conda/latest/lib/python3.12/multiprocessing/util.py", line 136, in _remove_temp_dir
    rmtree(tempdir, onerror=onerror)
  File "/opt/ohpc/pub/compiler/conda/latest/lib/python3.12/shutil.py", line 759, in rmtree
    _rmtree_safe_fd(stack, onexc)
  File "/opt/ohpc/pub/compiler/conda/latest/lib/python3.12/shutil.py", line 703, in _rmtree_safe_fd
    onexc(func, path, err)
  File "/opt/ohpc/pub/compiler/conda/latest/lib/python3.12/shutil.py", line 750, in onexc
    return onerror(func, path, exc_info)
           ^^^^^^^^^^^^^^^^^^^^^^^^^^^^^
  File "/opt/ohpc/pub/compiler/conda/latest/lib/python3.12/shutil.py", line 700, in _rmtree_safe_fd
    onexc(os.unlink, fullname, err)
  File "/opt/ohpc/pub/compiler/conda/latest/lib/python3.12/shutil.py", line 750, in onexc
    return onerror(func, path, exc_info)
           ^^^^^^^^^^^^^^^^^^^^^^^^^^^^^
  File "/opt/ohpc/pub/compiler/conda/latest/lib/python3.12/shutil.py", line 698, in _rmtree_safe_fd
    os.unlink(entry.name, dir_fd=topfd)
OSError: [Errno 16] Device or resource busy: '/tmp/pymp-v2t47led'
[val 009] loss=-0.8848 z_std=0.0450 rankme=16.865 lidar=7.435 areq=1.968 pr=1.37 align=0.1501 unif=-0.962 converged=False collapsed=False
  e010 it0000/62 lr=0.0031 loss=-0.8840 z_std=0.0618
  e010 it0010/62 lr=0.0031 loss=-0.8647 z_std=0.0623
  e010 it0020/62 lr=0.0031 loss=-0.8780 z_std=0.0625
  e010 it0030/62 lr=0.0031 loss=-0.8832 z_std=0.0624
  e010 it0040/62 lr=0.0031 loss=-0.8874 z_std=0.0624
  e010 it0050/62 lr=0.0031 loss=-0.8908 z_std=0.0624
  e010 it0060/62 lr=0.0031 loss=-0.8947 z_std=0.0624
[epoch 010] loss=-0.8946 z_std=0.0624 (healthy~0.0625) time=189.7s
Traceback (most recent call last):
Traceback (most recent call last):
Traceback (most recent call last):
  File "/opt/ohpc/pub/compiler/conda/latest/lib/python3.12/multiprocessing/util.py", line 303, in _run_finalizers
    finalizer()
  File "/opt/ohpc/pub/compiler/conda/latest/lib/python3.12/multiprocessing/util.py", line 227, in __call__
    res = self._callback(*self._args, **self._kwargs)
          ^^^^^^^^^^^^^^^^^^^^^^^^^^^^^^^^^^^^^^^^^^^
  File "/opt/ohpc/pub/compiler/conda/latest/lib/python3.12/multiprocessing/util.py", line 136, in _remove_temp_dir
    rmtree(tempdir, onerror=onerror)
  File "/opt/ohpc/pub/compiler/conda/latest/lib/python3.12/multiprocessing/util.py", line 303, in _run_finalizers
    finalizer()
  File "/opt/ohpc/pub/compiler/conda/latest/lib/python3.12/shutil.py", line 759, in rmtree
    _rmtree_safe_fd(stack, onexc)
  File "/opt/ohpc/pub/compiler/conda/latest/lib/python3.12/shutil.py", line 703, in _rmtree_safe_fd
    onexc(func, path, err)
  File "/opt/ohpc/pub/compiler/conda/latest/lib/python3.12/shutil.py", line 750, in onexc
    return onerror(func, path, exc_info)
           ^^^^^^^^^^^^^^^^^^^^^^^^^^^^^
  File "/opt/ohpc/pub/compiler/conda/latest/lib/python3.12/multiprocessing/util.py", line 227, in __call__
    res = self._callback(*self._args, **self._kwargs)
          ^^^^^^^^^^^^^^^^^^^^^^^^^^^^^^^^^^^^^^^^^^^
  File "/opt/ohpc/pub/compiler/conda/latest/lib/python3.12/shutil.py", line 700, in _rmtree_safe_fd
    onexc(os.unlink, fullname, err)
  File "/opt/ohpc/pub/compiler/conda/latest/lib/python3.12/multiprocessing/util.py", line 136, in _remove_temp_dir
    rmtree(tempdir, onerror=onerror)
  File "/opt/ohpc/pub/compiler/conda/latest/lib/python3.12/shutil.py", line 750, in onexc
    return onerror(func, path, exc_info)
           ^^^^^^^^^^^^^^^^^^^^^^^^^^^^^
  File "/opt/ohpc/pub/compiler/conda/latest/lib/python3.12/shutil.py", line 759, in rmtree
    _rmtree_safe_fd(stack, onexc)
  File "/opt/ohpc/pub/compiler/conda/latest/lib/python3.12/shutil.py", line 698, in _rmtree_safe_fd
    os.unlink(entry.name, dir_fd=topfd)
  File "/opt/ohpc/pub/compiler/conda/latest/lib/python3.12/shutil.py", line 703, in _rmtree_safe_fd
    onexc(func, path, err)
  File "/opt/ohpc/pub/compiler/conda/latest/lib/python3.12/shutil.py", line 750, in onexc
    return onerror(func, path, exc_info)
           ^^^^^^^^^^^^^^^^^^^^^^^^^^^^^
  File "/opt/ohpc/pub/compiler/conda/latest/lib/python3.12/shutil.py", line 700, in _rmtree_safe_fd
    onexc(os.unlink, fullname, err)
  File "/opt/ohpc/pub/compiler/conda/latest/lib/python3.12/shutil.py", line 750, in onexc
    return onerror(func, path, exc_info)
           ^^^^^^^^^^^^^^^^^^^^^^^^^^^^^
  File "/opt/ohpc/pub/compiler/conda/latest/lib/python3.12/multiprocessing/util.py", line 303, in _run_finalizers
    finalizer()
  File "/opt/ohpc/pub/compiler/conda/latest/lib/python3.12/shutil.py", line 698, in _rmtree_safe_fd
    os.unlink(entry.name, dir_fd=topfd)
OSError: [Errno 16] Device or resource busy: '/tmp/pymp-kzbm1gkr'
  File "/opt/ohpc/pub/compiler/conda/latest/lib/python3.12/multiprocessing/util.py", line 227, in __call__
    res = self._callback(*self._args, **self._kwargs)
          ^^^^^^^^^^^^^^^^^^^^^^^^^^^^^^^^^^^^^^^^^^^
  File "/opt/ohpc/pub/compiler/conda/latest/lib/python3.12/multiprocessing/util.py", line 136, in _remove_temp_dir
    rmtree(tempdir, onerror=onerror)
  File "/opt/ohpc/pub/compiler/conda/latest/lib/python3.12/shutil.py", line 759, in rmtree
    _rmtree_safe_fd(stack, onexc)
OSError: [Errno 16] Device or resource busy: '/tmp/pymp-ps8g05tv'
  File "/opt/ohpc/pub/compiler/conda/latest/lib/python3.12/shutil.py", line 703, in _rmtree_safe_fd
    onexc(func, path, err)
  File "/opt/ohpc/pub/compiler/conda/latest/lib/python3.12/shutil.py", line 750, in onexc
    return onerror(func, path, exc_info)
           ^^^^^^^^^^^^^^^^^^^^^^^^^^^^^
  File "/opt/ohpc/pub/compiler/conda/latest/lib/python3.12/shutil.py", line 700, in _rmtree_safe_fd
    onexc(os.unlink, fullname, err)
  File "/opt/ohpc/pub/compiler/conda/latest/lib/python3.12/shutil.py", line 750, in onexc
    return onerror(func, path, exc_info)
           ^^^^^^^^^^^^^^^^^^^^^^^^^^^^^
  File "/opt/ohpc/pub/compiler/conda/latest/lib/python3.12/shutil.py", line 698, in _rmtree_safe_fd
    os.unlink(entry.name, dir_fd=topfd)
OSError: [Errno 16] Device or resource busy: '/tmp/pymp-jr2ioric'
Traceback (most recent call last):
Traceback (most recent call last):
  File "/opt/ohpc/pub/compiler/conda/latest/lib/python3.12/multiprocessing/util.py", line 303, in _run_finalizers
    finalizer()
  File "/opt/ohpc/pub/compiler/conda/latest/lib/python3.12/multiprocessing/util.py", line 227, in __call__
    res = self._callback(*self._args, **self._kwargs)
          ^^^^^^^^^^^^^^^^^^^^^^^^^^^^^^^^^^^^^^^^^^^
  File "/opt/ohpc/pub/compiler/conda/latest/lib/python3.12/multiprocessing/util.py", line 136, in _remove_temp_dir
    rmtree(tempdir, onerror=onerror)
  File "/opt/ohpc/pub/compiler/conda/latest/lib/python3.12/shutil.py", line 759, in rmtree
    _rmtree_safe_fd(stack, onexc)
  File "/opt/ohpc/pub/compiler/conda/latest/lib/python3.12/shutil.py", line 703, in _rmtree_safe_fd
    onexc(func, path, err)
  File "/opt/ohpc/pub/compiler/conda/latest/lib/python3.12/shutil.py", line 750, in onexc
    return onerror(func, path, exc_info)
           ^^^^^^^^^^^^^^^^^^^^^^^^^^^^^
  File "/opt/ohpc/pub/compiler/conda/latest/lib/python3.12/shutil.py", line 700, in _rmtree_safe_fd
    onexc(os.unlink, fullname, err)
  File "/opt/ohpc/pub/compiler/conda/latest/lib/python3.12/shutil.py", line 750, in onexc
    return onerror(func, path, exc_info)
           ^^^^^^^^^^^^^^^^^^^^^^^^^^^^^
  File "/opt/ohpc/pub/compiler/conda/latest/lib/python3.12/shutil.py", line 698, in _rmtree_safe_fd
    os.unlink(entry.name, dir_fd=topfd)
OSError: [Errno 16] Device or resource busy: '/tmp/pymp-laewmz6z'
  File "/opt/ohpc/pub/compiler/conda/latest/lib/python3.12/multiprocessing/util.py", line 303, in _run_finalizers
    finalizer()
  File "/opt/ohpc/pub/compiler/conda/latest/lib/python3.12/multiprocessing/util.py", line 227, in __call__
    res = self._callback(*self._args, **self._kwargs)
          ^^^^^^^^^^^^^^^^^^^^^^^^^^^^^^^^^^^^^^^^^^^
  File "/opt/ohpc/pub/compiler/conda/latest/lib/python3.12/multiprocessing/util.py", line 136, in _remove_temp_dir
    rmtree(tempdir, onerror=onerror)
  File "/opt/ohpc/pub/compiler/conda/latest/lib/python3.12/shutil.py", line 759, in rmtree
    _rmtree_safe_fd(stack, onexc)
  File "/opt/ohpc/pub/compiler/conda/latest/lib/python3.12/shutil.py", line 703, in _rmtree_safe_fd
    onexc(func, path, err)
  File "/opt/ohpc/pub/compiler/conda/latest/lib/python3.12/shutil.py", line 750, in onexc
    return onerror(func, path, exc_info)
           ^^^^^^^^^^^^^^^^^^^^^^^^^^^^^
  File "/opt/ohpc/pub/compiler/conda/latest/lib/python3.12/shutil.py", line 700, in _rmtree_safe_fd
    onexc(os.unlink, fullname, err)
  File "/opt/ohpc/pub/compiler/conda/latest/lib/python3.12/shutil.py", line 750, in onexc
    return onerror(func, path, exc_info)
           ^^^^^^^^^^^^^^^^^^^^^^^^^^^^^
  File "/opt/ohpc/pub/compiler/conda/latest/lib/python3.12/shutil.py", line 698, in _rmtree_safe_fd
    os.unlink(entry.name, dir_fd=topfd)
OSError: [Errno 16] Device or resource busy: '/tmp/pymp-xkswnvyw'
Traceback (most recent call last):
  File "/opt/ohpc/pub/compiler/conda/latest/lib/python3.12/multiprocessing/util.py", line 303, in _run_finalizers
    finalizer()
  File "/opt/ohpc/pub/compiler/conda/latest/lib/python3.12/multiprocessing/util.py", line 227, in __call__
    res = self._callback(*self._args, **self._kwargs)
          ^^^^^^^^^^^^^^^^^^^^^^^^^^^^^^^^^^^^^^^^^^^
  File "/opt/ohpc/pub/compiler/conda/latest/lib/python3.12/multiprocessing/util.py", line 136, in _remove_temp_dir
    rmtree(tempdir, onerror=onerror)
  File "/opt/ohpc/pub/compiler/conda/latest/lib/python3.12/shutil.py", line 759, in rmtree
    _rmtree_safe_fd(stack, onexc)
  File "/opt/ohpc/pub/compiler/conda/latest/lib/python3.12/shutil.py", line 703, in _rmtree_safe_fd
    onexc(func, path, err)
  File "/opt/ohpc/pub/compiler/conda/latest/lib/python3.12/shutil.py", line 750, in onexc
    return onerror(func, path, exc_info)
           ^^^^^^^^^^^^^^^^^^^^^^^^^^^^^
  File "/opt/ohpc/pub/compiler/conda/latest/lib/python3.12/shutil.py", line 700, in _rmtree_safe_fd
    onexc(os.unlink, fullname, err)
  File "/opt/ohpc/pub/compiler/conda/latest/lib/python3.12/shutil.py", line 750, in onexc
    return onerror(func, path, exc_info)
           ^^^^^^^^^^^^^^^^^^^^^^^^^^^^^
  File "/opt/ohpc/pub/compiler/conda/latest/lib/python3.12/shutil.py", line 698, in _rmtree_safe_fd
    os.unlink(entry.name, dir_fd=topfd)
OSError: [Errno 16] Device or resource busy: '/tmp/pymp-r7usv8dg'
Traceback (most recent call last):
  File "/opt/ohpc/pub/compiler/conda/latest/lib/python3.12/multiprocessing/util.py", line 303, in _run_finalizers
    finalizer()
  File "/opt/ohpc/pub/compiler/conda/latest/lib/python3.12/multiprocessing/util.py", line 227, in __call__
    res = self._callback(*self._args, **self._kwargs)
          ^^^^^^^^^^^^^^^^^^^^^^^^^^^^^^^^^^^^^^^^^^^
  File "/opt/ohpc/pub/compiler/conda/latest/lib/python3.12/multiprocessing/util.py", line 136, in _remove_temp_dir
    rmtree(tempdir, onerror=onerror)
  File "/opt/ohpc/pub/compiler/conda/latest/lib/python3.12/shutil.py", line 759, in rmtree
    _rmtree_safe_fd(stack, onexc)
  File "/opt/ohpc/pub/compiler/conda/latest/lib/python3.12/shutil.py", line 703, in _rmtree_safe_fd
    onexc(func, path, err)
  File "/opt/ohpc/pub/compiler/conda/latest/lib/python3.12/shutil.py", line 750, in onexc
    return onerror(func, path, exc_info)
           ^^^^^^^^^^^^^^^^^^^^^^^^^^^^^
  File "/opt/ohpc/pub/compiler/conda/latest/lib/python3.12/shutil.py", line 700, in _rmtree_safe_fd
    onexc(os.unlink, fullname, err)
  File "/opt/ohpc/pub/compiler/conda/latest/lib/python3.12/shutil.py", line 750, in onexc
    return onerror(func, path, exc_info)
           ^^^^^^^^^^^^^^^^^^^^^^^^^^^^^
  File "/opt/ohpc/pub/compiler/conda/latest/lib/python3.12/shutil.py", line 698, in _rmtree_safe_fd
    os.unlink(entry.name, dir_fd=topfd)
OSError: [Errno 16] Device or resource busy: '/tmp/pymp-tja1dwvh'
Traceback (most recent call last):
  File "/opt/ohpc/pub/compiler/conda/latest/lib/python3.12/multiprocessing/util.py", line 303, in _run_finalizers
    finalizer()
  File "/opt/ohpc/pub/compiler/conda/latest/lib/python3.12/multiprocessing/util.py", line 227, in __call__
    res = self._callback(*self._args, **self._kwargs)
          ^^^^^^^^^^^^^^^^^^^^^^^^^^^^^^^^^^^^^^^^^^^
  File "/opt/ohpc/pub/compiler/conda/latest/lib/python3.12/multiprocessing/util.py", line 136, in _remove_temp_dir
    rmtree(tempdir, onerror=onerror)
  File "/opt/ohpc/pub/compiler/conda/latest/lib/python3.12/shutil.py", line 759, in rmtree
    _rmtree_safe_fd(stack, onexc)
  File "/opt/ohpc/pub/compiler/conda/latest/lib/python3.12/shutil.py", line 703, in _rmtree_safe_fd
    onexc(func, path, err)
  File "/opt/ohpc/pub/compiler/conda/latest/lib/python3.12/shutil.py", line 750, in onexc
    return onerror(func, path, exc_info)
           ^^^^^^^^^^^^^^^^^^^^^^^^^^^^^
  File "/opt/ohpc/pub/compiler/conda/latest/lib/python3.12/shutil.py", line 700, in _rmtree_safe_fd
    onexc(os.unlink, fullname, err)
  File "/opt/ohpc/pub/compiler/conda/latest/lib/python3.12/shutil.py", line 750, in onexc
    return onerror(func, path, exc_info)
           ^^^^^^^^^^^^^^^^^^^^^^^^^^^^^
  File "/opt/ohpc/pub/compiler/conda/latest/lib/python3.12/shutil.py", line 698, in _rmtree_safe_fd
    os.unlink(entry.name, dir_fd=topfd)
OSError: [Errno 16] Device or resource busy: '/tmp/pymp-vifo619r'
Traceback (most recent call last):
  File "/opt/ohpc/pub/compiler/conda/latest/lib/python3.12/multiprocessing/util.py", line 303, in _run_finalizers
    finalizer()
  File "/opt/ohpc/pub/compiler/conda/latest/lib/python3.12/multiprocessing/util.py", line 227, in __call__
    res = self._callback(*self._args, **self._kwargs)
          ^^^^^^^^^^^^^^^^^^^^^^^^^^^^^^^^^^^^^^^^^^^
  File "/opt/ohpc/pub/compiler/conda/latest/lib/python3.12/multiprocessing/util.py", line 136, in _remove_temp_dir
    rmtree(tempdir, onerror=onerror)
  File "/opt/ohpc/pub/compiler/conda/latest/lib/python3.12/shutil.py", line 759, in rmtree
    _rmtree_safe_fd(stack, onexc)
  File "/opt/ohpc/pub/compiler/conda/latest/lib/python3.12/shutil.py", line 703, in _rmtree_safe_fd
    onexc(func, path, err)
  File "/opt/ohpc/pub/compiler/conda/latest/lib/python3.12/shutil.py", line 750, in onexc
    return onerror(func, path, exc_info)
           ^^^^^^^^^^^^^^^^^^^^^^^^^^^^^
  File "/opt/ohpc/pub/compiler/conda/latest/lib/python3.12/shutil.py", line 700, in _rmtree_safe_fd
    onexc(os.unlink, fullname, err)
  File "/opt/ohpc/pub/compiler/conda/latest/lib/python3.12/shutil.py", line 750, in onexc
    return onerror(func, path, exc_info)
           ^^^^^^^^^^^^^^^^^^^^^^^^^^^^^
  File "/opt/ohpc/pub/compiler/conda/latest/lib/python3.12/shutil.py", line 698, in _rmtree_safe_fd
    os.unlink(entry.name, dir_fd=topfd)
OSError: [Errno 16] Device or resource busy: '/tmp/pymp-cx1u_cj8'
Traceback (most recent call last):
  File "/opt/ohpc/pub/compiler/conda/latest/lib/python3.12/multiprocessing/util.py", line 303, in _run_finalizers
    finalizer()
  File "/opt/ohpc/pub/compiler/conda/latest/lib/python3.12/multiprocessing/util.py", line 227, in __call__
    res = self._callback(*self._args, **self._kwargs)
          ^^^^^^^^^^^^^^^^^^^^^^^^^^^^^^^^^^^^^^^^^^^
  File "/opt/ohpc/pub/compiler/conda/latest/lib/python3.12/multiprocessing/util.py", line 136, in _remove_temp_dir
    rmtree(tempdir, onerror=onerror)
  File "/opt/ohpc/pub/compiler/conda/latest/lib/python3.12/shutil.py", line 759, in rmtree
    _rmtree_safe_fd(stack, onexc)
  File "/opt/ohpc/pub/compiler/conda/latest/lib/python3.12/shutil.py", line 703, in _rmtree_safe_fd
    onexc(func, path, err)
  File "/opt/ohpc/pub/compiler/conda/latest/lib/python3.12/shutil.py", line 750, in onexc
    return onerror(func, path, exc_info)
           ^^^^^^^^^^^^^^^^^^^^^^^^^^^^^
  File "/opt/ohpc/pub/compiler/conda/latest/lib/python3.12/shutil.py", line 700, in _rmtree_safe_fd
    onexc(os.unlink, fullname, err)
  File "/opt/ohpc/pub/compiler/conda/latest/lib/python3.12/shutil.py", line 750, in onexc
    return onerror(func, path, exc_info)
           ^^^^^^^^^^^^^^^^^^^^^^^^^^^^^
  File "/opt/ohpc/pub/compiler/conda/latest/lib/python3.12/shutil.py", line 698, in _rmtree_safe_fd
    os.unlink(entry.name, dir_fd=topfd)
OSError: [Errno 16] Device or resource busy: '/tmp/pymp-wiizjojb'
Traceback (most recent call last):
  File "/opt/ohpc/pub/compiler/conda/latest/lib/python3.12/multiprocessing/util.py", line 303, in _run_finalizers
    finalizer()
  File "/opt/ohpc/pub/compiler/conda/latest/lib/python3.12/multiprocessing/util.py", line 227, in __call__
    res = self._callback(*self._args, **self._kwargs)
          ^^^^^^^^^^^^^^^^^^^^^^^^^^^^^^^^^^^^^^^^^^^
  File "/opt/ohpc/pub/compiler/conda/latest/lib/python3.12/multiprocessing/util.py", line 136, in _remove_temp_dir
    rmtree(tempdir, onerror=onerror)
  File "/opt/ohpc/pub/compiler/conda/latest/lib/python3.12/shutil.py", line 759, in rmtree
    _rmtree_safe_fd(stack, onexc)
  File "/opt/ohpc/pub/compiler/conda/latest/lib/python3.12/shutil.py", line 703, in _rmtree_safe_fd
    onexc(func, path, err)
  File "/opt/ohpc/pub/compiler/conda/latest/lib/python3.12/shutil.py", line 750, in onexc
    return onerror(func, path, exc_info)
           ^^^^^^^^^^^^^^^^^^^^^^^^^^^^^
  File "/opt/ohpc/pub/compiler/conda/latest/lib/python3.12/shutil.py", line 700, in _rmtree_safe_fd
    onexc(os.unlink, fullname, err)
  File "/opt/ohpc/pub/compiler/conda/latest/lib/python3.12/shutil.py", line 750, in onexc
    return onerror(func, path, exc_info)
           ^^^^^^^^^^^^^^^^^^^^^^^^^^^^^
  File "/opt/ohpc/pub/compiler/conda/latest/lib/python3.12/shutil.py", line 698, in _rmtree_safe_fd
    os.unlink(entry.name, dir_fd=topfd)
OSError: [Errno 16] Device or resource busy: '/tmp/pymp-dcvm2st7'
Traceback (most recent call last):
  File "/opt/ohpc/pub/compiler/conda/latest/lib/python3.12/multiprocessing/util.py", line 303, in _run_finalizers
    finalizer()
  File "/opt/ohpc/pub/compiler/conda/latest/lib/python3.12/multiprocessing/util.py", line 227, in __call__
    res = self._callback(*self._args, **self._kwargs)
          ^^^^^^^^^^^^^^^^^^^^^^^^^^^^^^^^^^^^^^^^^^^
  File "/opt/ohpc/pub/compiler/conda/latest/lib/python3.12/multiprocessing/util.py", line 136, in _remove_temp_dir
    rmtree(tempdir, onerror=onerror)
  File "/opt/ohpc/pub/compiler/conda/latest/lib/python3.12/shutil.py", line 759, in rmtree
    _rmtree_safe_fd(stack, onexc)
  File "/opt/ohpc/pub/compiler/conda/latest/lib/python3.12/shutil.py", line 703, in _rmtree_safe_fd
    onexc(func, path, err)
  File "/opt/ohpc/pub/compiler/conda/latest/lib/python3.12/shutil.py", line 750, in onexc
    return onerror(func, path, exc_info)
           ^^^^^^^^^^^^^^^^^^^^^^^^^^^^^
  File "/opt/ohpc/pub/compiler/conda/latest/lib/python3.12/shutil.py", line 700, in _rmtree_safe_fd
    onexc(os.unlink, fullname, err)
  File "/opt/ohpc/pub/compiler/conda/latest/lib/python3.12/shutil.py", line 750, in onexc
    return onerror(func, path, exc_info)
           ^^^^^^^^^^^^^^^^^^^^^^^^^^^^^
  File "/opt/ohpc/pub/compiler/conda/latest/lib/python3.12/shutil.py", line 698, in _rmtree_safe_fd
    os.unlink(entry.name, dir_fd=topfd)
OSError: [Errno 16] Device or resource busy: '/tmp/pymp-mhe9gyyw'
Traceback (most recent call last):
  File "/opt/ohpc/pub/compiler/conda/latest/lib/python3.12/multiprocessing/util.py", line 303, in _run_finalizers
    finalizer()
  File "/opt/ohpc/pub/compiler/conda/latest/lib/python3.12/multiprocessing/util.py", line 227, in __call__
    res = self._callback(*self._args, **self._kwargs)
          ^^^^^^^^^^^^^^^^^^^^^^^^^^^^^^^^^^^^^^^^^^^
  File "/opt/ohpc/pub/compiler/conda/latest/lib/python3.12/multiprocessing/util.py", line 136, in _remove_temp_dir
    rmtree(tempdir, onerror=onerror)
  File "/opt/ohpc/pub/compiler/conda/latest/lib/python3.12/shutil.py", line 759, in rmtree
    _rmtree_safe_fd(stack, onexc)
  File "/opt/ohpc/pub/compiler/conda/latest/lib/python3.12/shutil.py", line 703, in _rmtree_safe_fd
    onexc(func, path, err)
  File "/opt/ohpc/pub/compiler/conda/latest/lib/python3.12/shutil.py", line 750, in onexc
    return onerror(func, path, exc_info)
           ^^^^^^^^^^^^^^^^^^^^^^^^^^^^^
  File "/opt/ohpc/pub/compiler/conda/latest/lib/python3.12/shutil.py", line 700, in _rmtree_safe_fd
    onexc(os.unlink, fullname, err)
  File "/opt/ohpc/pub/compiler/conda/latest/lib/python3.12/shutil.py", line 750, in onexc
    return onerror(func, path, exc_info)
           ^^^^^^^^^^^^^^^^^^^^^^^^^^^^^
  File "/opt/ohpc/pub/compiler/conda/latest/lib/python3.12/shutil.py", line 698, in _rmtree_safe_fd
    os.unlink(entry.name, dir_fd=topfd)
OSError: [Errno 16] Device or resource busy: '/tmp/pymp-31_yi198'
Traceback (most recent call last):
Traceback (most recent call last):
  File "/opt/ohpc/pub/compiler/conda/latest/lib/python3.12/multiprocessing/util.py", line 303, in _run_finalizers
    finalizer()
  File "/opt/ohpc/pub/compiler/conda/latest/lib/python3.12/multiprocessing/util.py", line 227, in __call__
    res = self._callback(*self._args, **self._kwargs)
          ^^^^^^^^^^^^^^^^^^^^^^^^^^^^^^^^^^^^^^^^^^^
  File "/opt/ohpc/pub/compiler/conda/latest/lib/python3.12/multiprocessing/util.py", line 136, in _remove_temp_dir
    rmtree(tempdir, onerror=onerror)
  File "/opt/ohpc/pub/compiler/conda/latest/lib/python3.12/shutil.py", line 759, in rmtree
    _rmtree_safe_fd(stack, onexc)
  File "/opt/ohpc/pub/compiler/conda/latest/lib/python3.12/shutil.py", line 703, in _rmtree_safe_fd
    onexc(func, path, err)
  File "/opt/ohpc/pub/compiler/conda/latest/lib/python3.12/shutil.py", line 750, in onexc
    return onerror(func, path, exc_info)
           ^^^^^^^^^^^^^^^^^^^^^^^^^^^^^
  File "/opt/ohpc/pub/compiler/conda/latest/lib/python3.12/shutil.py", line 700, in _rmtree_safe_fd
    onexc(os.unlink, fullname, err)
  File "/opt/ohpc/pub/compiler/conda/latest/lib/python3.12/shutil.py", line 750, in onexc
    return onerror(func, path, exc_info)
           ^^^^^^^^^^^^^^^^^^^^^^^^^^^^^
  File "/opt/ohpc/pub/compiler/conda/latest/lib/python3.12/shutil.py", line 698, in _rmtree_safe_fd
    os.unlink(entry.name, dir_fd=topfd)
OSError: [Errno 16] Device or resource busy: '/tmp/pymp-le0ndel6'
  File "/opt/ohpc/pub/compiler/conda/latest/lib/python3.12/multiprocessing/util.py", line 303, in _run_finalizers
    finalizer()
  File "/opt/ohpc/pub/compiler/conda/latest/lib/python3.12/multiprocessing/util.py", line 227, in __call__
    res = self._callback(*self._args, **self._kwargs)
          ^^^^^^^^^^^^^^^^^^^^^^^^^^^^^^^^^^^^^^^^^^^
  File "/opt/ohpc/pub/compiler/conda/latest/lib/python3.12/multiprocessing/util.py", line 136, in _remove_temp_dir
    rmtree(tempdir, onerror=onerror)
  File "/opt/ohpc/pub/compiler/conda/latest/lib/python3.12/shutil.py", line 759, in rmtree
    _rmtree_safe_fd(stack, onexc)
  File "/opt/ohpc/pub/compiler/conda/latest/lib/python3.12/shutil.py", line 703, in _rmtree_safe_fd
    onexc(func, path, err)
  File "/opt/ohpc/pub/compiler/conda/latest/lib/python3.12/shutil.py", line 750, in onexc
    return onerror(func, path, exc_info)
           ^^^^^^^^^^^^^^^^^^^^^^^^^^^^^
  File "/opt/ohpc/pub/compiler/conda/latest/lib/python3.12/shutil.py", line 700, in _rmtree_safe_fd
    onexc(os.unlink, fullname, err)
  File "/opt/ohpc/pub/compiler/conda/latest/lib/python3.12/shutil.py", line 750, in onexc
    return onerror(func, path, exc_info)
           ^^^^^^^^^^^^^^^^^^^^^^^^^^^^^
  File "/opt/ohpc/pub/compiler/conda/latest/lib/python3.12/shutil.py", line 698, in _rmtree_safe_fd
    os.unlink(entry.name, dir_fd=topfd)
OSError: [Errno 16] Device or resource busy: '/tmp/pymp-4us5dea1'
Traceback (most recent call last):
Traceback (most recent call last):
  File "/opt/ohpc/pub/compiler/conda/latest/lib/python3.12/multiprocessing/util.py", line 303, in _run_finalizers
    finalizer()
  File "/opt/ohpc/pub/compiler/conda/latest/lib/python3.12/multiprocessing/util.py", line 227, in __call__
    res = self._callback(*self._args, **self._kwargs)
          ^^^^^^^^^^^^^^^^^^^^^^^^^^^^^^^^^^^^^^^^^^^
  File "/opt/ohpc/pub/compiler/conda/latest/lib/python3.12/multiprocessing/util.py", line 136, in _remove_temp_dir
    rmtree(tempdir, onerror=onerror)
  File "/opt/ohpc/pub/compiler/conda/latest/lib/python3.12/shutil.py", line 759, in rmtree
    _rmtree_safe_fd(stack, onexc)
  File "/opt/ohpc/pub/compiler/conda/latest/lib/python3.12/shutil.py", line 703, in _rmtree_safe_fd
    onexc(func, path, err)
  File "/opt/ohpc/pub/compiler/conda/latest/lib/python3.12/shutil.py", line 750, in onexc
    return onerror(func, path, exc_info)
           ^^^^^^^^^^^^^^^^^^^^^^^^^^^^^
  File "/opt/ohpc/pub/compiler/conda/latest/lib/python3.12/shutil.py", line 700, in _rmtree_safe_fd
    onexc(os.unlink, fullname, err)
  File "/opt/ohpc/pub/compiler/conda/latest/lib/python3.12/shutil.py", line 750, in onexc
    return onerror(func, path, exc_info)
           ^^^^^^^^^^^^^^^^^^^^^^^^^^^^^
  File "/opt/ohpc/pub/compiler/conda/latest/lib/python3.12/shutil.py", line 698, in _rmtree_safe_fd
    os.unlink(entry.name, dir_fd=topfd)
OSError: [Errno 16] Device or resource busy: '/tmp/pymp-wn5xy_c1'
  File "/opt/ohpc/pub/compiler/conda/latest/lib/python3.12/multiprocessing/util.py", line 303, in _run_finalizers
    finalizer()
  File "/opt/ohpc/pub/compiler/conda/latest/lib/python3.12/multiprocessing/util.py", line 227, in __call__
    res = self._callback(*self._args, **self._kwargs)
          ^^^^^^^^^^^^^^^^^^^^^^^^^^^^^^^^^^^^^^^^^^^
  File "/opt/ohpc/pub/compiler/conda/latest/lib/python3.12/multiprocessing/util.py", line 136, in _remove_temp_dir
    rmtree(tempdir, onerror=onerror)
  File "/opt/ohpc/pub/compiler/conda/latest/lib/python3.12/shutil.py", line 759, in rmtree
    _rmtree_safe_fd(stack, onexc)
  File "/opt/ohpc/pub/compiler/conda/latest/lib/python3.12/shutil.py", line 703, in _rmtree_safe_fd
    onexc(func, path, err)
  File "/opt/ohpc/pub/compiler/conda/latest/lib/python3.12/shutil.py", line 750, in onexc
    return onerror(func, path, exc_info)
           ^^^^^^^^^^^^^^^^^^^^^^^^^^^^^
  File "/opt/ohpc/pub/compiler/conda/latest/lib/python3.12/shutil.py", line 700, in _rmtree_safe_fd
    onexc(os.unlink, fullname, err)
Traceback (most recent call last):
  File "/opt/ohpc/pub/compiler/conda/latest/lib/python3.12/multiprocessing/util.py", line 303, in _run_finalizers
    finalizer()
  File "/opt/ohpc/pub/compiler/conda/latest/lib/python3.12/multiprocessing/util.py", line 227, in __call__
    res = self._callback(*self._args, **self._kwargs)
          ^^^^^^^^^^^^^^^^^^^^^^^^^^^^^^^^^^^^^^^^^^^
  File "/opt/ohpc/pub/compiler/conda/latest/lib/python3.12/multiprocessing/util.py", line 136, in _remove_temp_dir
    rmtree(tempdir, onerror=onerror)
  File "/opt/ohpc/pub/compiler/conda/latest/lib/python3.12/shutil.py", line 759, in rmtree
    _rmtree_safe_fd(stack, onexc)
  File "/opt/ohpc/pub/compiler/conda/latest/lib/python3.12/shutil.py", line 703, in _rmtree_safe_fd
    onexc(func, path, err)
  File "/opt/ohpc/pub/compiler/conda/latest/lib/python3.12/shutil.py", line 750, in onexc
    return onerror(func, path, exc_info)
           ^^^^^^^^^^^^^^^^^^^^^^^^^^^^^
  File "/opt/ohpc/pub/compiler/conda/latest/lib/python3.12/shutil.py", line 700, in _rmtree_safe_fd
    onexc(os.unlink, fullname, err)
  File "/opt/ohpc/pub/compiler/conda/latest/lib/python3.12/shutil.py", line 750, in onexc
    return onerror(func, path, exc_info)
           ^^^^^^^^^^^^^^^^^^^^^^^^^^^^^
  File "/opt/ohpc/pub/compiler/conda/latest/lib/python3.12/shutil.py", line 698, in _rmtree_safe_fd
    os.unlink(entry.name, dir_fd=topfd)
OSError: [Errno 16] Device or resource busy: '/tmp/pymp-mgz_66ej'
  File "/opt/ohpc/pub/compiler/conda/latest/lib/python3.12/shutil.py", line 750, in onexc
    return onerror(func, path, exc_info)
           ^^^^^^^^^^^^^^^^^^^^^^^^^^^^^
  File "/opt/ohpc/pub/compiler/conda/latest/lib/python3.12/shutil.py", line 698, in _rmtree_safe_fd
    os.unlink(entry.name, dir_fd=topfd)
OSError: [Errno 16] Device or resource busy: '/tmp/pymp-plz3e519'
Traceback (most recent call last):
  File "/opt/ohpc/pub/compiler/conda/latest/lib/python3.12/multiprocessing/util.py", line 303, in _run_finalizers
    finalizer()
  File "/opt/ohpc/pub/compiler/conda/latest/lib/python3.12/multiprocessing/util.py", line 227, in __call__
    res = self._callback(*self._args, **self._kwargs)
          ^^^^^^^^^^^^^^^^^^^^^^^^^^^^^^^^^^^^^^^^^^^
  File "/opt/ohpc/pub/compiler/conda/latest/lib/python3.12/multiprocessing/util.py", line 136, in _remove_temp_dir
    rmtree(tempdir, onerror=onerror)
  File "/opt/ohpc/pub/compiler/conda/latest/lib/python3.12/shutil.py", line 759, in rmtree
    _rmtree_safe_fd(stack, onexc)
  File "/opt/ohpc/pub/compiler/conda/latest/lib/python3.12/shutil.py", line 703, in _rmtree_safe_fd
    onexc(func, path, err)
  File "/opt/ohpc/pub/compiler/conda/latest/lib/python3.12/shutil.py", line 750, in onexc
    return onerror(func, path, exc_info)
           ^^^^^^^^^^^^^^^^^^^^^^^^^^^^^
  File "/opt/ohpc/pub/compiler/conda/latest/lib/python3.12/shutil.py", line 700, in _rmtree_safe_fd
    onexc(os.unlink, fullname, err)
  File "/opt/ohpc/pub/compiler/conda/latest/lib/python3.12/shutil.py", line 750, in onexc
    return onerror(func, path, exc_info)
           ^^^^^^^^^^^^^^^^^^^^^^^^^^^^^
  File "/opt/ohpc/pub/compiler/conda/latest/lib/python3.12/shutil.py", line 698, in _rmtree_safe_fd
    os.unlink(entry.name, dir_fd=topfd)
OSError: [Errno 16] Device or resource busy: '/tmp/pymp-q9g8wdf4'
Traceback (most recent call last):
  File "/opt/ohpc/pub/compiler/conda/latest/lib/python3.12/multiprocessing/util.py", line 303, in _run_finalizers
    finalizer()
  File "/opt/ohpc/pub/compiler/conda/latest/lib/python3.12/multiprocessing/util.py", line 227, in __call__
    res = self._callback(*self._args, **self._kwargs)
          ^^^^^^^^^^^^^^^^^^^^^^^^^^^^^^^^^^^^^^^^^^^
  File "/opt/ohpc/pub/compiler/conda/latest/lib/python3.12/multiprocessing/util.py", line 136, in _remove_temp_dir
    rmtree(tempdir, onerror=onerror)
  File "/opt/ohpc/pub/compiler/conda/latest/lib/python3.12/shutil.py", line 759, in rmtree
    _rmtree_safe_fd(stack, onexc)
  File "/opt/ohpc/pub/compiler/conda/latest/lib/python3.12/shutil.py", line 703, in _rmtree_safe_fd
    onexc(func, path, err)
  File "/opt/ohpc/pub/compiler/conda/latest/lib/python3.12/shutil.py", line 750, in onexc
    return onerror(func, path, exc_info)
           ^^^^^^^^^^^^^^^^^^^^^^^^^^^^^
  File "/opt/ohpc/pub/compiler/conda/latest/lib/python3.12/shutil.py", line 700, in _rmtree_safe_fd
    onexc(os.unlink, fullname, err)
  File "/opt/ohpc/pub/compiler/conda/latest/lib/python3.12/shutil.py", line 750, in onexc
    return onerror(func, path, exc_info)
           ^^^^^^^^^^^^^^^^^^^^^^^^^^^^^
  File "/opt/ohpc/pub/compiler/conda/latest/lib/python3.12/shutil.py", line 698, in _rmtree_safe_fd
    os.unlink(entry.name, dir_fd=topfd)
OSError: [Errno 16] Device or resource busy: '/tmp/pymp-me85bja4'
Traceback (most recent call last):
  File "/opt/ohpc/pub/compiler/conda/latest/lib/python3.12/multiprocessing/util.py", line 303, in _run_finalizers
    finalizer()
  File "/opt/ohpc/pub/compiler/conda/latest/lib/python3.12/multiprocessing/util.py", line 227, in __call__
    res = self._callback(*self._args, **self._kwargs)
          ^^^^^^^^^^^^^^^^^^^^^^^^^^^^^^^^^^^^^^^^^^^
  File "/opt/ohpc/pub/compiler/conda/latest/lib/python3.12/multiprocessing/util.py", line 136, in _remove_temp_dir
    rmtree(tempdir, onerror=onerror)
  File "/opt/ohpc/pub/compiler/conda/latest/lib/python3.12/shutil.py", line 759, in rmtree
    _rmtree_safe_fd(stack, onexc)
  File "/opt/ohpc/pub/compiler/conda/latest/lib/python3.12/shutil.py", line 703, in _rmtree_safe_fd
    onexc(func, path, err)
  File "/opt/ohpc/pub/compiler/conda/latest/lib/python3.12/shutil.py", line 750, in onexc
    return onerror(func, path, exc_info)
           ^^^^^^^^^^^^^^^^^^^^^^^^^^^^^
  File "/opt/ohpc/pub/compiler/conda/latest/lib/python3.12/shutil.py", line 700, in _rmtree_safe_fd
    onexc(os.unlink, fullname, err)
  File "/opt/ohpc/pub/compiler/conda/latest/lib/python3.12/shutil.py", line 750, in onexc
    return onerror(func, path, exc_info)
           ^^^^^^^^^^^^^^^^^^^^^^^^^^^^^
  File "/opt/ohpc/pub/compiler/conda/latest/lib/python3.12/shutil.py", line 698, in _rmtree_safe_fd
    os.unlink(entry.name, dir_fd=topfd)
OSError: [Errno 16] Device or resource busy: '/tmp/pymp-cf00r0wh'
Traceback (most recent call last):
  File "/opt/ohpc/pub/compiler/conda/latest/lib/python3.12/multiprocessing/util.py", line 303, in _run_finalizers
    finalizer()
  File "/opt/ohpc/pub/compiler/conda/latest/lib/python3.12/multiprocessing/util.py", line 227, in __call__
    res = self._callback(*self._args, **self._kwargs)
          ^^^^^^^^^^^^^^^^^^^^^^^^^^^^^^^^^^^^^^^^^^^
  File "/opt/ohpc/pub/compiler/conda/latest/lib/python3.12/multiprocessing/util.py", line 136, in _remove_temp_dir
    rmtree(tempdir, onerror=onerror)
  File "/opt/ohpc/pub/compiler/conda/latest/lib/python3.12/shutil.py", line 759, in rmtree
    _rmtree_safe_fd(stack, onexc)
  File "/opt/ohpc/pub/compiler/conda/latest/lib/python3.12/shutil.py", line 703, in _rmtree_safe_fd
    onexc(func, path, err)
  File "/opt/ohpc/pub/compiler/conda/latest/lib/python3.12/shutil.py", line 750, in onexc
    return onerror(func, path, exc_info)
           ^^^^^^^^^^^^^^^^^^^^^^^^^^^^^
  File "/opt/ohpc/pub/compiler/conda/latest/lib/python3.12/shutil.py", line 700, in _rmtree_safe_fd
    onexc(os.unlink, fullname, err)
  File "/opt/ohpc/pub/compiler/conda/latest/lib/python3.12/shutil.py", line 750, in onexc
    return onerror(func, path, exc_info)
           ^^^^^^^^^^^^^^^^^^^^^^^^^^^^^
  File "/opt/ohpc/pub/compiler/conda/latest/lib/python3.12/shutil.py", line 698, in _rmtree_safe_fd
    os.unlink(entry.name, dir_fd=topfd)
OSError: [Errno 16] Device or resource busy: '/tmp/pymp-n8yhi341'
Traceback (most recent call last):
Traceback (most recent call last):
Traceback (most recent call last):
  File "/opt/ohpc/pub/compiler/conda/latest/lib/python3.12/multiprocessing/util.py", line 303, in _run_finalizers
    finalizer()
  File "/opt/ohpc/pub/compiler/conda/latest/lib/python3.12/multiprocessing/util.py", line 227, in __call__
    res = self._callback(*self._args, **self._kwargs)
          ^^^^^^^^^^^^^^^^^^^^^^^^^^^^^^^^^^^^^^^^^^^
  File "/opt/ohpc/pub/compiler/conda/latest/lib/python3.12/multiprocessing/util.py", line 136, in _remove_temp_dir
    rmtree(tempdir, onerror=onerror)
  File "/opt/ohpc/pub/compiler/conda/latest/lib/python3.12/shutil.py", line 759, in rmtree
    _rmtree_safe_fd(stack, onexc)
  File "/opt/ohpc/pub/compiler/conda/latest/lib/python3.12/shutil.py", line 703, in _rmtree_safe_fd
    onexc(func, path, err)
  File "/opt/ohpc/pub/compiler/conda/latest/lib/python3.12/shutil.py", line 750, in onexc
    return onerror(func, path, exc_info)
           ^^^^^^^^^^^^^^^^^^^^^^^^^^^^^
  File "/opt/ohpc/pub/compiler/conda/latest/lib/python3.12/shutil.py", line 700, in _rmtree_safe_fd
    onexc(os.unlink, fullname, err)
  File "/opt/ohpc/pub/compiler/conda/latest/lib/python3.12/shutil.py", line 750, in onexc
    return onerror(func, path, exc_info)
           ^^^^^^^^^^^^^^^^^^^^^^^^^^^^^
  File "/opt/ohpc/pub/compiler/conda/latest/lib/python3.12/shutil.py", line 698, in _rmtree_safe_fd
    os.unlink(entry.name, dir_fd=topfd)
OSError: [Errno 16] Device or resource busy: '/tmp/pymp-7ctio34d'
  File "/opt/ohpc/pub/compiler/conda/latest/lib/python3.12/multiprocessing/util.py", line 303, in _run_finalizers
    finalizer()
  File "/opt/ohpc/pub/compiler/conda/latest/lib/python3.12/multiprocessing/util.py", line 227, in __call__
    res = self._callback(*self._args, **self._kwargs)
          ^^^^^^^^^^^^^^^^^^^^^^^^^^^^^^^^^^^^^^^^^^^
  File "/opt/ohpc/pub/compiler/conda/latest/lib/python3.12/multiprocessing/util.py", line 136, in _remove_temp_dir
    rmtree(tempdir, onerror=onerror)
  File "/opt/ohpc/pub/compiler/conda/latest/lib/python3.12/shutil.py", line 759, in rmtree
    _rmtree_safe_fd(stack, onexc)
  File "/opt/ohpc/pub/compiler/conda/latest/lib/python3.12/shutil.py", line 703, in _rmtree_safe_fd
    onexc(func, path, err)
  File "/opt/ohpc/pub/compiler/conda/latest/lib/python3.12/shutil.py", line 750, in onexc
    return onerror(func, path, exc_info)
           ^^^^^^^^^^^^^^^^^^^^^^^^^^^^^
  File "/opt/ohpc/pub/compiler/conda/latest/lib/python3.12/shutil.py", line 700, in _rmtree_safe_fd
    onexc(os.unlink, fullname, err)
  File "/opt/ohpc/pub/compiler/conda/latest/lib/python3.12/shutil.py", line 750, in onexc
    return onerror(func, path, exc_info)
           ^^^^^^^^^^^^^^^^^^^^^^^^^^^^^
  File "/opt/ohpc/pub/compiler/conda/latest/lib/python3.12/shutil.py", line 698, in _rmtree_safe_fd
    os.unlink(entry.name, dir_fd=topfd)
OSError: [Errno 16] Device or resource busy: '/tmp/pymp-wnz102x6'
  File "/opt/ohpc/pub/compiler/conda/latest/lib/python3.12/multiprocessing/util.py", line 303, in _run_finalizers
    finalizer()
  File "/opt/ohpc/pub/compiler/conda/latest/lib/python3.12/multiprocessing/util.py", line 227, in __call__
    res = self._callback(*self._args, **self._kwargs)
          ^^^^^^^^^^^^^^^^^^^^^^^^^^^^^^^^^^^^^^^^^^^
  File "/opt/ohpc/pub/compiler/conda/latest/lib/python3.12/multiprocessing/util.py", line 136, in _remove_temp_dir
    rmtree(tempdir, onerror=onerror)
  File "/opt/ohpc/pub/compiler/conda/latest/lib/python3.12/shutil.py", line 759, in rmtree
    _rmtree_safe_fd(stack, onexc)
  File "/opt/ohpc/pub/compiler/conda/latest/lib/python3.12/shutil.py", line 703, in _rmtree_safe_fd
    onexc(func, path, err)
  File "/opt/ohpc/pub/compiler/conda/latest/lib/python3.12/shutil.py", line 750, in onexc
    return onerror(func, path, exc_info)
           ^^^^^^^^^^^^^^^^^^^^^^^^^^^^^
  File "/opt/ohpc/pub/compiler/conda/latest/lib/python3.12/shutil.py", line 700, in _rmtree_safe_fd
    onexc(os.unlink, fullname, err)
  File "/opt/ohpc/pub/compiler/conda/latest/lib/python3.12/shutil.py", line 750, in onexc
    return onerror(func, path, exc_info)
           ^^^^^^^^^^^^^^^^^^^^^^^^^^^^^
  File "/opt/ohpc/pub/compiler/conda/latest/lib/python3.12/shutil.py", line 698, in _rmtree_safe_fd
    os.unlink(entry.name, dir_fd=topfd)
OSError: [Errno 16] Device or resource busy: '/tmp/pymp-jqad2k7s'
Traceback (most recent call last):
  File "/opt/ohpc/pub/compiler/conda/latest/lib/python3.12/multiprocessing/util.py", line 303, in _run_finalizers
    finalizer()
  File "/opt/ohpc/pub/compiler/conda/latest/lib/python3.12/multiprocessing/util.py", line 227, in __call__
    res = self._callback(*self._args, **self._kwargs)
          ^^^^^^^^^^^^^^^^^^^^^^^^^^^^^^^^^^^^^^^^^^^
  File "/opt/ohpc/pub/compiler/conda/latest/lib/python3.12/multiprocessing/util.py", line 136, in _remove_temp_dir
    rmtree(tempdir, onerror=onerror)
  File "/opt/ohpc/pub/compiler/conda/latest/lib/python3.12/shutil.py", line 759, in rmtree
    _rmtree_safe_fd(stack, onexc)
  File "/opt/ohpc/pub/compiler/conda/latest/lib/python3.12/shutil.py", line 703, in _rmtree_safe_fd
    onexc(func, path, err)
  File "/opt/ohpc/pub/compiler/conda/latest/lib/python3.12/shutil.py", line 750, in onexc
    return onerror(func, path, exc_info)
           ^^^^^^^^^^^^^^^^^^^^^^^^^^^^^
  File "/opt/ohpc/pub/compiler/conda/latest/lib/python3.12/shutil.py", line 700, in _rmtree_safe_fd
    onexc(os.unlink, fullname, err)
  File "/opt/ohpc/pub/compiler/conda/latest/lib/python3.12/shutil.py", line 750, in onexc
    return onerror(func, path, exc_info)
           ^^^^^^^^^^^^^^^^^^^^^^^^^^^^^
  File "/opt/ohpc/pub/compiler/conda/latest/lib/python3.12/shutil.py", line 698, in _rmtree_safe_fd
    os.unlink(entry.name, dir_fd=topfd)
OSError: [Errno 16] Device or resource busy: '/tmp/pymp-gq6xi22c'
Traceback (most recent call last):
  File "/opt/ohpc/pub/compiler/conda/latest/lib/python3.12/multiprocessing/util.py", line 303, in _run_finalizers
    finalizer()
  File "/opt/ohpc/pub/compiler/conda/latest/lib/python3.12/multiprocessing/util.py", line 227, in __call__
    res = self._callback(*self._args, **self._kwargs)
          ^^^^^^^^^^^^^^^^^^^^^^^^^^^^^^^^^^^^^^^^^^^
  File "/opt/ohpc/pub/compiler/conda/latest/lib/python3.12/multiprocessing/util.py", line 136, in _remove_temp_dir
    rmtree(tempdir, onerror=onerror)
  File "/opt/ohpc/pub/compiler/conda/latest/lib/python3.12/shutil.py", line 759, in rmtree
    _rmtree_safe_fd(stack, onexc)
  File "/opt/ohpc/pub/compiler/conda/latest/lib/python3.12/shutil.py", line 703, in _rmtree_safe_fd
    onexc(func, path, err)
  File "/opt/ohpc/pub/compiler/conda/latest/lib/python3.12/shutil.py", line 750, in onexc
    return onerror(func, path, exc_info)
           ^^^^^^^^^^^^^^^^^^^^^^^^^^^^^
  File "/opt/ohpc/pub/compiler/conda/latest/lib/python3.12/shutil.py", line 700, in _rmtree_safe_fd
    onexc(os.unlink, fullname, err)
  File "/opt/ohpc/pub/compiler/conda/latest/lib/python3.12/shutil.py", line 750, in onexc
    return onerror(func, path, exc_info)
           ^^^^^^^^^^^^^^^^^^^^^^^^^^^^^
  File "/opt/ohpc/pub/compiler/conda/latest/lib/python3.12/shutil.py", line 698, in _rmtree_safe_fd
    os.unlink(entry.name, dir_fd=topfd)
OSError: [Errno 16] Device or resource busy: '/tmp/pymp-yz1t3nlg'
Traceback (most recent call last):
  File "/opt/ohpc/pub/compiler/conda/latest/lib/python3.12/multiprocessing/util.py", line 303, in _run_finalizers
    finalizer()
  File "/opt/ohpc/pub/compiler/conda/latest/lib/python3.12/multiprocessing/util.py", line 227, in __call__
    res = self._callback(*self._args, **self._kwargs)
          ^^^^^^^^^^^^^^^^^^^^^^^^^^^^^^^^^^^^^^^^^^^
  File "/opt/ohpc/pub/compiler/conda/latest/lib/python3.12/multiprocessing/util.py", line 136, in _remove_temp_dir
    rmtree(tempdir, onerror=onerror)
  File "/opt/ohpc/pub/compiler/conda/latest/lib/python3.12/shutil.py", line 759, in rmtree
    _rmtree_safe_fd(stack, onexc)
  File "/opt/ohpc/pub/compiler/conda/latest/lib/python3.12/shutil.py", line 703, in _rmtree_safe_fd
    onexc(func, path, err)
  File "/opt/ohpc/pub/compiler/conda/latest/lib/python3.12/shutil.py", line 750, in onexc
    return onerror(func, path, exc_info)
           ^^^^^^^^^^^^^^^^^^^^^^^^^^^^^
  File "/opt/ohpc/pub/compiler/conda/latest/lib/python3.12/shutil.py", line 700, in _rmtree_safe_fd
    onexc(os.unlink, fullname, err)
  File "/opt/ohpc/pub/compiler/conda/latest/lib/python3.12/shutil.py", line 750, in onexc
    return onerror(func, path, exc_info)
           ^^^^^^^^^^^^^^^^^^^^^^^^^^^^^
  File "/opt/ohpc/pub/compiler/conda/latest/lib/python3.12/shutil.py", line 698, in _rmtree_safe_fd
    os.unlink(entry.name, dir_fd=topfd)
OSError: [Errno 16] Device or resource busy: '/tmp/pymp-09cmbhe7'
Traceback (most recent call last):
  File "/opt/ohpc/pub/compiler/conda/latest/lib/python3.12/multiprocessing/util.py", line 303, in _run_finalizers
    finalizer()
  File "/opt/ohpc/pub/compiler/conda/latest/lib/python3.12/multiprocessing/util.py", line 227, in __call__
    res = self._callback(*self._args, **self._kwargs)
          ^^^^^^^^^^^^^^^^^^^^^^^^^^^^^^^^^^^^^^^^^^^
  File "/opt/ohpc/pub/compiler/conda/latest/lib/python3.12/multiprocessing/util.py", line 136, in _remove_temp_dir
    rmtree(tempdir, onerror=onerror)
  File "/opt/ohpc/pub/compiler/conda/latest/lib/python3.12/shutil.py", line 759, in rmtree
    _rmtree_safe_fd(stack, onexc)
  File "/opt/ohpc/pub/compiler/conda/latest/lib/python3.12/shutil.py", line 703, in _rmtree_safe_fd
    onexc(func, path, err)
  File "/opt/ohpc/pub/compiler/conda/latest/lib/python3.12/shutil.py", line 750, in onexc
    return onerror(func, path, exc_info)
           ^^^^^^^^^^^^^^^^^^^^^^^^^^^^^
  File "/opt/ohpc/pub/compiler/conda/latest/lib/python3.12/shutil.py", line 700, in _rmtree_safe_fd
    onexc(os.unlink, fullname, err)
  File "/opt/ohpc/pub/compiler/conda/latest/lib/python3.12/shutil.py", line 750, in onexc
    return onerror(func, path, exc_info)
           ^^^^^^^^^^^^^^^^^^^^^^^^^^^^^
  File "/opt/ohpc/pub/compiler/conda/latest/lib/python3.12/shutil.py", line 698, in _rmtree_safe_fd
    os.unlink(entry.name, dir_fd=topfd)
OSError: [Errno 16] Device or resource busy: '/tmp/pymp-xcfb4vsm'
Traceback (most recent call last):
  File "/opt/ohpc/pub/compiler/conda/latest/lib/python3.12/multiprocessing/util.py", line 303, in _run_finalizers
    finalizer()
  File "/opt/ohpc/pub/compiler/conda/latest/lib/python3.12/multiprocessing/util.py", line 227, in __call__
    res = self._callback(*self._args, **self._kwargs)
          ^^^^^^^^^^^^^^^^^^^^^^^^^^^^^^^^^^^^^^^^^^^
  File "/opt/ohpc/pub/compiler/conda/latest/lib/python3.12/multiprocessing/util.py", line 136, in _remove_temp_dir
    rmtree(tempdir, onerror=onerror)
  File "/opt/ohpc/pub/compiler/conda/latest/lib/python3.12/shutil.py", line 759, in rmtree
    _rmtree_safe_fd(stack, onexc)
  File "/opt/ohpc/pub/compiler/conda/latest/lib/python3.12/shutil.py", line 703, in _rmtree_safe_fd
    onexc(func, path, err)
  File "/opt/ohpc/pub/compiler/conda/latest/lib/python3.12/shutil.py", line 750, in onexc
    return onerror(func, path, exc_info)
           ^^^^^^^^^^^^^^^^^^^^^^^^^^^^^
  File "/opt/ohpc/pub/compiler/conda/latest/lib/python3.12/shutil.py", line 700, in _rmtree_safe_fd
    onexc(os.unlink, fullname, err)
  File "/opt/ohpc/pub/compiler/conda/latest/lib/python3.12/shutil.py", line 750, in onexc
    return onerror(func, path, exc_info)
           ^^^^^^^^^^^^^^^^^^^^^^^^^^^^^
  File "/opt/ohpc/pub/compiler/conda/latest/lib/python3.12/shutil.py", line 698, in _rmtree_safe_fd
    os.unlink(entry.name, dir_fd=topfd)
OSError: [Errno 16] Device or resource busy: '/tmp/pymp-zmrsto90'
[val 010] loss=-0.9109 z_std=0.0440 rankme=12.845 lidar=5.959 areq=2.079 pr=1.25 align=0.1136 unif=-0.854 converged=True collapsed=False
  -> new best RankMe=12.8452 (smoothed 12.8452 over 1 evals, cleared +1.1517) @ epoch 10 (saved bestRankMe.pth)
  -> new best LiDAR=5.9587 (smoothed 5.9587 over 1 evals, cleared +0.3787) @ epoch 10 (saved bestLiDAR.pth)
  e011 it0000/62 lr=0.0031 loss=-0.9004 z_std=0.0594
  e011 it0010/62 lr=0.0031 loss=-0.9019 z_std=0.0615
  e011 it0020/62 lr=0.0031 loss=-0.9157 z_std=0.0620
  e011 it0030/62 lr=0.0031 loss=-0.9180 z_std=0.0621
  e011 it0040/62 lr=0.0031 loss=-0.9210 z_std=0.0621
  e011 it0050/62 lr=0.0031 loss=-0.9228 z_std=0.0620
  e011 it0060/62 lr=0.0031 loss=-0.9231 z_std=0.0621
[epoch 011] loss=-0.9233 z_std=0.0621 (healthy~0.0625) time=185.5s
Traceback (most recent call last):
Traceback (most recent call last):
Traceback (most recent call last):
Traceback (most recent call last):
Traceback (most recent call last):
Traceback (most recent call last):
Traceback (most recent call last):
Traceback (most recent call last):
Traceback (most recent call last):
Traceback (most recent call last):
  File "/opt/ohpc/pub/compiler/conda/latest/lib/python3.12/multiprocessing/util.py", line 303, in _run_finalizers
    finalizer()
  File "/opt/ohpc/pub/compiler/conda/latest/lib/python3.12/multiprocessing/util.py", line 303, in _run_finalizers
    finalizer()
  File "/opt/ohpc/pub/compiler/conda/latest/lib/python3.12/multiprocessing/util.py", line 303, in _run_finalizers
    finalizer()
  File "/opt/ohpc/pub/compiler/conda/latest/lib/python3.12/multiprocessing/util.py", line 227, in __call__
    res = self._callback(*self._args, **self._kwargs)
          ^^^^^^^^^^^^^^^^^^^^^^^^^^^^^^^^^^^^^^^^^^^
  File "/opt/ohpc/pub/compiler/conda/latest/lib/python3.12/multiprocessing/util.py", line 227, in __call__
    res = self._callback(*self._args, **self._kwargs)
          ^^^^^^^^^^^^^^^^^^^^^^^^^^^^^^^^^^^^^^^^^^^
  File "/opt/ohpc/pub/compiler/conda/latest/lib/python3.12/multiprocessing/util.py", line 227, in __call__
    res = self._callback(*self._args, **self._kwargs)
          ^^^^^^^^^^^^^^^^^^^^^^^^^^^^^^^^^^^^^^^^^^^
  File "/opt/ohpc/pub/compiler/conda/latest/lib/python3.12/multiprocessing/util.py", line 136, in _remove_temp_dir
    rmtree(tempdir, onerror=onerror)
  File "/opt/ohpc/pub/compiler/conda/latest/lib/python3.12/multiprocessing/util.py", line 136, in _remove_temp_dir
    rmtree(tempdir, onerror=onerror)
  File "/opt/ohpc/pub/compiler/conda/latest/lib/python3.12/multiprocessing/util.py", line 136, in _remove_temp_dir
    rmtree(tempdir, onerror=onerror)
  File "/opt/ohpc/pub/compiler/conda/latest/lib/python3.12/shutil.py", line 759, in rmtree
    _rmtree_safe_fd(stack, onexc)
  File "/opt/ohpc/pub/compiler/conda/latest/lib/python3.12/shutil.py", line 759, in rmtree
    _rmtree_safe_fd(stack, onexc)
  File "/opt/ohpc/pub/compiler/conda/latest/lib/python3.12/shutil.py", line 703, in _rmtree_safe_fd
    onexc(func, path, err)
  File "/opt/ohpc/pub/compiler/conda/latest/lib/python3.12/shutil.py", line 759, in rmtree
    _rmtree_safe_fd(stack, onexc)
  File "/opt/ohpc/pub/compiler/conda/latest/lib/python3.12/shutil.py", line 703, in _rmtree_safe_fd
    onexc(func, path, err)
  File "/opt/ohpc/pub/compiler/conda/latest/lib/python3.12/shutil.py", line 750, in onexc
    return onerror(func, path, exc_info)
           ^^^^^^^^^^^^^^^^^^^^^^^^^^^^^
  File "/opt/ohpc/pub/compiler/conda/latest/lib/python3.12/shutil.py", line 703, in _rmtree_safe_fd
    onexc(func, path, err)
  File "/opt/ohpc/pub/compiler/conda/latest/lib/python3.12/shutil.py", line 750, in onexc
    return onerror(func, path, exc_info)
           ^^^^^^^^^^^^^^^^^^^^^^^^^^^^^
  File "/opt/ohpc/pub/compiler/conda/latest/lib/python3.12/shutil.py", line 700, in _rmtree_safe_fd
    onexc(os.unlink, fullname, err)
  File "/opt/ohpc/pub/compiler/conda/latest/lib/python3.12/shutil.py", line 750, in onexc
    return onerror(func, path, exc_info)
           ^^^^^^^^^^^^^^^^^^^^^^^^^^^^^
  File "/opt/ohpc/pub/compiler/conda/latest/lib/python3.12/shutil.py", line 700, in _rmtree_safe_fd
    onexc(os.unlink, fullname, err)
  File "/opt/ohpc/pub/compiler/conda/latest/lib/python3.12/shutil.py", line 750, in onexc
    return onerror(func, path, exc_info)
           ^^^^^^^^^^^^^^^^^^^^^^^^^^^^^
  File "/opt/ohpc/pub/compiler/conda/latest/lib/python3.12/shutil.py", line 750, in onexc
    return onerror(func, path, exc_info)
           ^^^^^^^^^^^^^^^^^^^^^^^^^^^^^
  File "/opt/ohpc/pub/compiler/conda/latest/lib/python3.12/shutil.py", line 700, in _rmtree_safe_fd
    onexc(os.unlink, fullname, err)
  File "/opt/ohpc/pub/compiler/conda/latest/lib/python3.12/shutil.py", line 698, in _rmtree_safe_fd
    os.unlink(entry.name, dir_fd=topfd)
  File "/opt/ohpc/pub/compiler/conda/latest/lib/python3.12/shutil.py", line 698, in _rmtree_safe_fd
    os.unlink(entry.name, dir_fd=topfd)
  File "/opt/ohpc/pub/compiler/conda/latest/lib/python3.12/shutil.py", line 750, in onexc
    return onerror(func, path, exc_info)
           ^^^^^^^^^^^^^^^^^^^^^^^^^^^^^
  File "/opt/ohpc/pub/compiler/conda/latest/lib/python3.12/shutil.py", line 698, in _rmtree_safe_fd
    os.unlink(entry.name, dir_fd=topfd)
OSError: [Errno 16] Device or resource busy: '/tmp/pymp-e88wkd7y'
  File "/opt/ohpc/pub/compiler/conda/latest/lib/python3.12/multiprocessing/util.py", line 303, in _run_finalizers
    finalizer()
  File "/opt/ohpc/pub/compiler/conda/latest/lib/python3.12/multiprocessing/util.py", line 303, in _run_finalizers
    finalizer()
OSError: [Errno 16] Device or resource busy: '/tmp/pymp-y21z14o1'
  File "/opt/ohpc/pub/compiler/conda/latest/lib/python3.12/multiprocessing/util.py", line 227, in __call__
    res = self._callback(*self._args, **self._kwargs)
          ^^^^^^^^^^^^^^^^^^^^^^^^^^^^^^^^^^^^^^^^^^^
  File "/opt/ohpc/pub/compiler/conda/latest/lib/python3.12/multiprocessing/util.py", line 227, in __call__
    res = self._callback(*self._args, **self._kwargs)
          ^^^^^^^^^^^^^^^^^^^^^^^^^^^^^^^^^^^^^^^^^^^
OSError: [Errno 16] Device or resource busy: '/tmp/pymp-yk1y69qd'
  File "/opt/ohpc/pub/compiler/conda/latest/lib/python3.12/multiprocessing/util.py", line 136, in _remove_temp_dir
    rmtree(tempdir, onerror=onerror)
  File "/opt/ohpc/pub/compiler/conda/latest/lib/python3.12/multiprocessing/util.py", line 136, in _remove_temp_dir
    rmtree(tempdir, onerror=onerror)
  File "/opt/ohpc/pub/compiler/conda/latest/lib/python3.12/shutil.py", line 759, in rmtree
    _rmtree_safe_fd(stack, onexc)
  File "/opt/ohpc/pub/compiler/conda/latest/lib/python3.12/shutil.py", line 759, in rmtree
    _rmtree_safe_fd(stack, onexc)
  File "/opt/ohpc/pub/compiler/conda/latest/lib/python3.12/shutil.py", line 703, in _rmtree_safe_fd
    onexc(func, path, err)
  File "/opt/ohpc/pub/compiler/conda/latest/lib/python3.12/shutil.py", line 703, in _rmtree_safe_fd
    onexc(func, path, err)
  File "/opt/ohpc/pub/compiler/conda/latest/lib/python3.12/shutil.py", line 750, in onexc
    return onerror(func, path, exc_info)
           ^^^^^^^^^^^^^^^^^^^^^^^^^^^^^
  File "/opt/ohpc/pub/compiler/conda/latest/lib/python3.12/shutil.py", line 750, in onexc
    return onerror(func, path, exc_info)
           ^^^^^^^^^^^^^^^^^^^^^^^^^^^^^
  File "/opt/ohpc/pub/compiler/conda/latest/lib/python3.12/shutil.py", line 700, in _rmtree_safe_fd
    onexc(os.unlink, fullname, err)
  File "/opt/ohpc/pub/compiler/conda/latest/lib/python3.12/shutil.py", line 700, in _rmtree_safe_fd
    onexc(os.unlink, fullname, err)
  File "/opt/ohpc/pub/compiler/conda/latest/lib/python3.12/shutil.py", line 750, in onexc
    return onerror(func, path, exc_info)
           ^^^^^^^^^^^^^^^^^^^^^^^^^^^^^
  File "/opt/ohpc/pub/compiler/conda/latest/lib/python3.12/shutil.py", line 750, in onexc
    return onerror(func, path, exc_info)
           ^^^^^^^^^^^^^^^^^^^^^^^^^^^^^
  File "/opt/ohpc/pub/compiler/conda/latest/lib/python3.12/shutil.py", line 698, in _rmtree_safe_fd
    os.unlink(entry.name, dir_fd=topfd)
  File "/opt/ohpc/pub/compiler/conda/latest/lib/python3.12/shutil.py", line 698, in _rmtree_safe_fd
    os.unlink(entry.name, dir_fd=topfd)
OSError: [Errno 16] Device or resource busy: '/tmp/pymp-5zltym8v'
OSError: [Errno 16] Device or resource busy: '/tmp/pymp-9tyco4pp'
  File "/opt/ohpc/pub/compiler/conda/latest/lib/python3.12/multiprocessing/util.py", line 303, in _run_finalizers
    finalizer()
  File "/opt/ohpc/pub/compiler/conda/latest/lib/python3.12/multiprocessing/util.py", line 227, in __call__
    res = self._callback(*self._args, **self._kwargs)
          ^^^^^^^^^^^^^^^^^^^^^^^^^^^^^^^^^^^^^^^^^^^
  File "/opt/ohpc/pub/compiler/conda/latest/lib/python3.12/multiprocessing/util.py", line 136, in _remove_temp_dir
    rmtree(tempdir, onerror=onerror)
  File "/opt/ohpc/pub/compiler/conda/latest/lib/python3.12/shutil.py", line 759, in rmtree
    _rmtree_safe_fd(stack, onexc)
  File "/opt/ohpc/pub/compiler/conda/latest/lib/python3.12/shutil.py", line 703, in _rmtree_safe_fd
    onexc(func, path, err)
  File "/opt/ohpc/pub/compiler/conda/latest/lib/python3.12/shutil.py", line 750, in onexc
    return onerror(func, path, exc_info)
           ^^^^^^^^^^^^^^^^^^^^^^^^^^^^^
  File "/opt/ohpc/pub/compiler/conda/latest/lib/python3.12/multiprocessing/util.py", line 303, in _run_finalizers
    finalizer()
  File "/opt/ohpc/pub/compiler/conda/latest/lib/python3.12/multiprocessing/util.py", line 303, in _run_finalizers
    finalizer()
  File "/opt/ohpc/pub/compiler/conda/latest/lib/python3.12/shutil.py", line 700, in _rmtree_safe_fd
    onexc(os.unlink, fullname, err)
  File "/opt/ohpc/pub/compiler/conda/latest/lib/python3.12/shutil.py", line 750, in onexc
    return onerror(func, path, exc_info)
           ^^^^^^^^^^^^^^^^^^^^^^^^^^^^^
  File "/opt/ohpc/pub/compiler/conda/latest/lib/python3.12/shutil.py", line 698, in _rmtree_safe_fd
    os.unlink(entry.name, dir_fd=topfd)
  File "/opt/ohpc/pub/compiler/conda/latest/lib/python3.12/multiprocessing/util.py", line 227, in __call__
    res = self._callback(*self._args, **self._kwargs)
          ^^^^^^^^^^^^^^^^^^^^^^^^^^^^^^^^^^^^^^^^^^^
  File "/opt/ohpc/pub/compiler/conda/latest/lib/python3.12/multiprocessing/util.py", line 227, in __call__
    res = self._callback(*self._args, **self._kwargs)
          ^^^^^^^^^^^^^^^^^^^^^^^^^^^^^^^^^^^^^^^^^^^
  File "/opt/ohpc/pub/compiler/conda/latest/lib/python3.12/multiprocessing/util.py", line 303, in _run_finalizers
    finalizer()
  File "/opt/ohpc/pub/compiler/conda/latest/lib/python3.12/multiprocessing/util.py", line 136, in _remove_temp_dir
    rmtree(tempdir, onerror=onerror)
  File "/opt/ohpc/pub/compiler/conda/latest/lib/python3.12/multiprocessing/util.py", line 136, in _remove_temp_dir
    rmtree(tempdir, onerror=onerror)
  File "/opt/ohpc/pub/compiler/conda/latest/lib/python3.12/shutil.py", line 759, in rmtree
    _rmtree_safe_fd(stack, onexc)
  File "/opt/ohpc/pub/compiler/conda/latest/lib/python3.12/shutil.py", line 759, in rmtree
    _rmtree_safe_fd(stack, onexc)
  File "/opt/ohpc/pub/compiler/conda/latest/lib/python3.12/multiprocessing/util.py", line 227, in __call__
    res = self._callback(*self._args, **self._kwargs)
          ^^^^^^^^^^^^^^^^^^^^^^^^^^^^^^^^^^^^^^^^^^^
  File "/opt/ohpc/pub/compiler/conda/latest/lib/python3.12/shutil.py", line 703, in _rmtree_safe_fd
    onexc(func, path, err)
  File "/opt/ohpc/pub/compiler/conda/latest/lib/python3.12/shutil.py", line 703, in _rmtree_safe_fd
    onexc(func, path, err)
  File "/opt/ohpc/pub/compiler/conda/latest/lib/python3.12/multiprocessing/util.py", line 136, in _remove_temp_dir
    rmtree(tempdir, onerror=onerror)
OSError: [Errno 16] Device or resource busy: '/tmp/pymp-1tcrpsm2'
  File "/opt/ohpc/pub/compiler/conda/latest/lib/python3.12/shutil.py", line 750, in onexc
    return onerror(func, path, exc_info)
           ^^^^^^^^^^^^^^^^^^^^^^^^^^^^^
  File "/opt/ohpc/pub/compiler/conda/latest/lib/python3.12/shutil.py", line 750, in onexc
    return onerror(func, path, exc_info)
           ^^^^^^^^^^^^^^^^^^^^^^^^^^^^^
  File "/opt/ohpc/pub/compiler/conda/latest/lib/python3.12/shutil.py", line 759, in rmtree
    _rmtree_safe_fd(stack, onexc)
  File "/opt/ohpc/pub/compiler/conda/latest/lib/python3.12/shutil.py", line 700, in _rmtree_safe_fd
    onexc(os.unlink, fullname, err)
  File "/opt/ohpc/pub/compiler/conda/latest/lib/python3.12/shutil.py", line 700, in _rmtree_safe_fd
    onexc(os.unlink, fullname, err)
  File "/opt/ohpc/pub/compiler/conda/latest/lib/python3.12/shutil.py", line 703, in _rmtree_safe_fd
    onexc(func, path, err)
  File "/opt/ohpc/pub/compiler/conda/latest/lib/python3.12/shutil.py", line 750, in onexc
    return onerror(func, path, exc_info)
           ^^^^^^^^^^^^^^^^^^^^^^^^^^^^^
  File "/opt/ohpc/pub/compiler/conda/latest/lib/python3.12/shutil.py", line 750, in onexc
    return onerror(func, path, exc_info)
           ^^^^^^^^^^^^^^^^^^^^^^^^^^^^^
  File "/opt/ohpc/pub/compiler/conda/latest/lib/python3.12/shutil.py", line 750, in onexc
    return onerror(func, path, exc_info)
           ^^^^^^^^^^^^^^^^^^^^^^^^^^^^^
  File "/opt/ohpc/pub/compiler/conda/latest/lib/python3.12/shutil.py", line 698, in _rmtree_safe_fd
    os.unlink(entry.name, dir_fd=topfd)
  File "/opt/ohpc/pub/compiler/conda/latest/lib/python3.12/shutil.py", line 698, in _rmtree_safe_fd
    os.unlink(entry.name, dir_fd=topfd)
  File "/opt/ohpc/pub/compiler/conda/latest/lib/python3.12/shutil.py", line 700, in _rmtree_safe_fd
    onexc(os.unlink, fullname, err)
  File "/opt/ohpc/pub/compiler/conda/latest/lib/python3.12/shutil.py", line 750, in onexc
    return onerror(func, path, exc_info)
           ^^^^^^^^^^^^^^^^^^^^^^^^^^^^^
  File "/opt/ohpc/pub/compiler/conda/latest/lib/python3.12/shutil.py", line 698, in _rmtree_safe_fd
    os.unlink(entry.name, dir_fd=topfd)
OSError: [Errno 16] Device or resource busy: '/tmp/pymp-gu_pr51m'
OSError: [Errno 16] Device or resource busy: '/tmp/pymp-mi3w0d_r'
OSError: [Errno 16] Device or resource busy: '/tmp/pymp-7uyrxus8'
  File "/opt/ohpc/pub/compiler/conda/latest/lib/python3.12/multiprocessing/util.py", line 303, in _run_finalizers
    finalizer()
  File "/opt/ohpc/pub/compiler/conda/latest/lib/python3.12/multiprocessing/util.py", line 227, in __call__
    res = self._callback(*self._args, **self._kwargs)
          ^^^^^^^^^^^^^^^^^^^^^^^^^^^^^^^^^^^^^^^^^^^
  File "/opt/ohpc/pub/compiler/conda/latest/lib/python3.12/multiprocessing/util.py", line 136, in _remove_temp_dir
    rmtree(tempdir, onerror=onerror)
  File "/opt/ohpc/pub/compiler/conda/latest/lib/python3.12/shutil.py", line 759, in rmtree
    _rmtree_safe_fd(stack, onexc)
  File "/opt/ohpc/pub/compiler/conda/latest/lib/python3.12/shutil.py", line 703, in _rmtree_safe_fd
    onexc(func, path, err)
  File "/opt/ohpc/pub/compiler/conda/latest/lib/python3.12/shutil.py", line 750, in onexc
    return onerror(func, path, exc_info)
           ^^^^^^^^^^^^^^^^^^^^^^^^^^^^^
  File "/opt/ohpc/pub/compiler/conda/latest/lib/python3.12/shutil.py", line 700, in _rmtree_safe_fd
    onexc(os.unlink, fullname, err)
  File "/opt/ohpc/pub/compiler/conda/latest/lib/python3.12/shutil.py", line 750, in onexc
    return onerror(func, path, exc_info)
           ^^^^^^^^^^^^^^^^^^^^^^^^^^^^^
  File "/opt/ohpc/pub/compiler/conda/latest/lib/python3.12/shutil.py", line 698, in _rmtree_safe_fd
    os.unlink(entry.name, dir_fd=topfd)
OSError: [Errno 16] Device or resource busy: '/tmp/pymp-knsxmnd8'
Traceback (most recent call last):
  File "/opt/ohpc/pub/compiler/conda/latest/lib/python3.12/multiprocessing/util.py", line 303, in _run_finalizers
    finalizer()
  File "/opt/ohpc/pub/compiler/conda/latest/lib/python3.12/multiprocessing/util.py", line 227, in __call__
    res = self._callback(*self._args, **self._kwargs)
          ^^^^^^^^^^^^^^^^^^^^^^^^^^^^^^^^^^^^^^^^^^^
  File "/opt/ohpc/pub/compiler/conda/latest/lib/python3.12/multiprocessing/util.py", line 136, in _remove_temp_dir
    rmtree(tempdir, onerror=onerror)
  File "/opt/ohpc/pub/compiler/conda/latest/lib/python3.12/shutil.py", line 759, in rmtree
    _rmtree_safe_fd(stack, onexc)
  File "/opt/ohpc/pub/compiler/conda/latest/lib/python3.12/shutil.py", line 703, in _rmtree_safe_fd
    onexc(func, path, err)
  File "/opt/ohpc/pub/compiler/conda/latest/lib/python3.12/shutil.py", line 750, in onexc
    return onerror(func, path, exc_info)
           ^^^^^^^^^^^^^^^^^^^^^^^^^^^^^
  File "/opt/ohpc/pub/compiler/conda/latest/lib/python3.12/shutil.py", line 700, in _rmtree_safe_fd
    onexc(os.unlink, fullname, err)
  File "/opt/ohpc/pub/compiler/conda/latest/lib/python3.12/shutil.py", line 750, in onexc
    return onerror(func, path, exc_info)
           ^^^^^^^^^^^^^^^^^^^^^^^^^^^^^
  File "/opt/ohpc/pub/compiler/conda/latest/lib/python3.12/shutil.py", line 698, in _rmtree_safe_fd
    os.unlink(entry.name, dir_fd=topfd)
OSError: [Errno 16] Device or resource busy: '/tmp/pymp-7i_zi3al'
Traceback (most recent call last):
Traceback (most recent call last):
Traceback (most recent call last):
Traceback (most recent call last):
  File "/opt/ohpc/pub/compiler/conda/latest/lib/python3.12/multiprocessing/util.py", line 303, in _run_finalizers
    finalizer()
  File "/opt/ohpc/pub/compiler/conda/latest/lib/python3.12/multiprocessing/util.py", line 303, in _run_finalizers
    finalizer()
  File "/opt/ohpc/pub/compiler/conda/latest/lib/python3.12/multiprocessing/util.py", line 227, in __call__
    res = self._callback(*self._args, **self._kwargs)
          ^^^^^^^^^^^^^^^^^^^^^^^^^^^^^^^^^^^^^^^^^^^
  File "/opt/ohpc/pub/compiler/conda/latest/lib/python3.12/multiprocessing/util.py", line 136, in _remove_temp_dir
    rmtree(tempdir, onerror=onerror)
  File "/opt/ohpc/pub/compiler/conda/latest/lib/python3.12/shutil.py", line 759, in rmtree
    _rmtree_safe_fd(stack, onexc)
  File "/opt/ohpc/pub/compiler/conda/latest/lib/python3.12/multiprocessing/util.py", line 227, in __call__
    res = self._callback(*self._args, **self._kwargs)
          ^^^^^^^^^^^^^^^^^^^^^^^^^^^^^^^^^^^^^^^^^^^
  File "/opt/ohpc/pub/compiler/conda/latest/lib/python3.12/shutil.py", line 703, in _rmtree_safe_fd
    onexc(func, path, err)
  File "/opt/ohpc/pub/compiler/conda/latest/lib/python3.12/multiprocessing/util.py", line 136, in _remove_temp_dir
    rmtree(tempdir, onerror=onerror)
  File "/opt/ohpc/pub/compiler/conda/latest/lib/python3.12/shutil.py", line 750, in onexc
    return onerror(func, path, exc_info)
           ^^^^^^^^^^^^^^^^^^^^^^^^^^^^^
  File "/opt/ohpc/pub/compiler/conda/latest/lib/python3.12/shutil.py", line 759, in rmtree
    _rmtree_safe_fd(stack, onexc)
  File "/opt/ohpc/pub/compiler/conda/latest/lib/python3.12/shutil.py", line 700, in _rmtree_safe_fd
    onexc(os.unlink, fullname, err)
  File "/opt/ohpc/pub/compiler/conda/latest/lib/python3.12/shutil.py", line 703, in _rmtree_safe_fd
    onexc(func, path, err)
  File "/opt/ohpc/pub/compiler/conda/latest/lib/python3.12/shutil.py", line 750, in onexc
    return onerror(func, path, exc_info)
           ^^^^^^^^^^^^^^^^^^^^^^^^^^^^^
  File "/opt/ohpc/pub/compiler/conda/latest/lib/python3.12/shutil.py", line 750, in onexc
    return onerror(func, path, exc_info)
           ^^^^^^^^^^^^^^^^^^^^^^^^^^^^^
  File "/opt/ohpc/pub/compiler/conda/latest/lib/python3.12/shutil.py", line 698, in _rmtree_safe_fd
    os.unlink(entry.name, dir_fd=topfd)
  File "/opt/ohpc/pub/compiler/conda/latest/lib/python3.12/shutil.py", line 700, in _rmtree_safe_fd
    onexc(os.unlink, fullname, err)
  File "/opt/ohpc/pub/compiler/conda/latest/lib/python3.12/multiprocessing/util.py", line 303, in _run_finalizers
    finalizer()
  File "/opt/ohpc/pub/compiler/conda/latest/lib/python3.12/shutil.py", line 750, in onexc
    return onerror(func, path, exc_info)
           ^^^^^^^^^^^^^^^^^^^^^^^^^^^^^
  File "/opt/ohpc/pub/compiler/conda/latest/lib/python3.12/shutil.py", line 698, in _rmtree_safe_fd
    os.unlink(entry.name, dir_fd=topfd)
  File "/opt/ohpc/pub/compiler/conda/latest/lib/python3.12/multiprocessing/util.py", line 227, in __call__
    res = self._callback(*self._args, **self._kwargs)
          ^^^^^^^^^^^^^^^^^^^^^^^^^^^^^^^^^^^^^^^^^^^
  File "/opt/ohpc/pub/compiler/conda/latest/lib/python3.12/multiprocessing/util.py", line 136, in _remove_temp_dir
    rmtree(tempdir, onerror=onerror)
  File "/opt/ohpc/pub/compiler/conda/latest/lib/python3.12/shutil.py", line 759, in rmtree
    _rmtree_safe_fd(stack, onexc)
OSError: [Errno 16] Device or resource busy: '/tmp/pymp-g5_gxfoi'
  File "/opt/ohpc/pub/compiler/conda/latest/lib/python3.12/shutil.py", line 703, in _rmtree_safe_fd
    onexc(func, path, err)
OSError: [Errno 16] Device or resource busy: '/tmp/pymp-hnwq6l1e'
  File "/opt/ohpc/pub/compiler/conda/latest/lib/python3.12/shutil.py", line 750, in onexc
    return onerror(func, path, exc_info)
           ^^^^^^^^^^^^^^^^^^^^^^^^^^^^^
  File "/opt/ohpc/pub/compiler/conda/latest/lib/python3.12/shutil.py", line 700, in _rmtree_safe_fd
    onexc(os.unlink, fullname, err)
  File "/opt/ohpc/pub/compiler/conda/latest/lib/python3.12/shutil.py", line 750, in onexc
    return onerror(func, path, exc_info)
           ^^^^^^^^^^^^^^^^^^^^^^^^^^^^^
  File "/opt/ohpc/pub/compiler/conda/latest/lib/python3.12/shutil.py", line 698, in _rmtree_safe_fd
    os.unlink(entry.name, dir_fd=topfd)
OSError: [Errno 16] Device or resource busy: '/tmp/pymp-s4kgce2j'
Traceback (most recent call last):
Traceback (most recent call last):
Traceback (most recent call last):
Traceback (most recent call last):
  File "/opt/ohpc/pub/compiler/conda/latest/lib/python3.12/multiprocessing/util.py", line 303, in _run_finalizers
    finalizer()
  File "/opt/ohpc/pub/compiler/conda/latest/lib/python3.12/multiprocessing/util.py", line 227, in __call__
    res = self._callback(*self._args, **self._kwargs)
          ^^^^^^^^^^^^^^^^^^^^^^^^^^^^^^^^^^^^^^^^^^^
  File "/opt/ohpc/pub/compiler/conda/latest/lib/python3.12/multiprocessing/util.py", line 136, in _remove_temp_dir
    rmtree(tempdir, onerror=onerror)
  File "/opt/ohpc/pub/compiler/conda/latest/lib/python3.12/shutil.py", line 759, in rmtree
    _rmtree_safe_fd(stack, onexc)
  File "/opt/ohpc/pub/compiler/conda/latest/lib/python3.12/shutil.py", line 703, in _rmtree_safe_fd
    onexc(func, path, err)
  File "/opt/ohpc/pub/compiler/conda/latest/lib/python3.12/shutil.py", line 750, in onexc
    return onerror(func, path, exc_info)
           ^^^^^^^^^^^^^^^^^^^^^^^^^^^^^
  File "/opt/ohpc/pub/compiler/conda/latest/lib/python3.12/shutil.py", line 700, in _rmtree_safe_fd
    onexc(os.unlink, fullname, err)
  File "/opt/ohpc/pub/compiler/conda/latest/lib/python3.12/shutil.py", line 750, in onexc
    return onerror(func, path, exc_info)
           ^^^^^^^^^^^^^^^^^^^^^^^^^^^^^
  File "/opt/ohpc/pub/compiler/conda/latest/lib/python3.12/shutil.py", line 698, in _rmtree_safe_fd
    os.unlink(entry.name, dir_fd=topfd)
OSError: [Errno 16] Device or resource busy: '/tmp/pymp-18r3n_df'
  File "/opt/ohpc/pub/compiler/conda/latest/lib/python3.12/multiprocessing/util.py", line 303, in _run_finalizers
    finalizer()
  File "/opt/ohpc/pub/compiler/conda/latest/lib/python3.12/multiprocessing/util.py", line 227, in __call__
    res = self._callback(*self._args, **self._kwargs)
          ^^^^^^^^^^^^^^^^^^^^^^^^^^^^^^^^^^^^^^^^^^^
  File "/opt/ohpc/pub/compiler/conda/latest/lib/python3.12/multiprocessing/util.py", line 136, in _remove_temp_dir
    rmtree(tempdir, onerror=onerror)
  File "/opt/ohpc/pub/compiler/conda/latest/lib/python3.12/shutil.py", line 759, in rmtree
    _rmtree_safe_fd(stack, onexc)
  File "/opt/ohpc/pub/compiler/conda/latest/lib/python3.12/shutil.py", line 703, in _rmtree_safe_fd
    onexc(func, path, err)
  File "/opt/ohpc/pub/compiler/conda/latest/lib/python3.12/shutil.py", line 750, in onexc
    return onerror(func, path, exc_info)
           ^^^^^^^^^^^^^^^^^^^^^^^^^^^^^
  File "/opt/ohpc/pub/compiler/conda/latest/lib/python3.12/shutil.py", line 700, in _rmtree_safe_fd
    onexc(os.unlink, fullname, err)
  File "/opt/ohpc/pub/compiler/conda/latest/lib/python3.12/multiprocessing/util.py", line 303, in _run_finalizers
    finalizer()
  File "/opt/ohpc/pub/compiler/conda/latest/lib/python3.12/shutil.py", line 750, in onexc
    return onerror(func, path, exc_info)
           ^^^^^^^^^^^^^^^^^^^^^^^^^^^^^
  File "/opt/ohpc/pub/compiler/conda/latest/lib/python3.12/shutil.py", line 698, in _rmtree_safe_fd
    os.unlink(entry.name, dir_fd=topfd)
  File "/opt/ohpc/pub/compiler/conda/latest/lib/python3.12/multiprocessing/util.py", line 227, in __call__
    res = self._callback(*self._args, **self._kwargs)
          ^^^^^^^^^^^^^^^^^^^^^^^^^^^^^^^^^^^^^^^^^^^
  File "/opt/ohpc/pub/compiler/conda/latest/lib/python3.12/multiprocessing/util.py", line 136, in _remove_temp_dir
    rmtree(tempdir, onerror=onerror)
  File "/opt/ohpc/pub/compiler/conda/latest/lib/python3.12/shutil.py", line 759, in rmtree
    _rmtree_safe_fd(stack, onexc)
  File "/opt/ohpc/pub/compiler/conda/latest/lib/python3.12/shutil.py", line 703, in _rmtree_safe_fd
    onexc(func, path, err)
OSError: [Errno 16] Device or resource busy: '/tmp/pymp-r3t5xiv7'
  File "/opt/ohpc/pub/compiler/conda/latest/lib/python3.12/shutil.py", line 750, in onexc
    return onerror(func, path, exc_info)
           ^^^^^^^^^^^^^^^^^^^^^^^^^^^^^
  File "/opt/ohpc/pub/compiler/conda/latest/lib/python3.12/shutil.py", line 700, in _rmtree_safe_fd
    onexc(os.unlink, fullname, err)
  File "/opt/ohpc/pub/compiler/conda/latest/lib/python3.12/shutil.py", line 750, in onexc
    return onerror(func, path, exc_info)
           ^^^^^^^^^^^^^^^^^^^^^^^^^^^^^
  File "/opt/ohpc/pub/compiler/conda/latest/lib/python3.12/shutil.py", line 698, in _rmtree_safe_fd
    os.unlink(entry.name, dir_fd=topfd)
OSError: [Errno 16] Device or resource busy: '/tmp/pymp-vcc1rgw3'
  File "/opt/ohpc/pub/compiler/conda/latest/lib/python3.12/multiprocessing/util.py", line 303, in _run_finalizers
    finalizer()
  File "/opt/ohpc/pub/compiler/conda/latest/lib/python3.12/multiprocessing/util.py", line 303, in _run_finalizers
    finalizer()
  File "/opt/ohpc/pub/compiler/conda/latest/lib/python3.12/multiprocessing/util.py", line 227, in __call__
    res = self._callback(*self._args, **self._kwargs)
          ^^^^^^^^^^^^^^^^^^^^^^^^^^^^^^^^^^^^^^^^^^^
  File "/opt/ohpc/pub/compiler/conda/latest/lib/python3.12/multiprocessing/util.py", line 136, in _remove_temp_dir
    rmtree(tempdir, onerror=onerror)
  File "/opt/ohpc/pub/compiler/conda/latest/lib/python3.12/shutil.py", line 759, in rmtree
    _rmtree_safe_fd(stack, onexc)
  File "/opt/ohpc/pub/compiler/conda/latest/lib/python3.12/multiprocessing/util.py", line 227, in __call__
    res = self._callback(*self._args, **self._kwargs)
          ^^^^^^^^^^^^^^^^^^^^^^^^^^^^^^^^^^^^^^^^^^^
  File "/opt/ohpc/pub/compiler/conda/latest/lib/python3.12/shutil.py", line 703, in _rmtree_safe_fd
    onexc(func, path, err)
  File "/opt/ohpc/pub/compiler/conda/latest/lib/python3.12/multiprocessing/util.py", line 136, in _remove_temp_dir
    rmtree(tempdir, onerror=onerror)
  File "/opt/ohpc/pub/compiler/conda/latest/lib/python3.12/shutil.py", line 750, in onexc
    return onerror(func, path, exc_info)
           ^^^^^^^^^^^^^^^^^^^^^^^^^^^^^
  File "/opt/ohpc/pub/compiler/conda/latest/lib/python3.12/shutil.py", line 759, in rmtree
    _rmtree_safe_fd(stack, onexc)
  File "/opt/ohpc/pub/compiler/conda/latest/lib/python3.12/shutil.py", line 700, in _rmtree_safe_fd
    onexc(os.unlink, fullname, err)
  File "/opt/ohpc/pub/compiler/conda/latest/lib/python3.12/shutil.py", line 703, in _rmtree_safe_fd
    onexc(func, path, err)
  File "/opt/ohpc/pub/compiler/conda/latest/lib/python3.12/shutil.py", line 750, in onexc
    return onerror(func, path, exc_info)
           ^^^^^^^^^^^^^^^^^^^^^^^^^^^^^
  File "/opt/ohpc/pub/compiler/conda/latest/lib/python3.12/shutil.py", line 750, in onexc
    return onerror(func, path, exc_info)
           ^^^^^^^^^^^^^^^^^^^^^^^^^^^^^
  File "/opt/ohpc/pub/compiler/conda/latest/lib/python3.12/shutil.py", line 698, in _rmtree_safe_fd
    os.unlink(entry.name, dir_fd=topfd)
  File "/opt/ohpc/pub/compiler/conda/latest/lib/python3.12/shutil.py", line 700, in _rmtree_safe_fd
    onexc(os.unlink, fullname, err)
  File "/opt/ohpc/pub/compiler/conda/latest/lib/python3.12/shutil.py", line 750, in onexc
    return onerror(func, path, exc_info)
           ^^^^^^^^^^^^^^^^^^^^^^^^^^^^^
  File "/opt/ohpc/pub/compiler/conda/latest/lib/python3.12/shutil.py", line 698, in _rmtree_safe_fd
    os.unlink(entry.name, dir_fd=topfd)
OSError: [Errno 16] Device or resource busy: '/tmp/pymp-7_1heyof'
OSError: [Errno 16] Device or resource busy: '/tmp/pymp-ddsc23ip'
Traceback (most recent call last):
  File "/opt/ohpc/pub/compiler/conda/latest/lib/python3.12/multiprocessing/util.py", line 303, in _run_finalizers
    finalizer()
  File "/opt/ohpc/pub/compiler/conda/latest/lib/python3.12/multiprocessing/util.py", line 227, in __call__
    res = self._callback(*self._args, **self._kwargs)
          ^^^^^^^^^^^^^^^^^^^^^^^^^^^^^^^^^^^^^^^^^^^
  File "/opt/ohpc/pub/compiler/conda/latest/lib/python3.12/multiprocessing/util.py", line 136, in _remove_temp_dir
    rmtree(tempdir, onerror=onerror)
  File "/opt/ohpc/pub/compiler/conda/latest/lib/python3.12/shutil.py", line 759, in rmtree
    _rmtree_safe_fd(stack, onexc)
  File "/opt/ohpc/pub/compiler/conda/latest/lib/python3.12/shutil.py", line 703, in _rmtree_safe_fd
    onexc(func, path, err)
  File "/opt/ohpc/pub/compiler/conda/latest/lib/python3.12/shutil.py", line 750, in onexc
    return onerror(func, path, exc_info)
           ^^^^^^^^^^^^^^^^^^^^^^^^^^^^^
  File "/opt/ohpc/pub/compiler/conda/latest/lib/python3.12/shutil.py", line 700, in _rmtree_safe_fd
    onexc(os.unlink, fullname, err)
  File "/opt/ohpc/pub/compiler/conda/latest/lib/python3.12/shutil.py", line 750, in onexc
    return onerror(func, path, exc_info)
           ^^^^^^^^^^^^^^^^^^^^^^^^^^^^^
  File "/opt/ohpc/pub/compiler/conda/latest/lib/python3.12/shutil.py", line 698, in _rmtree_safe_fd
    os.unlink(entry.name, dir_fd=topfd)
OSError: [Errno 16] Device or resource busy: '/tmp/pymp-5680mrwn'
Traceback (most recent call last):
Traceback (most recent call last):
Traceback (most recent call last):
Traceback (most recent call last):
  File "/opt/ohpc/pub/compiler/conda/latest/lib/python3.12/multiprocessing/util.py", line 303, in _run_finalizers
    finalizer()
  File "/opt/ohpc/pub/compiler/conda/latest/lib/python3.12/multiprocessing/util.py", line 227, in __call__
    res = self._callback(*self._args, **self._kwargs)
          ^^^^^^^^^^^^^^^^^^^^^^^^^^^^^^^^^^^^^^^^^^^
  File "/opt/ohpc/pub/compiler/conda/latest/lib/python3.12/multiprocessing/util.py", line 136, in _remove_temp_dir
    rmtree(tempdir, onerror=onerror)
  File "/opt/ohpc/pub/compiler/conda/latest/lib/python3.12/shutil.py", line 759, in rmtree
    _rmtree_safe_fd(stack, onexc)
  File "/opt/ohpc/pub/compiler/conda/latest/lib/python3.12/shutil.py", line 703, in _rmtree_safe_fd
    onexc(func, path, err)
  File "/opt/ohpc/pub/compiler/conda/latest/lib/python3.12/shutil.py", line 750, in onexc
    return onerror(func, path, exc_info)
           ^^^^^^^^^^^^^^^^^^^^^^^^^^^^^
  File "/opt/ohpc/pub/compiler/conda/latest/lib/python3.12/multiprocessing/util.py", line 303, in _run_finalizers
    finalizer()
  File "/opt/ohpc/pub/compiler/conda/latest/lib/python3.12/shutil.py", line 700, in _rmtree_safe_fd
    onexc(os.unlink, fullname, err)
  File "/opt/ohpc/pub/compiler/conda/latest/lib/python3.12/shutil.py", line 750, in onexc
    return onerror(func, path, exc_info)
           ^^^^^^^^^^^^^^^^^^^^^^^^^^^^^
  File "/opt/ohpc/pub/compiler/conda/latest/lib/python3.12/shutil.py", line 698, in _rmtree_safe_fd
    os.unlink(entry.name, dir_fd=topfd)
  File "/opt/ohpc/pub/compiler/conda/latest/lib/python3.12/multiprocessing/util.py", line 227, in __call__
    res = self._callback(*self._args, **self._kwargs)
          ^^^^^^^^^^^^^^^^^^^^^^^^^^^^^^^^^^^^^^^^^^^
  File "/opt/ohpc/pub/compiler/conda/latest/lib/python3.12/multiprocessing/util.py", line 136, in _remove_temp_dir
    rmtree(tempdir, onerror=onerror)
  File "/opt/ohpc/pub/compiler/conda/latest/lib/python3.12/shutil.py", line 759, in rmtree
    _rmtree_safe_fd(stack, onexc)
  File "/opt/ohpc/pub/compiler/conda/latest/lib/python3.12/shutil.py", line 703, in _rmtree_safe_fd
    onexc(func, path, err)
OSError: [Errno 16] Device or resource busy: '/tmp/pymp-5ufcarh3'
  File "/opt/ohpc/pub/compiler/conda/latest/lib/python3.12/shutil.py", line 750, in onexc
    return onerror(func, path, exc_info)
           ^^^^^^^^^^^^^^^^^^^^^^^^^^^^^
  File "/opt/ohpc/pub/compiler/conda/latest/lib/python3.12/shutil.py", line 700, in _rmtree_safe_fd
    onexc(os.unlink, fullname, err)
  File "/opt/ohpc/pub/compiler/conda/latest/lib/python3.12/shutil.py", line 750, in onexc
    return onerror(func, path, exc_info)
           ^^^^^^^^^^^^^^^^^^^^^^^^^^^^^
  File "/opt/ohpc/pub/compiler/conda/latest/lib/python3.12/shutil.py", line 698, in _rmtree_safe_fd
    os.unlink(entry.name, dir_fd=topfd)
OSError: [Errno 16] Device or resource busy: '/tmp/pymp-mpas78r0'
  File "/opt/ohpc/pub/compiler/conda/latest/lib/python3.12/multiprocessing/util.py", line 303, in _run_finalizers
    finalizer()
  File "/opt/ohpc/pub/compiler/conda/latest/lib/python3.12/multiprocessing/util.py", line 227, in __call__
    res = self._callback(*self._args, **self._kwargs)
          ^^^^^^^^^^^^^^^^^^^^^^^^^^^^^^^^^^^^^^^^^^^
  File "/opt/ohpc/pub/compiler/conda/latest/lib/python3.12/multiprocessing/util.py", line 136, in _remove_temp_dir
    rmtree(tempdir, onerror=onerror)
  File "/opt/ohpc/pub/compiler/conda/latest/lib/python3.12/shutil.py", line 759, in rmtree
    _rmtree_safe_fd(stack, onexc)
  File "/opt/ohpc/pub/compiler/conda/latest/lib/python3.12/shutil.py", line 703, in _rmtree_safe_fd
    onexc(func, path, err)
  File "/opt/ohpc/pub/compiler/conda/latest/lib/python3.12/shutil.py", line 750, in onexc
    return onerror(func, path, exc_info)
           ^^^^^^^^^^^^^^^^^^^^^^^^^^^^^
  File "/opt/ohpc/pub/compiler/conda/latest/lib/python3.12/shutil.py", line 700, in _rmtree_safe_fd
    onexc(os.unlink, fullname, err)
  File "/opt/ohpc/pub/compiler/conda/latest/lib/python3.12/shutil.py", line 750, in onexc
    return onerror(func, path, exc_info)
           ^^^^^^^^^^^^^^^^^^^^^^^^^^^^^
  File "/opt/ohpc/pub/compiler/conda/latest/lib/python3.12/multiprocessing/util.py", line 303, in _run_finalizers
    finalizer()
  File "/opt/ohpc/pub/compiler/conda/latest/lib/python3.12/shutil.py", line 698, in _rmtree_safe_fd
    os.unlink(entry.name, dir_fd=topfd)
  File "/opt/ohpc/pub/compiler/conda/latest/lib/python3.12/multiprocessing/util.py", line 227, in __call__
    res = self._callback(*self._args, **self._kwargs)
          ^^^^^^^^^^^^^^^^^^^^^^^^^^^^^^^^^^^^^^^^^^^
  File "/opt/ohpc/pub/compiler/conda/latest/lib/python3.12/multiprocessing/util.py", line 136, in _remove_temp_dir
    rmtree(tempdir, onerror=onerror)
  File "/opt/ohpc/pub/compiler/conda/latest/lib/python3.12/shutil.py", line 759, in rmtree
    _rmtree_safe_fd(stack, onexc)
OSError: [Errno 16] Device or resource busy: '/tmp/pymp-8tdh3z79'
  File "/opt/ohpc/pub/compiler/conda/latest/lib/python3.12/shutil.py", line 703, in _rmtree_safe_fd
    onexc(func, path, err)
  File "/opt/ohpc/pub/compiler/conda/latest/lib/python3.12/shutil.py", line 750, in onexc
    return onerror(func, path, exc_info)
           ^^^^^^^^^^^^^^^^^^^^^^^^^^^^^
  File "/opt/ohpc/pub/compiler/conda/latest/lib/python3.12/shutil.py", line 700, in _rmtree_safe_fd
    onexc(os.unlink, fullname, err)
  File "/opt/ohpc/pub/compiler/conda/latest/lib/python3.12/shutil.py", line 750, in onexc
    return onerror(func, path, exc_info)
           ^^^^^^^^^^^^^^^^^^^^^^^^^^^^^
  File "/opt/ohpc/pub/compiler/conda/latest/lib/python3.12/shutil.py", line 698, in _rmtree_safe_fd
    os.unlink(entry.name, dir_fd=topfd)
OSError: [Errno 16] Device or resource busy: '/tmp/pymp-ipgnd88h'
Traceback (most recent call last):
  File "/opt/ohpc/pub/compiler/conda/latest/lib/python3.12/multiprocessing/util.py", line 303, in _run_finalizers
    finalizer()
  File "/opt/ohpc/pub/compiler/conda/latest/lib/python3.12/multiprocessing/util.py", line 227, in __call__
    res = self._callback(*self._args, **self._kwargs)
          ^^^^^^^^^^^^^^^^^^^^^^^^^^^^^^^^^^^^^^^^^^^
  File "/opt/ohpc/pub/compiler/conda/latest/lib/python3.12/multiprocessing/util.py", line 136, in _remove_temp_dir
    rmtree(tempdir, onerror=onerror)
  File "/opt/ohpc/pub/compiler/conda/latest/lib/python3.12/shutil.py", line 759, in rmtree
    _rmtree_safe_fd(stack, onexc)
  File "/opt/ohpc/pub/compiler/conda/latest/lib/python3.12/shutil.py", line 703, in _rmtree_safe_fd
    onexc(func, path, err)
  File "/opt/ohpc/pub/compiler/conda/latest/lib/python3.12/shutil.py", line 750, in onexc
    return onerror(func, path, exc_info)
           ^^^^^^^^^^^^^^^^^^^^^^^^^^^^^
  File "/opt/ohpc/pub/compiler/conda/latest/lib/python3.12/shutil.py", line 700, in _rmtree_safe_fd
    onexc(os.unlink, fullname, err)
  File "/opt/ohpc/pub/compiler/conda/latest/lib/python3.12/shutil.py", line 750, in onexc
    return onerror(func, path, exc_info)
           ^^^^^^^^^^^^^^^^^^^^^^^^^^^^^
  File "/opt/ohpc/pub/compiler/conda/latest/lib/python3.12/shutil.py", line 698, in _rmtree_safe_fd
    os.unlink(entry.name, dir_fd=topfd)
OSError: [Errno 16] Device or resource busy: '/tmp/pymp-zo6fc2m5'
Traceback (most recent call last):
  File "/opt/ohpc/pub/compiler/conda/latest/lib/python3.12/multiprocessing/util.py", line 303, in _run_finalizers
    finalizer()
  File "/opt/ohpc/pub/compiler/conda/latest/lib/python3.12/multiprocessing/util.py", line 227, in __call__
    res = self._callback(*self._args, **self._kwargs)
          ^^^^^^^^^^^^^^^^^^^^^^^^^^^^^^^^^^^^^^^^^^^
  File "/opt/ohpc/pub/compiler/conda/latest/lib/python3.12/multiprocessing/util.py", line 136, in _remove_temp_dir
    rmtree(tempdir, onerror=onerror)
  File "/opt/ohpc/pub/compiler/conda/latest/lib/python3.12/shutil.py", line 759, in rmtree
    _rmtree_safe_fd(stack, onexc)
  File "/opt/ohpc/pub/compiler/conda/latest/lib/python3.12/shutil.py", line 703, in _rmtree_safe_fd
    onexc(func, path, err)
  File "/opt/ohpc/pub/compiler/conda/latest/lib/python3.12/shutil.py", line 750, in onexc
    return onerror(func, path, exc_info)
           ^^^^^^^^^^^^^^^^^^^^^^^^^^^^^
  File "/opt/ohpc/pub/compiler/conda/latest/lib/python3.12/shutil.py", line 700, in _rmtree_safe_fd
    onexc(os.unlink, fullname, err)
  File "/opt/ohpc/pub/compiler/conda/latest/lib/python3.12/shutil.py", line 750, in onexc
    return onerror(func, path, exc_info)
           ^^^^^^^^^^^^^^^^^^^^^^^^^^^^^
  File "/opt/ohpc/pub/compiler/conda/latest/lib/python3.12/shutil.py", line 698, in _rmtree_safe_fd
    os.unlink(entry.name, dir_fd=topfd)
OSError: [Errno 16] Device or resource busy: '/tmp/pymp-jfthp6h2'
Traceback (most recent call last):
  File "/opt/ohpc/pub/compiler/conda/latest/lib/python3.12/multiprocessing/util.py", line 303, in _run_finalizers
    finalizer()
  File "/opt/ohpc/pub/compiler/conda/latest/lib/python3.12/multiprocessing/util.py", line 227, in __call__
    res = self._callback(*self._args, **self._kwargs)
          ^^^^^^^^^^^^^^^^^^^^^^^^^^^^^^^^^^^^^^^^^^^
  File "/opt/ohpc/pub/compiler/conda/latest/lib/python3.12/multiprocessing/util.py", line 136, in _remove_temp_dir
    rmtree(tempdir, onerror=onerror)
  File "/opt/ohpc/pub/compiler/conda/latest/lib/python3.12/shutil.py", line 759, in rmtree
    _rmtree_safe_fd(stack, onexc)
  File "/opt/ohpc/pub/compiler/conda/latest/lib/python3.12/shutil.py", line 703, in _rmtree_safe_fd
    onexc(func, path, err)
  File "/opt/ohpc/pub/compiler/conda/latest/lib/python3.12/shutil.py", line 750, in onexc
    return onerror(func, path, exc_info)
           ^^^^^^^^^^^^^^^^^^^^^^^^^^^^^
  File "/opt/ohpc/pub/compiler/conda/latest/lib/python3.12/shutil.py", line 700, in _rmtree_safe_fd
    onexc(os.unlink, fullname, err)
  File "/opt/ohpc/pub/compiler/conda/latest/lib/python3.12/shutil.py", line 750, in onexc
    return onerror(func, path, exc_info)
           ^^^^^^^^^^^^^^^^^^^^^^^^^^^^^
  File "/opt/ohpc/pub/compiler/conda/latest/lib/python3.12/shutil.py", line 698, in _rmtree_safe_fd
    os.unlink(entry.name, dir_fd=topfd)
OSError: [Errno 16] Device or resource busy: '/tmp/pymp-rstvyg9x'
Traceback (most recent call last):
  File "/opt/ohpc/pub/compiler/conda/latest/lib/python3.12/multiprocessing/util.py", line 303, in _run_finalizers
    finalizer()
  File "/opt/ohpc/pub/compiler/conda/latest/lib/python3.12/multiprocessing/util.py", line 227, in __call__
    res = self._callback(*self._args, **self._kwargs)
          ^^^^^^^^^^^^^^^^^^^^^^^^^^^^^^^^^^^^^^^^^^^
  File "/opt/ohpc/pub/compiler/conda/latest/lib/python3.12/multiprocessing/util.py", line 136, in _remove_temp_dir
    rmtree(tempdir, onerror=onerror)
  File "/opt/ohpc/pub/compiler/conda/latest/lib/python3.12/shutil.py", line 759, in rmtree
    _rmtree_safe_fd(stack, onexc)
  File "/opt/ohpc/pub/compiler/conda/latest/lib/python3.12/shutil.py", line 703, in _rmtree_safe_fd
    onexc(func, path, err)
  File "/opt/ohpc/pub/compiler/conda/latest/lib/python3.12/shutil.py", line 750, in onexc
    return onerror(func, path, exc_info)
           ^^^^^^^^^^^^^^^^^^^^^^^^^^^^^
  File "/opt/ohpc/pub/compiler/conda/latest/lib/python3.12/shutil.py", line 700, in _rmtree_safe_fd
    onexc(os.unlink, fullname, err)
  File "/opt/ohpc/pub/compiler/conda/latest/lib/python3.12/shutil.py", line 750, in onexc
    return onerror(func, path, exc_info)
           ^^^^^^^^^^^^^^^^^^^^^^^^^^^^^
  File "/opt/ohpc/pub/compiler/conda/latest/lib/python3.12/shutil.py", line 698, in _rmtree_safe_fd
    os.unlink(entry.name, dir_fd=topfd)
OSError: [Errno 16] Device or resource busy: '/tmp/pymp-3gyx7bk1'
Traceback (most recent call last):
  File "/opt/ohpc/pub/compiler/conda/latest/lib/python3.12/multiprocessing/util.py", line 303, in _run_finalizers
    finalizer()
  File "/opt/ohpc/pub/compiler/conda/latest/lib/python3.12/multiprocessing/util.py", line 227, in __call__
    res = self._callback(*self._args, **self._kwargs)
          ^^^^^^^^^^^^^^^^^^^^^^^^^^^^^^^^^^^^^^^^^^^
  File "/opt/ohpc/pub/compiler/conda/latest/lib/python3.12/multiprocessing/util.py", line 136, in _remove_temp_dir
    rmtree(tempdir, onerror=onerror)
  File "/opt/ohpc/pub/compiler/conda/latest/lib/python3.12/shutil.py", line 759, in rmtree
    _rmtree_safe_fd(stack, onexc)
  File "/opt/ohpc/pub/compiler/conda/latest/lib/python3.12/shutil.py", line 703, in _rmtree_safe_fd
    onexc(func, path, err)
  File "/opt/ohpc/pub/compiler/conda/latest/lib/python3.12/shutil.py", line 750, in onexc
    return onerror(func, path, exc_info)
           ^^^^^^^^^^^^^^^^^^^^^^^^^^^^^
  File "/opt/ohpc/pub/compiler/conda/latest/lib/python3.12/shutil.py", line 700, in _rmtree_safe_fd
    onexc(os.unlink, fullname, err)
  File "/opt/ohpc/pub/compiler/conda/latest/lib/python3.12/shutil.py", line 750, in onexc
    return onerror(func, path, exc_info)
           ^^^^^^^^^^^^^^^^^^^^^^^^^^^^^
  File "/opt/ohpc/pub/compiler/conda/latest/lib/python3.12/shutil.py", line 698, in _rmtree_safe_fd
    os.unlink(entry.name, dir_fd=topfd)
OSError: [Errno 16] Device or resource busy: '/tmp/pymp-_g6k8i4j'
Traceback (most recent call last):
  File "/opt/ohpc/pub/compiler/conda/latest/lib/python3.12/multiprocessing/util.py", line 303, in _run_finalizers
    finalizer()
  File "/opt/ohpc/pub/compiler/conda/latest/lib/python3.12/multiprocessing/util.py", line 227, in __call__
    res = self._callback(*self._args, **self._kwargs)
          ^^^^^^^^^^^^^^^^^^^^^^^^^^^^^^^^^^^^^^^^^^^
  File "/opt/ohpc/pub/compiler/conda/latest/lib/python3.12/multiprocessing/util.py", line 136, in _remove_temp_dir
    rmtree(tempdir, onerror=onerror)
  File "/opt/ohpc/pub/compiler/conda/latest/lib/python3.12/shutil.py", line 759, in rmtree
    _rmtree_safe_fd(stack, onexc)
  File "/opt/ohpc/pub/compiler/conda/latest/lib/python3.12/shutil.py", line 703, in _rmtree_safe_fd
    onexc(func, path, err)
  File "/opt/ohpc/pub/compiler/conda/latest/lib/python3.12/shutil.py", line 750, in onexc
    return onerror(func, path, exc_info)
           ^^^^^^^^^^^^^^^^^^^^^^^^^^^^^
  File "/opt/ohpc/pub/compiler/conda/latest/lib/python3.12/shutil.py", line 700, in _rmtree_safe_fd
    onexc(os.unlink, fullname, err)
  File "/opt/ohpc/pub/compiler/conda/latest/lib/python3.12/shutil.py", line 750, in onexc
    return onerror(func, path, exc_info)
           ^^^^^^^^^^^^^^^^^^^^^^^^^^^^^
  File "/opt/ohpc/pub/compiler/conda/latest/lib/python3.12/shutil.py", line 698, in _rmtree_safe_fd
    os.unlink(entry.name, dir_fd=topfd)
OSError: [Errno 16] Device or resource busy: '/tmp/pymp-hllwj0dw'
[val 011] loss=-0.9308 z_std=0.0446 rankme=13.516 lidar=5.784 areq=2.081 pr=1.29 align=0.0980 unif=-0.881 converged=True collapsed=False
  e012 it0000/62 lr=0.0031 loss=-0.9398 z_std=0.0620
  e012 it0010/62 lr=0.0031 loss=-0.9369 z_std=0.0621
  e012 it0020/62 lr=0.0031 loss=-0.9366 z_std=0.0620
  e012 it0030/62 lr=0.0031 loss=-0.9354 z_std=0.0621
  e012 it0040/62 lr=0.0031 loss=-0.9344 z_std=0.0620
  e012 it0050/62 lr=0.0031 loss=-0.9336 z_std=0.0619
  e012 it0060/62 lr=0.0031 loss=-0.9343 z_std=0.0619
[epoch 012] loss=-0.9345 z_std=0.0619 (healthy~0.0625) time=180.1s
Traceback (most recent call last):
Traceback (most recent call last):
Traceback (most recent call last):
Traceback (most recent call last):
Traceback (most recent call last):
Traceback (most recent call last):
Traceback (most recent call last):
  File "/opt/ohpc/pub/compiler/conda/latest/lib/python3.12/multiprocessing/util.py", line 303, in _run_finalizers
    finalizer()
  File "/opt/ohpc/pub/compiler/conda/latest/lib/python3.12/multiprocessing/util.py", line 227, in __call__
    res = self._callback(*self._args, **self._kwargs)
          ^^^^^^^^^^^^^^^^^^^^^^^^^^^^^^^^^^^^^^^^^^^
  File "/opt/ohpc/pub/compiler/conda/latest/lib/python3.12/multiprocessing/util.py", line 136, in _remove_temp_dir
    rmtree(tempdir, onerror=onerror)
  File "/opt/ohpc/pub/compiler/conda/latest/lib/python3.12/shutil.py", line 759, in rmtree
    _rmtree_safe_fd(stack, onexc)
  File "/opt/ohpc/pub/compiler/conda/latest/lib/python3.12/shutil.py", line 703, in _rmtree_safe_fd
    onexc(func, path, err)
  File "/opt/ohpc/pub/compiler/conda/latest/lib/python3.12/shutil.py", line 750, in onexc
    return onerror(func, path, exc_info)
           ^^^^^^^^^^^^^^^^^^^^^^^^^^^^^
  File "/opt/ohpc/pub/compiler/conda/latest/lib/python3.12/shutil.py", line 700, in _rmtree_safe_fd
    onexc(os.unlink, fullname, err)
  File "/opt/ohpc/pub/compiler/conda/latest/lib/python3.12/shutil.py", line 750, in onexc
    return onerror(func, path, exc_info)
           ^^^^^^^^^^^^^^^^^^^^^^^^^^^^^
  File "/opt/ohpc/pub/compiler/conda/latest/lib/python3.12/shutil.py", line 698, in _rmtree_safe_fd
    os.unlink(entry.name, dir_fd=topfd)
  File "/opt/ohpc/pub/compiler/conda/latest/lib/python3.12/multiprocessing/util.py", line 303, in _run_finalizers
    finalizer()
OSError: [Errno 16] Device or resource busy: '/tmp/pymp-ykgal5uu'
  File "/opt/ohpc/pub/compiler/conda/latest/lib/python3.12/multiprocessing/util.py", line 227, in __call__
    res = self._callback(*self._args, **self._kwargs)
          ^^^^^^^^^^^^^^^^^^^^^^^^^^^^^^^^^^^^^^^^^^^
  File "/opt/ohpc/pub/compiler/conda/latest/lib/python3.12/multiprocessing/util.py", line 136, in _remove_temp_dir
    rmtree(tempdir, onerror=onerror)
  File "/opt/ohpc/pub/compiler/conda/latest/lib/python3.12/shutil.py", line 759, in rmtree
    _rmtree_safe_fd(stack, onexc)
Traceback (most recent call last):
  File "/opt/ohpc/pub/compiler/conda/latest/lib/python3.12/shutil.py", line 703, in _rmtree_safe_fd
    onexc(func, path, err)
  File "/opt/ohpc/pub/compiler/conda/latest/lib/python3.12/shutil.py", line 750, in onexc
    return onerror(func, path, exc_info)
           ^^^^^^^^^^^^^^^^^^^^^^^^^^^^^
  File "/opt/ohpc/pub/compiler/conda/latest/lib/python3.12/shutil.py", line 700, in _rmtree_safe_fd
    onexc(os.unlink, fullname, err)
  File "/opt/ohpc/pub/compiler/conda/latest/lib/python3.12/shutil.py", line 750, in onexc
    return onerror(func, path, exc_info)
           ^^^^^^^^^^^^^^^^^^^^^^^^^^^^^
  File "/opt/ohpc/pub/compiler/conda/latest/lib/python3.12/shutil.py", line 698, in _rmtree_safe_fd
    os.unlink(entry.name, dir_fd=topfd)
OSError: [Errno 16] Device or resource busy: '/tmp/pymp-rfv9tbmi'
  File "/opt/ohpc/pub/compiler/conda/latest/lib/python3.12/multiprocessing/util.py", line 303, in _run_finalizers
    finalizer()
  File "/opt/ohpc/pub/compiler/conda/latest/lib/python3.12/multiprocessing/util.py", line 303, in _run_finalizers
    finalizer()
  File "/opt/ohpc/pub/compiler/conda/latest/lib/python3.12/multiprocessing/util.py", line 227, in __call__
    res = self._callback(*self._args, **self._kwargs)
          ^^^^^^^^^^^^^^^^^^^^^^^^^^^^^^^^^^^^^^^^^^^
  File "/opt/ohpc/pub/compiler/conda/latest/lib/python3.12/multiprocessing/util.py", line 303, in _run_finalizers
    finalizer()
  File "/opt/ohpc/pub/compiler/conda/latest/lib/python3.12/multiprocessing/util.py", line 227, in __call__
    res = self._callback(*self._args, **self._kwargs)
          ^^^^^^^^^^^^^^^^^^^^^^^^^^^^^^^^^^^^^^^^^^^
  File "/opt/ohpc/pub/compiler/conda/latest/lib/python3.12/multiprocessing/util.py", line 136, in _remove_temp_dir
    rmtree(tempdir, onerror=onerror)
  File "/opt/ohpc/pub/compiler/conda/latest/lib/python3.12/multiprocessing/util.py", line 136, in _remove_temp_dir
    rmtree(tempdir, onerror=onerror)
  File "/opt/ohpc/pub/compiler/conda/latest/lib/python3.12/shutil.py", line 759, in rmtree
    _rmtree_safe_fd(stack, onexc)
  File "/opt/ohpc/pub/compiler/conda/latest/lib/python3.12/shutil.py", line 759, in rmtree
    _rmtree_safe_fd(stack, onexc)
  File "/opt/ohpc/pub/compiler/conda/latest/lib/python3.12/multiprocessing/util.py", line 227, in __call__
    res = self._callback(*self._args, **self._kwargs)
          ^^^^^^^^^^^^^^^^^^^^^^^^^^^^^^^^^^^^^^^^^^^
  File "/opt/ohpc/pub/compiler/conda/latest/lib/python3.12/shutil.py", line 703, in _rmtree_safe_fd
    onexc(func, path, err)
  File "/opt/ohpc/pub/compiler/conda/latest/lib/python3.12/shutil.py", line 703, in _rmtree_safe_fd
    onexc(func, path, err)
  File "/opt/ohpc/pub/compiler/conda/latest/lib/python3.12/multiprocessing/util.py", line 136, in _remove_temp_dir
    rmtree(tempdir, onerror=onerror)
  File "/opt/ohpc/pub/compiler/conda/latest/lib/python3.12/shutil.py", line 750, in onexc
    return onerror(func, path, exc_info)
           ^^^^^^^^^^^^^^^^^^^^^^^^^^^^^
  File "/opt/ohpc/pub/compiler/conda/latest/lib/python3.12/shutil.py", line 750, in onexc
    return onerror(func, path, exc_info)
           ^^^^^^^^^^^^^^^^^^^^^^^^^^^^^
  File "/opt/ohpc/pub/compiler/conda/latest/lib/python3.12/shutil.py", line 759, in rmtree
    _rmtree_safe_fd(stack, onexc)
  File "/opt/ohpc/pub/compiler/conda/latest/lib/python3.12/shutil.py", line 700, in _rmtree_safe_fd
    onexc(os.unlink, fullname, err)
  File "/opt/ohpc/pub/compiler/conda/latest/lib/python3.12/shutil.py", line 700, in _rmtree_safe_fd
    onexc(os.unlink, fullname, err)
  File "/opt/ohpc/pub/compiler/conda/latest/lib/python3.12/shutil.py", line 703, in _rmtree_safe_fd
    onexc(func, path, err)
  File "/opt/ohpc/pub/compiler/conda/latest/lib/python3.12/shutil.py", line 750, in onexc
    return onerror(func, path, exc_info)
           ^^^^^^^^^^^^^^^^^^^^^^^^^^^^^
  File "/opt/ohpc/pub/compiler/conda/latest/lib/python3.12/shutil.py", line 750, in onexc
    return onerror(func, path, exc_info)
           ^^^^^^^^^^^^^^^^^^^^^^^^^^^^^
  File "/opt/ohpc/pub/compiler/conda/latest/lib/python3.12/shutil.py", line 750, in onexc
    return onerror(func, path, exc_info)
           ^^^^^^^^^^^^^^^^^^^^^^^^^^^^^
  File "/opt/ohpc/pub/compiler/conda/latest/lib/python3.12/shutil.py", line 698, in _rmtree_safe_fd
    os.unlink(entry.name, dir_fd=topfd)
  File "/opt/ohpc/pub/compiler/conda/latest/lib/python3.12/shutil.py", line 698, in _rmtree_safe_fd
    os.unlink(entry.name, dir_fd=topfd)
  File "/opt/ohpc/pub/compiler/conda/latest/lib/python3.12/shutil.py", line 700, in _rmtree_safe_fd
    onexc(os.unlink, fullname, err)
  File "/opt/ohpc/pub/compiler/conda/latest/lib/python3.12/shutil.py", line 750, in onexc
    return onerror(func, path, exc_info)
           ^^^^^^^^^^^^^^^^^^^^^^^^^^^^^
  File "/opt/ohpc/pub/compiler/conda/latest/lib/python3.12/shutil.py", line 698, in _rmtree_safe_fd
    os.unlink(entry.name, dir_fd=topfd)
  File "/opt/ohpc/pub/compiler/conda/latest/lib/python3.12/multiprocessing/util.py", line 303, in _run_finalizers
    finalizer()
OSError: [Errno 16] Device or resource busy: '/tmp/pymp-sd5owmy3'
OSError: [Errno 16] Device or resource busy: '/tmp/pymp-ztsqw79x'
  File "/opt/ohpc/pub/compiler/conda/latest/lib/python3.12/multiprocessing/util.py", line 303, in _run_finalizers
    finalizer()
  File "/opt/ohpc/pub/compiler/conda/latest/lib/python3.12/multiprocessing/util.py", line 227, in __call__
    res = self._callback(*self._args, **self._kwargs)
          ^^^^^^^^^^^^^^^^^^^^^^^^^^^^^^^^^^^^^^^^^^^
OSError: [Errno 16] Device or resource busy: '/tmp/pymp-niiqm0nl'
  File "/opt/ohpc/pub/compiler/conda/latest/lib/python3.12/multiprocessing/util.py", line 136, in _remove_temp_dir
    rmtree(tempdir, onerror=onerror)
  File "/opt/ohpc/pub/compiler/conda/latest/lib/python3.12/multiprocessing/util.py", line 227, in __call__
    res = self._callback(*self._args, **self._kwargs)
          ^^^^^^^^^^^^^^^^^^^^^^^^^^^^^^^^^^^^^^^^^^^
  File "/opt/ohpc/pub/compiler/conda/latest/lib/python3.12/shutil.py", line 759, in rmtree
    _rmtree_safe_fd(stack, onexc)
  File "/opt/ohpc/pub/compiler/conda/latest/lib/python3.12/shutil.py", line 703, in _rmtree_safe_fd
    onexc(func, path, err)
  File "/opt/ohpc/pub/compiler/conda/latest/lib/python3.12/multiprocessing/util.py", line 136, in _remove_temp_dir
    rmtree(tempdir, onerror=onerror)
  File "/opt/ohpc/pub/compiler/conda/latest/lib/python3.12/shutil.py", line 750, in onexc
    return onerror(func, path, exc_info)
           ^^^^^^^^^^^^^^^^^^^^^^^^^^^^^
  File "/opt/ohpc/pub/compiler/conda/latest/lib/python3.12/shutil.py", line 759, in rmtree
    _rmtree_safe_fd(stack, onexc)
  File "/opt/ohpc/pub/compiler/conda/latest/lib/python3.12/shutil.py", line 700, in _rmtree_safe_fd
    onexc(os.unlink, fullname, err)
  File "/opt/ohpc/pub/compiler/conda/latest/lib/python3.12/shutil.py", line 703, in _rmtree_safe_fd
    onexc(func, path, err)
  File "/opt/ohpc/pub/compiler/conda/latest/lib/python3.12/shutil.py", line 750, in onexc
    return onerror(func, path, exc_info)
           ^^^^^^^^^^^^^^^^^^^^^^^^^^^^^
  File "/opt/ohpc/pub/compiler/conda/latest/lib/python3.12/shutil.py", line 750, in onexc
    return onerror(func, path, exc_info)
           ^^^^^^^^^^^^^^^^^^^^^^^^^^^^^
  File "/opt/ohpc/pub/compiler/conda/latest/lib/python3.12/shutil.py", line 698, in _rmtree_safe_fd
    os.unlink(entry.name, dir_fd=topfd)
  File "/opt/ohpc/pub/compiler/conda/latest/lib/python3.12/shutil.py", line 700, in _rmtree_safe_fd
    onexc(os.unlink, fullname, err)
  File "/opt/ohpc/pub/compiler/conda/latest/lib/python3.12/shutil.py", line 750, in onexc
    return onerror(func, path, exc_info)
           ^^^^^^^^^^^^^^^^^^^^^^^^^^^^^
  File "/opt/ohpc/pub/compiler/conda/latest/lib/python3.12/shutil.py", line 698, in _rmtree_safe_fd
    os.unlink(entry.name, dir_fd=topfd)
OSError: [Errno 16] Device or resource busy: '/tmp/pymp-s_7d56qj'
OSError: [Errno 16] Device or resource busy: '/tmp/pymp-q4kylc61'
Traceback (most recent call last):
Traceback (most recent call last):
  File "/opt/ohpc/pub/compiler/conda/latest/lib/python3.12/multiprocessing/util.py", line 303, in _run_finalizers
    finalizer()
  File "/opt/ohpc/pub/compiler/conda/latest/lib/python3.12/multiprocessing/util.py", line 227, in __call__
    res = self._callback(*self._args, **self._kwargs)
          ^^^^^^^^^^^^^^^^^^^^^^^^^^^^^^^^^^^^^^^^^^^
  File "/opt/ohpc/pub/compiler/conda/latest/lib/python3.12/multiprocessing/util.py", line 136, in _remove_temp_dir
    rmtree(tempdir, onerror=onerror)
  File "/opt/ohpc/pub/compiler/conda/latest/lib/python3.12/shutil.py", line 759, in rmtree
    _rmtree_safe_fd(stack, onexc)
  File "/opt/ohpc/pub/compiler/conda/latest/lib/python3.12/shutil.py", line 703, in _rmtree_safe_fd
    onexc(func, path, err)
  File "/opt/ohpc/pub/compiler/conda/latest/lib/python3.12/shutil.py", line 750, in onexc
    return onerror(func, path, exc_info)
           ^^^^^^^^^^^^^^^^^^^^^^^^^^^^^
  File "/opt/ohpc/pub/compiler/conda/latest/lib/python3.12/shutil.py", line 700, in _rmtree_safe_fd
    onexc(os.unlink, fullname, err)
  File "/opt/ohpc/pub/compiler/conda/latest/lib/python3.12/shutil.py", line 750, in onexc
    return onerror(func, path, exc_info)
           ^^^^^^^^^^^^^^^^^^^^^^^^^^^^^
  File "/opt/ohpc/pub/compiler/conda/latest/lib/python3.12/shutil.py", line 698, in _rmtree_safe_fd
    os.unlink(entry.name, dir_fd=topfd)
OSError: [Errno 16] Device or resource busy: '/tmp/pymp-skq9rxsc'
  File "/opt/ohpc/pub/compiler/conda/latest/lib/python3.12/multiprocessing/util.py", line 303, in _run_finalizers
    finalizer()
  File "/opt/ohpc/pub/compiler/conda/latest/lib/python3.12/multiprocessing/util.py", line 227, in __call__
    res = self._callback(*self._args, **self._kwargs)
          ^^^^^^^^^^^^^^^^^^^^^^^^^^^^^^^^^^^^^^^^^^^
  File "/opt/ohpc/pub/compiler/conda/latest/lib/python3.12/multiprocessing/util.py", line 136, in _remove_temp_dir
    rmtree(tempdir, onerror=onerror)
  File "/opt/ohpc/pub/compiler/conda/latest/lib/python3.12/multiprocessing/util.py", line 303, in _run_finalizers
    finalizer()
  File "/opt/ohpc/pub/compiler/conda/latest/lib/python3.12/shutil.py", line 759, in rmtree
    _rmtree_safe_fd(stack, onexc)
  File "/opt/ohpc/pub/compiler/conda/latest/lib/python3.12/shutil.py", line 703, in _rmtree_safe_fd
    onexc(func, path, err)
  File "/opt/ohpc/pub/compiler/conda/latest/lib/python3.12/shutil.py", line 750, in onexc
    return onerror(func, path, exc_info)
           ^^^^^^^^^^^^^^^^^^^^^^^^^^^^^
  File "/opt/ohpc/pub/compiler/conda/latest/lib/python3.12/shutil.py", line 700, in _rmtree_safe_fd
    onexc(os.unlink, fullname, err)
  File "/opt/ohpc/pub/compiler/conda/latest/lib/python3.12/shutil.py", line 750, in onexc
    return onerror(func, path, exc_info)
           ^^^^^^^^^^^^^^^^^^^^^^^^^^^^^
  File "/opt/ohpc/pub/compiler/conda/latest/lib/python3.12/shutil.py", line 698, in _rmtree_safe_fd
    os.unlink(entry.name, dir_fd=topfd)
  File "/opt/ohpc/pub/compiler/conda/latest/lib/python3.12/multiprocessing/util.py", line 227, in __call__
    res = self._callback(*self._args, **self._kwargs)
          ^^^^^^^^^^^^^^^^^^^^^^^^^^^^^^^^^^^^^^^^^^^
  File "/opt/ohpc/pub/compiler/conda/latest/lib/python3.12/multiprocessing/util.py", line 136, in _remove_temp_dir
    rmtree(tempdir, onerror=onerror)
  File "/opt/ohpc/pub/compiler/conda/latest/lib/python3.12/shutil.py", line 759, in rmtree
    _rmtree_safe_fd(stack, onexc)
  File "/opt/ohpc/pub/compiler/conda/latest/lib/python3.12/shutil.py", line 703, in _rmtree_safe_fd
    onexc(func, path, err)
  File "/opt/ohpc/pub/compiler/conda/latest/lib/python3.12/shutil.py", line 750, in onexc
    return onerror(func, path, exc_info)
           ^^^^^^^^^^^^^^^^^^^^^^^^^^^^^
  File "/opt/ohpc/pub/compiler/conda/latest/lib/python3.12/shutil.py", line 700, in _rmtree_safe_fd
    onexc(os.unlink, fullname, err)
OSError: [Errno 16] Device or resource busy: '/tmp/pymp-xm1w6bfa'
  File "/opt/ohpc/pub/compiler/conda/latest/lib/python3.12/shutil.py", line 750, in onexc
    return onerror(func, path, exc_info)
           ^^^^^^^^^^^^^^^^^^^^^^^^^^^^^
  File "/opt/ohpc/pub/compiler/conda/latest/lib/python3.12/shutil.py", line 698, in _rmtree_safe_fd
    os.unlink(entry.name, dir_fd=topfd)
OSError: [Errno 16] Device or resource busy: '/tmp/pymp-9_u_ygzu'
Traceback (most recent call last):
  File "/opt/ohpc/pub/compiler/conda/latest/lib/python3.12/multiprocessing/util.py", line 303, in _run_finalizers
    finalizer()
  File "/opt/ohpc/pub/compiler/conda/latest/lib/python3.12/multiprocessing/util.py", line 227, in __call__
    res = self._callback(*self._args, **self._kwargs)
          ^^^^^^^^^^^^^^^^^^^^^^^^^^^^^^^^^^^^^^^^^^^
  File "/opt/ohpc/pub/compiler/conda/latest/lib/python3.12/multiprocessing/util.py", line 136, in _remove_temp_dir
    rmtree(tempdir, onerror=onerror)
  File "/opt/ohpc/pub/compiler/conda/latest/lib/python3.12/shutil.py", line 759, in rmtree
    _rmtree_safe_fd(stack, onexc)
  File "/opt/ohpc/pub/compiler/conda/latest/lib/python3.12/shutil.py", line 703, in _rmtree_safe_fd
    onexc(func, path, err)
  File "/opt/ohpc/pub/compiler/conda/latest/lib/python3.12/shutil.py", line 750, in onexc
    return onerror(func, path, exc_info)
           ^^^^^^^^^^^^^^^^^^^^^^^^^^^^^
  File "/opt/ohpc/pub/compiler/conda/latest/lib/python3.12/shutil.py", line 700, in _rmtree_safe_fd
    onexc(os.unlink, fullname, err)
  File "/opt/ohpc/pub/compiler/conda/latest/lib/python3.12/shutil.py", line 750, in onexc
    return onerror(func, path, exc_info)
           ^^^^^^^^^^^^^^^^^^^^^^^^^^^^^
  File "/opt/ohpc/pub/compiler/conda/latest/lib/python3.12/shutil.py", line 698, in _rmtree_safe_fd
    os.unlink(entry.name, dir_fd=topfd)
Traceback (most recent call last):
OSError: [Errno 16] Device or resource busy: '/tmp/pymp-re7ix30v'
  File "/opt/ohpc/pub/compiler/conda/latest/lib/python3.12/multiprocessing/util.py", line 303, in _run_finalizers
    finalizer()
  File "/opt/ohpc/pub/compiler/conda/latest/lib/python3.12/multiprocessing/util.py", line 227, in __call__
    res = self._callback(*self._args, **self._kwargs)
          ^^^^^^^^^^^^^^^^^^^^^^^^^^^^^^^^^^^^^^^^^^^
  File "/opt/ohpc/pub/compiler/conda/latest/lib/python3.12/multiprocessing/util.py", line 136, in _remove_temp_dir
    rmtree(tempdir, onerror=onerror)
  File "/opt/ohpc/pub/compiler/conda/latest/lib/python3.12/shutil.py", line 759, in rmtree
    _rmtree_safe_fd(stack, onexc)
  File "/opt/ohpc/pub/compiler/conda/latest/lib/python3.12/shutil.py", line 703, in _rmtree_safe_fd
    onexc(func, path, err)
  File "/opt/ohpc/pub/compiler/conda/latest/lib/python3.12/shutil.py", line 750, in onexc
    return onerror(func, path, exc_info)
           ^^^^^^^^^^^^^^^^^^^^^^^^^^^^^
  File "/opt/ohpc/pub/compiler/conda/latest/lib/python3.12/shutil.py", line 700, in _rmtree_safe_fd
    onexc(os.unlink, fullname, err)
  File "/opt/ohpc/pub/compiler/conda/latest/lib/python3.12/shutil.py", line 750, in onexc
    return onerror(func, path, exc_info)
           ^^^^^^^^^^^^^^^^^^^^^^^^^^^^^
  File "/opt/ohpc/pub/compiler/conda/latest/lib/python3.12/shutil.py", line 698, in _rmtree_safe_fd
    os.unlink(entry.name, dir_fd=topfd)
OSError: [Errno 16] Device or resource busy: '/tmp/pymp-qb0woce6'
Traceback (most recent call last):
Traceback (most recent call last):
Traceback (most recent call last):
Traceback (most recent call last):
Traceback (most recent call last):
Traceback (most recent call last):
Traceback (most recent call last):
  File "/opt/ohpc/pub/compiler/conda/latest/lib/python3.12/multiprocessing/util.py", line 303, in _run_finalizers
    finalizer()
  File "/opt/ohpc/pub/compiler/conda/latest/lib/python3.12/multiprocessing/util.py", line 227, in __call__
    res = self._callback(*self._args, **self._kwargs)
          ^^^^^^^^^^^^^^^^^^^^^^^^^^^^^^^^^^^^^^^^^^^
  File "/opt/ohpc/pub/compiler/conda/latest/lib/python3.12/multiprocessing/util.py", line 136, in _remove_temp_dir
    rmtree(tempdir, onerror=onerror)
  File "/opt/ohpc/pub/compiler/conda/latest/lib/python3.12/multiprocessing/util.py", line 303, in _run_finalizers
    finalizer()
  File "/opt/ohpc/pub/compiler/conda/latest/lib/python3.12/shutil.py", line 759, in rmtree
    _rmtree_safe_fd(stack, onexc)
  File "/opt/ohpc/pub/compiler/conda/latest/lib/python3.12/multiprocessing/util.py", line 303, in _run_finalizers
    finalizer()
  File "/opt/ohpc/pub/compiler/conda/latest/lib/python3.12/shutil.py", line 703, in _rmtree_safe_fd
    onexc(func, path, err)
  File "/opt/ohpc/pub/compiler/conda/latest/lib/python3.12/shutil.py", line 750, in onexc
    return onerror(func, path, exc_info)
           ^^^^^^^^^^^^^^^^^^^^^^^^^^^^^
  File "/opt/ohpc/pub/compiler/conda/latest/lib/python3.12/multiprocessing/util.py", line 227, in __call__
    res = self._callback(*self._args, **self._kwargs)
          ^^^^^^^^^^^^^^^^^^^^^^^^^^^^^^^^^^^^^^^^^^^
  File "/opt/ohpc/pub/compiler/conda/latest/lib/python3.12/shutil.py", line 700, in _rmtree_safe_fd
    onexc(os.unlink, fullname, err)
  File "/opt/ohpc/pub/compiler/conda/latest/lib/python3.12/multiprocessing/util.py", line 136, in _remove_temp_dir
    rmtree(tempdir, onerror=onerror)
  File "/opt/ohpc/pub/compiler/conda/latest/lib/python3.12/shutil.py", line 750, in onexc
    return onerror(func, path, exc_info)
           ^^^^^^^^^^^^^^^^^^^^^^^^^^^^^
  File "/opt/ohpc/pub/compiler/conda/latest/lib/python3.12/shutil.py", line 759, in rmtree
    _rmtree_safe_fd(stack, onexc)
  File "/opt/ohpc/pub/compiler/conda/latest/lib/python3.12/shutil.py", line 698, in _rmtree_safe_fd
    os.unlink(entry.name, dir_fd=topfd)
  File "/opt/ohpc/pub/compiler/conda/latest/lib/python3.12/multiprocessing/util.py", line 227, in __call__
    res = self._callback(*self._args, **self._kwargs)
          ^^^^^^^^^^^^^^^^^^^^^^^^^^^^^^^^^^^^^^^^^^^
  File "/opt/ohpc/pub/compiler/conda/latest/lib/python3.12/shutil.py", line 703, in _rmtree_safe_fd
    onexc(func, path, err)
  File "/opt/ohpc/pub/compiler/conda/latest/lib/python3.12/multiprocessing/util.py", line 136, in _remove_temp_dir
    rmtree(tempdir, onerror=onerror)
  File "/opt/ohpc/pub/compiler/conda/latest/lib/python3.12/shutil.py", line 750, in onexc
    return onerror(func, path, exc_info)
           ^^^^^^^^^^^^^^^^^^^^^^^^^^^^^
  File "/opt/ohpc/pub/compiler/conda/latest/lib/python3.12/shutil.py", line 759, in rmtree
    _rmtree_safe_fd(stack, onexc)
  File "/opt/ohpc/pub/compiler/conda/latest/lib/python3.12/shutil.py", line 700, in _rmtree_safe_fd
    onexc(os.unlink, fullname, err)
  File "/opt/ohpc/pub/compiler/conda/latest/lib/python3.12/shutil.py", line 703, in _rmtree_safe_fd
    onexc(func, path, err)
  File "/opt/ohpc/pub/compiler/conda/latest/lib/python3.12/shutil.py", line 750, in onexc
    return onerror(func, path, exc_info)
           ^^^^^^^^^^^^^^^^^^^^^^^^^^^^^
  File "/opt/ohpc/pub/compiler/conda/latest/lib/python3.12/shutil.py", line 750, in onexc
    return onerror(func, path, exc_info)
           ^^^^^^^^^^^^^^^^^^^^^^^^^^^^^
OSError: [Errno 16] Device or resource busy: '/tmp/pymp-lrda5tva'
  File "/opt/ohpc/pub/compiler/conda/latest/lib/python3.12/shutil.py", line 698, in _rmtree_safe_fd
    os.unlink(entry.name, dir_fd=topfd)
  File "/opt/ohpc/pub/compiler/conda/latest/lib/python3.12/shutil.py", line 700, in _rmtree_safe_fd
    onexc(os.unlink, fullname, err)
  File "/opt/ohpc/pub/compiler/conda/latest/lib/python3.12/shutil.py", line 750, in onexc
    return onerror(func, path, exc_info)
           ^^^^^^^^^^^^^^^^^^^^^^^^^^^^^
  File "/opt/ohpc/pub/compiler/conda/latest/lib/python3.12/shutil.py", line 698, in _rmtree_safe_fd
    os.unlink(entry.name, dir_fd=topfd)
  File "/opt/ohpc/pub/compiler/conda/latest/lib/python3.12/multiprocessing/util.py", line 303, in _run_finalizers
    finalizer()
OSError: [Errno 16] Device or resource busy: '/tmp/pymp-ekat_b_w'
  File "/opt/ohpc/pub/compiler/conda/latest/lib/python3.12/multiprocessing/util.py", line 227, in __call__
    res = self._callback(*self._args, **self._kwargs)
          ^^^^^^^^^^^^^^^^^^^^^^^^^^^^^^^^^^^^^^^^^^^
OSError: [Errno 16] Device or resource busy: '/tmp/pymp-70hqkkb0'
  File "/opt/ohpc/pub/compiler/conda/latest/lib/python3.12/multiprocessing/util.py", line 136, in _remove_temp_dir
    rmtree(tempdir, onerror=onerror)
  File "/opt/ohpc/pub/compiler/conda/latest/lib/python3.12/shutil.py", line 759, in rmtree
    _rmtree_safe_fd(stack, onexc)
  File "/opt/ohpc/pub/compiler/conda/latest/lib/python3.12/shutil.py", line 703, in _rmtree_safe_fd
    onexc(func, path, err)
  File "/opt/ohpc/pub/compiler/conda/latest/lib/python3.12/shutil.py", line 750, in onexc
    return onerror(func, path, exc_info)
           ^^^^^^^^^^^^^^^^^^^^^^^^^^^^^
  File "/opt/ohpc/pub/compiler/conda/latest/lib/python3.12/shutil.py", line 700, in _rmtree_safe_fd
    onexc(os.unlink, fullname, err)
  File "/opt/ohpc/pub/compiler/conda/latest/lib/python3.12/shutil.py", line 750, in onexc
    return onerror(func, path, exc_info)
           ^^^^^^^^^^^^^^^^^^^^^^^^^^^^^
  File "/opt/ohpc/pub/compiler/conda/latest/lib/python3.12/multiprocessing/util.py", line 303, in _run_finalizers
    finalizer()
  File "/opt/ohpc/pub/compiler/conda/latest/lib/python3.12/shutil.py", line 698, in _rmtree_safe_fd
    os.unlink(entry.name, dir_fd=topfd)
  File "/opt/ohpc/pub/compiler/conda/latest/lib/python3.12/multiprocessing/util.py", line 227, in __call__
    res = self._callback(*self._args, **self._kwargs)
          ^^^^^^^^^^^^^^^^^^^^^^^^^^^^^^^^^^^^^^^^^^^
  File "/opt/ohpc/pub/compiler/conda/latest/lib/python3.12/multiprocessing/util.py", line 136, in _remove_temp_dir
    rmtree(tempdir, onerror=onerror)
  File "/opt/ohpc/pub/compiler/conda/latest/lib/python3.12/shutil.py", line 759, in rmtree
    _rmtree_safe_fd(stack, onexc)
OSError: [Errno 16] Device or resource busy: '/tmp/pymp-h7o1iydn'
  File "/opt/ohpc/pub/compiler/conda/latest/lib/python3.12/shutil.py", line 703, in _rmtree_safe_fd
    onexc(func, path, err)
  File "/opt/ohpc/pub/compiler/conda/latest/lib/python3.12/shutil.py", line 750, in onexc
    return onerror(func, path, exc_info)
           ^^^^^^^^^^^^^^^^^^^^^^^^^^^^^
  File "/opt/ohpc/pub/compiler/conda/latest/lib/python3.12/shutil.py", line 700, in _rmtree_safe_fd
    onexc(os.unlink, fullname, err)
  File "/opt/ohpc/pub/compiler/conda/latest/lib/python3.12/shutil.py", line 750, in onexc
    return onerror(func, path, exc_info)
           ^^^^^^^^^^^^^^^^^^^^^^^^^^^^^
  File "/opt/ohpc/pub/compiler/conda/latest/lib/python3.12/shutil.py", line 698, in _rmtree_safe_fd
    os.unlink(entry.name, dir_fd=topfd)
OSError: [Errno 16] Device or resource busy: '/tmp/pymp-4wn5o4z0'
  File "/opt/ohpc/pub/compiler/conda/latest/lib/python3.12/multiprocessing/util.py", line 303, in _run_finalizers
    finalizer()
  File "/opt/ohpc/pub/compiler/conda/latest/lib/python3.12/multiprocessing/util.py", line 227, in __call__
    res = self._callback(*self._args, **self._kwargs)
          ^^^^^^^^^^^^^^^^^^^^^^^^^^^^^^^^^^^^^^^^^^^
  File "/opt/ohpc/pub/compiler/conda/latest/lib/python3.12/multiprocessing/util.py", line 136, in _remove_temp_dir
    rmtree(tempdir, onerror=onerror)
  File "/opt/ohpc/pub/compiler/conda/latest/lib/python3.12/shutil.py", line 759, in rmtree
    _rmtree_safe_fd(stack, onexc)
  File "/opt/ohpc/pub/compiler/conda/latest/lib/python3.12/shutil.py", line 703, in _rmtree_safe_fd
    onexc(func, path, err)
  File "/opt/ohpc/pub/compiler/conda/latest/lib/python3.12/shutil.py", line 750, in onexc
    return onerror(func, path, exc_info)
           ^^^^^^^^^^^^^^^^^^^^^^^^^^^^^
  File "/opt/ohpc/pub/compiler/conda/latest/lib/python3.12/shutil.py", line 700, in _rmtree_safe_fd
    onexc(os.unlink, fullname, err)
  File "/opt/ohpc/pub/compiler/conda/latest/lib/python3.12/shutil.py", line 750, in onexc
    return onerror(func, path, exc_info)
           ^^^^^^^^^^^^^^^^^^^^^^^^^^^^^
  File "/opt/ohpc/pub/compiler/conda/latest/lib/python3.12/multiprocessing/util.py", line 303, in _run_finalizers
    finalizer()
  File "/opt/ohpc/pub/compiler/conda/latest/lib/python3.12/shutil.py", line 698, in _rmtree_safe_fd
    os.unlink(entry.name, dir_fd=topfd)
  File "/opt/ohpc/pub/compiler/conda/latest/lib/python3.12/multiprocessing/util.py", line 227, in __call__
    res = self._callback(*self._args, **self._kwargs)
          ^^^^^^^^^^^^^^^^^^^^^^^^^^^^^^^^^^^^^^^^^^^
OSError: [Errno 16] Device or resource busy: '/tmp/pymp-g50kyvia'
  File "/opt/ohpc/pub/compiler/conda/latest/lib/python3.12/multiprocessing/util.py", line 136, in _remove_temp_dir
    rmtree(tempdir, onerror=onerror)
  File "/opt/ohpc/pub/compiler/conda/latest/lib/python3.12/shutil.py", line 759, in rmtree
    _rmtree_safe_fd(stack, onexc)
  File "/opt/ohpc/pub/compiler/conda/latest/lib/python3.12/shutil.py", line 703, in _rmtree_safe_fd
    onexc(func, path, err)
  File "/opt/ohpc/pub/compiler/conda/latest/lib/python3.12/shutil.py", line 750, in onexc
    return onerror(func, path, exc_info)
           ^^^^^^^^^^^^^^^^^^^^^^^^^^^^^
  File "/opt/ohpc/pub/compiler/conda/latest/lib/python3.12/shutil.py", line 700, in _rmtree_safe_fd
    onexc(os.unlink, fullname, err)
  File "/opt/ohpc/pub/compiler/conda/latest/lib/python3.12/shutil.py", line 750, in onexc
    return onerror(func, path, exc_info)
           ^^^^^^^^^^^^^^^^^^^^^^^^^^^^^
  File "/opt/ohpc/pub/compiler/conda/latest/lib/python3.12/shutil.py", line 698, in _rmtree_safe_fd
    os.unlink(entry.name, dir_fd=topfd)
OSError: [Errno 16] Device or resource busy: '/tmp/pymp-egk3zt2x'
Traceback (most recent call last):
  File "/opt/ohpc/pub/compiler/conda/latest/lib/python3.12/multiprocessing/util.py", line 303, in _run_finalizers
    finalizer()
  File "/opt/ohpc/pub/compiler/conda/latest/lib/python3.12/multiprocessing/util.py", line 227, in __call__
    res = self._callback(*self._args, **self._kwargs)
          ^^^^^^^^^^^^^^^^^^^^^^^^^^^^^^^^^^^^^^^^^^^
  File "/opt/ohpc/pub/compiler/conda/latest/lib/python3.12/multiprocessing/util.py", line 136, in _remove_temp_dir
    rmtree(tempdir, onerror=onerror)
  File "/opt/ohpc/pub/compiler/conda/latest/lib/python3.12/shutil.py", line 759, in rmtree
    _rmtree_safe_fd(stack, onexc)
  File "/opt/ohpc/pub/compiler/conda/latest/lib/python3.12/shutil.py", line 703, in _rmtree_safe_fd
    onexc(func, path, err)
  File "/opt/ohpc/pub/compiler/conda/latest/lib/python3.12/shutil.py", line 750, in onexc
    return onerror(func, path, exc_info)
           ^^^^^^^^^^^^^^^^^^^^^^^^^^^^^
  File "/opt/ohpc/pub/compiler/conda/latest/lib/python3.12/shutil.py", line 700, in _rmtree_safe_fd
    onexc(os.unlink, fullname, err)
  File "/opt/ohpc/pub/compiler/conda/latest/lib/python3.12/shutil.py", line 750, in onexc
    return onerror(func, path, exc_info)
           ^^^^^^^^^^^^^^^^^^^^^^^^^^^^^
  File "/opt/ohpc/pub/compiler/conda/latest/lib/python3.12/shutil.py", line 698, in _rmtree_safe_fd
    os.unlink(entry.name, dir_fd=topfd)
OSError: [Errno 16] Device or resource busy: '/tmp/pymp-61vjfc7q'
Traceback (most recent call last):
Traceback (most recent call last):
Traceback (most recent call last):
Traceback (most recent call last):
Traceback (most recent call last):
Traceback (most recent call last):
Traceback (most recent call last):
Traceback (most recent call last):
Traceback (most recent call last):
Traceback (most recent call last):
  File "/opt/ohpc/pub/compiler/conda/latest/lib/python3.12/multiprocessing/util.py", line 303, in _run_finalizers
    finalizer()
  File "/opt/ohpc/pub/compiler/conda/latest/lib/python3.12/multiprocessing/util.py", line 227, in __call__
    res = self._callback(*self._args, **self._kwargs)
          ^^^^^^^^^^^^^^^^^^^^^^^^^^^^^^^^^^^^^^^^^^^
  File "/opt/ohpc/pub/compiler/conda/latest/lib/python3.12/multiprocessing/util.py", line 136, in _remove_temp_dir
    rmtree(tempdir, onerror=onerror)
  File "/opt/ohpc/pub/compiler/conda/latest/lib/python3.12/shutil.py", line 759, in rmtree
    _rmtree_safe_fd(stack, onexc)
  File "/opt/ohpc/pub/compiler/conda/latest/lib/python3.12/shutil.py", line 703, in _rmtree_safe_fd
    onexc(func, path, err)
  File "/opt/ohpc/pub/compiler/conda/latest/lib/python3.12/shutil.py", line 750, in onexc
    return onerror(func, path, exc_info)
           ^^^^^^^^^^^^^^^^^^^^^^^^^^^^^
  File "/opt/ohpc/pub/compiler/conda/latest/lib/python3.12/shutil.py", line 700, in _rmtree_safe_fd
    onexc(os.unlink, fullname, err)
  File "/opt/ohpc/pub/compiler/conda/latest/lib/python3.12/shutil.py", line 750, in onexc
    return onerror(func, path, exc_info)
           ^^^^^^^^^^^^^^^^^^^^^^^^^^^^^
  File "/opt/ohpc/pub/compiler/conda/latest/lib/python3.12/shutil.py", line 698, in _rmtree_safe_fd
    os.unlink(entry.name, dir_fd=topfd)
  File "/opt/ohpc/pub/compiler/conda/latest/lib/python3.12/multiprocessing/util.py", line 303, in _run_finalizers
    finalizer()
  File "/opt/ohpc/pub/compiler/conda/latest/lib/python3.12/multiprocessing/util.py", line 227, in __call__
    res = self._callback(*self._args, **self._kwargs)
          ^^^^^^^^^^^^^^^^^^^^^^^^^^^^^^^^^^^^^^^^^^^
  File "/opt/ohpc/pub/compiler/conda/latest/lib/python3.12/multiprocessing/util.py", line 136, in _remove_temp_dir
    rmtree(tempdir, onerror=onerror)
OSError: [Errno 16] Device or resource busy: '/tmp/pymp-mv011_h2'
  File "/opt/ohpc/pub/compiler/conda/latest/lib/python3.12/shutil.py", line 759, in rmtree
    _rmtree_safe_fd(stack, onexc)
  File "/opt/ohpc/pub/compiler/conda/latest/lib/python3.12/shutil.py", line 703, in _rmtree_safe_fd
    onexc(func, path, err)
  File "/opt/ohpc/pub/compiler/conda/latest/lib/python3.12/shutil.py", line 750, in onexc
    return onerror(func, path, exc_info)
           ^^^^^^^^^^^^^^^^^^^^^^^^^^^^^
  File "/opt/ohpc/pub/compiler/conda/latest/lib/python3.12/shutil.py", line 700, in _rmtree_safe_fd
    onexc(os.unlink, fullname, err)
  File "/opt/ohpc/pub/compiler/conda/latest/lib/python3.12/shutil.py", line 750, in onexc
    return onerror(func, path, exc_info)
           ^^^^^^^^^^^^^^^^^^^^^^^^^^^^^
  File "/opt/ohpc/pub/compiler/conda/latest/lib/python3.12/shutil.py", line 698, in _rmtree_safe_fd
    os.unlink(entry.name, dir_fd=topfd)
OSError: [Errno 16] Device or resource busy: '/tmp/pymp-v1gdx5wl'
  File "/opt/ohpc/pub/compiler/conda/latest/lib/python3.12/multiprocessing/util.py", line 303, in _run_finalizers
    finalizer()
  File "/opt/ohpc/pub/compiler/conda/latest/lib/python3.12/multiprocessing/util.py", line 303, in _run_finalizers
    finalizer()
  File "/opt/ohpc/pub/compiler/conda/latest/lib/python3.12/multiprocessing/util.py", line 227, in __call__
    res = self._callback(*self._args, **self._kwargs)
          ^^^^^^^^^^^^^^^^^^^^^^^^^^^^^^^^^^^^^^^^^^^
  File "/opt/ohpc/pub/compiler/conda/latest/lib/python3.12/multiprocessing/util.py", line 227, in __call__
    res = self._callback(*self._args, **self._kwargs)
          ^^^^^^^^^^^^^^^^^^^^^^^^^^^^^^^^^^^^^^^^^^^
  File "/opt/ohpc/pub/compiler/conda/latest/lib/python3.12/multiprocessing/util.py", line 136, in _remove_temp_dir
    rmtree(tempdir, onerror=onerror)
  File "/opt/ohpc/pub/compiler/conda/latest/lib/python3.12/multiprocessing/util.py", line 303, in _run_finalizers
    finalizer()
  File "/opt/ohpc/pub/compiler/conda/latest/lib/python3.12/multiprocessing/util.py", line 136, in _remove_temp_dir
    rmtree(tempdir, onerror=onerror)
  File "/opt/ohpc/pub/compiler/conda/latest/lib/python3.12/shutil.py", line 759, in rmtree
    _rmtree_safe_fd(stack, onexc)
  File "/opt/ohpc/pub/compiler/conda/latest/lib/python3.12/shutil.py", line 759, in rmtree
    _rmtree_safe_fd(stack, onexc)
  File "/opt/ohpc/pub/compiler/conda/latest/lib/python3.12/shutil.py", line 703, in _rmtree_safe_fd
    onexc(func, path, err)
  File "/opt/ohpc/pub/compiler/conda/latest/lib/python3.12/multiprocessing/util.py", line 227, in __call__
    res = self._callback(*self._args, **self._kwargs)
          ^^^^^^^^^^^^^^^^^^^^^^^^^^^^^^^^^^^^^^^^^^^
  File "/opt/ohpc/pub/compiler/conda/latest/lib/python3.12/shutil.py", line 703, in _rmtree_safe_fd
    onexc(func, path, err)
  File "/opt/ohpc/pub/compiler/conda/latest/lib/python3.12/shutil.py", line 750, in onexc
    return onerror(func, path, exc_info)
           ^^^^^^^^^^^^^^^^^^^^^^^^^^^^^
  File "/opt/ohpc/pub/compiler/conda/latest/lib/python3.12/multiprocessing/util.py", line 136, in _remove_temp_dir
    rmtree(tempdir, onerror=onerror)
  File "/opt/ohpc/pub/compiler/conda/latest/lib/python3.12/shutil.py", line 750, in onexc
    return onerror(func, path, exc_info)
           ^^^^^^^^^^^^^^^^^^^^^^^^^^^^^
  File "/opt/ohpc/pub/compiler/conda/latest/lib/python3.12/shutil.py", line 700, in _rmtree_safe_fd
    onexc(os.unlink, fullname, err)
  File "/opt/ohpc/pub/compiler/conda/latest/lib/python3.12/shutil.py", line 759, in rmtree
    _rmtree_safe_fd(stack, onexc)
  File "/opt/ohpc/pub/compiler/conda/latest/lib/python3.12/shutil.py", line 750, in onexc
    return onerror(func, path, exc_info)
           ^^^^^^^^^^^^^^^^^^^^^^^^^^^^^
  File "/opt/ohpc/pub/compiler/conda/latest/lib/python3.12/shutil.py", line 700, in _rmtree_safe_fd
    onexc(os.unlink, fullname, err)
  File "/opt/ohpc/pub/compiler/conda/latest/lib/python3.12/shutil.py", line 703, in _rmtree_safe_fd
    onexc(func, path, err)
  File "/opt/ohpc/pub/compiler/conda/latest/lib/python3.12/shutil.py", line 698, in _rmtree_safe_fd
    os.unlink(entry.name, dir_fd=topfd)
  File "/opt/ohpc/pub/compiler/conda/latest/lib/python3.12/shutil.py", line 750, in onexc
    return onerror(func, path, exc_info)
           ^^^^^^^^^^^^^^^^^^^^^^^^^^^^^
  File "/opt/ohpc/pub/compiler/conda/latest/lib/python3.12/shutil.py", line 750, in onexc
    return onerror(func, path, exc_info)
           ^^^^^^^^^^^^^^^^^^^^^^^^^^^^^
  File "/opt/ohpc/pub/compiler/conda/latest/lib/python3.12/shutil.py", line 698, in _rmtree_safe_fd
    os.unlink(entry.name, dir_fd=topfd)
  File "/opt/ohpc/pub/compiler/conda/latest/lib/python3.12/shutil.py", line 700, in _rmtree_safe_fd
    onexc(os.unlink, fullname, err)
  File "/opt/ohpc/pub/compiler/conda/latest/lib/python3.12/shutil.py", line 750, in onexc
    return onerror(func, path, exc_info)
           ^^^^^^^^^^^^^^^^^^^^^^^^^^^^^
  File "/opt/ohpc/pub/compiler/conda/latest/lib/python3.12/shutil.py", line 698, in _rmtree_safe_fd
    os.unlink(entry.name, dir_fd=topfd)
OSError: [Errno 16] Device or resource busy: '/tmp/pymp-xwqt95zq'
OSError: [Errno 16] Device or resource busy: '/tmp/pymp-pr7774_w'
OSError: [Errno 16] Device or resource busy: '/tmp/pymp-o_5y_59m'
  File "/opt/ohpc/pub/compiler/conda/latest/lib/python3.12/multiprocessing/util.py", line 303, in _run_finalizers
    finalizer()
  File "/opt/ohpc/pub/compiler/conda/latest/lib/python3.12/multiprocessing/util.py", line 227, in __call__
    res = self._callback(*self._args, **self._kwargs)
          ^^^^^^^^^^^^^^^^^^^^^^^^^^^^^^^^^^^^^^^^^^^
  File "/opt/ohpc/pub/compiler/conda/latest/lib/python3.12/multiprocessing/util.py", line 136, in _remove_temp_dir
    rmtree(tempdir, onerror=onerror)
  File "/opt/ohpc/pub/compiler/conda/latest/lib/python3.12/shutil.py", line 759, in rmtree
    _rmtree_safe_fd(stack, onexc)
  File "/opt/ohpc/pub/compiler/conda/latest/lib/python3.12/shutil.py", line 703, in _rmtree_safe_fd
    onexc(func, path, err)
  File "/opt/ohpc/pub/compiler/conda/latest/lib/python3.12/shutil.py", line 750, in onexc
    return onerror(func, path, exc_info)
           ^^^^^^^^^^^^^^^^^^^^^^^^^^^^^
  File "/opt/ohpc/pub/compiler/conda/latest/lib/python3.12/shutil.py", line 700, in _rmtree_safe_fd
    onexc(os.unlink, fullname, err)
  File "/opt/ohpc/pub/compiler/conda/latest/lib/python3.12/shutil.py", line 750, in onexc
    return onerror(func, path, exc_info)
           ^^^^^^^^^^^^^^^^^^^^^^^^^^^^^
  File "/opt/ohpc/pub/compiler/conda/latest/lib/python3.12/shutil.py", line 698, in _rmtree_safe_fd
    os.unlink(entry.name, dir_fd=topfd)
OSError: [Errno 16] Device or resource busy: '/tmp/pymp-xa6fk4dc'
  File "/opt/ohpc/pub/compiler/conda/latest/lib/python3.12/multiprocessing/util.py", line 303, in _run_finalizers
    finalizer()
  File "/opt/ohpc/pub/compiler/conda/latest/lib/python3.12/multiprocessing/util.py", line 227, in __call__
    res = self._callback(*self._args, **self._kwargs)
          ^^^^^^^^^^^^^^^^^^^^^^^^^^^^^^^^^^^^^^^^^^^
  File "/opt/ohpc/pub/compiler/conda/latest/lib/python3.12/multiprocessing/util.py", line 136, in _remove_temp_dir
    rmtree(tempdir, onerror=onerror)
  File "/opt/ohpc/pub/compiler/conda/latest/lib/python3.12/shutil.py", line 759, in rmtree
    _rmtree_safe_fd(stack, onexc)
  File "/opt/ohpc/pub/compiler/conda/latest/lib/python3.12/shutil.py", line 703, in _rmtree_safe_fd
    onexc(func, path, err)
  File "/opt/ohpc/pub/compiler/conda/latest/lib/python3.12/shutil.py", line 750, in onexc
    return onerror(func, path, exc_info)
           ^^^^^^^^^^^^^^^^^^^^^^^^^^^^^
  File "/opt/ohpc/pub/compiler/conda/latest/lib/python3.12/shutil.py", line 700, in _rmtree_safe_fd
    onexc(os.unlink, fullname, err)
  File "/opt/ohpc/pub/compiler/conda/latest/lib/python3.12/shutil.py", line 750, in onexc
    return onerror(func, path, exc_info)
           ^^^^^^^^^^^^^^^^^^^^^^^^^^^^^
  File "/opt/ohpc/pub/compiler/conda/latest/lib/python3.12/shutil.py", line 698, in _rmtree_safe_fd
    os.unlink(entry.name, dir_fd=topfd)
  File "/opt/ohpc/pub/compiler/conda/latest/lib/python3.12/multiprocessing/util.py", line 303, in _run_finalizers
    finalizer()
  File "/opt/ohpc/pub/compiler/conda/latest/lib/python3.12/multiprocessing/util.py", line 303, in _run_finalizers
    finalizer()
  File "/opt/ohpc/pub/compiler/conda/latest/lib/python3.12/multiprocessing/util.py", line 303, in _run_finalizers
    finalizer()
OSError: [Errno 16] Device or resource busy: '/tmp/pymp-ayv6femw'
  File "/opt/ohpc/pub/compiler/conda/latest/lib/python3.12/multiprocessing/util.py", line 227, in __call__
    res = self._callback(*self._args, **self._kwargs)
          ^^^^^^^^^^^^^^^^^^^^^^^^^^^^^^^^^^^^^^^^^^^
  File "/opt/ohpc/pub/compiler/conda/latest/lib/python3.12/multiprocessing/util.py", line 227, in __call__
    res = self._callback(*self._args, **self._kwargs)
          ^^^^^^^^^^^^^^^^^^^^^^^^^^^^^^^^^^^^^^^^^^^
  File "/opt/ohpc/pub/compiler/conda/latest/lib/python3.12/multiprocessing/util.py", line 136, in _remove_temp_dir
    rmtree(tempdir, onerror=onerror)
  File "/opt/ohpc/pub/compiler/conda/latest/lib/python3.12/multiprocessing/util.py", line 136, in _remove_temp_dir
    rmtree(tempdir, onerror=onerror)
  File "/opt/ohpc/pub/compiler/conda/latest/lib/python3.12/multiprocessing/util.py", line 227, in __call__
    res = self._callback(*self._args, **self._kwargs)
          ^^^^^^^^^^^^^^^^^^^^^^^^^^^^^^^^^^^^^^^^^^^
  File "/opt/ohpc/pub/compiler/conda/latest/lib/python3.12/shutil.py", line 759, in rmtree
    _rmtree_safe_fd(stack, onexc)
  File "/opt/ohpc/pub/compiler/conda/latest/lib/python3.12/shutil.py", line 759, in rmtree
    _rmtree_safe_fd(stack, onexc)
  File "/opt/ohpc/pub/compiler/conda/latest/lib/python3.12/multiprocessing/util.py", line 136, in _remove_temp_dir
    rmtree(tempdir, onerror=onerror)
  File "/opt/ohpc/pub/compiler/conda/latest/lib/python3.12/shutil.py", line 703, in _rmtree_safe_fd
    onexc(func, path, err)
  File "/opt/ohpc/pub/compiler/conda/latest/lib/python3.12/shutil.py", line 703, in _rmtree_safe_fd
    onexc(func, path, err)
  File "/opt/ohpc/pub/compiler/conda/latest/lib/python3.12/shutil.py", line 759, in rmtree
    _rmtree_safe_fd(stack, onexc)
  File "/opt/ohpc/pub/compiler/conda/latest/lib/python3.12/shutil.py", line 750, in onexc
    return onerror(func, path, exc_info)
           ^^^^^^^^^^^^^^^^^^^^^^^^^^^^^
  File "/opt/ohpc/pub/compiler/conda/latest/lib/python3.12/shutil.py", line 750, in onexc
    return onerror(func, path, exc_info)
           ^^^^^^^^^^^^^^^^^^^^^^^^^^^^^
  File "/opt/ohpc/pub/compiler/conda/latest/lib/python3.12/shutil.py", line 703, in _rmtree_safe_fd
    onexc(func, path, err)
  File "/opt/ohpc/pub/compiler/conda/latest/lib/python3.12/shutil.py", line 700, in _rmtree_safe_fd
    onexc(os.unlink, fullname, err)
  File "/opt/ohpc/pub/compiler/conda/latest/lib/python3.12/shutil.py", line 700, in _rmtree_safe_fd
    onexc(os.unlink, fullname, err)
  File "/opt/ohpc/pub/compiler/conda/latest/lib/python3.12/shutil.py", line 750, in onexc
    return onerror(func, path, exc_info)
           ^^^^^^^^^^^^^^^^^^^^^^^^^^^^^
  File "/opt/ohpc/pub/compiler/conda/latest/lib/python3.12/shutil.py", line 750, in onexc
    return onerror(func, path, exc_info)
           ^^^^^^^^^^^^^^^^^^^^^^^^^^^^^
  File "/opt/ohpc/pub/compiler/conda/latest/lib/python3.12/shutil.py", line 750, in onexc
    return onerror(func, path, exc_info)
           ^^^^^^^^^^^^^^^^^^^^^^^^^^^^^
  File "/opt/ohpc/pub/compiler/conda/latest/lib/python3.12/shutil.py", line 700, in _rmtree_safe_fd
    onexc(os.unlink, fullname, err)
  File "/opt/ohpc/pub/compiler/conda/latest/lib/python3.12/shutil.py", line 698, in _rmtree_safe_fd
    os.unlink(entry.name, dir_fd=topfd)
  File "/opt/ohpc/pub/compiler/conda/latest/lib/python3.12/shutil.py", line 698, in _rmtree_safe_fd
    os.unlink(entry.name, dir_fd=topfd)
  File "/opt/ohpc/pub/compiler/conda/latest/lib/python3.12/shutil.py", line 750, in onexc
    return onerror(func, path, exc_info)
           ^^^^^^^^^^^^^^^^^^^^^^^^^^^^^
  File "/opt/ohpc/pub/compiler/conda/latest/lib/python3.12/shutil.py", line 698, in _rmtree_safe_fd
    os.unlink(entry.name, dir_fd=topfd)
OSError: [Errno 16] Device or resource busy: '/tmp/pymp-way6fvqd'
OSError: [Errno 16] Device or resource busy: '/tmp/pymp-y89ipjb_'
OSError: [Errno 16] Device or resource busy: '/tmp/pymp-djw6nk8v'
